{
  "timestamp": 1761056189.9048762,
  "session_id": "session_20251021_211452_51253c84",
  "supplier_id": "",
  "qr_data": "695991",
  "qr_items": {
    "tangerine": 4
  },
  "qr_corners": [
    [
      765.0,
      746.0
    ],
    [
      741.0,
      835.0
    ],
    [
      650.0,
      808.0
    ],
    [
      671.0,
      721.0
    ]
  ],
  "segment_corners": [
    [
      [
        735,
        37
      ]
    ],
    [
      [
        734,
        38
      ]
    ],
    [
      [
        733,
        38
      ]
    ],
    [
      [
        733,
        39
      ]
    ],
    [
      [
        732,
        40
      ]
    ],
    [
      [
        730,
        40
      ]
    ],
    [
      [
        729,
        41
      ]
    ],
    [
      [
        729,
        43
      ]
    ],
    [
      [
        728,
        44
      ]
    ],
    [
      [
        727,
        44
      ]
    ],
    [
      [
        726,
        45
      ]
    ],
    [
      [
        720,
        45
      ]
    ],
    [
      [
        719,
        46
      ]
    ],
    [
      [
        717,
        46
      ]
    ],
    [
      [
        714,
        49
      ]
    ],
    [
      [
        713,
        49
      ]
    ],
    [
      [
        706,
        56
      ]
    ],
    [
      [
        706,
        57
      ]
    ],
    [
      [
        705,
        58
      ]
    ],
    [
      [
        705,
        60
      ]
    ],
    [
      [
        704,
        61
      ]
    ],
    [
      [
        704,
        62
      ]
    ],
    [
      [
        703,
        63
      ]
    ],
    [
      [
        703,
        64
      ]
    ],
    [
      [
        702,
        65
      ]
    ],
    [
      [
        702,
        68
      ]
    ],
    [
      [
        701,
        69
      ]
    ],
    [
      [
        701,
        76
      ]
    ],
    [
      [
        699,
        78
      ]
    ],
    [
      [
        699,
        79
      ]
    ],
    [
      [
        698,
        80
      ]
    ],
    [
      [
        698,
        82
      ]
    ],
    [
      [
        697,
        83
      ]
    ],
    [
      [
        697,
        88
      ]
    ],
    [
      [
        696,
        89
      ]
    ],
    [
      [
        696,
        93
      ]
    ],
    [
      [
        695,
        94
      ]
    ],
    [
      [
        695,
        96
      ]
    ],
    [
      [
        694,
        97
      ]
    ],
    [
      [
        694,
        98
      ]
    ],
    [
      [
        693,
        99
      ]
    ],
    [
      [
        693,
        102
      ]
    ],
    [
      [
        692,
        103
      ]
    ],
    [
      [
        692,
        106
      ]
    ],
    [
      [
        691,
        107
      ]
    ],
    [
      [
        691,
        110
      ]
    ],
    [
      [
        690,
        111
      ]
    ],
    [
      [
        690,
        113
      ]
    ],
    [
      [
        689,
        114
      ]
    ],
    [
      [
        689,
        118
      ]
    ],
    [
      [
        688,
        119
      ]
    ],
    [
      [
        688,
        121
      ]
    ],
    [
      [
        687,
        122
      ]
    ],
    [
      [
        687,
        131
      ]
    ],
    [
      [
        686,
        132
      ]
    ],
    [
      [
        684,
        132
      ]
    ],
    [
      [
        684,
        133
      ]
    ],
    [
      [
        683,
        134
      ]
    ],
    [
      [
        683,
        138
      ]
    ],
    [
      [
        682,
        139
      ]
    ],
    [
      [
        682,
        144
      ]
    ],
    [
      [
        681,
        145
      ]
    ],
    [
      [
        681,
        146
      ]
    ],
    [
      [
        680,
        147
      ]
    ],
    [
      [
        680,
        152
      ]
    ],
    [
      [
        679,
        153
      ]
    ],
    [
      [
        679,
        158
      ]
    ],
    [
      [
        678,
        159
      ]
    ],
    [
      [
        678,
        161
      ]
    ],
    [
      [
        677,
        162
      ]
    ],
    [
      [
        677,
        165
      ]
    ],
    [
      [
        676,
        166
      ]
    ],
    [
      [
        676,
        167
      ]
    ],
    [
      [
        675,
        168
      ]
    ],
    [
      [
        675,
        173
      ]
    ],
    [
      [
        674,
        174
      ]
    ],
    [
      [
        674,
        177
      ]
    ],
    [
      [
        673,
        178
      ]
    ],
    [
      [
        673,
        181
      ]
    ],
    [
      [
        672,
        182
      ]
    ],
    [
      [
        672,
        183
      ]
    ],
    [
      [
        671,
        184
      ]
    ],
    [
      [
        671,
        189
      ]
    ],
    [
      [
        669,
        191
      ]
    ],
    [
      [
        669,
        192
      ]
    ],
    [
      [
        668,
        193
      ]
    ],
    [
      [
        668,
        211
      ]
    ],
    [
      [
        667,
        212
      ]
    ],
    [
      [
        667,
        219
      ]
    ],
    [
      [
        668,
        220
      ]
    ],
    [
      [
        668,
        229
      ]
    ],
    [
      [
        675,
        229
      ]
    ],
    [
      [
        676,
        228
      ]
    ],
    [
      [
        676,
        227
      ]
    ],
    [
      [
        679,
        224
      ]
    ],
    [
      [
        680,
        224
      ]
    ],
    [
      [
        681,
        223
      ]
    ],
    [
      [
        681,
        222
      ]
    ],
    [
      [
        682,
        221
      ]
    ],
    [
      [
        682,
        219
      ]
    ],
    [
      [
        684,
        217
      ]
    ],
    [
      [
        701,
        217
      ]
    ],
    [
      [
        702,
        218
      ]
    ],
    [
      [
        702,
        240
      ]
    ],
    [
      [
        701,
        241
      ]
    ],
    [
      [
        701,
        243
      ]
    ],
    [
      [
        700,
        244
      ]
    ],
    [
      [
        700,
        247
      ]
    ],
    [
      [
        699,
        248
      ]
    ],
    [
      [
        699,
        250
      ]
    ],
    [
      [
        698,
        251
      ]
    ],
    [
      [
        698,
        252
      ]
    ],
    [
      [
        697,
        253
      ]
    ],
    [
      [
        697,
        254
      ]
    ],
    [
      [
        696,
        255
      ]
    ],
    [
      [
        696,
        265
      ]
    ],
    [
      [
        694,
        267
      ]
    ],
    [
      [
        694,
        269
      ]
    ],
    [
      [
        693,
        270
      ]
    ],
    [
      [
        693,
        271
      ]
    ],
    [
      [
        692,
        272
      ]
    ],
    [
      [
        692,
        273
      ]
    ],
    [
      [
        691,
        274
      ]
    ],
    [
      [
        691,
        275
      ]
    ],
    [
      [
        690,
        276
      ]
    ],
    [
      [
        690,
        281
      ]
    ],
    [
      [
        689,
        282
      ]
    ],
    [
      [
        689,
        286
      ]
    ],
    [
      [
        688,
        287
      ]
    ],
    [
      [
        688,
        289
      ]
    ],
    [
      [
        687,
        290
      ]
    ],
    [
      [
        687,
        291
      ]
    ],
    [
      [
        686,
        292
      ]
    ],
    [
      [
        686,
        295
      ]
    ],
    [
      [
        685,
        296
      ]
    ],
    [
      [
        685,
        303
      ]
    ],
    [
      [
        684,
        304
      ]
    ],
    [
      [
        684,
        306
      ]
    ],
    [
      [
        683,
        307
      ]
    ],
    [
      [
        683,
        311
      ]
    ],
    [
      [
        682,
        312
      ]
    ],
    [
      [
        682,
        315
      ]
    ],
    [
      [
        681,
        316
      ]
    ],
    [
      [
        681,
        320
      ]
    ],
    [
      [
        680,
        321
      ]
    ],
    [
      [
        680,
        324
      ]
    ],
    [
      [
        679,
        325
      ]
    ],
    [
      [
        679,
        326
      ]
    ],
    [
      [
        678,
        327
      ]
    ],
    [
      [
        678,
        329
      ]
    ],
    [
      [
        677,
        330
      ]
    ],
    [
      [
        677,
        333
      ]
    ],
    [
      [
        676,
        334
      ]
    ],
    [
      [
        676,
        341
      ]
    ],
    [
      [
        675,
        342
      ]
    ],
    [
      [
        675,
        343
      ]
    ],
    [
      [
        674,
        344
      ]
    ],
    [
      [
        674,
        346
      ]
    ],
    [
      [
        672,
        348
      ]
    ],
    [
      [
        652,
        348
      ]
    ],
    [
      [
        650,
        350
      ]
    ],
    [
      [
        650,
        352
      ]
    ],
    [
      [
        648,
        354
      ]
    ],
    [
      [
        645,
        354
      ]
    ],
    [
      [
        645,
        356
      ]
    ],
    [
      [
        644,
        357
      ]
    ],
    [
      [
        638,
        357
      ]
    ],
    [
      [
        638,
        358
      ]
    ],
    [
      [
        637,
        359
      ]
    ],
    [
      [
        637,
        365
      ]
    ],
    [
      [
        636,
        366
      ]
    ],
    [
      [
        636,
        367
      ]
    ],
    [
      [
        635,
        368
      ]
    ],
    [
      [
        635,
        369
      ]
    ],
    [
      [
        633,
        371
      ]
    ],
    [
      [
        630,
        371
      ]
    ],
    [
      [
        630,
        412
      ]
    ],
    [
      [
        629,
        413
      ]
    ],
    [
      [
        629,
        414
      ]
    ],
    [
      [
        628,
        415
      ]
    ],
    [
      [
        628,
        421
      ]
    ],
    [
      [
        627,
        422
      ]
    ],
    [
      [
        627,
        425
      ]
    ],
    [
      [
        626,
        426
      ]
    ],
    [
      [
        626,
        428
      ]
    ],
    [
      [
        625,
        429
      ]
    ],
    [
      [
        625,
        432
      ]
    ],
    [
      [
        624,
        433
      ]
    ],
    [
      [
        624,
        435
      ]
    ],
    [
      [
        623,
        436
      ]
    ],
    [
      [
        623,
        443
      ]
    ],
    [
      [
        622,
        444
      ]
    ],
    [
      [
        622,
        446
      ]
    ],
    [
      [
        621,
        447
      ]
    ],
    [
      [
        621,
        451
      ]
    ],
    [
      [
        620,
        452
      ]
    ],
    [
      [
        620,
        454
      ]
    ],
    [
      [
        619,
        455
      ]
    ],
    [
      [
        619,
        459
      ]
    ],
    [
      [
        618,
        460
      ]
    ],
    [
      [
        618,
        462
      ]
    ],
    [
      [
        617,
        463
      ]
    ],
    [
      [
        617,
        474
      ]
    ],
    [
      [
        616,
        475
      ]
    ],
    [
      [
        615,
        475
      ]
    ],
    [
      [
        615,
        477
      ]
    ],
    [
      [
        614,
        478
      ]
    ],
    [
      [
        614,
        480
      ]
    ],
    [
      [
        613,
        481
      ]
    ],
    [
      [
        607,
        481
      ]
    ],
    [
      [
        607,
        490
      ]
    ],
    [
      [
        606,
        491
      ]
    ],
    [
      [
        606,
        492
      ]
    ],
    [
      [
        605,
        493
      ]
    ],
    [
      [
        605,
        497
      ]
    ],
    [
      [
        604,
        498
      ]
    ],
    [
      [
        604,
        501
      ]
    ],
    [
      [
        603,
        502
      ]
    ],
    [
      [
        603,
        503
      ]
    ],
    [
      [
        602,
        504
      ]
    ],
    [
      [
        602,
        505
      ]
    ],
    [
      [
        601,
        506
      ]
    ],
    [
      [
        601,
        507
      ]
    ],
    [
      [
        600,
        508
      ]
    ],
    [
      [
        600,
        516
      ]
    ],
    [
      [
        599,
        517
      ]
    ],
    [
      [
        599,
        520
      ]
    ],
    [
      [
        598,
        521
      ]
    ],
    [
      [
        598,
        527
      ]
    ],
    [
      [
        597,
        528
      ]
    ],
    [
      [
        597,
        531
      ]
    ],
    [
      [
        596,
        532
      ]
    ],
    [
      [
        596,
        534
      ]
    ],
    [
      [
        595,
        535
      ]
    ],
    [
      [
        594,
        535
      ]
    ],
    [
      [
        594,
        545
      ]
    ],
    [
      [
        593,
        546
      ]
    ],
    [
      [
        593,
        547
      ]
    ],
    [
      [
        592,
        548
      ]
    ],
    [
      [
        592,
        557
      ]
    ],
    [
      [
        591,
        558
      ]
    ],
    [
      [
        591,
        560
      ]
    ],
    [
      [
        590,
        561
      ]
    ],
    [
      [
        590,
        565
      ]
    ],
    [
      [
        589,
        566
      ]
    ],
    [
      [
        589,
        569
      ]
    ],
    [
      [
        588,
        570
      ]
    ],
    [
      [
        588,
        574
      ]
    ],
    [
      [
        587,
        575
      ]
    ],
    [
      [
        587,
        576
      ]
    ],
    [
      [
        585,
        578
      ]
    ],
    [
      [
        585,
        579
      ]
    ],
    [
      [
        584,
        580
      ]
    ],
    [
      [
        584,
        584
      ]
    ],
    [
      [
        583,
        585
      ]
    ],
    [
      [
        583,
        586
      ]
    ],
    [
      [
        582,
        587
      ]
    ],
    [
      [
        582,
        600
      ]
    ],
    [
      [
        605,
        600
      ]
    ],
    [
      [
        606,
        601
      ]
    ],
    [
      [
        606,
        613
      ]
    ],
    [
      [
        608,
        613
      ]
    ],
    [
      [
        609,
        614
      ]
    ],
    [
      [
        609,
        634
      ]
    ],
    [
      [
        608,
        635
      ]
    ],
    [
      [
        608,
        640
      ]
    ],
    [
      [
        607,
        641
      ]
    ],
    [
      [
        607,
        642
      ]
    ],
    [
      [
        606,
        643
      ]
    ],
    [
      [
        597,
        643
      ]
    ],
    [
      [
        597,
        647
      ]
    ],
    [
      [
        596,
        648
      ]
    ],
    [
      [
        596,
        650
      ]
    ],
    [
      [
        595,
        651
      ]
    ],
    [
      [
        595,
        652
      ]
    ],
    [
      [
        594,
        653
      ]
    ],
    [
      [
        593,
        653
      ]
    ],
    [
      [
        593,
        665
      ]
    ],
    [
      [
        592,
        666
      ]
    ],
    [
      [
        592,
        671
      ]
    ],
    [
      [
        591,
        672
      ]
    ],
    [
      [
        591,
        677
      ]
    ],
    [
      [
        590,
        678
      ]
    ],
    [
      [
        590,
        681
      ]
    ],
    [
      [
        589,
        682
      ]
    ],
    [
      [
        589,
        685
      ]
    ],
    [
      [
        588,
        686
      ]
    ],
    [
      [
        588,
        688
      ]
    ],
    [
      [
        587,
        689
      ]
    ],
    [
      [
        587,
        693
      ]
    ],
    [
      [
        586,
        694
      ]
    ],
    [
      [
        586,
        696
      ]
    ],
    [
      [
        585,
        697
      ]
    ],
    [
      [
        585,
        698
      ]
    ],
    [
      [
        584,
        699
      ]
    ],
    [
      [
        584,
        702
      ]
    ],
    [
      [
        583,
        703
      ]
    ],
    [
      [
        583,
        707
      ]
    ],
    [
      [
        582,
        708
      ]
    ],
    [
      [
        559,
        708
      ]
    ],
    [
      [
        558,
        709
      ]
    ],
    [
      [
        556,
        709
      ]
    ],
    [
      [
        555,
        710
      ]
    ],
    [
      [
        554,
        710
      ]
    ],
    [
      [
        553,
        711
      ]
    ],
    [
      [
        553,
        718
      ]
    ],
    [
      [
        552,
        719
      ]
    ],
    [
      [
        550,
        719
      ]
    ],
    [
      [
        549,
        720
      ]
    ],
    [
      [
        549,
        721
      ]
    ],
    [
      [
        548,
        722
      ]
    ],
    [
      [
        548,
        725
      ]
    ],
    [
      [
        547,
        726
      ]
    ],
    [
      [
        547,
        731
      ]
    ],
    [
      [
        546,
        732
      ]
    ],
    [
      [
        546,
        735
      ]
    ],
    [
      [
        545,
        736
      ]
    ],
    [
      [
        545,
        739
      ]
    ],
    [
      [
        544,
        740
      ]
    ],
    [
      [
        544,
        744
      ]
    ],
    [
      [
        543,
        745
      ]
    ],
    [
      [
        543,
        751
      ]
    ],
    [
      [
        542,
        752
      ]
    ],
    [
      [
        542,
        754
      ]
    ],
    [
      [
        541,
        755
      ]
    ],
    [
      [
        541,
        760
      ]
    ],
    [
      [
        540,
        761
      ]
    ],
    [
      [
        540,
        765
      ]
    ],
    [
      [
        539,
        766
      ]
    ],
    [
      [
        539,
        770
      ]
    ],
    [
      [
        538,
        771
      ]
    ],
    [
      [
        538,
        777
      ]
    ],
    [
      [
        537,
        778
      ]
    ],
    [
      [
        537,
        781
      ]
    ],
    [
      [
        536,
        782
      ]
    ],
    [
      [
        536,
        783
      ]
    ],
    [
      [
        535,
        784
      ]
    ],
    [
      [
        535,
        791
      ]
    ],
    [
      [
        534,
        792
      ]
    ],
    [
      [
        534,
        797
      ]
    ],
    [
      [
        533,
        798
      ]
    ],
    [
      [
        533,
        801
      ]
    ],
    [
      [
        532,
        802
      ]
    ],
    [
      [
        532,
        807
      ]
    ],
    [
      [
        531,
        808
      ]
    ],
    [
      [
        531,
        809
      ]
    ],
    [
      [
        530,
        810
      ]
    ],
    [
      [
        530,
        816
      ]
    ],
    [
      [
        529,
        817
      ]
    ],
    [
      [
        529,
        822
      ]
    ],
    [
      [
        528,
        823
      ]
    ],
    [
      [
        528,
        825
      ]
    ],
    [
      [
        527,
        826
      ]
    ],
    [
      [
        527,
        828
      ]
    ],
    [
      [
        526,
        829
      ]
    ],
    [
      [
        526,
        830
      ]
    ],
    [
      [
        525,
        831
      ]
    ],
    [
      [
        525,
        837
      ]
    ],
    [
      [
        526,
        837
      ]
    ],
    [
      [
        527,
        838
      ]
    ],
    [
      [
        527,
        839
      ]
    ],
    [
      [
        528,
        840
      ]
    ],
    [
      [
        528,
        857
      ]
    ],
    [
      [
        529,
        858
      ]
    ],
    [
      [
        529,
        861
      ]
    ],
    [
      [
        533,
        865
      ]
    ],
    [
      [
        533,
        867
      ]
    ],
    [
      [
        535,
        869
      ]
    ],
    [
      [
        535,
        877
      ]
    ],
    [
      [
        537,
        879
      ]
    ],
    [
      [
        539,
        879
      ]
    ],
    [
      [
        540,
        880
      ]
    ],
    [
      [
        556,
        880
      ]
    ],
    [
      [
        557,
        881
      ]
    ],
    [
      [
        558,
        881
      ]
    ],
    [
      [
        559,
        882
      ]
    ],
    [
      [
        560,
        882
      ]
    ],
    [
      [
        561,
        883
      ]
    ],
    [
      [
        564,
        883
      ]
    ],
    [
      [
        565,
        884
      ]
    ],
    [
      [
        569,
        884
      ]
    ],
    [
      [
        570,
        885
      ]
    ],
    [
      [
        571,
        885
      ]
    ],
    [
      [
        572,
        886
      ]
    ],
    [
      [
        575,
        886
      ]
    ],
    [
      [
        576,
        887
      ]
    ],
    [
      [
        582,
        887
      ]
    ],
    [
      [
        583,
        888
      ]
    ],
    [
      [
        584,
        888
      ]
    ],
    [
      [
        585,
        889
      ]
    ],
    [
      [
        592,
        889
      ]
    ],
    [
      [
        593,
        890
      ]
    ],
    [
      [
        594,
        890
      ]
    ],
    [
      [
        595,
        891
      ]
    ],
    [
      [
        596,
        891
      ]
    ],
    [
      [
        597,
        892
      ]
    ],
    [
      [
        604,
        892
      ]
    ],
    [
      [
        605,
        893
      ]
    ],
    [
      [
        608,
        893
      ]
    ],
    [
      [
        609,
        894
      ]
    ],
    [
      [
        613,
        894
      ]
    ],
    [
      [
        614,
        895
      ]
    ],
    [
      [
        619,
        895
      ]
    ],
    [
      [
        620,
        896
      ]
    ],
    [
      [
        622,
        896
      ]
    ],
    [
      [
        623,
        897
      ]
    ],
    [
      [
        625,
        897
      ]
    ],
    [
      [
        626,
        898
      ]
    ],
    [
      [
        631,
        898
      ]
    ],
    [
      [
        632,
        899
      ]
    ],
    [
      [
        636,
        899
      ]
    ],
    [
      [
        637,
        900
      ]
    ],
    [
      [
        639,
        900
      ]
    ],
    [
      [
        640,
        901
      ]
    ],
    [
      [
        646,
        901
      ]
    ],
    [
      [
        647,
        902
      ]
    ],
    [
      [
        649,
        902
      ]
    ],
    [
      [
        650,
        903
      ]
    ],
    [
      [
        652,
        903
      ]
    ],
    [
      [
        653,
        904
      ]
    ],
    [
      [
        654,
        904
      ]
    ],
    [
      [
        655,
        905
      ]
    ],
    [
      [
        655,
        907
      ]
    ],
    [
      [
        658,
        907
      ]
    ],
    [
      [
        659,
        908
      ]
    ],
    [
      [
        661,
        908
      ]
    ],
    [
      [
        662,
        909
      ]
    ],
    [
      [
        672,
        909
      ]
    ],
    [
      [
        673,
        908
      ]
    ],
    [
      [
        676,
        908
      ]
    ],
    [
      [
        677,
        907
      ]
    ],
    [
      [
        678,
        907
      ]
    ],
    [
      [
        678,
        903
      ]
    ],
    [
      [
        679,
        902
      ]
    ],
    [
      [
        679,
        897
      ]
    ],
    [
      [
        680,
        896
      ]
    ],
    [
      [
        702,
        896
      ]
    ],
    [
      [
        703,
        897
      ]
    ],
    [
      [
        709,
        897
      ]
    ],
    [
      [
        711,
        899
      ]
    ],
    [
      [
        715,
        899
      ]
    ],
    [
      [
        717,
        901
      ]
    ],
    [
      [
        717,
        902
      ]
    ],
    [
      [
        718,
        903
      ]
    ],
    [
      [
        723,
        903
      ]
    ],
    [
      [
        725,
        905
      ]
    ],
    [
      [
        726,
        905
      ]
    ],
    [
      [
        727,
        906
      ]
    ],
    [
      [
        731,
        906
      ]
    ],
    [
      [
        732,
        907
      ]
    ],
    [
      [
        739,
        907
      ]
    ],
    [
      [
        740,
        908
      ]
    ],
    [
      [
        740,
        919
      ]
    ],
    [
      [
        741,
        920
      ]
    ],
    [
      [
        741,
        924
      ]
    ],
    [
      [
        749,
        924
      ]
    ],
    [
      [
        750,
        925
      ]
    ],
    [
      [
        751,
        925
      ]
    ],
    [
      [
        752,
        926
      ]
    ],
    [
      [
        759,
        926
      ]
    ],
    [
      [
        761,
        928
      ]
    ],
    [
      [
        763,
        928
      ]
    ],
    [
      [
        764,
        929
      ]
    ],
    [
      [
        765,
        929
      ]
    ],
    [
      [
        766,
        930
      ]
    ],
    [
      [
        771,
        930
      ]
    ],
    [
      [
        772,
        931
      ]
    ],
    [
      [
        775,
        931
      ]
    ],
    [
      [
        776,
        932
      ]
    ],
    [
      [
        781,
        932
      ]
    ],
    [
      [
        782,
        933
      ]
    ],
    [
      [
        786,
        933
      ]
    ],
    [
      [
        787,
        934
      ]
    ],
    [
      [
        790,
        934
      ]
    ],
    [
      [
        791,
        935
      ]
    ],
    [
      [
        793,
        935
      ]
    ],
    [
      [
        794,
        936
      ]
    ],
    [
      [
        796,
        936
      ]
    ],
    [
      [
        797,
        937
      ]
    ],
    [
      [
        801,
        937
      ]
    ],
    [
      [
        802,
        938
      ]
    ],
    [
      [
        804,
        938
      ]
    ],
    [
      [
        805,
        939
      ]
    ],
    [
      [
        805,
        940
      ]
    ],
    [
      [
        812,
        940
      ]
    ],
    [
      [
        813,
        941
      ]
    ],
    [
      [
        835,
        941
      ]
    ],
    [
      [
        836,
        942
      ]
    ],
    [
      [
        836,
        953
      ]
    ],
    [
      [
        846,
        953
      ]
    ],
    [
      [
        847,
        954
      ]
    ],
    [
      [
        848,
        954
      ]
    ],
    [
      [
        849,
        955
      ]
    ],
    [
      [
        860,
        955
      ]
    ],
    [
      [
        861,
        956
      ]
    ],
    [
      [
        867,
        956
      ]
    ],
    [
      [
        869,
        958
      ]
    ],
    [
      [
        871,
        958
      ]
    ],
    [
      [
        872,
        959
      ]
    ],
    [
      [
        882,
        959
      ]
    ],
    [
      [
        883,
        960
      ]
    ],
    [
      [
        886,
        960
      ]
    ],
    [
      [
        887,
        961
      ]
    ],
    [
      [
        890,
        961
      ]
    ],
    [
      [
        891,
        962
      ]
    ],
    [
      [
        893,
        962
      ]
    ],
    [
      [
        894,
        963
      ]
    ],
    [
      [
        897,
        963
      ]
    ],
    [
      [
        898,
        964
      ]
    ],
    [
      [
        902,
        964
      ]
    ],
    [
      [
        903,
        965
      ]
    ],
    [
      [
        906,
        965
      ]
    ],
    [
      [
        907,
        966
      ]
    ],
    [
      [
        910,
        966
      ]
    ],
    [
      [
        911,
        967
      ]
    ],
    [
      [
        914,
        967
      ]
    ],
    [
      [
        915,
        968
      ]
    ],
    [
      [
        916,
        968
      ]
    ],
    [
      [
        917,
        969
      ]
    ],
    [
      [
        928,
        969
      ]
    ],
    [
      [
        931,
        966
      ]
    ],
    [
      [
        931,
        959
      ]
    ],
    [
      [
        932,
        958
      ]
    ],
    [
      [
        950,
        958
      ]
    ],
    [
      [
        952,
        960
      ]
    ],
    [
      [
        966,
        960
      ]
    ],
    [
      [
        968,
        962
      ]
    ],
    [
      [
        986,
        962
      ]
    ],
    [
      [
        987,
        963
      ]
    ],
    [
      [
        987,
        983
      ]
    ],
    [
      [
        996,
        983
      ]
    ],
    [
      [
        996,
        981
      ]
    ],
    [
      [
        997,
        980
      ]
    ],
    [
      [
        1016,
        980
      ]
    ],
    [
      [
        1017,
        981
      ]
    ],
    [
      [
        1030,
        981
      ]
    ],
    [
      [
        1031,
        982
      ]
    ],
    [
      [
        1056,
        982
      ]
    ],
    [
      [
        1057,
        981
      ]
    ],
    [
      [
        1058,
        981
      ]
    ],
    [
      [
        1059,
        980
      ]
    ],
    [
      [
        1060,
        980
      ]
    ],
    [
      [
        1062,
        978
      ]
    ],
    [
      [
        1063,
        978
      ]
    ],
    [
      [
        1065,
        976
      ]
    ],
    [
      [
        1067,
        976
      ]
    ],
    [
      [
        1068,
        975
      ]
    ],
    [
      [
        1069,
        975
      ]
    ],
    [
      [
        1070,
        974
      ]
    ],
    [
      [
        1073,
        974
      ]
    ],
    [
      [
        1074,
        973
      ]
    ],
    [
      [
        1078,
        973
      ]
    ],
    [
      [
        1079,
        972
      ]
    ],
    [
      [
        1080,
        972
      ]
    ],
    [
      [
        1081,
        971
      ]
    ],
    [
      [
        1084,
        971
      ]
    ],
    [
      [
        1085,
        970
      ]
    ],
    [
      [
        1086,
        970
      ]
    ],
    [
      [
        1087,
        969
      ]
    ],
    [
      [
        1089,
        969
      ]
    ],
    [
      [
        1090,
        968
      ]
    ],
    [
      [
        1092,
        968
      ]
    ],
    [
      [
        1093,
        967
      ]
    ],
    [
      [
        1094,
        967
      ]
    ],
    [
      [
        1095,
        966
      ]
    ],
    [
      [
        1096,
        966
      ]
    ],
    [
      [
        1097,
        965
      ]
    ],
    [
      [
        1099,
        965
      ]
    ],
    [
      [
        1101,
        963
      ]
    ],
    [
      [
        1102,
        963
      ]
    ],
    [
      [
        1103,
        962
      ]
    ],
    [
      [
        1105,
        962
      ]
    ],
    [
      [
        1106,
        961
      ]
    ],
    [
      [
        1107,
        961
      ]
    ],
    [
      [
        1108,
        960
      ]
    ],
    [
      [
        1109,
        960
      ]
    ],
    [
      [
        1110,
        959
      ]
    ],
    [
      [
        1111,
        959
      ]
    ],
    [
      [
        1112,
        958
      ]
    ],
    [
      [
        1113,
        958
      ]
    ],
    [
      [
        1115,
        956
      ]
    ],
    [
      [
        1116,
        956
      ]
    ],
    [
      [
        1119,
        953
      ]
    ],
    [
      [
        1120,
        953
      ]
    ],
    [
      [
        1122,
        951
      ]
    ],
    [
      [
        1123,
        951
      ]
    ],
    [
      [
        1124,
        950
      ]
    ],
    [
      [
        1149,
        950
      ]
    ],
    [
      [
        1153,
        954
      ]
    ],
    [
      [
        1154,
        954
      ]
    ],
    [
      [
        1155,
        955
      ]
    ],
    [
      [
        1158,
        955
      ]
    ],
    [
      [
        1159,
        956
      ]
    ],
    [
      [
        1165,
        956
      ]
    ],
    [
      [
        1166,
        955
      ]
    ],
    [
      [
        1166,
        954
      ]
    ],
    [
      [
        1167,
        953
      ]
    ],
    [
      [
        1167,
        951
      ]
    ],
    [
      [
        1168,
        950
      ]
    ],
    [
      [
        1168,
        949
      ]
    ],
    [
      [
        1171,
        946
      ]
    ],
    [
      [
        1171,
        945
      ]
    ],
    [
      [
        1172,
        944
      ]
    ],
    [
      [
        1172,
        943
      ]
    ],
    [
      [
        1174,
        941
      ]
    ],
    [
      [
        1174,
        937
      ]
    ],
    [
      [
        1175,
        936
      ]
    ],
    [
      [
        1175,
        935
      ]
    ],
    [
      [
        1176,
        934
      ]
    ],
    [
      [
        1176,
        933
      ]
    ],
    [
      [
        1177,
        932
      ]
    ],
    [
      [
        1177,
        931
      ]
    ],
    [
      [
        1178,
        930
      ]
    ],
    [
      [
        1178,
        928
      ]
    ],
    [
      [
        1180,
        926
      ]
    ],
    [
      [
        1180,
        925
      ]
    ],
    [
      [
        1181,
        924
      ]
    ],
    [
      [
        1181,
        923
      ]
    ],
    [
      [
        1182,
        922
      ]
    ],
    [
      [
        1182,
        919
      ]
    ],
    [
      [
        1183,
        918
      ]
    ],
    [
      [
        1183,
        917
      ]
    ],
    [
      [
        1184,
        916
      ]
    ],
    [
      [
        1184,
        915
      ]
    ],
    [
      [
        1185,
        914
      ]
    ],
    [
      [
        1185,
        912
      ]
    ],
    [
      [
        1186,
        911
      ]
    ],
    [
      [
        1186,
        907
      ]
    ],
    [
      [
        1187,
        906
      ]
    ],
    [
      [
        1187,
        901
      ]
    ],
    [
      [
        1189,
        899
      ]
    ],
    [
      [
        1190,
        899
      ]
    ],
    [
      [
        1190,
        891
      ]
    ],
    [
      [
        1191,
        890
      ]
    ],
    [
      [
        1191,
        889
      ]
    ],
    [
      [
        1192,
        888
      ]
    ],
    [
      [
        1192,
        886
      ]
    ],
    [
      [
        1193,
        885
      ]
    ],
    [
      [
        1193,
        884
      ]
    ],
    [
      [
        1194,
        883
      ]
    ],
    [
      [
        1194,
        880
      ]
    ],
    [
      [
        1195,
        879
      ]
    ],
    [
      [
        1195,
        875
      ]
    ],
    [
      [
        1196,
        874
      ]
    ],
    [
      [
        1197,
        874
      ]
    ],
    [
      [
        1198,
        873
      ]
    ],
    [
      [
        1198,
        872
      ]
    ],
    [
      [
        1199,
        871
      ]
    ],
    [
      [
        1200,
        871
      ]
    ],
    [
      [
        1200,
        856
      ]
    ],
    [
      [
        1203,
        853
      ]
    ],
    [
      [
        1203,
        848
      ]
    ],
    [
      [
        1204,
        847
      ]
    ],
    [
      [
        1204,
        845
      ]
    ],
    [
      [
        1205,
        844
      ]
    ],
    [
      [
        1205,
        843
      ]
    ],
    [
      [
        1206,
        842
      ]
    ],
    [
      [
        1206,
        837
      ]
    ],
    [
      [
        1207,
        836
      ]
    ],
    [
      [
        1207,
        834
      ]
    ],
    [
      [
        1208,
        833
      ]
    ],
    [
      [
        1208,
        829
      ]
    ],
    [
      [
        1209,
        828
      ]
    ],
    [
      [
        1209,
        827
      ]
    ],
    [
      [
        1210,
        826
      ]
    ],
    [
      [
        1210,
        824
      ]
    ],
    [
      [
        1211,
        823
      ]
    ],
    [
      [
        1211,
        820
      ]
    ],
    [
      [
        1212,
        819
      ]
    ],
    [
      [
        1212,
        818
      ]
    ],
    [
      [
        1213,
        817
      ]
    ],
    [
      [
        1213,
        816
      ]
    ],
    [
      [
        1214,
        815
      ]
    ],
    [
      [
        1215,
        815
      ]
    ],
    [
      [
        1215,
        804
      ]
    ],
    [
      [
        1216,
        803
      ]
    ],
    [
      [
        1216,
        800
      ]
    ],
    [
      [
        1217,
        799
      ]
    ],
    [
      [
        1217,
        797
      ]
    ],
    [
      [
        1218,
        796
      ]
    ],
    [
      [
        1218,
        792
      ]
    ],
    [
      [
        1219,
        791
      ]
    ],
    [
      [
        1219,
        788
      ]
    ],
    [
      [
        1220,
        787
      ]
    ],
    [
      [
        1220,
        785
      ]
    ],
    [
      [
        1221,
        784
      ]
    ],
    [
      [
        1221,
        779
      ]
    ],
    [
      [
        1222,
        778
      ]
    ],
    [
      [
        1222,
        774
      ]
    ],
    [
      [
        1223,
        773
      ]
    ],
    [
      [
        1223,
        771
      ]
    ],
    [
      [
        1224,
        770
      ]
    ],
    [
      [
        1224,
        766
      ]
    ],
    [
      [
        1225,
        765
      ]
    ],
    [
      [
        1225,
        762
      ]
    ],
    [
      [
        1226,
        761
      ]
    ],
    [
      [
        1226,
        759
      ]
    ],
    [
      [
        1227,
        758
      ]
    ],
    [
      [
        1227,
        756
      ]
    ],
    [
      [
        1229,
        754
      ]
    ],
    [
      [
        1229,
        750
      ]
    ],
    [
      [
        1230,
        749
      ]
    ],
    [
      [
        1230,
        746
      ]
    ],
    [
      [
        1231,
        745
      ]
    ],
    [
      [
        1231,
        744
      ]
    ],
    [
      [
        1232,
        743
      ]
    ],
    [
      [
        1232,
        741
      ]
    ],
    [
      [
        1233,
        740
      ]
    ],
    [
      [
        1233,
        737
      ]
    ],
    [
      [
        1234,
        736
      ]
    ],
    [
      [
        1234,
        733
      ]
    ],
    [
      [
        1236,
        731
      ]
    ],
    [
      [
        1236,
        728
      ]
    ],
    [
      [
        1237,
        727
      ]
    ],
    [
      [
        1237,
        723
      ]
    ],
    [
      [
        1238,
        722
      ]
    ],
    [
      [
        1238,
        718
      ]
    ],
    [
      [
        1239,
        717
      ]
    ],
    [
      [
        1239,
        715
      ]
    ],
    [
      [
        1240,
        714
      ]
    ],
    [
      [
        1240,
        713
      ]
    ],
    [
      [
        1241,
        712
      ]
    ],
    [
      [
        1241,
        711
      ]
    ],
    [
      [
        1242,
        710
      ]
    ],
    [
      [
        1242,
        705
      ]
    ],
    [
      [
        1243,
        704
      ]
    ],
    [
      [
        1243,
        701
      ]
    ],
    [
      [
        1244,
        700
      ]
    ],
    [
      [
        1244,
        697
      ]
    ],
    [
      [
        1245,
        696
      ]
    ],
    [
      [
        1245,
        693
      ]
    ],
    [
      [
        1247,
        691
      ]
    ],
    [
      [
        1247,
        686
      ]
    ],
    [
      [
        1248,
        685
      ]
    ],
    [
      [
        1248,
        681
      ]
    ],
    [
      [
        1249,
        680
      ]
    ],
    [
      [
        1249,
        679
      ]
    ],
    [
      [
        1250,
        678
      ]
    ],
    [
      [
        1250,
        676
      ]
    ],
    [
      [
        1251,
        675
      ]
    ],
    [
      [
        1251,
        669
      ]
    ],
    [
      [
        1252,
        668
      ]
    ],
    [
      [
        1252,
        665
      ]
    ],
    [
      [
        1253,
        664
      ]
    ],
    [
      [
        1253,
        661
      ]
    ],
    [
      [
        1254,
        660
      ]
    ],
    [
      [
        1254,
        652
      ]
    ],
    [
      [
        1255,
        651
      ]
    ],
    [
      [
        1255,
        649
      ]
    ],
    [
      [
        1256,
        648
      ]
    ],
    [
      [
        1256,
        645
      ]
    ],
    [
      [
        1257,
        644
      ]
    ],
    [
      [
        1257,
        643
      ]
    ],
    [
      [
        1258,
        642
      ]
    ],
    [
      [
        1258,
        639
      ]
    ],
    [
      [
        1259,
        638
      ]
    ],
    [
      [
        1259,
        635
      ]
    ],
    [
      [
        1260,
        634
      ]
    ],
    [
      [
        1260,
        633
      ]
    ],
    [
      [
        1261,
        632
      ]
    ],
    [
      [
        1261,
        631
      ]
    ],
    [
      [
        1262,
        630
      ]
    ],
    [
      [
        1262,
        629
      ]
    ],
    [
      [
        1263,
        628
      ]
    ],
    [
      [
        1263,
        626
      ]
    ],
    [
      [
        1264,
        625
      ]
    ],
    [
      [
        1264,
        622
      ]
    ],
    [
      [
        1266,
        620
      ]
    ],
    [
      [
        1266,
        618
      ]
    ],
    [
      [
        1267,
        617
      ]
    ],
    [
      [
        1267,
        613
      ]
    ],
    [
      [
        1269,
        611
      ]
    ],
    [
      [
        1269,
        609
      ]
    ],
    [
      [
        1270,
        608
      ]
    ],
    [
      [
        1270,
        607
      ]
    ],
    [
      [
        1272,
        605
      ]
    ],
    [
      [
        1272,
        597
      ]
    ],
    [
      [
        1262,
        597
      ]
    ],
    [
      [
        1261,
        596
      ]
    ],
    [
      [
        1261,
        578
      ]
    ],
    [
      [
        1262,
        577
      ]
    ],
    [
      [
        1262,
        576
      ]
    ],
    [
      [
        1263,
        575
      ]
    ],
    [
      [
        1263,
        572
      ]
    ],
    [
      [
        1264,
        571
      ]
    ],
    [
      [
        1264,
        570
      ]
    ],
    [
      [
        1265,
        569
      ]
    ],
    [
      [
        1265,
        566
      ]
    ],
    [
      [
        1266,
        565
      ]
    ],
    [
      [
        1266,
        561
      ]
    ],
    [
      [
        1267,
        560
      ]
    ],
    [
      [
        1267,
        557
      ]
    ],
    [
      [
        1269,
        555
      ]
    ],
    [
      [
        1269,
        550
      ]
    ],
    [
      [
        1270,
        549
      ]
    ],
    [
      [
        1270,
        548
      ]
    ],
    [
      [
        1271,
        547
      ]
    ],
    [
      [
        1271,
        545
      ]
    ],
    [
      [
        1272,
        544
      ]
    ],
    [
      [
        1272,
        541
      ]
    ],
    [
      [
        1273,
        540
      ]
    ],
    [
      [
        1273,
        537
      ]
    ],
    [
      [
        1274,
        536
      ]
    ],
    [
      [
        1274,
        533
      ]
    ],
    [
      [
        1275,
        532
      ]
    ],
    [
      [
        1275,
        528
      ]
    ],
    [
      [
        1276,
        527
      ]
    ],
    [
      [
        1276,
        526
      ]
    ],
    [
      [
        1277,
        525
      ]
    ],
    [
      [
        1277,
        522
      ]
    ],
    [
      [
        1278,
        521
      ]
    ],
    [
      [
        1278,
        520
      ]
    ],
    [
      [
        1279,
        519
      ]
    ],
    [
      [
        1279,
        518
      ]
    ],
    [
      [
        1281,
        516
      ]
    ],
    [
      [
        1281,
        508
      ]
    ],
    [
      [
        1282,
        507
      ]
    ],
    [
      [
        1282,
        506
      ]
    ],
    [
      [
        1283,
        505
      ]
    ],
    [
      [
        1283,
        501
      ]
    ],
    [
      [
        1284,
        500
      ]
    ],
    [
      [
        1284,
        491
      ]
    ],
    [
      [
        1286,
        489
      ]
    ],
    [
      [
        1286,
        486
      ]
    ],
    [
      [
        1287,
        485
      ]
    ],
    [
      [
        1287,
        483
      ]
    ],
    [
      [
        1288,
        482
      ]
    ],
    [
      [
        1288,
        480
      ]
    ],
    [
      [
        1289,
        479
      ]
    ],
    [
      [
        1289,
        476
      ]
    ],
    [
      [
        1290,
        475
      ]
    ],
    [
      [
        1290,
        470
      ]
    ],
    [
      [
        1291,
        469
      ]
    ],
    [
      [
        1291,
        467
      ]
    ],
    [
      [
        1292,
        466
      ]
    ],
    [
      [
        1292,
        463
      ]
    ],
    [
      [
        1293,
        462
      ]
    ],
    [
      [
        1293,
        459
      ]
    ],
    [
      [
        1294,
        458
      ]
    ],
    [
      [
        1294,
        456
      ]
    ],
    [
      [
        1295,
        455
      ]
    ],
    [
      [
        1295,
        451
      ]
    ],
    [
      [
        1296,
        450
      ]
    ],
    [
      [
        1317,
        450
      ]
    ],
    [
      [
        1317,
        449
      ]
    ],
    [
      [
        1318,
        448
      ]
    ],
    [
      [
        1318,
        446
      ]
    ],
    [
      [
        1319,
        445
      ]
    ],
    [
      [
        1319,
        444
      ]
    ],
    [
      [
        1320,
        443
      ]
    ],
    [
      [
        1320,
        441
      ]
    ],
    [
      [
        1321,
        440
      ]
    ],
    [
      [
        1321,
        439
      ]
    ],
    [
      [
        1324,
        436
      ]
    ],
    [
      [
        1324,
        425
      ]
    ],
    [
      [
        1325,
        424
      ]
    ],
    [
      [
        1325,
        421
      ]
    ],
    [
      [
        1326,
        420
      ]
    ],
    [
      [
        1326,
        417
      ]
    ],
    [
      [
        1327,
        416
      ]
    ],
    [
      [
        1327,
        414
      ]
    ],
    [
      [
        1328,
        413
      ]
    ],
    [
      [
        1328,
        412
      ]
    ],
    [
      [
        1330,
        410
      ]
    ],
    [
      [
        1330,
        401
      ]
    ],
    [
      [
        1317,
        401
      ]
    ],
    [
      [
        1316,
        400
      ]
    ],
    [
      [
        1316,
        383
      ]
    ],
    [
      [
        1317,
        382
      ]
    ],
    [
      [
        1337,
        382
      ]
    ],
    [
      [
        1337,
        381
      ]
    ],
    [
      [
        1338,
        380
      ]
    ],
    [
      [
        1338,
        378
      ]
    ],
    [
      [
        1339,
        377
      ]
    ],
    [
      [
        1339,
        374
      ]
    ],
    [
      [
        1340,
        373
      ]
    ],
    [
      [
        1340,
        370
      ]
    ],
    [
      [
        1342,
        368
      ]
    ],
    [
      [
        1342,
        363
      ]
    ],
    [
      [
        1343,
        362
      ]
    ],
    [
      [
        1343,
        361
      ]
    ],
    [
      [
        1344,
        360
      ]
    ],
    [
      [
        1344,
        357
      ]
    ],
    [
      [
        1345,
        356
      ]
    ],
    [
      [
        1345,
        353
      ]
    ],
    [
      [
        1346,
        352
      ]
    ],
    [
      [
        1346,
        348
      ]
    ],
    [
      [
        1347,
        347
      ]
    ],
    [
      [
        1347,
        341
      ]
    ],
    [
      [
        1348,
        340
      ]
    ],
    [
      [
        1348,
        338
      ]
    ],
    [
      [
        1349,
        337
      ]
    ],
    [
      [
        1349,
        332
      ]
    ],
    [
      [
        1350,
        331
      ]
    ],
    [
      [
        1350,
        327
      ]
    ],
    [
      [
        1351,
        326
      ]
    ],
    [
      [
        1351,
        318
      ]
    ],
    [
      [
        1352,
        317
      ]
    ],
    [
      [
        1352,
        314
      ]
    ],
    [
      [
        1353,
        313
      ]
    ],
    [
      [
        1353,
        305
      ]
    ],
    [
      [
        1354,
        304
      ]
    ],
    [
      [
        1354,
        301
      ]
    ],
    [
      [
        1355,
        300
      ]
    ],
    [
      [
        1355,
        282
      ]
    ],
    [
      [
        1353,
        280
      ]
    ],
    [
      [
        1352,
        280
      ]
    ],
    [
      [
        1351,
        279
      ]
    ],
    [
      [
        1348,
        279
      ]
    ],
    [
      [
        1347,
        278
      ]
    ],
    [
      [
        1341,
        278
      ]
    ],
    [
      [
        1340,
        279
      ]
    ],
    [
      [
        1321,
        279
      ]
    ],
    [
      [
        1319,
        277
      ]
    ],
    [
      [
        1319,
        275
      ]
    ],
    [
      [
        1317,
        273
      ]
    ],
    [
      [
        1317,
        271
      ]
    ],
    [
      [
        1316,
        270
      ]
    ],
    [
      [
        1316,
        268
      ]
    ],
    [
      [
        1315,
        267
      ]
    ],
    [
      [
        1315,
        262
      ]
    ],
    [
      [
        1312,
        259
      ]
    ],
    [
      [
        1312,
        258
      ]
    ],
    [
      [
        1311,
        257
      ]
    ],
    [
      [
        1311,
        256
      ]
    ],
    [
      [
        1309,
        254
      ]
    ],
    [
      [
        1309,
        251
      ]
    ],
    [
      [
        1308,
        250
      ]
    ],
    [
      [
        1308,
        248
      ]
    ],
    [
      [
        1307,
        247
      ]
    ],
    [
      [
        1307,
        246
      ]
    ],
    [
      [
        1305,
        244
      ]
    ],
    [
      [
        1305,
        243
      ]
    ],
    [
      [
        1303,
        241
      ]
    ],
    [
      [
        1303,
        240
      ]
    ],
    [
      [
        1302,
        239
      ]
    ],
    [
      [
        1302,
        238
      ]
    ],
    [
      [
        1301,
        238
      ]
    ],
    [
      [
        1300,
        237
      ]
    ],
    [
      [
        1300,
        236
      ]
    ],
    [
      [
        1299,
        235
      ]
    ],
    [
      [
        1299,
        233
      ]
    ],
    [
      [
        1294,
        228
      ]
    ],
    [
      [
        1294,
        227
      ]
    ],
    [
      [
        1291,
        224
      ]
    ],
    [
      [
        1291,
        223
      ]
    ],
    [
      [
        1290,
        223
      ]
    ],
    [
      [
        1288,
        221
      ]
    ],
    [
      [
        1288,
        220
      ]
    ],
    [
      [
        1283,
        215
      ]
    ],
    [
      [
        1283,
        214
      ]
    ],
    [
      [
        1281,
        212
      ]
    ],
    [
      [
        1280,
        212
      ]
    ],
    [
      [
        1279,
        211
      ]
    ],
    [
      [
        1278,
        211
      ]
    ],
    [
      [
        1276,
        209
      ]
    ],
    [
      [
        1276,
        208
      ]
    ],
    [
      [
        1275,
        208
      ]
    ],
    [
      [
        1273,
        206
      ]
    ],
    [
      [
        1273,
        205
      ]
    ],
    [
      [
        1271,
        203
      ]
    ],
    [
      [
        1270,
        203
      ]
    ],
    [
      [
        1268,
        201
      ]
    ],
    [
      [
        1268,
        190
      ]
    ],
    [
      [
        1261,
        183
      ]
    ],
    [
      [
        1260,
        183
      ]
    ],
    [
      [
        1259,
        182
      ]
    ],
    [
      [
        1258,
        182
      ]
    ],
    [
      [
        1257,
        181
      ]
    ],
    [
      [
        1256,
        181
      ]
    ],
    [
      [
        1255,
        180
      ]
    ],
    [
      [
        1254,
        180
      ]
    ],
    [
      [
        1253,
        179
      ]
    ],
    [
      [
        1252,
        179
      ]
    ],
    [
      [
        1251,
        178
      ]
    ],
    [
      [
        1250,
        178
      ]
    ],
    [
      [
        1249,
        177
      ]
    ],
    [
      [
        1247,
        177
      ]
    ],
    [
      [
        1246,
        176
      ]
    ],
    [
      [
        1244,
        176
      ]
    ],
    [
      [
        1243,
        175
      ]
    ],
    [
      [
        1243,
        172
      ]
    ],
    [
      [
        1242,
        171
      ]
    ],
    [
      [
        1241,
        171
      ]
    ],
    [
      [
        1240,
        170
      ]
    ],
    [
      [
        1237,
        170
      ]
    ],
    [
      [
        1236,
        169
      ]
    ],
    [
      [
        1235,
        169
      ]
    ],
    [
      [
        1234,
        168
      ]
    ],
    [
      [
        1219,
        168
      ]
    ],
    [
      [
        1218,
        167
      ]
    ],
    [
      [
        1211,
        167
      ]
    ],
    [
      [
        1210,
        166
      ]
    ],
    [
      [
        1208,
        166
      ]
    ],
    [
      [
        1207,
        165
      ]
    ],
    [
      [
        1203,
        165
      ]
    ],
    [
      [
        1202,
        164
      ]
    ],
    [
      [
        1199,
        164
      ]
    ],
    [
      [
        1198,
        163
      ]
    ],
    [
      [
        1191,
        163
      ]
    ],
    [
      [
        1189,
        161
      ]
    ],
    [
      [
        1179,
        161
      ]
    ],
    [
      [
        1178,
        162
      ]
    ],
    [
      [
        1153,
        162
      ]
    ],
    [
      [
        1151,
        160
      ]
    ],
    [
      [
        1151,
        146
      ]
    ],
    [
      [
        1150,
        146
      ]
    ],
    [
      [
        1149,
        145
      ]
    ],
    [
      [
        1149,
        144
      ]
    ],
    [
      [
        1148,
        143
      ]
    ],
    [
      [
        1147,
        143
      ]
    ],
    [
      [
        1146,
        142
      ]
    ],
    [
      [
        1141,
        142
      ]
    ],
    [
      [
        1140,
        141
      ]
    ],
    [
      [
        1138,
        141
      ]
    ],
    [
      [
        1137,
        140
      ]
    ],
    [
      [
        1135,
        140
      ]
    ],
    [
      [
        1134,
        139
      ]
    ],
    [
      [
        1132,
        139
      ]
    ],
    [
      [
        1131,
        138
      ]
    ],
    [
      [
        1128,
        138
      ]
    ],
    [
      [
        1127,
        137
      ]
    ],
    [
      [
        1123,
        137
      ]
    ],
    [
      [
        1122,
        136
      ]
    ],
    [
      [
        1121,
        136
      ]
    ],
    [
      [
        1120,
        135
      ]
    ],
    [
      [
        1119,
        135
      ]
    ],
    [
      [
        1118,
        134
      ]
    ],
    [
      [
        1113,
        134
      ]
    ],
    [
      [
        1112,
        133
      ]
    ],
    [
      [
        1109,
        133
      ]
    ],
    [
      [
        1108,
        132
      ]
    ],
    [
      [
        1107,
        132
      ]
    ],
    [
      [
        1106,
        131
      ]
    ],
    [
      [
        1102,
        131
      ]
    ],
    [
      [
        1100,
        129
      ]
    ],
    [
      [
        1099,
        129
      ]
    ],
    [
      [
        1098,
        128
      ]
    ],
    [
      [
        1094,
        128
      ]
    ],
    [
      [
        1093,
        127
      ]
    ],
    [
      [
        1091,
        127
      ]
    ],
    [
      [
        1090,
        126
      ]
    ],
    [
      [
        1086,
        126
      ]
    ],
    [
      [
        1085,
        125
      ]
    ],
    [
      [
        1084,
        125
      ]
    ],
    [
      [
        1083,
        124
      ]
    ],
    [
      [
        1078,
        124
      ]
    ],
    [
      [
        1077,
        123
      ]
    ],
    [
      [
        1061,
        123
      ]
    ],
    [
      [
        1060,
        122
      ]
    ],
    [
      [
        1058,
        122
      ]
    ],
    [
      [
        1057,
        121
      ]
    ],
    [
      [
        1053,
        121
      ]
    ],
    [
      [
        1052,
        120
      ]
    ],
    [
      [
        1050,
        120
      ]
    ],
    [
      [
        1049,
        119
      ]
    ],
    [
      [
        1047,
        119
      ]
    ],
    [
      [
        1046,
        118
      ]
    ],
    [
      [
        1044,
        118
      ]
    ],
    [
      [
        1043,
        117
      ]
    ],
    [
      [
        1041,
        117
      ]
    ],
    [
      [
        1040,
        116
      ]
    ],
    [
      [
        1037,
        116
      ]
    ],
    [
      [
        1036,
        115
      ]
    ],
    [
      [
        1034,
        115
      ]
    ],
    [
      [
        1033,
        114
      ]
    ],
    [
      [
        1031,
        114
      ]
    ],
    [
      [
        1030,
        113
      ]
    ],
    [
      [
        1028,
        113
      ]
    ],
    [
      [
        1027,
        112
      ]
    ],
    [
      [
        1025,
        112
      ]
    ],
    [
      [
        1024,
        111
      ]
    ],
    [
      [
        1022,
        111
      ]
    ],
    [
      [
        1021,
        110
      ]
    ],
    [
      [
        1016,
        110
      ]
    ],
    [
      [
        1015,
        109
      ]
    ],
    [
      [
        1013,
        109
      ]
    ],
    [
      [
        1012,
        108
      ]
    ],
    [
      [
        1010,
        108
      ]
    ],
    [
      [
        1009,
        107
      ]
    ],
    [
      [
        1005,
        107
      ]
    ],
    [
      [
        1004,
        106
      ]
    ],
    [
      [
        1002,
        106
      ]
    ],
    [
      [
        1001,
        105
      ]
    ],
    [
      [
        998,
        105
      ]
    ],
    [
      [
        997,
        104
      ]
    ],
    [
      [
        995,
        104
      ]
    ],
    [
      [
        994,
        103
      ]
    ],
    [
      [
        992,
        103
      ]
    ],
    [
      [
        991,
        102
      ]
    ],
    [
      [
        987,
        102
      ]
    ],
    [
      [
        986,
        101
      ]
    ],
    [
      [
        983,
        101
      ]
    ],
    [
      [
        982,
        100
      ]
    ],
    [
      [
        980,
        100
      ]
    ],
    [
      [
        979,
        99
      ]
    ],
    [
      [
        977,
        99
      ]
    ],
    [
      [
        976,
        98
      ]
    ],
    [
      [
        972,
        98
      ]
    ],
    [
      [
        971,
        97
      ]
    ],
    [
      [
        969,
        97
      ]
    ],
    [
      [
        968,
        96
      ]
    ],
    [
      [
        964,
        96
      ]
    ],
    [
      [
        963,
        95
      ]
    ],
    [
      [
        960,
        95
      ]
    ],
    [
      [
        959,
        94
      ]
    ],
    [
      [
        956,
        94
      ]
    ],
    [
      [
        955,
        93
      ]
    ],
    [
      [
        951,
        93
      ]
    ],
    [
      [
        950,
        92
      ]
    ],
    [
      [
        949,
        92
      ]
    ],
    [
      [
        948,
        91
      ]
    ],
    [
      [
        944,
        91
      ]
    ],
    [
      [
        943,
        90
      ]
    ],
    [
      [
        941,
        90
      ]
    ],
    [
      [
        940,
        89
      ]
    ],
    [
      [
        938,
        89
      ]
    ],
    [
      [
        937,
        88
      ]
    ],
    [
      [
        934,
        88
      ]
    ],
    [
      [
        933,
        87
      ]
    ],
    [
      [
        930,
        87
      ]
    ],
    [
      [
        929,
        86
      ]
    ],
    [
      [
        925,
        86
      ]
    ],
    [
      [
        924,
        85
      ]
    ],
    [
      [
        922,
        85
      ]
    ],
    [
      [
        921,
        84
      ]
    ],
    [
      [
        920,
        84
      ]
    ],
    [
      [
        919,
        83
      ]
    ],
    [
      [
        917,
        83
      ]
    ],
    [
      [
        916,
        82
      ]
    ],
    [
      [
        912,
        82
      ]
    ],
    [
      [
        911,
        81
      ]
    ],
    [
      [
        907,
        81
      ]
    ],
    [
      [
        906,
        80
      ]
    ],
    [
      [
        903,
        80
      ]
    ],
    [
      [
        902,
        79
      ]
    ],
    [
      [
        901,
        79
      ]
    ],
    [
      [
        900,
        78
      ]
    ],
    [
      [
        896,
        78
      ]
    ],
    [
      [
        895,
        77
      ]
    ],
    [
      [
        894,
        77
      ]
    ],
    [
      [
        893,
        76
      ]
    ],
    [
      [
        889,
        76
      ]
    ],
    [
      [
        888,
        75
      ]
    ],
    [
      [
        887,
        75
      ]
    ],
    [
      [
        886,
        74
      ]
    ],
    [
      [
        881,
        74
      ]
    ],
    [
      [
        880,
        73
      ]
    ],
    [
      [
        849,
        73
      ]
    ],
    [
      [
        848,
        72
      ]
    ],
    [
      [
        848,
        66
      ]
    ],
    [
      [
        843,
        66
      ]
    ],
    [
      [
        842,
        65
      ]
    ],
    [
      [
        842,
        63
      ]
    ],
    [
      [
        841,
        62
      ]
    ],
    [
      [
        839,
        62
      ]
    ],
    [
      [
        838,
        61
      ]
    ],
    [
      [
        833,
        61
      ]
    ],
    [
      [
        832,
        60
      ]
    ],
    [
      [
        829,
        60
      ]
    ],
    [
      [
        827,
        58
      ]
    ],
    [
      [
        822,
        58
      ]
    ],
    [
      [
        821,
        57
      ]
    ],
    [
      [
        818,
        57
      ]
    ],
    [
      [
        817,
        56
      ]
    ],
    [
      [
        815,
        56
      ]
    ],
    [
      [
        814,
        55
      ]
    ],
    [
      [
        811,
        55
      ]
    ],
    [
      [
        810,
        54
      ]
    ],
    [
      [
        807,
        54
      ]
    ],
    [
      [
        806,
        53
      ]
    ],
    [
      [
        802,
        53
      ]
    ],
    [
      [
        801,
        52
      ]
    ],
    [
      [
        799,
        52
      ]
    ],
    [
      [
        798,
        51
      ]
    ],
    [
      [
        795,
        51
      ]
    ],
    [
      [
        794,
        50
      ]
    ],
    [
      [
        782,
        50
      ]
    ],
    [
      [
        781,
        49
      ]
    ],
    [
      [
        776,
        49
      ]
    ],
    [
      [
        775,
        48
      ]
    ],
    [
      [
        773,
        48
      ]
    ],
    [
      [
        772,
        47
      ]
    ],
    [
      [
        768,
        47
      ]
    ],
    [
      [
        767,
        46
      ]
    ],
    [
      [
        763,
        46
      ]
    ],
    [
      [
        762,
        45
      ]
    ],
    [
      [
        759,
        45
      ]
    ],
    [
      [
        758,
        44
      ]
    ],
    [
      [
        757,
        44
      ]
    ],
    [
      [
        756,
        43
      ]
    ],
    [
      [
        752,
        43
      ]
    ],
    [
      [
        751,
        42
      ]
    ],
    [
      [
        747,
        42
      ]
    ],
    [
      [
        746,
        41
      ]
    ],
    [
      [
        745,
        41
      ]
    ],
    [
      [
        743,
        39
      ]
    ],
    [
      [
        743,
        38
      ]
    ],
    [
      [
        742,
        37
      ]
    ]
  ],
  "segment_square_corners": [
    [
      500.6711120605469,
      870.2833251953125
    ],
    [
      708.5810546875,
      28.743515014648438
    ],
    [
      1384.600341796875,
      195.7601318359375
    ],
    [
      1176.6904296875,
      1037.2999267578125
    ]
  ],
  "phrases": [
    "box",
    "tangerine",
    "tangerine",
    "tangerine",
    "tangerine"
  ],
  "selected_bbox": [
    0.41652539372444153,
    0.47350814938545227,
    0.4827137887477875,
    0.8651197552680969
  ]
}