{
  "timestamp": 1761056268.935928,
  "session_id": "session_20251021_211452_51253c84",
  "supplier_id": "",
  "qr_data": "695991",
  "qr_items": {
    "tangerine": 4
  },
  "qr_corners": [
    [
      970.0,
      798.0
    ],
    [
      1024.0,
      872.0
    ],
    [
      949.0,
      925.0
    ],
    [
      892.0,
      851.0
    ]
  ],
  "segment_corners": [
    [
      [
        957,
        45
      ]
    ],
    [
      [
        957,
        46
      ]
    ],
    [
      [
        955,
        48
      ]
    ],
    [
      [
        955,
        53
      ]
    ],
    [
      [
        954,
        54
      ]
    ],
    [
      [
        924,
        54
      ]
    ],
    [
      [
        923,
        53
      ]
    ],
    [
      [
        916,
        53
      ]
    ],
    [
      [
        916,
        55
      ]
    ],
    [
      [
        915,
        56
      ]
    ],
    [
      [
        895,
        56
      ]
    ],
    [
      [
        894,
        57
      ]
    ],
    [
      [
        885,
        57
      ]
    ],
    [
      [
        884,
        58
      ]
    ],
    [
      [
        880,
        58
      ]
    ],
    [
      [
        879,
        59
      ]
    ],
    [
      [
        875,
        59
      ]
    ],
    [
      [
        874,
        60
      ]
    ],
    [
      [
        873,
        60
      ]
    ],
    [
      [
        872,
        61
      ]
    ],
    [
      [
        869,
        61
      ]
    ],
    [
      [
        868,
        62
      ]
    ],
    [
      [
        862,
        62
      ]
    ],
    [
      [
        861,
        63
      ]
    ],
    [
      [
        860,
        63
      ]
    ],
    [
      [
        859,
        64
      ]
    ],
    [
      [
        858,
        64
      ]
    ],
    [
      [
        857,
        65
      ]
    ],
    [
      [
        856,
        65
      ]
    ],
    [
      [
        855,
        66
      ]
    ],
    [
      [
        853,
        66
      ]
    ],
    [
      [
        852,
        67
      ]
    ],
    [
      [
        850,
        67
      ]
    ],
    [
      [
        847,
        70
      ]
    ],
    [
      [
        846,
        70
      ]
    ],
    [
      [
        845,
        71
      ]
    ],
    [
      [
        845,
        72
      ]
    ],
    [
      [
        843,
        74
      ]
    ],
    [
      [
        841,
        74
      ]
    ],
    [
      [
        840,
        75
      ]
    ],
    [
      [
        836,
        75
      ]
    ],
    [
      [
        832,
        79
      ]
    ],
    [
      [
        831,
        79
      ]
    ],
    [
      [
        830,
        80
      ]
    ],
    [
      [
        829,
        80
      ]
    ],
    [
      [
        828,
        81
      ]
    ],
    [
      [
        826,
        81
      ]
    ],
    [
      [
        825,
        82
      ]
    ],
    [
      [
        824,
        82
      ]
    ],
    [
      [
        823,
        83
      ]
    ],
    [
      [
        813,
        83
      ]
    ],
    [
      [
        812,
        84
      ]
    ],
    [
      [
        808,
        84
      ]
    ],
    [
      [
        806,
        86
      ]
    ],
    [
      [
        806,
        101
      ]
    ],
    [
      [
        803,
        104
      ]
    ],
    [
      [
        802,
        104
      ]
    ],
    [
      [
        800,
        106
      ]
    ],
    [
      [
        799,
        106
      ]
    ],
    [
      [
        796,
        109
      ]
    ],
    [
      [
        795,
        109
      ]
    ],
    [
      [
        793,
        111
      ]
    ],
    [
      [
        792,
        111
      ]
    ],
    [
      [
        790,
        113
      ]
    ],
    [
      [
        789,
        113
      ]
    ],
    [
      [
        784,
        118
      ]
    ],
    [
      [
        783,
        118
      ]
    ],
    [
      [
        780,
        121
      ]
    ],
    [
      [
        779,
        121
      ]
    ],
    [
      [
        775,
        125
      ]
    ],
    [
      [
        774,
        125
      ]
    ],
    [
      [
        772,
        127
      ]
    ],
    [
      [
        771,
        127
      ]
    ],
    [
      [
        767,
        131
      ]
    ],
    [
      [
        767,
        150
      ]
    ],
    [
      [
        762,
        155
      ]
    ],
    [
      [
        761,
        155
      ]
    ],
    [
      [
        758,
        158
      ]
    ],
    [
      [
        757,
        158
      ]
    ],
    [
      [
        755,
        160
      ]
    ],
    [
      [
        754,
        160
      ]
    ],
    [
      [
        751,
        163
      ]
    ],
    [
      [
        750,
        163
      ]
    ],
    [
      [
        750,
        164
      ]
    ],
    [
      [
        748,
        166
      ]
    ],
    [
      [
        747,
        166
      ]
    ],
    [
      [
        746,
        167
      ]
    ],
    [
      [
        745,
        167
      ]
    ],
    [
      [
        742,
        170
      ]
    ],
    [
      [
        740,
        170
      ]
    ],
    [
      [
        739,
        171
      ]
    ],
    [
      [
        739,
        172
      ]
    ],
    [
      [
        738,
        173
      ]
    ],
    [
      [
        737,
        173
      ]
    ],
    [
      [
        735,
        175
      ]
    ],
    [
      [
        734,
        175
      ]
    ],
    [
      [
        731,
        178
      ]
    ],
    [
      [
        729,
        178
      ]
    ],
    [
      [
        729,
        179
      ]
    ],
    [
      [
        722,
        186
      ]
    ],
    [
      [
        721,
        186
      ]
    ],
    [
      [
        718,
        189
      ]
    ],
    [
      [
        717,
        189
      ]
    ],
    [
      [
        716,
        190
      ]
    ],
    [
      [
        715,
        190
      ]
    ],
    [
      [
        714,
        191
      ]
    ],
    [
      [
        713,
        191
      ]
    ],
    [
      [
        708,
        196
      ]
    ],
    [
      [
        707,
        196
      ]
    ],
    [
      [
        704,
        199
      ]
    ],
    [
      [
        703,
        199
      ]
    ],
    [
      [
        699,
        203
      ]
    ],
    [
      [
        698,
        203
      ]
    ],
    [
      [
        697,
        204
      ]
    ],
    [
      [
        696,
        204
      ]
    ],
    [
      [
        692,
        208
      ]
    ],
    [
      [
        691,
        208
      ]
    ],
    [
      [
        689,
        210
      ]
    ],
    [
      [
        688,
        210
      ]
    ],
    [
      [
        683,
        215
      ]
    ],
    [
      [
        682,
        215
      ]
    ],
    [
      [
        680,
        217
      ]
    ],
    [
      [
        679,
        217
      ]
    ],
    [
      [
        674,
        222
      ]
    ],
    [
      [
        673,
        222
      ]
    ],
    [
      [
        673,
        223
      ]
    ],
    [
      [
        670,
        226
      ]
    ],
    [
      [
        669,
        226
      ]
    ],
    [
      [
        668,
        227
      ]
    ],
    [
      [
        667,
        227
      ]
    ],
    [
      [
        665,
        229
      ]
    ],
    [
      [
        664,
        229
      ]
    ],
    [
      [
        660,
        233
      ]
    ],
    [
      [
        659,
        233
      ]
    ],
    [
      [
        657,
        235
      ]
    ],
    [
      [
        656,
        235
      ]
    ],
    [
      [
        651,
        240
      ]
    ],
    [
      [
        650,
        240
      ]
    ],
    [
      [
        649,
        241
      ]
    ],
    [
      [
        648,
        241
      ]
    ],
    [
      [
        645,
        244
      ]
    ],
    [
      [
        645,
        245
      ]
    ],
    [
      [
        644,
        246
      ]
    ],
    [
      [
        642,
        246
      ]
    ],
    [
      [
        640,
        248
      ]
    ],
    [
      [
        639,
        248
      ]
    ],
    [
      [
        636,
        251
      ]
    ],
    [
      [
        635,
        251
      ]
    ],
    [
      [
        635,
        252
      ]
    ],
    [
      [
        634,
        253
      ]
    ],
    [
      [
        633,
        253
      ]
    ],
    [
      [
        632,
        254
      ]
    ],
    [
      [
        631,
        254
      ]
    ],
    [
      [
        630,
        255
      ]
    ],
    [
      [
        629,
        255
      ]
    ],
    [
      [
        629,
        256
      ]
    ],
    [
      [
        628,
        257
      ]
    ],
    [
      [
        627,
        257
      ]
    ],
    [
      [
        624,
        260
      ]
    ],
    [
      [
        624,
        261
      ]
    ],
    [
      [
        623,
        262
      ]
    ],
    [
      [
        620,
        262
      ]
    ],
    [
      [
        617,
        265
      ]
    ],
    [
      [
        616,
        265
      ]
    ],
    [
      [
        615,
        266
      ]
    ],
    [
      [
        614,
        266
      ]
    ],
    [
      [
        614,
        268
      ]
    ],
    [
      [
        612,
        270
      ]
    ],
    [
      [
        610,
        270
      ]
    ],
    [
      [
        608,
        272
      ]
    ],
    [
      [
        607,
        272
      ]
    ],
    [
      [
        605,
        274
      ]
    ],
    [
      [
        604,
        274
      ]
    ],
    [
      [
        598,
        280
      ]
    ],
    [
      [
        597,
        280
      ]
    ],
    [
      [
        594,
        283
      ]
    ],
    [
      [
        593,
        283
      ]
    ],
    [
      [
        589,
        287
      ]
    ],
    [
      [
        588,
        287
      ]
    ],
    [
      [
        584,
        291
      ]
    ],
    [
      [
        583,
        291
      ]
    ],
    [
      [
        581,
        293
      ]
    ],
    [
      [
        580,
        293
      ]
    ],
    [
      [
        574,
        299
      ]
    ],
    [
      [
        556,
        299
      ]
    ],
    [
      [
        555,
        298
      ]
    ],
    [
      [
        555,
        297
      ]
    ],
    [
      [
        554,
        297
      ]
    ],
    [
      [
        551,
        294
      ]
    ],
    [
      [
        537,
        294
      ]
    ],
    [
      [
        535,
        296
      ]
    ],
    [
      [
        534,
        296
      ]
    ],
    [
      [
        533,
        297
      ]
    ],
    [
      [
        524,
        297
      ]
    ],
    [
      [
        524,
        300
      ]
    ],
    [
      [
        516,
        308
      ]
    ],
    [
      [
        514,
        308
      ]
    ],
    [
      [
        511,
        311
      ]
    ],
    [
      [
        510,
        311
      ]
    ],
    [
      [
        508,
        313
      ]
    ],
    [
      [
        507,
        313
      ]
    ],
    [
      [
        502,
        318
      ]
    ],
    [
      [
        501,
        318
      ]
    ],
    [
      [
        500,
        319
      ]
    ],
    [
      [
        499,
        319
      ]
    ],
    [
      [
        495,
        323
      ]
    ],
    [
      [
        494,
        323
      ]
    ],
    [
      [
        490,
        327
      ]
    ],
    [
      [
        489,
        327
      ]
    ],
    [
      [
        487,
        329
      ]
    ],
    [
      [
        486,
        329
      ]
    ],
    [
      [
        486,
        330
      ]
    ],
    [
      [
        484,
        332
      ]
    ],
    [
      [
        483,
        332
      ]
    ],
    [
      [
        479,
        336
      ]
    ],
    [
      [
        478,
        336
      ]
    ],
    [
      [
        477,
        337
      ]
    ],
    [
      [
        476,
        337
      ]
    ],
    [
      [
        471,
        342
      ]
    ],
    [
      [
        470,
        342
      ]
    ],
    [
      [
        467,
        345
      ]
    ],
    [
      [
        466,
        345
      ]
    ],
    [
      [
        463,
        348
      ]
    ],
    [
      [
        457,
        348
      ]
    ],
    [
      [
        457,
        352
      ]
    ],
    [
      [
        452,
        357
      ]
    ],
    [
      [
        451,
        357
      ]
    ],
    [
      [
        450,
        358
      ]
    ],
    [
      [
        449,
        358
      ]
    ],
    [
      [
        445,
        362
      ]
    ],
    [
      [
        444,
        362
      ]
    ],
    [
      [
        442,
        364
      ]
    ],
    [
      [
        442,
        365
      ]
    ],
    [
      [
        440,
        367
      ]
    ],
    [
      [
        439,
        367
      ]
    ],
    [
      [
        437,
        369
      ]
    ],
    [
      [
        436,
        369
      ]
    ],
    [
      [
        433,
        372
      ]
    ],
    [
      [
        432,
        372
      ]
    ],
    [
      [
        427,
        377
      ]
    ],
    [
      [
        426,
        377
      ]
    ],
    [
      [
        418,
        385
      ]
    ],
    [
      [
        418,
        387
      ]
    ],
    [
      [
        416,
        389
      ]
    ],
    [
      [
        416,
        391
      ]
    ],
    [
      [
        415,
        392
      ]
    ],
    [
      [
        415,
        411
      ]
    ],
    [
      [
        416,
        412
      ]
    ],
    [
      [
        416,
        414
      ]
    ],
    [
      [
        417,
        415
      ]
    ],
    [
      [
        417,
        417
      ]
    ],
    [
      [
        418,
        418
      ]
    ],
    [
      [
        418,
        419
      ]
    ],
    [
      [
        421,
        422
      ]
    ],
    [
      [
        421,
        423
      ]
    ],
    [
      [
        424,
        426
      ]
    ],
    [
      [
        424,
        428
      ]
    ],
    [
      [
        426,
        430
      ]
    ],
    [
      [
        426,
        431
      ]
    ],
    [
      [
        428,
        433
      ]
    ],
    [
      [
        428,
        435
      ]
    ],
    [
      [
        429,
        435
      ]
    ],
    [
      [
        433,
        439
      ]
    ],
    [
      [
        445,
        439
      ]
    ],
    [
      [
        446,
        440
      ]
    ],
    [
      [
        446,
        457
      ]
    ],
    [
      [
        449,
        460
      ]
    ],
    [
      [
        449,
        461
      ]
    ],
    [
      [
        452,
        464
      ]
    ],
    [
      [
        452,
        465
      ]
    ],
    [
      [
        455,
        468
      ]
    ],
    [
      [
        455,
        469
      ]
    ],
    [
      [
        457,
        471
      ]
    ],
    [
      [
        457,
        472
      ]
    ],
    [
      [
        461,
        476
      ]
    ],
    [
      [
        461,
        479
      ]
    ],
    [
      [
        464,
        479
      ]
    ],
    [
      [
        465,
        480
      ]
    ],
    [
      [
        465,
        505
      ]
    ],
    [
      [
        469,
        509
      ]
    ],
    [
      [
        491,
        509
      ]
    ],
    [
      [
        493,
        511
      ]
    ],
    [
      [
        493,
        519
      ]
    ],
    [
      [
        494,
        520
      ]
    ],
    [
      [
        494,
        522
      ]
    ],
    [
      [
        495,
        522
      ]
    ],
    [
      [
        496,
        523
      ]
    ],
    [
      [
        496,
        527
      ]
    ],
    [
      [
        497,
        527
      ]
    ],
    [
      [
        498,
        528
      ]
    ],
    [
      [
        505,
        528
      ]
    ],
    [
      [
        507,
        526
      ]
    ],
    [
      [
        507,
        525
      ]
    ],
    [
      [
        508,
        524
      ]
    ],
    [
      [
        508,
        516
      ]
    ],
    [
      [
        509,
        515
      ]
    ],
    [
      [
        527,
        515
      ]
    ],
    [
      [
        529,
        517
      ]
    ],
    [
      [
        529,
        519
      ]
    ],
    [
      [
        533,
        523
      ]
    ],
    [
      [
        533,
        524
      ]
    ],
    [
      [
        536,
        527
      ]
    ],
    [
      [
        536,
        528
      ]
    ],
    [
      [
        538,
        530
      ]
    ],
    [
      [
        538,
        531
      ]
    ],
    [
      [
        539,
        532
      ]
    ],
    [
      [
        539,
        533
      ]
    ],
    [
      [
        546,
        540
      ]
    ],
    [
      [
        546,
        541
      ]
    ],
    [
      [
        547,
        542
      ]
    ],
    [
      [
        547,
        543
      ]
    ],
    [
      [
        549,
        545
      ]
    ],
    [
      [
        549,
        546
      ]
    ],
    [
      [
        550,
        547
      ]
    ],
    [
      [
        551,
        547
      ]
    ],
    [
      [
        552,
        548
      ]
    ],
    [
      [
        552,
        549
      ]
    ],
    [
      [
        553,
        550
      ]
    ],
    [
      [
        553,
        551
      ]
    ],
    [
      [
        557,
        555
      ]
    ],
    [
      [
        557,
        556
      ]
    ],
    [
      [
        561,
        560
      ]
    ],
    [
      [
        561,
        561
      ]
    ],
    [
      [
        565,
        565
      ]
    ],
    [
      [
        565,
        566
      ]
    ],
    [
      [
        567,
        568
      ]
    ],
    [
      [
        567,
        569
      ]
    ],
    [
      [
        568,
        570
      ]
    ],
    [
      [
        568,
        571
      ]
    ],
    [
      [
        569,
        571
      ]
    ],
    [
      [
        571,
        573
      ]
    ],
    [
      [
        571,
        574
      ]
    ],
    [
      [
        572,
        574
      ]
    ],
    [
      [
        573,
        575
      ]
    ],
    [
      [
        573,
        576
      ]
    ],
    [
      [
        574,
        577
      ]
    ],
    [
      [
        574,
        578
      ]
    ],
    [
      [
        576,
        580
      ]
    ],
    [
      [
        576,
        581
      ]
    ],
    [
      [
        578,
        583
      ]
    ],
    [
      [
        578,
        584
      ]
    ],
    [
      [
        580,
        586
      ]
    ],
    [
      [
        581,
        586
      ]
    ],
    [
      [
        582,
        587
      ]
    ],
    [
      [
        582,
        588
      ]
    ],
    [
      [
        585,
        591
      ]
    ],
    [
      [
        585,
        592
      ]
    ],
    [
      [
        586,
        593
      ]
    ],
    [
      [
        586,
        594
      ]
    ],
    [
      [
        591,
        599
      ]
    ],
    [
      [
        591,
        600
      ]
    ],
    [
      [
        592,
        601
      ]
    ],
    [
      [
        593,
        601
      ]
    ],
    [
      [
        594,
        602
      ]
    ],
    [
      [
        594,
        604
      ]
    ],
    [
      [
        597,
        607
      ]
    ],
    [
      [
        597,
        608
      ]
    ],
    [
      [
        598,
        609
      ]
    ],
    [
      [
        598,
        610
      ]
    ],
    [
      [
        605,
        617
      ]
    ],
    [
      [
        605,
        618
      ]
    ],
    [
      [
        606,
        619
      ]
    ],
    [
      [
        606,
        620
      ]
    ],
    [
      [
        610,
        624
      ]
    ],
    [
      [
        610,
        642
      ]
    ],
    [
      [
        609,
        643
      ]
    ],
    [
      [
        603,
        643
      ]
    ],
    [
      [
        602,
        644
      ]
    ],
    [
      [
        601,
        644
      ]
    ],
    [
      [
        601,
        655
      ]
    ],
    [
      [
        602,
        656
      ]
    ],
    [
      [
        602,
        657
      ]
    ],
    [
      [
        607,
        657
      ]
    ],
    [
      [
        613,
        663
      ]
    ],
    [
      [
        613,
        664
      ]
    ],
    [
      [
        614,
        665
      ]
    ],
    [
      [
        614,
        666
      ]
    ],
    [
      [
        617,
        669
      ]
    ],
    [
      [
        617,
        670
      ]
    ],
    [
      [
        619,
        672
      ]
    ],
    [
      [
        619,
        674
      ]
    ],
    [
      [
        624,
        679
      ]
    ],
    [
      [
        624,
        680
      ]
    ],
    [
      [
        625,
        680
      ]
    ],
    [
      [
        627,
        682
      ]
    ],
    [
      [
        628,
        682
      ]
    ],
    [
      [
        630,
        684
      ]
    ],
    [
      [
        641,
        684
      ]
    ],
    [
      [
        642,
        685
      ]
    ],
    [
      [
        642,
        686
      ]
    ],
    [
      [
        645,
        689
      ]
    ],
    [
      [
        645,
        691
      ]
    ],
    [
      [
        650,
        696
      ]
    ],
    [
      [
        650,
        697
      ]
    ],
    [
      [
        657,
        704
      ]
    ],
    [
      [
        657,
        705
      ]
    ],
    [
      [
        658,
        706
      ]
    ],
    [
      [
        658,
        707
      ]
    ],
    [
      [
        659,
        708
      ]
    ],
    [
      [
        660,
        708
      ]
    ],
    [
      [
        662,
        710
      ]
    ],
    [
      [
        664,
        710
      ]
    ],
    [
      [
        665,
        711
      ]
    ],
    [
      [
        670,
        711
      ]
    ],
    [
      [
        671,
        712
      ]
    ],
    [
      [
        671,
        730
      ]
    ],
    [
      [
        672,
        731
      ]
    ],
    [
      [
        672,
        732
      ]
    ],
    [
      [
        673,
        733
      ]
    ],
    [
      [
        673,
        735
      ]
    ],
    [
      [
        675,
        737
      ]
    ],
    [
      [
        677,
        737
      ]
    ],
    [
      [
        678,
        738
      ]
    ],
    [
      [
        678,
        761
      ]
    ],
    [
      [
        679,
        762
      ]
    ],
    [
      [
        679,
        764
      ]
    ],
    [
      [
        685,
        770
      ]
    ],
    [
      [
        685,
        771
      ]
    ],
    [
      [
        686,
        772
      ]
    ],
    [
      [
        687,
        772
      ]
    ],
    [
      [
        688,
        773
      ]
    ],
    [
      [
        688,
        774
      ]
    ],
    [
      [
        692,
        778
      ]
    ],
    [
      [
        692,
        779
      ]
    ],
    [
      [
        694,
        781
      ]
    ],
    [
      [
        694,
        782
      ]
    ],
    [
      [
        695,
        783
      ]
    ],
    [
      [
        695,
        784
      ]
    ],
    [
      [
        696,
        785
      ]
    ],
    [
      [
        696,
        786
      ]
    ],
    [
      [
        697,
        786
      ]
    ],
    [
      [
        704,
        793
      ]
    ],
    [
      [
        704,
        794
      ]
    ],
    [
      [
        710,
        800
      ]
    ],
    [
      [
        710,
        801
      ]
    ],
    [
      [
        713,
        804
      ]
    ],
    [
      [
        713,
        805
      ]
    ],
    [
      [
        717,
        809
      ]
    ],
    [
      [
        717,
        810
      ]
    ],
    [
      [
        722,
        815
      ]
    ],
    [
      [
        722,
        816
      ]
    ],
    [
      [
        724,
        818
      ]
    ],
    [
      [
        724,
        819
      ]
    ],
    [
      [
        726,
        821
      ]
    ],
    [
      [
        726,
        822
      ]
    ],
    [
      [
        733,
        829
      ]
    ],
    [
      [
        733,
        830
      ]
    ],
    [
      [
        735,
        832
      ]
    ],
    [
      [
        735,
        833
      ]
    ],
    [
      [
        736,
        834
      ]
    ],
    [
      [
        737,
        834
      ]
    ],
    [
      [
        738,
        835
      ]
    ],
    [
      [
        738,
        836
      ]
    ],
    [
      [
        742,
        840
      ]
    ],
    [
      [
        742,
        841
      ]
    ],
    [
      [
        746,
        845
      ]
    ],
    [
      [
        746,
        846
      ]
    ],
    [
      [
        750,
        850
      ]
    ],
    [
      [
        750,
        851
      ]
    ],
    [
      [
        752,
        853
      ]
    ],
    [
      [
        752,
        854
      ]
    ],
    [
      [
        753,
        854
      ]
    ],
    [
      [
        755,
        856
      ]
    ],
    [
      [
        755,
        857
      ]
    ],
    [
      [
        758,
        860
      ]
    ],
    [
      [
        758,
        861
      ]
    ],
    [
      [
        760,
        863
      ]
    ],
    [
      [
        760,
        864
      ]
    ],
    [
      [
        762,
        866
      ]
    ],
    [
      [
        763,
        866
      ]
    ],
    [
      [
        767,
        870
      ]
    ],
    [
      [
        767,
        871
      ]
    ],
    [
      [
        768,
        871
      ]
    ],
    [
      [
        769,
        872
      ]
    ],
    [
      [
        769,
        873
      ]
    ],
    [
      [
        775,
        873
      ]
    ],
    [
      [
        775,
        857
      ]
    ],
    [
      [
        776,
        856
      ]
    ],
    [
      [
        793,
        856
      ]
    ],
    [
      [
        794,
        857
      ]
    ],
    [
      [
        794,
        858
      ]
    ],
    [
      [
        799,
        863
      ]
    ],
    [
      [
        799,
        864
      ]
    ],
    [
      [
        800,
        865
      ]
    ],
    [
      [
        800,
        866
      ]
    ],
    [
      [
        803,
        869
      ]
    ],
    [
      [
        803,
        870
      ]
    ],
    [
      [
        804,
        870
      ]
    ],
    [
      [
        806,
        872
      ]
    ],
    [
      [
        806,
        873
      ]
    ],
    [
      [
        811,
        878
      ]
    ],
    [
      [
        811,
        879
      ]
    ],
    [
      [
        812,
        880
      ]
    ],
    [
      [
        812,
        881
      ]
    ],
    [
      [
        816,
        885
      ]
    ],
    [
      [
        816,
        886
      ]
    ],
    [
      [
        823,
        893
      ]
    ],
    [
      [
        823,
        894
      ]
    ],
    [
      [
        830,
        901
      ]
    ],
    [
      [
        830,
        902
      ]
    ],
    [
      [
        833,
        905
      ]
    ],
    [
      [
        833,
        906
      ]
    ],
    [
      [
        834,
        907
      ]
    ],
    [
      [
        834,
        915
      ]
    ],
    [
      [
        835,
        916
      ]
    ],
    [
      [
        836,
        916
      ]
    ],
    [
      [
        837,
        917
      ]
    ],
    [
      [
        837,
        918
      ]
    ],
    [
      [
        838,
        919
      ]
    ],
    [
      [
        838,
        920
      ]
    ],
    [
      [
        844,
        926
      ]
    ],
    [
      [
        844,
        927
      ]
    ],
    [
      [
        846,
        929
      ]
    ],
    [
      [
        846,
        930
      ]
    ],
    [
      [
        847,
        930
      ]
    ],
    [
      [
        848,
        931
      ]
    ],
    [
      [
        848,
        932
      ]
    ],
    [
      [
        849,
        933
      ]
    ],
    [
      [
        849,
        934
      ]
    ],
    [
      [
        858,
        943
      ]
    ],
    [
      [
        858,
        944
      ]
    ],
    [
      [
        860,
        944
      ]
    ],
    [
      [
        861,
        945
      ]
    ],
    [
      [
        861,
        956
      ]
    ],
    [
      [
        862,
        957
      ]
    ],
    [
      [
        863,
        957
      ]
    ],
    [
      [
        866,
        960
      ]
    ],
    [
      [
        867,
        960
      ]
    ],
    [
      [
        871,
        964
      ]
    ],
    [
      [
        872,
        964
      ]
    ],
    [
      [
        877,
        969
      ]
    ],
    [
      [
        878,
        969
      ]
    ],
    [
      [
        880,
        971
      ]
    ],
    [
      [
        881,
        971
      ]
    ],
    [
      [
        883,
        973
      ]
    ],
    [
      [
        884,
        973
      ]
    ],
    [
      [
        887,
        976
      ]
    ],
    [
      [
        888,
        976
      ]
    ],
    [
      [
        889,
        977
      ]
    ],
    [
      [
        891,
        977
      ]
    ],
    [
      [
        893,
        979
      ]
    ],
    [
      [
        897,
        979
      ]
    ],
    [
      [
        898,
        980
      ]
    ],
    [
      [
        907,
        980
      ]
    ],
    [
      [
        908,
        981
      ]
    ],
    [
      [
        908,
        1007
      ]
    ],
    [
      [
        909,
        1008
      ]
    ],
    [
      [
        910,
        1008
      ]
    ],
    [
      [
        911,
        1009
      ]
    ],
    [
      [
        911,
        1010
      ]
    ],
    [
      [
        912,
        1010
      ]
    ],
    [
      [
        914,
        1012
      ]
    ],
    [
      [
        914,
        1024
      ]
    ],
    [
      [
        917,
        1027
      ]
    ],
    [
      [
        917,
        1029
      ]
    ],
    [
      [
        919,
        1029
      ]
    ],
    [
      [
        921,
        1031
      ]
    ],
    [
      [
        921,
        1032
      ]
    ],
    [
      [
        922,
        1032
      ]
    ],
    [
      [
        923,
        1033
      ]
    ],
    [
      [
        927,
        1033
      ]
    ],
    [
      [
        928,
        1034
      ]
    ],
    [
      [
        928,
        1042
      ]
    ],
    [
      [
        929,
        1043
      ]
    ],
    [
      [
        929,
        1045
      ]
    ],
    [
      [
        930,
        1046
      ]
    ],
    [
      [
        941,
        1046
      ]
    ],
    [
      [
        942,
        1045
      ]
    ],
    [
      [
        943,
        1045
      ]
    ],
    [
      [
        944,
        1044
      ]
    ],
    [
      [
        947,
        1044
      ]
    ],
    [
      [
        948,
        1043
      ]
    ],
    [
      [
        949,
        1043
      ]
    ],
    [
      [
        951,
        1041
      ]
    ],
    [
      [
        952,
        1041
      ]
    ],
    [
      [
        953,
        1040
      ]
    ],
    [
      [
        954,
        1040
      ]
    ],
    [
      [
        955,
        1039
      ]
    ],
    [
      [
        956,
        1039
      ]
    ],
    [
      [
        957,
        1038
      ]
    ],
    [
      [
        957,
        1037
      ]
    ],
    [
      [
        958,
        1036
      ]
    ],
    [
      [
        959,
        1036
      ]
    ],
    [
      [
        960,
        1035
      ]
    ],
    [
      [
        961,
        1035
      ]
    ],
    [
      [
        964,
        1032
      ]
    ],
    [
      [
        965,
        1032
      ]
    ],
    [
      [
        969,
        1028
      ]
    ],
    [
      [
        970,
        1028
      ]
    ],
    [
      [
        972,
        1026
      ]
    ],
    [
      [
        973,
        1026
      ]
    ],
    [
      [
        976,
        1023
      ]
    ],
    [
      [
        977,
        1023
      ]
    ],
    [
      [
        978,
        1022
      ]
    ],
    [
      [
        979,
        1022
      ]
    ],
    [
      [
        982,
        1019
      ]
    ],
    [
      [
        983,
        1019
      ]
    ],
    [
      [
        989,
        1013
      ]
    ],
    [
      [
        990,
        1013
      ]
    ],
    [
      [
        993,
        1010
      ]
    ],
    [
      [
        994,
        1010
      ]
    ],
    [
      [
        998,
        1006
      ]
    ],
    [
      [
        1000,
        1006
      ]
    ],
    [
      [
        1002,
        1004
      ]
    ],
    [
      [
        1003,
        1004
      ]
    ],
    [
      [
        1006,
        1001
      ]
    ],
    [
      [
        1007,
        1001
      ]
    ],
    [
      [
        1008,
        1000
      ]
    ],
    [
      [
        1009,
        1000
      ]
    ],
    [
      [
        1010,
        999
      ]
    ],
    [
      [
        1011,
        999
      ]
    ],
    [
      [
        1014,
        996
      ]
    ],
    [
      [
        1015,
        996
      ]
    ],
    [
      [
        1015,
        995
      ]
    ],
    [
      [
        1017,
        993
      ]
    ],
    [
      [
        1018,
        993
      ]
    ],
    [
      [
        1021,
        990
      ]
    ],
    [
      [
        1022,
        990
      ]
    ],
    [
      [
        1024,
        988
      ]
    ],
    [
      [
        1025,
        988
      ]
    ],
    [
      [
        1029,
        984
      ]
    ],
    [
      [
        1030,
        984
      ]
    ],
    [
      [
        1031,
        983
      ]
    ],
    [
      [
        1032,
        983
      ]
    ],
    [
      [
        1034,
        981
      ]
    ],
    [
      [
        1035,
        981
      ]
    ],
    [
      [
        1038,
        978
      ]
    ],
    [
      [
        1039,
        978
      ]
    ],
    [
      [
        1041,
        976
      ]
    ],
    [
      [
        1042,
        976
      ]
    ],
    [
      [
        1044,
        974
      ]
    ],
    [
      [
        1045,
        974
      ]
    ],
    [
      [
        1046,
        973
      ]
    ],
    [
      [
        1047,
        973
      ]
    ],
    [
      [
        1048,
        972
      ]
    ],
    [
      [
        1049,
        972
      ]
    ],
    [
      [
        1050,
        971
      ]
    ],
    [
      [
        1051,
        971
      ]
    ],
    [
      [
        1052,
        970
      ]
    ],
    [
      [
        1052,
        968
      ]
    ],
    [
      [
        1055,
        965
      ]
    ],
    [
      [
        1056,
        965
      ]
    ],
    [
      [
        1057,
        964
      ]
    ],
    [
      [
        1057,
        953
      ]
    ],
    [
      [
        1058,
        952
      ]
    ],
    [
      [
        1077,
        952
      ]
    ],
    [
      [
        1078,
        951
      ]
    ],
    [
      [
        1079,
        951
      ]
    ],
    [
      [
        1081,
        949
      ]
    ],
    [
      [
        1082,
        949
      ]
    ],
    [
      [
        1086,
        945
      ]
    ],
    [
      [
        1087,
        945
      ]
    ],
    [
      [
        1088,
        944
      ]
    ],
    [
      [
        1090,
        944
      ]
    ],
    [
      [
        1091,
        943
      ]
    ],
    [
      [
        1096,
        943
      ]
    ],
    [
      [
        1097,
        942
      ]
    ],
    [
      [
        1099,
        942
      ]
    ],
    [
      [
        1100,
        941
      ]
    ],
    [
      [
        1101,
        941
      ]
    ],
    [
      [
        1104,
        938
      ]
    ],
    [
      [
        1105,
        938
      ]
    ],
    [
      [
        1109,
        934
      ]
    ],
    [
      [
        1110,
        934
      ]
    ],
    [
      [
        1114,
        930
      ]
    ],
    [
      [
        1115,
        930
      ]
    ],
    [
      [
        1116,
        929
      ]
    ],
    [
      [
        1117,
        929
      ]
    ],
    [
      [
        1118,
        928
      ]
    ],
    [
      [
        1119,
        928
      ]
    ],
    [
      [
        1122,
        925
      ]
    ],
    [
      [
        1123,
        925
      ]
    ],
    [
      [
        1125,
        923
      ]
    ],
    [
      [
        1127,
        923
      ]
    ],
    [
      [
        1130,
        920
      ]
    ],
    [
      [
        1131,
        920
      ]
    ],
    [
      [
        1135,
        916
      ]
    ],
    [
      [
        1136,
        916
      ]
    ],
    [
      [
        1138,
        914
      ]
    ],
    [
      [
        1139,
        914
      ]
    ],
    [
      [
        1142,
        911
      ]
    ],
    [
      [
        1143,
        911
      ]
    ],
    [
      [
        1146,
        908
      ]
    ],
    [
      [
        1147,
        908
      ]
    ],
    [
      [
        1149,
        906
      ]
    ],
    [
      [
        1150,
        906
      ]
    ],
    [
      [
        1151,
        905
      ]
    ],
    [
      [
        1152,
        905
      ]
    ],
    [
      [
        1153,
        904
      ]
    ],
    [
      [
        1154,
        904
      ]
    ],
    [
      [
        1155,
        903
      ]
    ],
    [
      [
        1156,
        903
      ]
    ],
    [
      [
        1157,
        902
      ]
    ],
    [
      [
        1157,
        901
      ]
    ],
    [
      [
        1159,
        899
      ]
    ],
    [
      [
        1160,
        899
      ]
    ],
    [
      [
        1163,
        896
      ]
    ],
    [
      [
        1164,
        896
      ]
    ],
    [
      [
        1165,
        895
      ]
    ],
    [
      [
        1166,
        895
      ]
    ],
    [
      [
        1169,
        892
      ]
    ],
    [
      [
        1170,
        892
      ]
    ],
    [
      [
        1171,
        891
      ]
    ],
    [
      [
        1174,
        891
      ]
    ],
    [
      [
        1184,
        881
      ]
    ],
    [
      [
        1185,
        881
      ]
    ],
    [
      [
        1186,
        880
      ]
    ],
    [
      [
        1187,
        880
      ]
    ],
    [
      [
        1189,
        878
      ]
    ],
    [
      [
        1190,
        878
      ]
    ],
    [
      [
        1192,
        876
      ]
    ],
    [
      [
        1193,
        876
      ]
    ],
    [
      [
        1194,
        875
      ]
    ],
    [
      [
        1195,
        875
      ]
    ],
    [
      [
        1197,
        873
      ]
    ],
    [
      [
        1198,
        873
      ]
    ],
    [
      [
        1200,
        871
      ]
    ],
    [
      [
        1201,
        871
      ]
    ],
    [
      [
        1205,
        867
      ]
    ],
    [
      [
        1206,
        867
      ]
    ],
    [
      [
        1207,
        866
      ]
    ],
    [
      [
        1207,
        865
      ]
    ],
    [
      [
        1208,
        864
      ]
    ],
    [
      [
        1209,
        864
      ]
    ],
    [
      [
        1213,
        860
      ]
    ],
    [
      [
        1214,
        860
      ]
    ],
    [
      [
        1216,
        858
      ]
    ],
    [
      [
        1218,
        858
      ]
    ],
    [
      [
        1222,
        854
      ]
    ],
    [
      [
        1223,
        854
      ]
    ],
    [
      [
        1225,
        852
      ]
    ],
    [
      [
        1226,
        852
      ]
    ],
    [
      [
        1228,
        850
      ]
    ],
    [
      [
        1229,
        850
      ]
    ],
    [
      [
        1231,
        848
      ]
    ],
    [
      [
        1232,
        848
      ]
    ],
    [
      [
        1233,
        847
      ]
    ],
    [
      [
        1234,
        847
      ]
    ],
    [
      [
        1236,
        845
      ]
    ],
    [
      [
        1237,
        845
      ]
    ],
    [
      [
        1237,
        844
      ]
    ],
    [
      [
        1239,
        842
      ]
    ],
    [
      [
        1240,
        842
      ]
    ],
    [
      [
        1243,
        839
      ]
    ],
    [
      [
        1244,
        839
      ]
    ],
    [
      [
        1246,
        837
      ]
    ],
    [
      [
        1247,
        837
      ]
    ],
    [
      [
        1248,
        836
      ]
    ],
    [
      [
        1249,
        836
      ]
    ],
    [
      [
        1252,
        833
      ]
    ],
    [
      [
        1253,
        833
      ]
    ],
    [
      [
        1254,
        832
      ]
    ],
    [
      [
        1255,
        832
      ]
    ],
    [
      [
        1256,
        831
      ]
    ],
    [
      [
        1257,
        831
      ]
    ],
    [
      [
        1257,
        821
      ]
    ],
    [
      [
        1260,
        818
      ]
    ],
    [
      [
        1261,
        818
      ]
    ],
    [
      [
        1262,
        817
      ]
    ],
    [
      [
        1262,
        816
      ]
    ],
    [
      [
        1263,
        815
      ]
    ],
    [
      [
        1263,
        814
      ]
    ],
    [
      [
        1264,
        813
      ]
    ],
    [
      [
        1264,
        807
      ]
    ],
    [
      [
        1265,
        806
      ]
    ],
    [
      [
        1270,
        806
      ]
    ],
    [
      [
        1273,
        803
      ]
    ],
    [
      [
        1274,
        803
      ]
    ],
    [
      [
        1275,
        802
      ]
    ],
    [
      [
        1276,
        802
      ]
    ],
    [
      [
        1276,
        801
      ]
    ],
    [
      [
        1278,
        799
      ]
    ],
    [
      [
        1279,
        799
      ]
    ],
    [
      [
        1280,
        798
      ]
    ],
    [
      [
        1281,
        798
      ]
    ],
    [
      [
        1285,
        794
      ]
    ],
    [
      [
        1286,
        794
      ]
    ],
    [
      [
        1288,
        792
      ]
    ],
    [
      [
        1289,
        792
      ]
    ],
    [
      [
        1293,
        788
      ]
    ],
    [
      [
        1294,
        788
      ]
    ],
    [
      [
        1297,
        785
      ]
    ],
    [
      [
        1298,
        785
      ]
    ],
    [
      [
        1299,
        784
      ]
    ],
    [
      [
        1300,
        784
      ]
    ],
    [
      [
        1302,
        782
      ]
    ],
    [
      [
        1303,
        782
      ]
    ],
    [
      [
        1304,
        781
      ]
    ],
    [
      [
        1305,
        781
      ]
    ],
    [
      [
        1306,
        780
      ]
    ],
    [
      [
        1306,
        779
      ]
    ],
    [
      [
        1307,
        778
      ]
    ],
    [
      [
        1307,
        776
      ]
    ],
    [
      [
        1308,
        775
      ]
    ],
    [
      [
        1308,
        773
      ]
    ],
    [
      [
        1310,
        771
      ]
    ],
    [
      [
        1311,
        771
      ]
    ],
    [
      [
        1314,
        768
      ]
    ],
    [
      [
        1317,
        768
      ]
    ],
    [
      [
        1317,
        767
      ]
    ],
    [
      [
        1319,
        765
      ]
    ],
    [
      [
        1320,
        765
      ]
    ],
    [
      [
        1321,
        764
      ]
    ],
    [
      [
        1326,
        764
      ]
    ],
    [
      [
        1327,
        763
      ]
    ],
    [
      [
        1328,
        763
      ]
    ],
    [
      [
        1329,
        762
      ]
    ],
    [
      [
        1330,
        762
      ]
    ],
    [
      [
        1333,
        759
      ]
    ],
    [
      [
        1334,
        759
      ]
    ],
    [
      [
        1335,
        758
      ]
    ],
    [
      [
        1335,
        753
      ]
    ],
    [
      [
        1340,
        748
      ]
    ],
    [
      [
        1342,
        748
      ]
    ],
    [
      [
        1342,
        746
      ]
    ],
    [
      [
        1343,
        745
      ]
    ],
    [
      [
        1344,
        745
      ]
    ],
    [
      [
        1346,
        743
      ]
    ],
    [
      [
        1346,
        742
      ]
    ],
    [
      [
        1348,
        740
      ]
    ],
    [
      [
        1348,
        739
      ]
    ],
    [
      [
        1349,
        738
      ]
    ],
    [
      [
        1350,
        738
      ]
    ],
    [
      [
        1350,
        737
      ]
    ],
    [
      [
        1354,
        733
      ]
    ],
    [
      [
        1354,
        732
      ]
    ],
    [
      [
        1355,
        731
      ]
    ],
    [
      [
        1355,
        730
      ]
    ],
    [
      [
        1357,
        728
      ]
    ],
    [
      [
        1357,
        727
      ]
    ],
    [
      [
        1358,
        726
      ]
    ],
    [
      [
        1358,
        724
      ]
    ],
    [
      [
        1359,
        723
      ]
    ],
    [
      [
        1359,
        718
      ]
    ],
    [
      [
        1361,
        716
      ]
    ],
    [
      [
        1361,
        715
      ]
    ],
    [
      [
        1362,
        714
      ]
    ],
    [
      [
        1362,
        713
      ]
    ],
    [
      [
        1363,
        712
      ]
    ],
    [
      [
        1363,
        711
      ]
    ],
    [
      [
        1365,
        709
      ]
    ],
    [
      [
        1365,
        707
      ]
    ],
    [
      [
        1367,
        705
      ]
    ],
    [
      [
        1367,
        704
      ]
    ],
    [
      [
        1369,
        702
      ]
    ],
    [
      [
        1369,
        701
      ]
    ],
    [
      [
        1370,
        700
      ]
    ],
    [
      [
        1370,
        698
      ]
    ],
    [
      [
        1371,
        697
      ]
    ],
    [
      [
        1371,
        694
      ]
    ],
    [
      [
        1372,
        693
      ]
    ],
    [
      [
        1372,
        692
      ]
    ],
    [
      [
        1373,
        691
      ]
    ],
    [
      [
        1373,
        689
      ]
    ],
    [
      [
        1374,
        688
      ]
    ],
    [
      [
        1390,
        688
      ]
    ],
    [
      [
        1390,
        685
      ]
    ],
    [
      [
        1391,
        684
      ]
    ],
    [
      [
        1391,
        681
      ]
    ],
    [
      [
        1392,
        680
      ]
    ],
    [
      [
        1392,
        675
      ]
    ],
    [
      [
        1393,
        674
      ]
    ],
    [
      [
        1393,
        672
      ]
    ],
    [
      [
        1394,
        671
      ]
    ],
    [
      [
        1394,
        668
      ]
    ],
    [
      [
        1395,
        667
      ]
    ],
    [
      [
        1395,
        659
      ]
    ],
    [
      [
        1396,
        658
      ]
    ],
    [
      [
        1396,
        656
      ]
    ],
    [
      [
        1397,
        655
      ]
    ],
    [
      [
        1397,
        646
      ]
    ],
    [
      [
        1396,
        645
      ]
    ],
    [
      [
        1380,
        645
      ]
    ],
    [
      [
        1379,
        644
      ]
    ],
    [
      [
        1379,
        623
      ]
    ],
    [
      [
        1380,
        622
      ]
    ],
    [
      [
        1397,
        622
      ]
    ],
    [
      [
        1398,
        623
      ]
    ],
    [
      [
        1398,
        624
      ]
    ],
    [
      [
        1400,
        626
      ]
    ],
    [
      [
        1403,
        626
      ]
    ],
    [
      [
        1404,
        627
      ]
    ],
    [
      [
        1410,
        627
      ]
    ],
    [
      [
        1411,
        626
      ]
    ],
    [
      [
        1413,
        626
      ]
    ],
    [
      [
        1413,
        625
      ]
    ],
    [
      [
        1414,
        624
      ]
    ],
    [
      [
        1414,
        617
      ]
    ],
    [
      [
        1413,
        616
      ]
    ],
    [
      [
        1413,
        615
      ]
    ],
    [
      [
        1412,
        614
      ]
    ],
    [
      [
        1412,
        613
      ]
    ],
    [
      [
        1411,
        612
      ]
    ],
    [
      [
        1411,
        611
      ]
    ],
    [
      [
        1410,
        610
      ]
    ],
    [
      [
        1410,
        608
      ]
    ],
    [
      [
        1409,
        607
      ]
    ],
    [
      [
        1409,
        606
      ]
    ],
    [
      [
        1408,
        605
      ]
    ],
    [
      [
        1408,
        604
      ]
    ],
    [
      [
        1407,
        603
      ]
    ],
    [
      [
        1407,
        600
      ]
    ],
    [
      [
        1406,
        599
      ]
    ],
    [
      [
        1406,
        598
      ]
    ],
    [
      [
        1405,
        597
      ]
    ],
    [
      [
        1405,
        596
      ]
    ],
    [
      [
        1404,
        595
      ]
    ],
    [
      [
        1404,
        594
      ]
    ],
    [
      [
        1402,
        592
      ]
    ],
    [
      [
        1402,
        591
      ]
    ],
    [
      [
        1401,
        590
      ]
    ],
    [
      [
        1401,
        589
      ]
    ],
    [
      [
        1400,
        588
      ]
    ],
    [
      [
        1400,
        587
      ]
    ],
    [
      [
        1398,
        585
      ]
    ],
    [
      [
        1398,
        583
      ]
    ],
    [
      [
        1395,
        580
      ]
    ],
    [
      [
        1395,
        578
      ]
    ],
    [
      [
        1393,
        576
      ]
    ],
    [
      [
        1393,
        575
      ]
    ],
    [
      [
        1391,
        573
      ]
    ],
    [
      [
        1391,
        572
      ]
    ],
    [
      [
        1389,
        570
      ]
    ],
    [
      [
        1389,
        568
      ]
    ],
    [
      [
        1386,
        565
      ]
    ],
    [
      [
        1386,
        564
      ]
    ],
    [
      [
        1385,
        563
      ]
    ],
    [
      [
        1384,
        563
      ]
    ],
    [
      [
        1383,
        562
      ]
    ],
    [
      [
        1383,
        561
      ]
    ],
    [
      [
        1381,
        559
      ]
    ],
    [
      [
        1381,
        558
      ]
    ],
    [
      [
        1377,
        554
      ]
    ],
    [
      [
        1377,
        552
      ]
    ],
    [
      [
        1376,
        551
      ]
    ],
    [
      [
        1376,
        550
      ]
    ],
    [
      [
        1375,
        549
      ]
    ],
    [
      [
        1375,
        548
      ]
    ],
    [
      [
        1372,
        545
      ]
    ],
    [
      [
        1371,
        545
      ]
    ],
    [
      [
        1369,
        543
      ]
    ],
    [
      [
        1369,
        542
      ]
    ],
    [
      [
        1367,
        540
      ]
    ],
    [
      [
        1367,
        539
      ]
    ],
    [
      [
        1366,
        539
      ]
    ],
    [
      [
        1365,
        538
      ]
    ],
    [
      [
        1365,
        537
      ]
    ],
    [
      [
        1364,
        536
      ]
    ],
    [
      [
        1364,
        535
      ]
    ],
    [
      [
        1362,
        533
      ]
    ],
    [
      [
        1362,
        532
      ]
    ],
    [
      [
        1361,
        531
      ]
    ],
    [
      [
        1361,
        530
      ]
    ],
    [
      [
        1355,
        524
      ]
    ],
    [
      [
        1355,
        522
      ]
    ],
    [
      [
        1354,
        521
      ]
    ],
    [
      [
        1354,
        519
      ]
    ],
    [
      [
        1353,
        518
      ]
    ],
    [
      [
        1352,
        518
      ]
    ],
    [
      [
        1349,
        515
      ]
    ],
    [
      [
        1349,
        514
      ]
    ],
    [
      [
        1348,
        513
      ]
    ],
    [
      [
        1348,
        512
      ]
    ],
    [
      [
        1347,
        511
      ]
    ],
    [
      [
        1347,
        510
      ]
    ],
    [
      [
        1345,
        508
      ]
    ],
    [
      [
        1345,
        506
      ]
    ],
    [
      [
        1344,
        506
      ]
    ],
    [
      [
        1342,
        504
      ]
    ],
    [
      [
        1342,
        503
      ]
    ],
    [
      [
        1341,
        503
      ]
    ],
    [
      [
        1339,
        501
      ]
    ],
    [
      [
        1339,
        500
      ]
    ],
    [
      [
        1338,
        499
      ]
    ],
    [
      [
        1338,
        498
      ]
    ],
    [
      [
        1336,
        496
      ]
    ],
    [
      [
        1336,
        495
      ]
    ],
    [
      [
        1335,
        495
      ]
    ],
    [
      [
        1331,
        491
      ]
    ],
    [
      [
        1331,
        490
      ]
    ],
    [
      [
        1330,
        489
      ]
    ],
    [
      [
        1330,
        488
      ]
    ],
    [
      [
        1329,
        487
      ]
    ],
    [
      [
        1329,
        486
      ]
    ],
    [
      [
        1328,
        486
      ]
    ],
    [
      [
        1326,
        484
      ]
    ],
    [
      [
        1326,
        483
      ]
    ],
    [
      [
        1322,
        479
      ]
    ],
    [
      [
        1322,
        478
      ]
    ],
    [
      [
        1321,
        478
      ]
    ],
    [
      [
        1319,
        476
      ]
    ],
    [
      [
        1319,
        475
      ]
    ],
    [
      [
        1317,
        473
      ]
    ],
    [
      [
        1317,
        471
      ]
    ],
    [
      [
        1315,
        469
      ]
    ],
    [
      [
        1315,
        468
      ]
    ],
    [
      [
        1307,
        460
      ]
    ],
    [
      [
        1307,
        459
      ]
    ],
    [
      [
        1304,
        456
      ]
    ],
    [
      [
        1304,
        455
      ]
    ],
    [
      [
        1303,
        454
      ]
    ],
    [
      [
        1301,
        454
      ]
    ],
    [
      [
        1299,
        452
      ]
    ],
    [
      [
        1299,
        449
      ]
    ],
    [
      [
        1294,
        444
      ]
    ],
    [
      [
        1294,
        443
      ]
    ],
    [
      [
        1293,
        442
      ]
    ],
    [
      [
        1293,
        441
      ]
    ],
    [
      [
        1292,
        440
      ]
    ],
    [
      [
        1292,
        439
      ]
    ],
    [
      [
        1290,
        437
      ]
    ],
    [
      [
        1290,
        436
      ]
    ],
    [
      [
        1288,
        434
      ]
    ],
    [
      [
        1288,
        432
      ]
    ],
    [
      [
        1287,
        431
      ]
    ],
    [
      [
        1287,
        430
      ]
    ],
    [
      [
        1285,
        430
      ]
    ],
    [
      [
        1283,
        428
      ]
    ],
    [
      [
        1283,
        427
      ]
    ],
    [
      [
        1279,
        423
      ]
    ],
    [
      [
        1279,
        422
      ]
    ],
    [
      [
        1278,
        421
      ]
    ],
    [
      [
        1278,
        420
      ]
    ],
    [
      [
        1277,
        419
      ]
    ],
    [
      [
        1277,
        417
      ]
    ],
    [
      [
        1271,
        411
      ]
    ],
    [
      [
        1271,
        410
      ]
    ],
    [
      [
        1268,
        407
      ]
    ],
    [
      [
        1268,
        406
      ]
    ],
    [
      [
        1267,
        405
      ]
    ],
    [
      [
        1266,
        405
      ]
    ],
    [
      [
        1265,
        404
      ]
    ],
    [
      [
        1265,
        403
      ]
    ],
    [
      [
        1264,
        402
      ]
    ],
    [
      [
        1264,
        401
      ]
    ],
    [
      [
        1259,
        396
      ]
    ],
    [
      [
        1259,
        394
      ]
    ],
    [
      [
        1258,
        393
      ]
    ],
    [
      [
        1258,
        392
      ]
    ],
    [
      [
        1253,
        387
      ]
    ],
    [
      [
        1253,
        386
      ]
    ],
    [
      [
        1250,
        383
      ]
    ],
    [
      [
        1250,
        382
      ]
    ],
    [
      [
        1249,
        381
      ]
    ],
    [
      [
        1249,
        380
      ]
    ],
    [
      [
        1248,
        379
      ]
    ],
    [
      [
        1247,
        379
      ]
    ],
    [
      [
        1245,
        377
      ]
    ],
    [
      [
        1245,
        376
      ]
    ],
    [
      [
        1244,
        375
      ]
    ],
    [
      [
        1244,
        374
      ]
    ],
    [
      [
        1243,
        374
      ]
    ],
    [
      [
        1241,
        372
      ]
    ],
    [
      [
        1241,
        370
      ]
    ],
    [
      [
        1235,
        364
      ]
    ],
    [
      [
        1235,
        363
      ]
    ],
    [
      [
        1234,
        362
      ]
    ],
    [
      [
        1233,
        362
      ]
    ],
    [
      [
        1232,
        361
      ]
    ],
    [
      [
        1231,
        361
      ]
    ],
    [
      [
        1228,
        358
      ]
    ],
    [
      [
        1228,
        357
      ]
    ],
    [
      [
        1222,
        357
      ]
    ],
    [
      [
        1221,
        358
      ]
    ],
    [
      [
        1204,
        358
      ]
    ],
    [
      [
        1202,
        356
      ]
    ],
    [
      [
        1202,
        355
      ]
    ],
    [
      [
        1200,
        353
      ]
    ],
    [
      [
        1200,
        352
      ]
    ],
    [
      [
        1197,
        349
      ]
    ],
    [
      [
        1197,
        342
      ]
    ],
    [
      [
        1193,
        338
      ]
    ],
    [
      [
        1193,
        337
      ]
    ],
    [
      [
        1192,
        336
      ]
    ],
    [
      [
        1192,
        335
      ]
    ],
    [
      [
        1186,
        329
      ]
    ],
    [
      [
        1186,
        325
      ]
    ],
    [
      [
        1185,
        325
      ]
    ],
    [
      [
        1181,
        321
      ]
    ],
    [
      [
        1181,
        320
      ]
    ],
    [
      [
        1180,
        319
      ]
    ],
    [
      [
        1180,
        301
      ]
    ],
    [
      [
        1181,
        300
      ]
    ],
    [
      [
        1184,
        300
      ]
    ],
    [
      [
        1184,
        292
      ]
    ],
    [
      [
        1182,
        290
      ]
    ],
    [
      [
        1182,
        289
      ]
    ],
    [
      [
        1180,
        287
      ]
    ],
    [
      [
        1180,
        286
      ]
    ],
    [
      [
        1177,
        283
      ]
    ],
    [
      [
        1177,
        282
      ]
    ],
    [
      [
        1176,
        281
      ]
    ],
    [
      [
        1176,
        280
      ]
    ],
    [
      [
        1175,
        279
      ]
    ],
    [
      [
        1175,
        278
      ]
    ],
    [
      [
        1174,
        277
      ]
    ],
    [
      [
        1174,
        276
      ]
    ],
    [
      [
        1170,
        272
      ]
    ],
    [
      [
        1170,
        270
      ]
    ],
    [
      [
        1167,
        267
      ]
    ],
    [
      [
        1167,
        266
      ]
    ],
    [
      [
        1166,
        265
      ]
    ],
    [
      [
        1165,
        265
      ]
    ],
    [
      [
        1164,
        264
      ]
    ],
    [
      [
        1164,
        263
      ]
    ],
    [
      [
        1163,
        262
      ]
    ],
    [
      [
        1163,
        261
      ]
    ],
    [
      [
        1161,
        259
      ]
    ],
    [
      [
        1161,
        258
      ]
    ],
    [
      [
        1155,
        252
      ]
    ],
    [
      [
        1155,
        250
      ]
    ],
    [
      [
        1154,
        249
      ]
    ],
    [
      [
        1154,
        247
      ]
    ],
    [
      [
        1152,
        245
      ]
    ],
    [
      [
        1151,
        245
      ]
    ],
    [
      [
        1150,
        244
      ]
    ],
    [
      [
        1150,
        242
      ]
    ],
    [
      [
        1148,
        242
      ]
    ],
    [
      [
        1147,
        241
      ]
    ],
    [
      [
        1147,
        240
      ]
    ],
    [
      [
        1145,
        238
      ]
    ],
    [
      [
        1145,
        237
      ]
    ],
    [
      [
        1143,
        235
      ]
    ],
    [
      [
        1143,
        234
      ]
    ],
    [
      [
        1139,
        230
      ]
    ],
    [
      [
        1139,
        229
      ]
    ],
    [
      [
        1138,
        229
      ]
    ],
    [
      [
        1137,
        228
      ]
    ],
    [
      [
        1137,
        225
      ]
    ],
    [
      [
        1136,
        224
      ]
    ],
    [
      [
        1129,
        224
      ]
    ],
    [
      [
        1129,
        232
      ]
    ],
    [
      [
        1128,
        233
      ]
    ],
    [
      [
        1111,
        233
      ]
    ],
    [
      [
        1109,
        231
      ]
    ],
    [
      [
        1109,
        230
      ]
    ],
    [
      [
        1108,
        230
      ]
    ],
    [
      [
        1106,
        228
      ]
    ],
    [
      [
        1106,
        211
      ]
    ],
    [
      [
        1105,
        211
      ]
    ],
    [
      [
        1102,
        208
      ]
    ],
    [
      [
        1102,
        207
      ]
    ],
    [
      [
        1095,
        200
      ]
    ],
    [
      [
        1095,
        199
      ]
    ],
    [
      [
        1092,
        196
      ]
    ],
    [
      [
        1092,
        195
      ]
    ],
    [
      [
        1091,
        194
      ]
    ],
    [
      [
        1091,
        193
      ]
    ],
    [
      [
        1089,
        191
      ]
    ],
    [
      [
        1089,
        190
      ]
    ],
    [
      [
        1088,
        189
      ]
    ],
    [
      [
        1088,
        188
      ]
    ],
    [
      [
        1086,
        186
      ]
    ],
    [
      [
        1086,
        185
      ]
    ],
    [
      [
        1084,
        183
      ]
    ],
    [
      [
        1084,
        182
      ]
    ],
    [
      [
        1081,
        179
      ]
    ],
    [
      [
        1081,
        178
      ]
    ],
    [
      [
        1080,
        177
      ]
    ],
    [
      [
        1080,
        176
      ]
    ],
    [
      [
        1079,
        175
      ]
    ],
    [
      [
        1079,
        174
      ]
    ],
    [
      [
        1078,
        174
      ]
    ],
    [
      [
        1076,
        172
      ]
    ],
    [
      [
        1076,
        171
      ]
    ],
    [
      [
        1071,
        166
      ]
    ],
    [
      [
        1071,
        164
      ]
    ],
    [
      [
        1070,
        163
      ]
    ],
    [
      [
        1070,
        162
      ]
    ],
    [
      [
        1065,
        157
      ]
    ],
    [
      [
        1065,
        156
      ]
    ],
    [
      [
        1063,
        154
      ]
    ],
    [
      [
        1063,
        153
      ]
    ],
    [
      [
        1061,
        151
      ]
    ],
    [
      [
        1061,
        150
      ]
    ],
    [
      [
        1057,
        146
      ]
    ],
    [
      [
        1057,
        144
      ]
    ],
    [
      [
        1056,
        143
      ]
    ],
    [
      [
        1056,
        142
      ]
    ],
    [
      [
        1053,
        139
      ]
    ],
    [
      [
        1053,
        138
      ]
    ],
    [
      [
        1049,
        134
      ]
    ],
    [
      [
        1049,
        133
      ]
    ],
    [
      [
        1046,
        130
      ]
    ],
    [
      [
        1046,
        129
      ]
    ],
    [
      [
        1044,
        127
      ]
    ],
    [
      [
        1044,
        126
      ]
    ],
    [
      [
        1042,
        124
      ]
    ],
    [
      [
        1042,
        123
      ]
    ],
    [
      [
        1037,
        118
      ]
    ],
    [
      [
        1037,
        117
      ]
    ],
    [
      [
        1036,
        116
      ]
    ],
    [
      [
        1036,
        114
      ]
    ],
    [
      [
        1033,
        111
      ]
    ],
    [
      [
        1032,
        111
      ]
    ],
    [
      [
        1031,
        110
      ]
    ],
    [
      [
        1030,
        110
      ]
    ],
    [
      [
        1029,
        109
      ]
    ],
    [
      [
        1029,
        107
      ]
    ],
    [
      [
        1027,
        105
      ]
    ],
    [
      [
        1027,
        104
      ]
    ],
    [
      [
        1025,
        104
      ]
    ],
    [
      [
        1024,
        103
      ]
    ],
    [
      [
        1024,
        83
      ]
    ],
    [
      [
        1025,
        82
      ]
    ],
    [
      [
        1028,
        82
      ]
    ],
    [
      [
        1028,
        76
      ]
    ],
    [
      [
        1025,
        73
      ]
    ],
    [
      [
        1024,
        73
      ]
    ],
    [
      [
        1023,
        72
      ]
    ],
    [
      [
        1023,
        70
      ]
    ],
    [
      [
        1021,
        68
      ]
    ],
    [
      [
        1021,
        67
      ]
    ],
    [
      [
        1020,
        66
      ]
    ],
    [
      [
        1019,
        66
      ]
    ],
    [
      [
        1018,
        65
      ]
    ],
    [
      [
        1018,
        64
      ]
    ],
    [
      [
        1017,
        64
      ]
    ],
    [
      [
        1016,
        63
      ]
    ],
    [
      [
        1015,
        63
      ]
    ],
    [
      [
        1014,
        62
      ]
    ],
    [
      [
        1011,
        62
      ]
    ],
    [
      [
        1010,
        61
      ]
    ],
    [
      [
        1010,
        57
      ]
    ],
    [
      [
        1009,
        57
      ]
    ],
    [
      [
        1007,
        55
      ]
    ],
    [
      [
        1003,
        55
      ]
    ],
    [
      [
        1002,
        54
      ]
    ],
    [
      [
        1001,
        54
      ]
    ],
    [
      [
        1000,
        53
      ]
    ],
    [
      [
        997,
        53
      ]
    ],
    [
      [
        996,
        52
      ]
    ],
    [
      [
        996,
        51
      ]
    ],
    [
      [
        994,
        51
      ]
    ],
    [
      [
        991,
        48
      ]
    ],
    [
      [
        990,
        48
      ]
    ],
    [
      [
        989,
        47
      ]
    ],
    [
      [
        989,
        46
      ]
    ],
    [
      [
        988,
        46
      ]
    ],
    [
      [
        987,
        45
      ]
    ]
  ],
  "segment_square_corners": [
    [
      386.4000244140625,
      400.19989013671875
    ],
    [
      952.6400146484375,
      0.0
    ],
    [
      1472.8399658203125,
      669.1199340820312
    ],
    [
      906.5999755859375,
      1079.0
    ]
  ],
  "phrases": [
    "box",
    "tangerine",
    "tangerine",
    "tangerine",
    "tangerine"
  ],
  "selected_bbox": [
    0.47560861706733704,
    0.500709056854248,
    0.5177981853485107,
    0.918373703956604
  ]
}