{
  "timestamp": 1761056117.5710936,
  "session_id": "session_20251021_211452_51253c84",
  "supplier_id": "",
  "qr_data": "695991",
  "qr_items": {
    "tangerine": 4
  },
  "qr_corners": [
    [
      860.0,
      794.0
    ],
    [
      876.0,
      884.0
    ],
    [
      784.0,
      897.0
    ],
    [
      765.0,
      809.0
    ]
  ],
  "segment_corners": [
    [
      [
        1056,
        74
      ]
    ],
    [
      [
        1055,
        75
      ]
    ],
    [
      [
        1043,
        75
      ]
    ],
    [
      [
        1042,
        76
      ]
    ],
    [
      [
        1039,
        76
      ]
    ],
    [
      [
        1038,
        77
      ]
    ],
    [
      [
        1035,
        77
      ]
    ],
    [
      [
        1034,
        78
      ]
    ],
    [
      [
        1029,
        78
      ]
    ],
    [
      [
        1028,
        79
      ]
    ],
    [
      [
        1024,
        79
      ]
    ],
    [
      [
        1023,
        80
      ]
    ],
    [
      [
        1021,
        80
      ]
    ],
    [
      [
        1020,
        81
      ]
    ],
    [
      [
        1018,
        81
      ]
    ],
    [
      [
        1017,
        82
      ]
    ],
    [
      [
        1014,
        82
      ]
    ],
    [
      [
        1013,
        83
      ]
    ],
    [
      [
        1009,
        83
      ]
    ],
    [
      [
        1008,
        84
      ]
    ],
    [
      [
        1006,
        84
      ]
    ],
    [
      [
        1005,
        85
      ]
    ],
    [
      [
        1005,
        94
      ]
    ],
    [
      [
        1003,
        96
      ]
    ],
    [
      [
        1001,
        96
      ]
    ],
    [
      [
        1000,
        97
      ]
    ],
    [
      [
        997,
        97
      ]
    ],
    [
      [
        996,
        98
      ]
    ],
    [
      [
        994,
        98
      ]
    ],
    [
      [
        993,
        99
      ]
    ],
    [
      [
        989,
        99
      ]
    ],
    [
      [
        988,
        100
      ]
    ],
    [
      [
        985,
        100
      ]
    ],
    [
      [
        984,
        101
      ]
    ],
    [
      [
        983,
        101
      ]
    ],
    [
      [
        982,
        102
      ]
    ],
    [
      [
        981,
        102
      ]
    ],
    [
      [
        981,
        104
      ]
    ],
    [
      [
        980,
        105
      ]
    ],
    [
      [
        974,
        105
      ]
    ],
    [
      [
        973,
        106
      ]
    ],
    [
      [
        970,
        106
      ]
    ],
    [
      [
        969,
        107
      ]
    ],
    [
      [
        969,
        109
      ]
    ],
    [
      [
        968,
        110
      ]
    ],
    [
      [
        967,
        110
      ]
    ],
    [
      [
        967,
        112
      ]
    ],
    [
      [
        966,
        113
      ]
    ],
    [
      [
        965,
        113
      ]
    ],
    [
      [
        963,
        115
      ]
    ],
    [
      [
        956,
        115
      ]
    ],
    [
      [
        955,
        116
      ]
    ],
    [
      [
        949,
        116
      ]
    ],
    [
      [
        948,
        117
      ]
    ],
    [
      [
        945,
        117
      ]
    ],
    [
      [
        944,
        118
      ]
    ],
    [
      [
        935,
        118
      ]
    ],
    [
      [
        934,
        119
      ]
    ],
    [
      [
        920,
        119
      ]
    ],
    [
      [
        920,
        131
      ]
    ],
    [
      [
        918,
        133
      ]
    ],
    [
      [
        912,
        133
      ]
    ],
    [
      [
        911,
        134
      ]
    ],
    [
      [
        908,
        134
      ]
    ],
    [
      [
        907,
        135
      ]
    ],
    [
      [
        902,
        135
      ]
    ],
    [
      [
        901,
        136
      ]
    ],
    [
      [
        897,
        136
      ]
    ],
    [
      [
        896,
        137
      ]
    ],
    [
      [
        893,
        137
      ]
    ],
    [
      [
        892,
        138
      ]
    ],
    [
      [
        885,
        138
      ]
    ],
    [
      [
        884,
        139
      ]
    ],
    [
      [
        878,
        139
      ]
    ],
    [
      [
        876,
        141
      ]
    ],
    [
      [
        870,
        141
      ]
    ],
    [
      [
        869,
        142
      ]
    ],
    [
      [
        868,
        142
      ]
    ],
    [
      [
        867,
        143
      ]
    ],
    [
      [
        858,
        143
      ]
    ],
    [
      [
        857,
        144
      ]
    ],
    [
      [
        853,
        144
      ]
    ],
    [
      [
        852,
        145
      ]
    ],
    [
      [
        846,
        145
      ]
    ],
    [
      [
        845,
        146
      ]
    ],
    [
      [
        842,
        146
      ]
    ],
    [
      [
        841,
        147
      ]
    ],
    [
      [
        834,
        147
      ]
    ],
    [
      [
        833,
        148
      ]
    ],
    [
      [
        830,
        148
      ]
    ],
    [
      [
        829,
        149
      ]
    ],
    [
      [
        825,
        149
      ]
    ],
    [
      [
        824,
        150
      ]
    ],
    [
      [
        819,
        150
      ]
    ],
    [
      [
        818,
        151
      ]
    ],
    [
      [
        815,
        151
      ]
    ],
    [
      [
        814,
        152
      ]
    ],
    [
      [
        810,
        152
      ]
    ],
    [
      [
        809,
        153
      ]
    ],
    [
      [
        804,
        153
      ]
    ],
    [
      [
        803,
        154
      ]
    ],
    [
      [
        796,
        154
      ]
    ],
    [
      [
        795,
        155
      ]
    ],
    [
      [
        793,
        155
      ]
    ],
    [
      [
        792,
        156
      ]
    ],
    [
      [
        787,
        156
      ]
    ],
    [
      [
        785,
        158
      ]
    ],
    [
      [
        779,
        158
      ]
    ],
    [
      [
        778,
        159
      ]
    ],
    [
      [
        770,
        159
      ]
    ],
    [
      [
        768,
        161
      ]
    ],
    [
      [
        763,
        161
      ]
    ],
    [
      [
        762,
        162
      ]
    ],
    [
      [
        755,
        162
      ]
    ],
    [
      [
        754,
        163
      ]
    ],
    [
      [
        753,
        163
      ]
    ],
    [
      [
        752,
        164
      ]
    ],
    [
      [
        746,
        164
      ]
    ],
    [
      [
        745,
        165
      ]
    ],
    [
      [
        740,
        165
      ]
    ],
    [
      [
        739,
        166
      ]
    ],
    [
      [
        736,
        166
      ]
    ],
    [
      [
        735,
        167
      ]
    ],
    [
      [
        729,
        167
      ]
    ],
    [
      [
        728,
        168
      ]
    ],
    [
      [
        724,
        168
      ]
    ],
    [
      [
        723,
        169
      ]
    ],
    [
      [
        703,
        169
      ]
    ],
    [
      [
        702,
        168
      ]
    ],
    [
      [
        702,
        162
      ]
    ],
    [
      [
        700,
        160
      ]
    ],
    [
      [
        700,
        158
      ]
    ],
    [
      [
        699,
        158
      ]
    ],
    [
      [
        698,
        157
      ]
    ],
    [
      [
        698,
        149
      ]
    ],
    [
      [
        694,
        145
      ]
    ],
    [
      [
        693,
        145
      ]
    ],
    [
      [
        692,
        144
      ]
    ],
    [
      [
        691,
        144
      ]
    ],
    [
      [
        690,
        143
      ]
    ],
    [
      [
        690,
        142
      ]
    ],
    [
      [
        679,
        142
      ]
    ],
    [
      [
        679,
        145
      ]
    ],
    [
      [
        678,
        146
      ]
    ],
    [
      [
        678,
        147
      ]
    ],
    [
      [
        677,
        148
      ]
    ],
    [
      [
        671,
        148
      ]
    ],
    [
      [
        670,
        149
      ]
    ],
    [
      [
        669,
        149
      ]
    ],
    [
      [
        668,
        150
      ]
    ],
    [
      [
        662,
        150
      ]
    ],
    [
      [
        661,
        151
      ]
    ],
    [
      [
        656,
        151
      ]
    ],
    [
      [
        655,
        152
      ]
    ],
    [
      [
        651,
        152
      ]
    ],
    [
      [
        650,
        153
      ]
    ],
    [
      [
        644,
        153
      ]
    ],
    [
      [
        643,
        154
      ]
    ],
    [
      [
        639,
        154
      ]
    ],
    [
      [
        638,
        155
      ]
    ],
    [
      [
        635,
        155
      ]
    ],
    [
      [
        634,
        156
      ]
    ],
    [
      [
        628,
        156
      ]
    ],
    [
      [
        627,
        157
      ]
    ],
    [
      [
        623,
        157
      ]
    ],
    [
      [
        622,
        158
      ]
    ],
    [
      [
        619,
        158
      ]
    ],
    [
      [
        618,
        159
      ]
    ],
    [
      [
        611,
        159
      ]
    ],
    [
      [
        610,
        160
      ]
    ],
    [
      [
        607,
        160
      ]
    ],
    [
      [
        606,
        161
      ]
    ],
    [
      [
        602,
        161
      ]
    ],
    [
      [
        601,
        162
      ]
    ],
    [
      [
        596,
        162
      ]
    ],
    [
      [
        595,
        163
      ]
    ],
    [
      [
        594,
        163
      ]
    ],
    [
      [
        593,
        164
      ]
    ],
    [
      [
        588,
        164
      ]
    ],
    [
      [
        587,
        165
      ]
    ],
    [
      [
        582,
        165
      ]
    ],
    [
      [
        581,
        166
      ]
    ],
    [
      [
        579,
        166
      ]
    ],
    [
      [
        578,
        167
      ]
    ],
    [
      [
        573,
        167
      ]
    ],
    [
      [
        572,
        168
      ]
    ],
    [
      [
        567,
        168
      ]
    ],
    [
      [
        566,
        169
      ]
    ],
    [
      [
        562,
        169
      ]
    ],
    [
      [
        561,
        170
      ]
    ],
    [
      [
        559,
        170
      ]
    ],
    [
      [
        558,
        171
      ]
    ],
    [
      [
        554,
        171
      ]
    ],
    [
      [
        553,
        172
      ]
    ],
    [
      [
        549,
        172
      ]
    ],
    [
      [
        548,
        173
      ]
    ],
    [
      [
        544,
        173
      ]
    ],
    [
      [
        543,
        174
      ]
    ],
    [
      [
        541,
        174
      ]
    ],
    [
      [
        540,
        175
      ]
    ],
    [
      [
        538,
        175
      ]
    ],
    [
      [
        537,
        176
      ]
    ],
    [
      [
        535,
        176
      ]
    ],
    [
      [
        533,
        178
      ]
    ],
    [
      [
        533,
        187
      ]
    ],
    [
      [
        532,
        188
      ]
    ],
    [
      [
        530,
        188
      ]
    ],
    [
      [
        527,
        191
      ]
    ],
    [
      [
        527,
        192
      ]
    ],
    [
      [
        526,
        193
      ]
    ],
    [
      [
        526,
        201
      ]
    ],
    [
      [
        525,
        202
      ]
    ],
    [
      [
        520,
        202
      ]
    ],
    [
      [
        520,
        208
      ]
    ],
    [
      [
        523,
        211
      ]
    ],
    [
      [
        523,
        216
      ]
    ],
    [
      [
        524,
        217
      ]
    ],
    [
      [
        524,
        222
      ]
    ],
    [
      [
        525,
        223
      ]
    ],
    [
      [
        525,
        228
      ]
    ],
    [
      [
        526,
        229
      ]
    ],
    [
      [
        526,
        232
      ]
    ],
    [
      [
        527,
        233
      ]
    ],
    [
      [
        527,
        245
      ]
    ],
    [
      [
        528,
        246
      ]
    ],
    [
      [
        528,
        250
      ]
    ],
    [
      [
        529,
        251
      ]
    ],
    [
      [
        529,
        252
      ]
    ],
    [
      [
        530,
        253
      ]
    ],
    [
      [
        530,
        254
      ]
    ],
    [
      [
        531,
        255
      ]
    ],
    [
      [
        531,
        261
      ]
    ],
    [
      [
        532,
        262
      ]
    ],
    [
      [
        532,
        266
      ]
    ],
    [
      [
        533,
        267
      ]
    ],
    [
      [
        533,
        269
      ]
    ],
    [
      [
        534,
        270
      ]
    ],
    [
      [
        534,
        272
      ]
    ],
    [
      [
        535,
        273
      ]
    ],
    [
      [
        535,
        274
      ]
    ],
    [
      [
        541,
        274
      ]
    ],
    [
      [
        542,
        273
      ]
    ],
    [
      [
        543,
        273
      ]
    ],
    [
      [
        543,
        271
      ]
    ],
    [
      [
        544,
        270
      ]
    ],
    [
      [
        544,
        252
      ]
    ],
    [
      [
        545,
        251
      ]
    ],
    [
      [
        566,
        251
      ]
    ],
    [
      [
        567,
        252
      ]
    ],
    [
      [
        567,
        260
      ]
    ],
    [
      [
        568,
        261
      ]
    ],
    [
      [
        568,
        262
      ]
    ],
    [
      [
        569,
        262
      ]
    ],
    [
      [
        570,
        263
      ]
    ],
    [
      [
        571,
        263
      ]
    ],
    [
      [
        573,
        265
      ]
    ],
    [
      [
        573,
        266
      ]
    ],
    [
      [
        574,
        267
      ]
    ],
    [
      [
        574,
        285
      ]
    ],
    [
      [
        572,
        287
      ]
    ],
    [
      [
        572,
        288
      ]
    ],
    [
      [
        571,
        289
      ]
    ],
    [
      [
        571,
        311
      ]
    ],
    [
      [
        570,
        312
      ]
    ],
    [
      [
        551,
        312
      ]
    ],
    [
      [
        550,
        311
      ]
    ],
    [
      [
        544,
        311
      ]
    ],
    [
      [
        544,
        327
      ]
    ],
    [
      [
        545,
        328
      ]
    ],
    [
      [
        545,
        330
      ]
    ],
    [
      [
        546,
        331
      ]
    ],
    [
      [
        546,
        339
      ]
    ],
    [
      [
        547,
        340
      ]
    ],
    [
      [
        547,
        341
      ]
    ],
    [
      [
        548,
        342
      ]
    ],
    [
      [
        554,
        342
      ]
    ],
    [
      [
        555,
        343
      ]
    ],
    [
      [
        555,
        363
      ]
    ],
    [
      [
        556,
        363
      ]
    ],
    [
      [
        557,
        364
      ]
    ],
    [
      [
        557,
        368
      ]
    ],
    [
      [
        563,
        368
      ]
    ],
    [
      [
        563,
        367
      ]
    ],
    [
      [
        565,
        365
      ]
    ],
    [
      [
        565,
        363
      ]
    ],
    [
      [
        566,
        362
      ]
    ],
    [
      [
        584,
        362
      ]
    ],
    [
      [
        585,
        363
      ]
    ],
    [
      [
        585,
        371
      ]
    ],
    [
      [
        586,
        372
      ]
    ],
    [
      [
        586,
        374
      ]
    ],
    [
      [
        587,
        375
      ]
    ],
    [
      [
        587,
        376
      ]
    ],
    [
      [
        588,
        377
      ]
    ],
    [
      [
        588,
        380
      ]
    ],
    [
      [
        589,
        381
      ]
    ],
    [
      [
        589,
        387
      ]
    ],
    [
      [
        590,
        388
      ]
    ],
    [
      [
        590,
        396
      ]
    ],
    [
      [
        591,
        397
      ]
    ],
    [
      [
        591,
        403
      ]
    ],
    [
      [
        616,
        403
      ]
    ],
    [
      [
        616,
        393
      ]
    ],
    [
      [
        615,
        392
      ]
    ],
    [
      [
        615,
        391
      ]
    ],
    [
      [
        614,
        391
      ]
    ],
    [
      [
        613,
        390
      ]
    ],
    [
      [
        613,
        376
      ]
    ],
    [
      [
        612,
        376
      ]
    ],
    [
      [
        611,
        375
      ]
    ],
    [
      [
        611,
        353
      ]
    ],
    [
      [
        612,
        352
      ]
    ],
    [
      [
        629,
        352
      ]
    ],
    [
      [
        630,
        353
      ]
    ],
    [
      [
        630,
        370
      ]
    ],
    [
      [
        635,
        370
      ]
    ],
    [
      [
        636,
        371
      ]
    ],
    [
      [
        636,
        372
      ]
    ],
    [
      [
        637,
        373
      ]
    ],
    [
      [
        637,
        375
      ]
    ],
    [
      [
        638,
        376
      ]
    ],
    [
      [
        638,
        377
      ]
    ],
    [
      [
        640,
        377
      ]
    ],
    [
      [
        641,
        378
      ]
    ],
    [
      [
        646,
        378
      ]
    ],
    [
      [
        648,
        380
      ]
    ],
    [
      [
        648,
        381
      ]
    ],
    [
      [
        649,
        382
      ]
    ],
    [
      [
        649,
        387
      ]
    ],
    [
      [
        650,
        388
      ]
    ],
    [
      [
        650,
        401
      ]
    ],
    [
      [
        651,
        402
      ]
    ],
    [
      [
        651,
        406
      ]
    ],
    [
      [
        652,
        407
      ]
    ],
    [
      [
        652,
        409
      ]
    ],
    [
      [
        653,
        410
      ]
    ],
    [
      [
        653,
        413
      ]
    ],
    [
      [
        654,
        414
      ]
    ],
    [
      [
        654,
        419
      ]
    ],
    [
      [
        655,
        420
      ]
    ],
    [
      [
        655,
        429
      ]
    ],
    [
      [
        656,
        430
      ]
    ],
    [
      [
        656,
        432
      ]
    ],
    [
      [
        657,
        433
      ]
    ],
    [
      [
        657,
        436
      ]
    ],
    [
      [
        658,
        437
      ]
    ],
    [
      [
        658,
        439
      ]
    ],
    [
      [
        659,
        440
      ]
    ],
    [
      [
        659,
        442
      ]
    ],
    [
      [
        660,
        443
      ]
    ],
    [
      [
        660,
        445
      ]
    ],
    [
      [
        661,
        446
      ]
    ],
    [
      [
        661,
        447
      ]
    ],
    [
      [
        662,
        448
      ]
    ],
    [
      [
        662,
        451
      ]
    ],
    [
      [
        663,
        452
      ]
    ],
    [
      [
        663,
        456
      ]
    ],
    [
      [
        664,
        457
      ]
    ],
    [
      [
        664,
        458
      ]
    ],
    [
      [
        665,
        459
      ]
    ],
    [
      [
        665,
        478
      ]
    ],
    [
      [
        664,
        479
      ]
    ],
    [
      [
        632,
        479
      ]
    ],
    [
      [
        631,
        478
      ]
    ],
    [
      [
        631,
        475
      ]
    ],
    [
      [
        630,
        474
      ]
    ],
    [
      [
        630,
        469
      ]
    ],
    [
      [
        629,
        468
      ]
    ],
    [
      [
        629,
        465
      ]
    ],
    [
      [
        628,
        464
      ]
    ],
    [
      [
        628,
        463
      ]
    ],
    [
      [
        627,
        462
      ]
    ],
    [
      [
        627,
        457
      ]
    ],
    [
      [
        625,
        455
      ]
    ],
    [
      [
        625,
        453
      ]
    ],
    [
      [
        624,
        452
      ]
    ],
    [
      [
        624,
        447
      ]
    ],
    [
      [
        623,
        446
      ]
    ],
    [
      [
        617,
        446
      ]
    ],
    [
      [
        617,
        453
      ]
    ],
    [
      [
        618,
        454
      ]
    ],
    [
      [
        618,
        458
      ]
    ],
    [
      [
        619,
        459
      ]
    ],
    [
      [
        619,
        462
      ]
    ],
    [
      [
        620,
        463
      ]
    ],
    [
      [
        620,
        465
      ]
    ],
    [
      [
        621,
        466
      ]
    ],
    [
      [
        621,
        468
      ]
    ],
    [
      [
        622,
        469
      ]
    ],
    [
      [
        622,
        470
      ]
    ],
    [
      [
        623,
        471
      ]
    ],
    [
      [
        623,
        490
      ]
    ],
    [
      [
        622,
        491
      ]
    ],
    [
      [
        622,
        504
      ]
    ],
    [
      [
        621,
        505
      ]
    ],
    [
      [
        604,
        505
      ]
    ],
    [
      [
        603,
        504
      ]
    ],
    [
      [
        603,
        502
      ]
    ],
    [
      [
        596,
        502
      ]
    ],
    [
      [
        595,
        501
      ]
    ],
    [
      [
        595,
        500
      ]
    ],
    [
      [
        594,
        499
      ]
    ],
    [
      [
        594,
        498
      ]
    ],
    [
      [
        593,
        497
      ]
    ],
    [
      [
        593,
        496
      ]
    ],
    [
      [
        587,
        496
      ]
    ],
    [
      [
        587,
        505
      ]
    ],
    [
      [
        589,
        507
      ]
    ],
    [
      [
        589,
        508
      ]
    ],
    [
      [
        590,
        509
      ]
    ],
    [
      [
        590,
        516
      ]
    ],
    [
      [
        591,
        517
      ]
    ],
    [
      [
        591,
        520
      ]
    ],
    [
      [
        592,
        521
      ]
    ],
    [
      [
        592,
        525
      ]
    ],
    [
      [
        593,
        526
      ]
    ],
    [
      [
        593,
        532
      ]
    ],
    [
      [
        594,
        533
      ]
    ],
    [
      [
        594,
        537
      ]
    ],
    [
      [
        595,
        538
      ]
    ],
    [
      [
        595,
        544
      ]
    ],
    [
      [
        597,
        546
      ]
    ],
    [
      [
        597,
        548
      ]
    ],
    [
      [
        598,
        549
      ]
    ],
    [
      [
        598,
        552
      ]
    ],
    [
      [
        599,
        553
      ]
    ],
    [
      [
        599,
        556
      ]
    ],
    [
      [
        600,
        557
      ]
    ],
    [
      [
        600,
        561
      ]
    ],
    [
      [
        601,
        562
      ]
    ],
    [
      [
        601,
        566
      ]
    ],
    [
      [
        602,
        567
      ]
    ],
    [
      [
        602,
        573
      ]
    ],
    [
      [
        603,
        574
      ]
    ],
    [
      [
        603,
        576
      ]
    ],
    [
      [
        604,
        577
      ]
    ],
    [
      [
        604,
        588
      ]
    ],
    [
      [
        605,
        589
      ]
    ],
    [
      [
        605,
        591
      ]
    ],
    [
      [
        606,
        592
      ]
    ],
    [
      [
        606,
        594
      ]
    ],
    [
      [
        607,
        595
      ]
    ],
    [
      [
        607,
        599
      ]
    ],
    [
      [
        608,
        600
      ]
    ],
    [
      [
        608,
        601
      ]
    ],
    [
      [
        611,
        604
      ]
    ],
    [
      [
        611,
        616
      ]
    ],
    [
      [
        613,
        618
      ]
    ],
    [
      [
        613,
        623
      ]
    ],
    [
      [
        614,
        624
      ]
    ],
    [
      [
        614,
        628
      ]
    ],
    [
      [
        615,
        629
      ]
    ],
    [
      [
        615,
        633
      ]
    ],
    [
      [
        616,
        634
      ]
    ],
    [
      [
        616,
        638
      ]
    ],
    [
      [
        617,
        639
      ]
    ],
    [
      [
        617,
        641
      ]
    ],
    [
      [
        622,
        641
      ]
    ],
    [
      [
        623,
        642
      ]
    ],
    [
      [
        623,
        644
      ]
    ],
    [
      [
        624,
        645
      ]
    ],
    [
      [
        624,
        649
      ]
    ],
    [
      [
        625,
        650
      ]
    ],
    [
      [
        625,
        651
      ]
    ],
    [
      [
        626,
        652
      ]
    ],
    [
      [
        626,
        658
      ]
    ],
    [
      [
        627,
        659
      ]
    ],
    [
      [
        627,
        661
      ]
    ],
    [
      [
        628,
        662
      ]
    ],
    [
      [
        628,
        666
      ]
    ],
    [
      [
        629,
        667
      ]
    ],
    [
      [
        629,
        671
      ]
    ],
    [
      [
        630,
        672
      ]
    ],
    [
      [
        630,
        675
      ]
    ],
    [
      [
        631,
        676
      ]
    ],
    [
      [
        631,
        680
      ]
    ],
    [
      [
        632,
        681
      ]
    ],
    [
      [
        632,
        683
      ]
    ],
    [
      [
        633,
        684
      ]
    ],
    [
      [
        633,
        690
      ]
    ],
    [
      [
        634,
        691
      ]
    ],
    [
      [
        634,
        694
      ]
    ],
    [
      [
        635,
        695
      ]
    ],
    [
      [
        635,
        697
      ]
    ],
    [
      [
        636,
        698
      ]
    ],
    [
      [
        636,
        700
      ]
    ],
    [
      [
        637,
        701
      ]
    ],
    [
      [
        637,
        713
      ]
    ],
    [
      [
        638,
        713
      ]
    ],
    [
      [
        639,
        714
      ]
    ],
    [
      [
        656,
        714
      ]
    ],
    [
      [
        658,
        716
      ]
    ],
    [
      [
        658,
        717
      ]
    ],
    [
      [
        659,
        718
      ]
    ],
    [
      [
        659,
        724
      ]
    ],
    [
      [
        662,
        727
      ]
    ],
    [
      [
        662,
        740
      ]
    ],
    [
      [
        663,
        741
      ]
    ],
    [
      [
        663,
        744
      ]
    ],
    [
      [
        681,
        744
      ]
    ],
    [
      [
        682,
        745
      ]
    ],
    [
      [
        682,
        747
      ]
    ],
    [
      [
        683,
        748
      ]
    ],
    [
      [
        683,
        749
      ]
    ],
    [
      [
        684,
        750
      ]
    ],
    [
      [
        684,
        755
      ]
    ],
    [
      [
        685,
        756
      ]
    ],
    [
      [
        685,
        758
      ]
    ],
    [
      [
        686,
        759
      ]
    ],
    [
      [
        686,
        761
      ]
    ],
    [
      [
        687,
        762
      ]
    ],
    [
      [
        687,
        767
      ]
    ],
    [
      [
        688,
        768
      ]
    ],
    [
      [
        688,
        772
      ]
    ],
    [
      [
        689,
        773
      ]
    ],
    [
      [
        689,
        776
      ]
    ],
    [
      [
        690,
        777
      ]
    ],
    [
      [
        690,
        778
      ]
    ],
    [
      [
        691,
        779
      ]
    ],
    [
      [
        691,
        785
      ]
    ],
    [
      [
        692,
        786
      ]
    ],
    [
      [
        692,
        787
      ]
    ],
    [
      [
        693,
        788
      ]
    ],
    [
      [
        693,
        790
      ]
    ],
    [
      [
        694,
        791
      ]
    ],
    [
      [
        694,
        796
      ]
    ],
    [
      [
        695,
        797
      ]
    ],
    [
      [
        695,
        814
      ]
    ],
    [
      [
        694,
        815
      ]
    ],
    [
      [
        693,
        815
      ]
    ],
    [
      [
        693,
        821
      ]
    ],
    [
      [
        694,
        822
      ]
    ],
    [
      [
        694,
        823
      ]
    ],
    [
      [
        698,
        823
      ]
    ],
    [
      [
        700,
        825
      ]
    ],
    [
      [
        700,
        845
      ]
    ],
    [
      [
        705,
        845
      ]
    ],
    [
      [
        706,
        846
      ]
    ],
    [
      [
        706,
        854
      ]
    ],
    [
      [
        707,
        855
      ]
    ],
    [
      [
        707,
        856
      ]
    ],
    [
      [
        708,
        857
      ]
    ],
    [
      [
        708,
        862
      ]
    ],
    [
      [
        709,
        863
      ]
    ],
    [
      [
        709,
        888
      ]
    ],
    [
      [
        708,
        889
      ]
    ],
    [
      [
        681,
        889
      ]
    ],
    [
      [
        680,
        888
      ]
    ],
    [
      [
        680,
        887
      ]
    ],
    [
      [
        679,
        886
      ]
    ],
    [
      [
        679,
        882
      ]
    ],
    [
      [
        678,
        881
      ]
    ],
    [
      [
        678,
        878
      ]
    ],
    [
      [
        677,
        877
      ]
    ],
    [
      [
        677,
        874
      ]
    ],
    [
      [
        676,
        873
      ]
    ],
    [
      [
        676,
        872
      ]
    ],
    [
      [
        675,
        871
      ]
    ],
    [
      [
        675,
        869
      ]
    ],
    [
      [
        674,
        868
      ]
    ],
    [
      [
        674,
        862
      ]
    ],
    [
      [
        673,
        862
      ]
    ],
    [
      [
        672,
        861
      ]
    ],
    [
      [
        664,
        861
      ]
    ],
    [
      [
        664,
        862
      ]
    ],
    [
      [
        663,
        863
      ]
    ],
    [
      [
        663,
        869
      ]
    ],
    [
      [
        664,
        870
      ]
    ],
    [
      [
        664,
        872
      ]
    ],
    [
      [
        665,
        873
      ]
    ],
    [
      [
        665,
        876
      ]
    ],
    [
      [
        666,
        877
      ]
    ],
    [
      [
        666,
        881
      ]
    ],
    [
      [
        667,
        882
      ]
    ],
    [
      [
        667,
        884
      ]
    ],
    [
      [
        668,
        885
      ]
    ],
    [
      [
        668,
        888
      ]
    ],
    [
      [
        669,
        889
      ]
    ],
    [
      [
        669,
        892
      ]
    ],
    [
      [
        670,
        893
      ]
    ],
    [
      [
        670,
        904
      ]
    ],
    [
      [
        671,
        905
      ]
    ],
    [
      [
        671,
        906
      ]
    ],
    [
      [
        673,
        908
      ]
    ],
    [
      [
        673,
        910
      ]
    ],
    [
      [
        674,
        911
      ]
    ],
    [
      [
        674,
        913
      ]
    ],
    [
      [
        675,
        914
      ]
    ],
    [
      [
        675,
        917
      ]
    ],
    [
      [
        676,
        918
      ]
    ],
    [
      [
        676,
        922
      ]
    ],
    [
      [
        677,
        923
      ]
    ],
    [
      [
        677,
        924
      ]
    ],
    [
      [
        678,
        925
      ]
    ],
    [
      [
        678,
        929
      ]
    ],
    [
      [
        679,
        930
      ]
    ],
    [
      [
        679,
        932
      ]
    ],
    [
      [
        680,
        933
      ]
    ],
    [
      [
        680,
        935
      ]
    ],
    [
      [
        681,
        936
      ]
    ],
    [
      [
        681,
        939
      ]
    ],
    [
      [
        682,
        940
      ]
    ],
    [
      [
        682,
        944
      ]
    ],
    [
      [
        683,
        945
      ]
    ],
    [
      [
        689,
        945
      ]
    ],
    [
      [
        689,
        925
      ]
    ],
    [
      [
        690,
        924
      ]
    ],
    [
      [
        707,
        924
      ]
    ],
    [
      [
        710,
        927
      ]
    ],
    [
      [
        720,
        927
      ]
    ],
    [
      [
        721,
        928
      ]
    ],
    [
      [
        721,
        929
      ]
    ],
    [
      [
        726,
        934
      ]
    ],
    [
      [
        726,
        951
      ]
    ],
    [
      [
        725,
        952
      ]
    ],
    [
      [
        707,
        952
      ]
    ],
    [
      [
        707,
        965
      ]
    ],
    [
      [
        709,
        967
      ]
    ],
    [
      [
        709,
        968
      ]
    ],
    [
      [
        713,
        972
      ]
    ],
    [
      [
        715,
        972
      ]
    ],
    [
      [
        716,
        973
      ]
    ],
    [
      [
        716,
        989
      ]
    ],
    [
      [
        717,
        990
      ]
    ],
    [
      [
        718,
        990
      ]
    ],
    [
      [
        719,
        991
      ]
    ],
    [
      [
        719,
        994
      ]
    ],
    [
      [
        721,
        994
      ]
    ],
    [
      [
        722,
        995
      ]
    ],
    [
      [
        729,
        995
      ]
    ],
    [
      [
        729,
        994
      ]
    ],
    [
      [
        730,
        993
      ]
    ],
    [
      [
        730,
        989
      ]
    ],
    [
      [
        731,
        988
      ]
    ],
    [
      [
        731,
        972
      ]
    ],
    [
      [
        734,
        969
      ]
    ],
    [
      [
        734,
        956
      ]
    ],
    [
      [
        735,
        955
      ]
    ],
    [
      [
        752,
        955
      ]
    ],
    [
      [
        753,
        956
      ]
    ],
    [
      [
        755,
        956
      ]
    ],
    [
      [
        756,
        957
      ]
    ],
    [
      [
        757,
        957
      ]
    ],
    [
      [
        758,
        958
      ]
    ],
    [
      [
        759,
        958
      ]
    ],
    [
      [
        760,
        959
      ]
    ],
    [
      [
        760,
        960
      ]
    ],
    [
      [
        764,
        960
      ]
    ],
    [
      [
        765,
        961
      ]
    ],
    [
      [
        766,
        961
      ]
    ],
    [
      [
        769,
        964
      ]
    ],
    [
      [
        770,
        964
      ]
    ],
    [
      [
        772,
        966
      ]
    ],
    [
      [
        772,
        987
      ]
    ],
    [
      [
        771,
        988
      ]
    ],
    [
      [
        765,
        988
      ]
    ],
    [
      [
        764,
        989
      ]
    ],
    [
      [
        763,
        989
      ]
    ],
    [
      [
        762,
        990
      ]
    ],
    [
      [
        757,
        990
      ]
    ],
    [
      [
        756,
        991
      ]
    ],
    [
      [
        755,
        991
      ]
    ],
    [
      [
        755,
        998
      ]
    ],
    [
      [
        762,
        998
      ]
    ],
    [
      [
        764,
        996
      ]
    ],
    [
      [
        768,
        996
      ]
    ],
    [
      [
        769,
        995
      ]
    ],
    [
      [
        771,
        995
      ]
    ],
    [
      [
        772,
        994
      ]
    ],
    [
      [
        778,
        994
      ]
    ],
    [
      [
        779,
        993
      ]
    ],
    [
      [
        781,
        993
      ]
    ],
    [
      [
        782,
        992
      ]
    ],
    [
      [
        783,
        992
      ]
    ],
    [
      [
        784,
        991
      ]
    ],
    [
      [
        792,
        991
      ]
    ],
    [
      [
        794,
        989
      ]
    ],
    [
      [
        803,
        989
      ]
    ],
    [
      [
        804,
        988
      ]
    ],
    [
      [
        805,
        988
      ]
    ],
    [
      [
        806,
        987
      ]
    ],
    [
      [
        807,
        987
      ]
    ],
    [
      [
        808,
        986
      ]
    ],
    [
      [
        811,
        986
      ]
    ],
    [
      [
        812,
        985
      ]
    ],
    [
      [
        818,
        985
      ]
    ],
    [
      [
        819,
        984
      ]
    ],
    [
      [
        823,
        984
      ]
    ],
    [
      [
        824,
        983
      ]
    ],
    [
      [
        831,
        983
      ]
    ],
    [
      [
        832,
        982
      ]
    ],
    [
      [
        834,
        982
      ]
    ],
    [
      [
        835,
        981
      ]
    ],
    [
      [
        838,
        981
      ]
    ],
    [
      [
        839,
        980
      ]
    ],
    [
      [
        843,
        980
      ]
    ],
    [
      [
        844,
        979
      ]
    ],
    [
      [
        854,
        979
      ]
    ],
    [
      [
        854,
        978
      ]
    ],
    [
      [
        855,
        977
      ]
    ],
    [
      [
        855,
        976
      ]
    ],
    [
      [
        857,
        974
      ]
    ],
    [
      [
        857,
        959
      ]
    ],
    [
      [
        858,
        958
      ]
    ],
    [
      [
        864,
        958
      ]
    ],
    [
      [
        865,
        957
      ]
    ],
    [
      [
        870,
        957
      ]
    ],
    [
      [
        871,
        956
      ]
    ],
    [
      [
        883,
        956
      ]
    ],
    [
      [
        884,
        955
      ]
    ],
    [
      [
        890,
        955
      ]
    ],
    [
      [
        891,
        954
      ]
    ],
    [
      [
        892,
        954
      ]
    ],
    [
      [
        893,
        953
      ]
    ],
    [
      [
        902,
        953
      ]
    ],
    [
      [
        903,
        952
      ]
    ],
    [
      [
        908,
        952
      ]
    ],
    [
      [
        909,
        951
      ]
    ],
    [
      [
        911,
        951
      ]
    ],
    [
      [
        912,
        950
      ]
    ],
    [
      [
        913,
        950
      ]
    ],
    [
      [
        914,
        949
      ]
    ],
    [
      [
        915,
        949
      ]
    ],
    [
      [
        917,
        947
      ]
    ],
    [
      [
        923,
        947
      ]
    ],
    [
      [
        924,
        946
      ]
    ],
    [
      [
        964,
        946
      ]
    ],
    [
      [
        965,
        947
      ]
    ],
    [
      [
        965,
        952
      ]
    ],
    [
      [
        966,
        952
      ]
    ],
    [
      [
        967,
        953
      ]
    ],
    [
      [
        967,
        955
      ]
    ],
    [
      [
        976,
        955
      ]
    ],
    [
      [
        977,
        954
      ]
    ],
    [
      [
        984,
        954
      ]
    ],
    [
      [
        985,
        953
      ]
    ],
    [
      [
        989,
        953
      ]
    ],
    [
      [
        990,
        952
      ]
    ],
    [
      [
        993,
        952
      ]
    ],
    [
      [
        994,
        951
      ]
    ],
    [
      [
        1004,
        951
      ]
    ],
    [
      [
        1005,
        950
      ]
    ],
    [
      [
        1008,
        950
      ]
    ],
    [
      [
        1009,
        949
      ]
    ],
    [
      [
        1012,
        949
      ]
    ],
    [
      [
        1013,
        948
      ]
    ],
    [
      [
        1016,
        948
      ]
    ],
    [
      [
        1017,
        947
      ]
    ],
    [
      [
        1022,
        947
      ]
    ],
    [
      [
        1023,
        946
      ]
    ],
    [
      [
        1029,
        946
      ]
    ],
    [
      [
        1030,
        945
      ]
    ],
    [
      [
        1034,
        945
      ]
    ],
    [
      [
        1035,
        944
      ]
    ],
    [
      [
        1042,
        944
      ]
    ],
    [
      [
        1043,
        943
      ]
    ],
    [
      [
        1044,
        943
      ]
    ],
    [
      [
        1045,
        942
      ]
    ],
    [
      [
        1048,
        942
      ]
    ],
    [
      [
        1049,
        941
      ]
    ],
    [
      [
        1051,
        941
      ]
    ],
    [
      [
        1051,
        928
      ]
    ],
    [
      [
        1052,
        927
      ]
    ],
    [
      [
        1053,
        927
      ]
    ],
    [
      [
        1054,
        926
      ]
    ],
    [
      [
        1056,
        926
      ]
    ],
    [
      [
        1057,
        925
      ]
    ],
    [
      [
        1060,
        925
      ]
    ],
    [
      [
        1061,
        924
      ]
    ],
    [
      [
        1083,
        924
      ]
    ],
    [
      [
        1084,
        923
      ]
    ],
    [
      [
        1091,
        923
      ]
    ],
    [
      [
        1092,
        922
      ]
    ],
    [
      [
        1094,
        922
      ]
    ],
    [
      [
        1095,
        921
      ]
    ],
    [
      [
        1098,
        921
      ]
    ],
    [
      [
        1099,
        920
      ]
    ],
    [
      [
        1118,
        920
      ]
    ],
    [
      [
        1119,
        921
      ]
    ],
    [
      [
        1125,
        921
      ]
    ],
    [
      [
        1126,
        920
      ]
    ],
    [
      [
        1131,
        920
      ]
    ],
    [
      [
        1132,
        919
      ]
    ],
    [
      [
        1132,
        918
      ]
    ],
    [
      [
        1133,
        917
      ]
    ],
    [
      [
        1135,
        917
      ]
    ],
    [
      [
        1136,
        916
      ]
    ],
    [
      [
        1140,
        916
      ]
    ],
    [
      [
        1141,
        915
      ]
    ],
    [
      [
        1144,
        915
      ]
    ],
    [
      [
        1145,
        914
      ]
    ],
    [
      [
        1152,
        914
      ]
    ],
    [
      [
        1153,
        913
      ]
    ],
    [
      [
        1154,
        913
      ]
    ],
    [
      [
        1155,
        912
      ]
    ],
    [
      [
        1160,
        912
      ]
    ],
    [
      [
        1161,
        911
      ]
    ],
    [
      [
        1170,
        911
      ]
    ],
    [
      [
        1171,
        910
      ]
    ],
    [
      [
        1172,
        910
      ]
    ],
    [
      [
        1173,
        909
      ]
    ],
    [
      [
        1180,
        909
      ]
    ],
    [
      [
        1181,
        908
      ]
    ],
    [
      [
        1185,
        908
      ]
    ],
    [
      [
        1186,
        907
      ]
    ],
    [
      [
        1188,
        907
      ]
    ],
    [
      [
        1189,
        906
      ]
    ],
    [
      [
        1193,
        906
      ]
    ],
    [
      [
        1194,
        905
      ]
    ],
    [
      [
        1198,
        905
      ]
    ],
    [
      [
        1199,
        904
      ]
    ],
    [
      [
        1204,
        904
      ]
    ],
    [
      [
        1205,
        903
      ]
    ],
    [
      [
        1206,
        903
      ]
    ],
    [
      [
        1207,
        902
      ]
    ],
    [
      [
        1210,
        902
      ]
    ],
    [
      [
        1211,
        901
      ]
    ],
    [
      [
        1212,
        901
      ]
    ],
    [
      [
        1214,
        899
      ]
    ],
    [
      [
        1216,
        899
      ]
    ],
    [
      [
        1217,
        898
      ]
    ],
    [
      [
        1219,
        898
      ]
    ],
    [
      [
        1221,
        896
      ]
    ],
    [
      [
        1223,
        896
      ]
    ],
    [
      [
        1224,
        895
      ]
    ],
    [
      [
        1225,
        895
      ]
    ],
    [
      [
        1226,
        894
      ]
    ],
    [
      [
        1227,
        894
      ]
    ],
    [
      [
        1228,
        893
      ]
    ],
    [
      [
        1229,
        893
      ]
    ],
    [
      [
        1232,
        890
      ]
    ],
    [
      [
        1233,
        890
      ]
    ],
    [
      [
        1233,
        889
      ]
    ],
    [
      [
        1236,
        886
      ]
    ],
    [
      [
        1236,
        884
      ]
    ],
    [
      [
        1238,
        882
      ]
    ],
    [
      [
        1239,
        882
      ]
    ],
    [
      [
        1242,
        879
      ]
    ],
    [
      [
        1243,
        879
      ]
    ],
    [
      [
        1246,
        876
      ]
    ],
    [
      [
        1247,
        876
      ]
    ],
    [
      [
        1252,
        871
      ]
    ],
    [
      [
        1253,
        871
      ]
    ],
    [
      [
        1267,
        857
      ]
    ],
    [
      [
        1267,
        856
      ]
    ],
    [
      [
        1269,
        854
      ]
    ],
    [
      [
        1269,
        853
      ]
    ],
    [
      [
        1274,
        848
      ]
    ],
    [
      [
        1274,
        847
      ]
    ],
    [
      [
        1275,
        846
      ]
    ],
    [
      [
        1275,
        845
      ]
    ],
    [
      [
        1277,
        843
      ]
    ],
    [
      [
        1277,
        842
      ]
    ],
    [
      [
        1278,
        841
      ]
    ],
    [
      [
        1278,
        840
      ]
    ],
    [
      [
        1280,
        838
      ]
    ],
    [
      [
        1280,
        837
      ]
    ],
    [
      [
        1281,
        836
      ]
    ],
    [
      [
        1281,
        835
      ]
    ],
    [
      [
        1282,
        834
      ]
    ],
    [
      [
        1282,
        832
      ]
    ],
    [
      [
        1283,
        831
      ]
    ],
    [
      [
        1283,
        830
      ]
    ],
    [
      [
        1284,
        829
      ]
    ],
    [
      [
        1315,
        829
      ]
    ],
    [
      [
        1315,
        824
      ]
    ],
    [
      [
        1316,
        823
      ]
    ],
    [
      [
        1322,
        823
      ]
    ],
    [
      [
        1323,
        822
      ]
    ],
    [
      [
        1323,
        819
      ]
    ],
    [
      [
        1324,
        818
      ]
    ],
    [
      [
        1324,
        774
      ]
    ],
    [
      [
        1323,
        773
      ]
    ],
    [
      [
        1323,
        765
      ]
    ],
    [
      [
        1322,
        764
      ]
    ],
    [
      [
        1322,
        756
      ]
    ],
    [
      [
        1321,
        755
      ]
    ],
    [
      [
        1321,
        750
      ]
    ],
    [
      [
        1320,
        749
      ]
    ],
    [
      [
        1320,
        748
      ]
    ],
    [
      [
        1319,
        747
      ]
    ],
    [
      [
        1319,
        740
      ]
    ],
    [
      [
        1318,
        739
      ]
    ],
    [
      [
        1318,
        734
      ]
    ],
    [
      [
        1317,
        733
      ]
    ],
    [
      [
        1317,
        728
      ]
    ],
    [
      [
        1316,
        727
      ]
    ],
    [
      [
        1316,
        723
      ]
    ],
    [
      [
        1315,
        722
      ]
    ],
    [
      [
        1315,
        715
      ]
    ],
    [
      [
        1314,
        714
      ]
    ],
    [
      [
        1314,
        713
      ]
    ],
    [
      [
        1313,
        712
      ]
    ],
    [
      [
        1313,
        705
      ]
    ],
    [
      [
        1312,
        704
      ]
    ],
    [
      [
        1312,
        699
      ]
    ],
    [
      [
        1311,
        698
      ]
    ],
    [
      [
        1311,
        696
      ]
    ],
    [
      [
        1310,
        695
      ]
    ],
    [
      [
        1310,
        688
      ]
    ],
    [
      [
        1309,
        687
      ]
    ],
    [
      [
        1309,
        681
      ]
    ],
    [
      [
        1308,
        680
      ]
    ],
    [
      [
        1308,
        678
      ]
    ],
    [
      [
        1307,
        677
      ]
    ],
    [
      [
        1307,
        670
      ]
    ],
    [
      [
        1305,
        668
      ]
    ],
    [
      [
        1305,
        659
      ]
    ],
    [
      [
        1304,
        658
      ]
    ],
    [
      [
        1304,
        656
      ]
    ],
    [
      [
        1303,
        655
      ]
    ],
    [
      [
        1303,
        654
      ]
    ],
    [
      [
        1302,
        653
      ]
    ],
    [
      [
        1302,
        648
      ]
    ],
    [
      [
        1301,
        647
      ]
    ],
    [
      [
        1301,
        642
      ]
    ],
    [
      [
        1300,
        641
      ]
    ],
    [
      [
        1300,
        634
      ]
    ],
    [
      [
        1298,
        632
      ]
    ],
    [
      [
        1298,
        628
      ]
    ],
    [
      [
        1297,
        627
      ]
    ],
    [
      [
        1297,
        625
      ]
    ],
    [
      [
        1296,
        624
      ]
    ],
    [
      [
        1296,
        622
      ]
    ],
    [
      [
        1295,
        621
      ]
    ],
    [
      [
        1295,
        617
      ]
    ],
    [
      [
        1294,
        616
      ]
    ],
    [
      [
        1294,
        610
      ]
    ],
    [
      [
        1293,
        609
      ]
    ],
    [
      [
        1293,
        600
      ]
    ],
    [
      [
        1292,
        599
      ]
    ],
    [
      [
        1292,
        595
      ]
    ],
    [
      [
        1273,
        595
      ]
    ],
    [
      [
        1272,
        594
      ]
    ],
    [
      [
        1272,
        593
      ]
    ],
    [
      [
        1271,
        592
      ]
    ],
    [
      [
        1271,
        589
      ]
    ],
    [
      [
        1270,
        588
      ]
    ],
    [
      [
        1270,
        582
      ]
    ],
    [
      [
        1269,
        581
      ]
    ],
    [
      [
        1269,
        574
      ]
    ],
    [
      [
        1267,
        572
      ]
    ],
    [
      [
        1267,
        562
      ]
    ],
    [
      [
        1266,
        561
      ]
    ],
    [
      [
        1266,
        554
      ]
    ],
    [
      [
        1264,
        552
      ]
    ],
    [
      [
        1264,
        547
      ]
    ],
    [
      [
        1263,
        546
      ]
    ],
    [
      [
        1263,
        537
      ]
    ],
    [
      [
        1262,
        536
      ]
    ],
    [
      [
        1262,
        534
      ]
    ],
    [
      [
        1261,
        533
      ]
    ],
    [
      [
        1261,
        528
      ]
    ],
    [
      [
        1260,
        527
      ]
    ],
    [
      [
        1260,
        509
      ]
    ],
    [
      [
        1258,
        509
      ]
    ],
    [
      [
        1257,
        508
      ]
    ],
    [
      [
        1257,
        500
      ]
    ],
    [
      [
        1256,
        499
      ]
    ],
    [
      [
        1256,
        497
      ]
    ],
    [
      [
        1255,
        496
      ]
    ],
    [
      [
        1255,
        489
      ]
    ],
    [
      [
        1254,
        488
      ]
    ],
    [
      [
        1254,
        483
      ]
    ],
    [
      [
        1253,
        482
      ]
    ],
    [
      [
        1253,
        480
      ]
    ],
    [
      [
        1252,
        479
      ]
    ],
    [
      [
        1252,
        477
      ]
    ],
    [
      [
        1251,
        476
      ]
    ],
    [
      [
        1251,
        469
      ]
    ],
    [
      [
        1250,
        468
      ]
    ],
    [
      [
        1250,
        461
      ]
    ],
    [
      [
        1249,
        460
      ]
    ],
    [
      [
        1249,
        456
      ]
    ],
    [
      [
        1248,
        455
      ]
    ],
    [
      [
        1248,
        448
      ]
    ],
    [
      [
        1247,
        447
      ]
    ],
    [
      [
        1247,
        444
      ]
    ],
    [
      [
        1246,
        443
      ]
    ],
    [
      [
        1246,
        440
      ]
    ],
    [
      [
        1245,
        439
      ]
    ],
    [
      [
        1245,
        431
      ]
    ],
    [
      [
        1244,
        430
      ]
    ],
    [
      [
        1244,
        429
      ]
    ],
    [
      [
        1243,
        428
      ]
    ],
    [
      [
        1243,
        420
      ]
    ],
    [
      [
        1242,
        419
      ]
    ],
    [
      [
        1242,
        414
      ]
    ],
    [
      [
        1241,
        413
      ]
    ],
    [
      [
        1241,
        410
      ]
    ],
    [
      [
        1240,
        409
      ]
    ],
    [
      [
        1240,
        405
      ]
    ],
    [
      [
        1239,
        404
      ]
    ],
    [
      [
        1239,
        398
      ]
    ],
    [
      [
        1238,
        397
      ]
    ],
    [
      [
        1238,
        393
      ]
    ],
    [
      [
        1237,
        392
      ]
    ],
    [
      [
        1237,
        389
      ]
    ],
    [
      [
        1236,
        388
      ]
    ],
    [
      [
        1236,
        381
      ]
    ],
    [
      [
        1235,
        380
      ]
    ],
    [
      [
        1235,
        376
      ]
    ],
    [
      [
        1234,
        375
      ]
    ],
    [
      [
        1234,
        368
      ]
    ],
    [
      [
        1233,
        367
      ]
    ],
    [
      [
        1233,
        361
      ]
    ],
    [
      [
        1232,
        360
      ]
    ],
    [
      [
        1232,
        358
      ]
    ],
    [
      [
        1231,
        357
      ]
    ],
    [
      [
        1231,
        355
      ]
    ],
    [
      [
        1230,
        354
      ]
    ],
    [
      [
        1230,
        349
      ]
    ],
    [
      [
        1229,
        348
      ]
    ],
    [
      [
        1229,
        344
      ]
    ],
    [
      [
        1228,
        343
      ]
    ],
    [
      [
        1228,
        341
      ]
    ],
    [
      [
        1227,
        340
      ]
    ],
    [
      [
        1227,
        332
      ]
    ],
    [
      [
        1226,
        331
      ]
    ],
    [
      [
        1226,
        323
      ]
    ],
    [
      [
        1225,
        322
      ]
    ],
    [
      [
        1225,
        318
      ]
    ],
    [
      [
        1224,
        317
      ]
    ],
    [
      [
        1224,
        316
      ]
    ],
    [
      [
        1223,
        315
      ]
    ],
    [
      [
        1223,
        309
      ]
    ],
    [
      [
        1222,
        308
      ]
    ],
    [
      [
        1222,
        306
      ]
    ],
    [
      [
        1221,
        305
      ]
    ],
    [
      [
        1221,
        283
      ]
    ],
    [
      [
        1222,
        282
      ]
    ],
    [
      [
        1240,
        282
      ]
    ],
    [
      [
        1241,
        281
      ]
    ],
    [
      [
        1241,
        271
      ]
    ],
    [
      [
        1240,
        270
      ]
    ],
    [
      [
        1240,
        269
      ]
    ],
    [
      [
        1239,
        268
      ]
    ],
    [
      [
        1239,
        257
      ]
    ],
    [
      [
        1238,
        256
      ]
    ],
    [
      [
        1238,
        252
      ]
    ],
    [
      [
        1237,
        251
      ]
    ],
    [
      [
        1237,
        249
      ]
    ],
    [
      [
        1236,
        248
      ]
    ],
    [
      [
        1236,
        240
      ]
    ],
    [
      [
        1219,
        240
      ]
    ],
    [
      [
        1218,
        239
      ]
    ],
    [
      [
        1218,
        237
      ]
    ],
    [
      [
        1217,
        236
      ]
    ],
    [
      [
        1217,
        234
      ]
    ],
    [
      [
        1216,
        233
      ]
    ],
    [
      [
        1216,
        231
      ]
    ],
    [
      [
        1215,
        230
      ]
    ],
    [
      [
        1215,
        227
      ]
    ],
    [
      [
        1214,
        226
      ]
    ],
    [
      [
        1214,
        217
      ]
    ],
    [
      [
        1213,
        216
      ]
    ],
    [
      [
        1213,
        213
      ]
    ],
    [
      [
        1212,
        212
      ]
    ],
    [
      [
        1212,
        206
      ]
    ],
    [
      [
        1211,
        205
      ]
    ],
    [
      [
        1211,
        188
      ]
    ],
    [
      [
        1208,
        188
      ]
    ],
    [
      [
        1207,
        187
      ]
    ],
    [
      [
        1207,
        170
      ]
    ],
    [
      [
        1205,
        168
      ]
    ],
    [
      [
        1205,
        162
      ]
    ],
    [
      [
        1204,
        161
      ]
    ],
    [
      [
        1204,
        134
      ]
    ],
    [
      [
        1205,
        133
      ]
    ],
    [
      [
        1210,
        133
      ]
    ],
    [
      [
        1210,
        125
      ]
    ],
    [
      [
        1207,
        122
      ]
    ],
    [
      [
        1205,
        122
      ]
    ],
    [
      [
        1204,
        121
      ]
    ],
    [
      [
        1198,
        121
      ]
    ],
    [
      [
        1197,
        122
      ]
    ],
    [
      [
        1194,
        122
      ]
    ],
    [
      [
        1193,
        123
      ]
    ],
    [
      [
        1191,
        123
      ]
    ],
    [
      [
        1190,
        124
      ]
    ],
    [
      [
        1190,
        135
      ]
    ],
    [
      [
        1189,
        136
      ]
    ],
    [
      [
        1172,
        136
      ]
    ],
    [
      [
        1169,
        133
      ]
    ],
    [
      [
        1169,
        132
      ]
    ],
    [
      [
        1167,
        130
      ]
    ],
    [
      [
        1166,
        130
      ]
    ],
    [
      [
        1165,
        129
      ]
    ],
    [
      [
        1164,
        129
      ]
    ],
    [
      [
        1161,
        126
      ]
    ],
    [
      [
        1161,
        125
      ]
    ],
    [
      [
        1156,
        120
      ]
    ],
    [
      [
        1156,
        114
      ]
    ],
    [
      [
        1155,
        114
      ]
    ],
    [
      [
        1154,
        113
      ]
    ],
    [
      [
        1154,
        109
      ]
    ],
    [
      [
        1151,
        106
      ]
    ],
    [
      [
        1150,
        106
      ]
    ],
    [
      [
        1146,
        102
      ]
    ],
    [
      [
        1145,
        102
      ]
    ],
    [
      [
        1143,
        100
      ]
    ],
    [
      [
        1142,
        100
      ]
    ],
    [
      [
        1140,
        98
      ]
    ],
    [
      [
        1138,
        98
      ]
    ],
    [
      [
        1135,
        95
      ]
    ],
    [
      [
        1134,
        95
      ]
    ],
    [
      [
        1133,
        94
      ]
    ],
    [
      [
        1131,
        94
      ]
    ],
    [
      [
        1130,
        93
      ]
    ],
    [
      [
        1129,
        93
      ]
    ],
    [
      [
        1128,
        92
      ]
    ],
    [
      [
        1127,
        92
      ]
    ],
    [
      [
        1126,
        91
      ]
    ],
    [
      [
        1125,
        91
      ]
    ],
    [
      [
        1124,
        90
      ]
    ],
    [
      [
        1122,
        90
      ]
    ],
    [
      [
        1121,
        89
      ]
    ],
    [
      [
        1119,
        89
      ]
    ],
    [
      [
        1118,
        88
      ]
    ],
    [
      [
        1116,
        88
      ]
    ],
    [
      [
        1115,
        87
      ]
    ],
    [
      [
        1113,
        87
      ]
    ],
    [
      [
        1112,
        86
      ]
    ],
    [
      [
        1100,
        86
      ]
    ],
    [
      [
        1096,
        82
      ]
    ],
    [
      [
        1093,
        82
      ]
    ],
    [
      [
        1092,
        81
      ]
    ],
    [
      [
        1090,
        81
      ]
    ],
    [
      [
        1089,
        80
      ]
    ],
    [
      [
        1089,
        76
      ]
    ],
    [
      [
        1086,
        76
      ]
    ],
    [
      [
        1085,
        75
      ]
    ],
    [
      [
        1081,
        75
      ]
    ],
    [
      [
        1080,
        74
      ]
    ]
  ],
  "segment_square_corners": [
    [
      513.2987060546875,
      173.95660400390625
    ],
    [
      1197.8035888671875,
      41.94500732421875
    ],
    [
      1359.9456787109375,
      882.6818237304688
    ],
    [
      675.4407958984375,
      1014.6934204101562
    ]
  ],
  "phrases": [
    "box",
    "tangerine",
    "tangerine",
    "tangerine",
    "tangerine"
  ],
  "selected_bbox": [
    0.4145503044128418,
    0.49459290504455566,
    0.4808112382888794,
    0.8389633893966675
  ]
}