{
  "timestamp": 1761056194.442487,
  "session_id": "session_20251021_211452_51253c84",
  "supplier_id": "",
  "qr_data": "695991",
  "qr_items": {
    "tangerine": 4
  },
  "qr_corners": [
    [
      926.0,
      802.0
    ],
    [
      965.0,
      885.0
    ],
    [
      879.0,
      924.0
    ],
    [
      839.0,
      841.0
    ]
  ],
  "segment_corners": [
    [
      [
        1008,
        57
      ]
    ],
    [
      [
        1008,
        58
      ]
    ],
    [
      [
        1007,
        59
      ]
    ],
    [
      [
        1002,
        59
      ]
    ],
    [
      [
        1001,
        60
      ]
    ],
    [
      [
        972,
        60
      ]
    ],
    [
      [
        971,
        59
      ]
    ],
    [
      [
        958,
        59
      ]
    ],
    [
      [
        957,
        60
      ]
    ],
    [
      [
        952,
        60
      ]
    ],
    [
      [
        951,
        61
      ]
    ],
    [
      [
        946,
        61
      ]
    ],
    [
      [
        945,
        62
      ]
    ],
    [
      [
        943,
        62
      ]
    ],
    [
      [
        942,
        63
      ]
    ],
    [
      [
        936,
        63
      ]
    ],
    [
      [
        935,
        64
      ]
    ],
    [
      [
        934,
        64
      ]
    ],
    [
      [
        932,
        66
      ]
    ],
    [
      [
        928,
        66
      ]
    ],
    [
      [
        927,
        67
      ]
    ],
    [
      [
        926,
        67
      ]
    ],
    [
      [
        925,
        68
      ]
    ],
    [
      [
        910,
        68
      ]
    ],
    [
      [
        907,
        71
      ]
    ],
    [
      [
        906,
        71
      ]
    ],
    [
      [
        905,
        72
      ]
    ],
    [
      [
        904,
        72
      ]
    ],
    [
      [
        903,
        73
      ]
    ],
    [
      [
        902,
        73
      ]
    ],
    [
      [
        902,
        74
      ]
    ],
    [
      [
        901,
        75
      ]
    ],
    [
      [
        901,
        78
      ]
    ],
    [
      [
        900,
        79
      ]
    ],
    [
      [
        898,
        79
      ]
    ],
    [
      [
        894,
        83
      ]
    ],
    [
      [
        894,
        85
      ]
    ],
    [
      [
        893,
        86
      ]
    ],
    [
      [
        888,
        86
      ]
    ],
    [
      [
        887,
        87
      ]
    ],
    [
      [
        886,
        87
      ]
    ],
    [
      [
        883,
        90
      ]
    ],
    [
      [
        882,
        90
      ]
    ],
    [
      [
        880,
        92
      ]
    ],
    [
      [
        879,
        92
      ]
    ],
    [
      [
        878,
        93
      ]
    ],
    [
      [
        875,
        93
      ]
    ],
    [
      [
        875,
        94
      ]
    ],
    [
      [
        874,
        95
      ]
    ],
    [
      [
        873,
        95
      ]
    ],
    [
      [
        872,
        96
      ]
    ],
    [
      [
        870,
        96
      ]
    ],
    [
      [
        869,
        97
      ]
    ],
    [
      [
        869,
        98
      ]
    ],
    [
      [
        866,
        101
      ]
    ],
    [
      [
        865,
        101
      ]
    ],
    [
      [
        864,
        102
      ]
    ],
    [
      [
        847,
        102
      ]
    ],
    [
      [
        846,
        101
      ]
    ],
    [
      [
        846,
        99
      ]
    ],
    [
      [
        838,
        99
      ]
    ],
    [
      [
        837,
        100
      ]
    ],
    [
      [
        830,
        100
      ]
    ],
    [
      [
        830,
        101
      ]
    ],
    [
      [
        829,
        102
      ]
    ],
    [
      [
        829,
        108
      ]
    ],
    [
      [
        830,
        109
      ]
    ],
    [
      [
        831,
        109
      ]
    ],
    [
      [
        832,
        110
      ]
    ],
    [
      [
        844,
        110
      ]
    ],
    [
      [
        845,
        111
      ]
    ],
    [
      [
        845,
        129
      ]
    ],
    [
      [
        844,
        130
      ]
    ],
    [
      [
        842,
        130
      ]
    ],
    [
      [
        841,
        131
      ]
    ],
    [
      [
        840,
        131
      ]
    ],
    [
      [
        839,
        132
      ]
    ],
    [
      [
        838,
        132
      ]
    ],
    [
      [
        836,
        134
      ]
    ],
    [
      [
        834,
        134
      ]
    ],
    [
      [
        833,
        135
      ]
    ],
    [
      [
        832,
        135
      ]
    ],
    [
      [
        831,
        136
      ]
    ],
    [
      [
        829,
        136
      ]
    ],
    [
      [
        828,
        137
      ]
    ],
    [
      [
        827,
        137
      ]
    ],
    [
      [
        826,
        138
      ]
    ],
    [
      [
        825,
        138
      ]
    ],
    [
      [
        824,
        139
      ]
    ],
    [
      [
        823,
        139
      ]
    ],
    [
      [
        820,
        142
      ]
    ],
    [
      [
        816,
        142
      ]
    ],
    [
      [
        814,
        144
      ]
    ],
    [
      [
        813,
        144
      ]
    ],
    [
      [
        812,
        145
      ]
    ],
    [
      [
        811,
        145
      ]
    ],
    [
      [
        810,
        146
      ]
    ],
    [
      [
        809,
        146
      ]
    ],
    [
      [
        808,
        147
      ]
    ],
    [
      [
        807,
        147
      ]
    ],
    [
      [
        806,
        148
      ]
    ],
    [
      [
        805,
        148
      ]
    ],
    [
      [
        804,
        149
      ]
    ],
    [
      [
        803,
        149
      ]
    ],
    [
      [
        802,
        150
      ]
    ],
    [
      [
        801,
        150
      ]
    ],
    [
      [
        800,
        151
      ]
    ],
    [
      [
        799,
        151
      ]
    ],
    [
      [
        798,
        152
      ]
    ],
    [
      [
        797,
        152
      ]
    ],
    [
      [
        796,
        153
      ]
    ],
    [
      [
        795,
        153
      ]
    ],
    [
      [
        794,
        154
      ]
    ],
    [
      [
        793,
        154
      ]
    ],
    [
      [
        792,
        155
      ]
    ],
    [
      [
        791,
        155
      ]
    ],
    [
      [
        790,
        156
      ]
    ],
    [
      [
        789,
        156
      ]
    ],
    [
      [
        787,
        158
      ]
    ],
    [
      [
        785,
        158
      ]
    ],
    [
      [
        784,
        159
      ]
    ],
    [
      [
        782,
        159
      ]
    ],
    [
      [
        780,
        161
      ]
    ],
    [
      [
        779,
        161
      ]
    ],
    [
      [
        778,
        162
      ]
    ],
    [
      [
        777,
        162
      ]
    ],
    [
      [
        775,
        164
      ]
    ],
    [
      [
        774,
        164
      ]
    ],
    [
      [
        773,
        165
      ]
    ],
    [
      [
        771,
        165
      ]
    ],
    [
      [
        770,
        166
      ]
    ],
    [
      [
        769,
        166
      ]
    ],
    [
      [
        766,
        169
      ]
    ],
    [
      [
        763,
        169
      ]
    ],
    [
      [
        762,
        170
      ]
    ],
    [
      [
        761,
        170
      ]
    ],
    [
      [
        760,
        171
      ]
    ],
    [
      [
        759,
        171
      ]
    ],
    [
      [
        758,
        172
      ]
    ],
    [
      [
        757,
        172
      ]
    ],
    [
      [
        756,
        173
      ]
    ],
    [
      [
        755,
        173
      ]
    ],
    [
      [
        754,
        174
      ]
    ],
    [
      [
        752,
        174
      ]
    ],
    [
      [
        750,
        176
      ]
    ],
    [
      [
        749,
        176
      ]
    ],
    [
      [
        748,
        177
      ]
    ],
    [
      [
        746,
        177
      ]
    ],
    [
      [
        745,
        178
      ]
    ],
    [
      [
        744,
        178
      ]
    ],
    [
      [
        742,
        180
      ]
    ],
    [
      [
        740,
        180
      ]
    ],
    [
      [
        738,
        182
      ]
    ],
    [
      [
        737,
        182
      ]
    ],
    [
      [
        736,
        183
      ]
    ],
    [
      [
        735,
        183
      ]
    ],
    [
      [
        734,
        184
      ]
    ],
    [
      [
        732,
        184
      ]
    ],
    [
      [
        731,
        185
      ]
    ],
    [
      [
        730,
        185
      ]
    ],
    [
      [
        728,
        187
      ]
    ],
    [
      [
        727,
        187
      ]
    ],
    [
      [
        725,
        189
      ]
    ],
    [
      [
        723,
        189
      ]
    ],
    [
      [
        722,
        190
      ]
    ],
    [
      [
        720,
        190
      ]
    ],
    [
      [
        719,
        191
      ]
    ],
    [
      [
        718,
        191
      ]
    ],
    [
      [
        715,
        194
      ]
    ],
    [
      [
        714,
        194
      ]
    ],
    [
      [
        713,
        195
      ]
    ],
    [
      [
        712,
        195
      ]
    ],
    [
      [
        711,
        196
      ]
    ],
    [
      [
        710,
        196
      ]
    ],
    [
      [
        709,
        197
      ]
    ],
    [
      [
        707,
        197
      ]
    ],
    [
      [
        706,
        198
      ]
    ],
    [
      [
        704,
        198
      ]
    ],
    [
      [
        703,
        199
      ]
    ],
    [
      [
        702,
        199
      ]
    ],
    [
      [
        701,
        200
      ]
    ],
    [
      [
        700,
        200
      ]
    ],
    [
      [
        699,
        201
      ]
    ],
    [
      [
        698,
        201
      ]
    ],
    [
      [
        697,
        202
      ]
    ],
    [
      [
        696,
        202
      ]
    ],
    [
      [
        695,
        203
      ]
    ],
    [
      [
        694,
        203
      ]
    ],
    [
      [
        693,
        204
      ]
    ],
    [
      [
        692,
        204
      ]
    ],
    [
      [
        690,
        206
      ]
    ],
    [
      [
        689,
        206
      ]
    ],
    [
      [
        688,
        207
      ]
    ],
    [
      [
        687,
        207
      ]
    ],
    [
      [
        686,
        208
      ]
    ],
    [
      [
        685,
        208
      ]
    ],
    [
      [
        684,
        209
      ]
    ],
    [
      [
        679,
        209
      ]
    ],
    [
      [
        679,
        211
      ]
    ],
    [
      [
        678,
        212
      ]
    ],
    [
      [
        676,
        212
      ]
    ],
    [
      [
        674,
        214
      ]
    ],
    [
      [
        673,
        214
      ]
    ],
    [
      [
        672,
        215
      ]
    ],
    [
      [
        671,
        215
      ]
    ],
    [
      [
        670,
        216
      ]
    ],
    [
      [
        669,
        216
      ]
    ],
    [
      [
        668,
        217
      ]
    ],
    [
      [
        667,
        217
      ]
    ],
    [
      [
        665,
        219
      ]
    ],
    [
      [
        663,
        219
      ]
    ],
    [
      [
        661,
        221
      ]
    ],
    [
      [
        659,
        221
      ]
    ],
    [
      [
        658,
        222
      ]
    ],
    [
      [
        656,
        222
      ]
    ],
    [
      [
        654,
        224
      ]
    ],
    [
      [
        653,
        224
      ]
    ],
    [
      [
        651,
        226
      ]
    ],
    [
      [
        648,
        226
      ]
    ],
    [
      [
        646,
        228
      ]
    ],
    [
      [
        645,
        228
      ]
    ],
    [
      [
        644,
        229
      ]
    ],
    [
      [
        643,
        229
      ]
    ],
    [
      [
        642,
        230
      ]
    ],
    [
      [
        640,
        230
      ]
    ],
    [
      [
        638,
        232
      ]
    ],
    [
      [
        637,
        232
      ]
    ],
    [
      [
        636,
        233
      ]
    ],
    [
      [
        635,
        233
      ]
    ],
    [
      [
        634,
        234
      ]
    ],
    [
      [
        633,
        234
      ]
    ],
    [
      [
        632,
        235
      ]
    ],
    [
      [
        614,
        235
      ]
    ],
    [
      [
        613,
        234
      ]
    ],
    [
      [
        606,
        234
      ]
    ],
    [
      [
        604,
        232
      ]
    ],
    [
      [
        604,
        231
      ]
    ],
    [
      [
        603,
        230
      ]
    ],
    [
      [
        603,
        229
      ]
    ],
    [
      [
        600,
        226
      ]
    ],
    [
      [
        591,
        226
      ]
    ],
    [
      [
        591,
        227
      ]
    ],
    [
      [
        590,
        228
      ]
    ],
    [
      [
        590,
        229
      ]
    ],
    [
      [
        589,
        230
      ]
    ],
    [
      [
        575,
        230
      ]
    ],
    [
      [
        572,
        233
      ]
    ],
    [
      [
        570,
        233
      ]
    ],
    [
      [
        568,
        235
      ]
    ],
    [
      [
        566,
        235
      ]
    ],
    [
      [
        565,
        236
      ]
    ],
    [
      [
        563,
        236
      ]
    ],
    [
      [
        561,
        238
      ]
    ],
    [
      [
        560,
        238
      ]
    ],
    [
      [
        559,
        239
      ]
    ],
    [
      [
        557,
        239
      ]
    ],
    [
      [
        554,
        242
      ]
    ],
    [
      [
        551,
        242
      ]
    ],
    [
      [
        550,
        243
      ]
    ],
    [
      [
        549,
        243
      ]
    ],
    [
      [
        548,
        244
      ]
    ],
    [
      [
        547,
        244
      ]
    ],
    [
      [
        546,
        245
      ]
    ],
    [
      [
        545,
        245
      ]
    ],
    [
      [
        543,
        247
      ]
    ],
    [
      [
        542,
        247
      ]
    ],
    [
      [
        541,
        248
      ]
    ],
    [
      [
        540,
        248
      ]
    ],
    [
      [
        539,
        249
      ]
    ],
    [
      [
        538,
        249
      ]
    ],
    [
      [
        537,
        250
      ]
    ],
    [
      [
        536,
        250
      ]
    ],
    [
      [
        535,
        251
      ]
    ],
    [
      [
        533,
        251
      ]
    ],
    [
      [
        533,
        252
      ]
    ],
    [
      [
        532,
        253
      ]
    ],
    [
      [
        530,
        253
      ]
    ],
    [
      [
        529,
        254
      ]
    ],
    [
      [
        528,
        254
      ]
    ],
    [
      [
        527,
        255
      ]
    ],
    [
      [
        526,
        255
      ]
    ],
    [
      [
        525,
        256
      ]
    ],
    [
      [
        524,
        256
      ]
    ],
    [
      [
        523,
        257
      ]
    ],
    [
      [
        522,
        257
      ]
    ],
    [
      [
        521,
        258
      ]
    ],
    [
      [
        520,
        258
      ]
    ],
    [
      [
        519,
        259
      ]
    ],
    [
      [
        518,
        259
      ]
    ],
    [
      [
        517,
        260
      ]
    ],
    [
      [
        516,
        260
      ]
    ],
    [
      [
        515,
        261
      ]
    ],
    [
      [
        514,
        261
      ]
    ],
    [
      [
        512,
        263
      ]
    ],
    [
      [
        509,
        263
      ]
    ],
    [
      [
        506,
        266
      ]
    ],
    [
      [
        504,
        266
      ]
    ],
    [
      [
        503,
        267
      ]
    ],
    [
      [
        502,
        267
      ]
    ],
    [
      [
        500,
        269
      ]
    ],
    [
      [
        498,
        269
      ]
    ],
    [
      [
        495,
        272
      ]
    ],
    [
      [
        486,
        272
      ]
    ],
    [
      [
        486,
        275
      ]
    ],
    [
      [
        484,
        277
      ]
    ],
    [
      [
        483,
        277
      ]
    ],
    [
      [
        482,
        278
      ]
    ],
    [
      [
        481,
        278
      ]
    ],
    [
      [
        479,
        280
      ]
    ],
    [
      [
        478,
        280
      ]
    ],
    [
      [
        477,
        281
      ]
    ],
    [
      [
        476,
        281
      ]
    ],
    [
      [
        475,
        282
      ]
    ],
    [
      [
        474,
        282
      ]
    ],
    [
      [
        473,
        283
      ]
    ],
    [
      [
        472,
        283
      ]
    ],
    [
      [
        471,
        284
      ]
    ],
    [
      [
        470,
        284
      ]
    ],
    [
      [
        468,
        286
      ]
    ],
    [
      [
        466,
        286
      ]
    ],
    [
      [
        465,
        287
      ]
    ],
    [
      [
        464,
        287
      ]
    ],
    [
      [
        463,
        288
      ]
    ],
    [
      [
        462,
        288
      ]
    ],
    [
      [
        461,
        289
      ]
    ],
    [
      [
        460,
        289
      ]
    ],
    [
      [
        458,
        291
      ]
    ],
    [
      [
        457,
        291
      ]
    ],
    [
      [
        451,
        297
      ]
    ],
    [
      [
        451,
        298
      ]
    ],
    [
      [
        450,
        299
      ]
    ],
    [
      [
        450,
        300
      ]
    ],
    [
      [
        448,
        302
      ]
    ],
    [
      [
        448,
        305
      ]
    ],
    [
      [
        447,
        306
      ]
    ],
    [
      [
        447,
        314
      ]
    ],
    [
      [
        446,
        315
      ]
    ],
    [
      [
        446,
        323
      ]
    ],
    [
      [
        447,
        324
      ]
    ],
    [
      [
        447,
        325
      ]
    ],
    [
      [
        448,
        326
      ]
    ],
    [
      [
        448,
        329
      ]
    ],
    [
      [
        449,
        330
      ]
    ],
    [
      [
        449,
        332
      ]
    ],
    [
      [
        450,
        333
      ]
    ],
    [
      [
        450,
        335
      ]
    ],
    [
      [
        451,
        336
      ]
    ],
    [
      [
        451,
        337
      ]
    ],
    [
      [
        455,
        341
      ]
    ],
    [
      [
        455,
        345
      ]
    ],
    [
      [
        456,
        346
      ]
    ],
    [
      [
        456,
        347
      ]
    ],
    [
      [
        459,
        350
      ]
    ],
    [
      [
        459,
        351
      ]
    ],
    [
      [
        460,
        352
      ]
    ],
    [
      [
        460,
        354
      ]
    ],
    [
      [
        462,
        356
      ]
    ],
    [
      [
        462,
        358
      ]
    ],
    [
      [
        464,
        360
      ]
    ],
    [
      [
        464,
        361
      ]
    ],
    [
      [
        465,
        362
      ]
    ],
    [
      [
        465,
        365
      ]
    ],
    [
      [
        467,
        367
      ]
    ],
    [
      [
        467,
        369
      ]
    ],
    [
      [
        468,
        370
      ]
    ],
    [
      [
        468,
        371
      ]
    ],
    [
      [
        470,
        373
      ]
    ],
    [
      [
        470,
        374
      ]
    ],
    [
      [
        471,
        375
      ]
    ],
    [
      [
        471,
        376
      ]
    ],
    [
      [
        472,
        377
      ]
    ],
    [
      [
        472,
        378
      ]
    ],
    [
      [
        473,
        379
      ]
    ],
    [
      [
        473,
        380
      ]
    ],
    [
      [
        474,
        381
      ]
    ],
    [
      [
        474,
        383
      ]
    ],
    [
      [
        475,
        384
      ]
    ],
    [
      [
        475,
        385
      ]
    ],
    [
      [
        476,
        386
      ]
    ],
    [
      [
        476,
        387
      ]
    ],
    [
      [
        478,
        389
      ]
    ],
    [
      [
        478,
        423
      ]
    ],
    [
      [
        480,
        425
      ]
    ],
    [
      [
        490,
        425
      ]
    ],
    [
      [
        490,
        415
      ]
    ],
    [
      [
        489,
        414
      ]
    ],
    [
      [
        489,
        412
      ]
    ],
    [
      [
        488,
        411
      ]
    ],
    [
      [
        488,
        409
      ]
    ],
    [
      [
        486,
        407
      ]
    ],
    [
      [
        486,
        382
      ]
    ],
    [
      [
        487,
        381
      ]
    ],
    [
      [
        516,
        381
      ]
    ],
    [
      [
        517,
        382
      ]
    ],
    [
      [
        517,
        390
      ]
    ],
    [
      [
        518,
        391
      ]
    ],
    [
      [
        518,
        393
      ]
    ],
    [
      [
        519,
        394
      ]
    ],
    [
      [
        519,
        395
      ]
    ],
    [
      [
        532,
        395
      ]
    ],
    [
      [
        533,
        396
      ]
    ],
    [
      [
        533,
        421
      ]
    ],
    [
      [
        532,
        422
      ]
    ],
    [
      [
        529,
        422
      ]
    ],
    [
      [
        529,
        429
      ]
    ],
    [
      [
        531,
        431
      ]
    ],
    [
      [
        531,
        432
      ]
    ],
    [
      [
        532,
        433
      ]
    ],
    [
      [
        532,
        434
      ]
    ],
    [
      [
        535,
        437
      ]
    ],
    [
      [
        535,
        439
      ]
    ],
    [
      [
        536,
        440
      ]
    ],
    [
      [
        536,
        458
      ]
    ],
    [
      [
        535,
        459
      ]
    ],
    [
      [
        522,
        459
      ]
    ],
    [
      [
        522,
        460
      ]
    ],
    [
      [
        521,
        461
      ]
    ],
    [
      [
        521,
        469
      ]
    ],
    [
      [
        523,
        471
      ]
    ],
    [
      [
        530,
        471
      ]
    ],
    [
      [
        531,
        470
      ]
    ],
    [
      [
        531,
        465
      ]
    ],
    [
      [
        532,
        464
      ]
    ],
    [
      [
        549,
        464
      ]
    ],
    [
      [
        550,
        465
      ]
    ],
    [
      [
        550,
        467
      ]
    ],
    [
      [
        551,
        468
      ]
    ],
    [
      [
        551,
        469
      ]
    ],
    [
      [
        552,
        470
      ]
    ],
    [
      [
        552,
        471
      ]
    ],
    [
      [
        553,
        472
      ]
    ],
    [
      [
        553,
        473
      ]
    ],
    [
      [
        555,
        475
      ]
    ],
    [
      [
        555,
        476
      ]
    ],
    [
      [
        557,
        478
      ]
    ],
    [
      [
        557,
        479
      ]
    ],
    [
      [
        558,
        480
      ]
    ],
    [
      [
        558,
        482
      ]
    ],
    [
      [
        559,
        483
      ]
    ],
    [
      [
        559,
        484
      ]
    ],
    [
      [
        560,
        485
      ]
    ],
    [
      [
        560,
        487
      ]
    ],
    [
      [
        562,
        489
      ]
    ],
    [
      [
        562,
        490
      ]
    ],
    [
      [
        564,
        492
      ]
    ],
    [
      [
        564,
        494
      ]
    ],
    [
      [
        565,
        495
      ]
    ],
    [
      [
        565,
        497
      ]
    ],
    [
      [
        567,
        499
      ]
    ],
    [
      [
        567,
        500
      ]
    ],
    [
      [
        568,
        501
      ]
    ],
    [
      [
        568,
        503
      ]
    ],
    [
      [
        569,
        504
      ]
    ],
    [
      [
        569,
        505
      ]
    ],
    [
      [
        570,
        506
      ]
    ],
    [
      [
        570,
        507
      ]
    ],
    [
      [
        572,
        509
      ]
    ],
    [
      [
        572,
        511
      ]
    ],
    [
      [
        574,
        513
      ]
    ],
    [
      [
        574,
        514
      ]
    ],
    [
      [
        575,
        515
      ]
    ],
    [
      [
        575,
        516
      ]
    ],
    [
      [
        576,
        517
      ]
    ],
    [
      [
        576,
        518
      ]
    ],
    [
      [
        578,
        520
      ]
    ],
    [
      [
        578,
        522
      ]
    ],
    [
      [
        580,
        524
      ]
    ],
    [
      [
        580,
        526
      ]
    ],
    [
      [
        581,
        527
      ]
    ],
    [
      [
        581,
        528
      ]
    ],
    [
      [
        582,
        529
      ]
    ],
    [
      [
        582,
        530
      ]
    ],
    [
      [
        583,
        531
      ]
    ],
    [
      [
        583,
        532
      ]
    ],
    [
      [
        585,
        534
      ]
    ],
    [
      [
        585,
        535
      ]
    ],
    [
      [
        586,
        536
      ]
    ],
    [
      [
        586,
        537
      ]
    ],
    [
      [
        587,
        538
      ]
    ],
    [
      [
        587,
        539
      ]
    ],
    [
      [
        588,
        540
      ]
    ],
    [
      [
        588,
        541
      ]
    ],
    [
      [
        589,
        542
      ]
    ],
    [
      [
        589,
        543
      ]
    ],
    [
      [
        590,
        544
      ]
    ],
    [
      [
        590,
        546
      ]
    ],
    [
      [
        591,
        547
      ]
    ],
    [
      [
        591,
        549
      ]
    ],
    [
      [
        592,
        549
      ]
    ],
    [
      [
        594,
        551
      ]
    ],
    [
      [
        594,
        552
      ]
    ],
    [
      [
        595,
        553
      ]
    ],
    [
      [
        595,
        555
      ]
    ],
    [
      [
        597,
        557
      ]
    ],
    [
      [
        597,
        558
      ]
    ],
    [
      [
        598,
        559
      ]
    ],
    [
      [
        598,
        560
      ]
    ],
    [
      [
        599,
        561
      ]
    ],
    [
      [
        599,
        562
      ]
    ],
    [
      [
        600,
        563
      ]
    ],
    [
      [
        600,
        581
      ]
    ],
    [
      [
        599,
        582
      ]
    ],
    [
      [
        587,
        582
      ]
    ],
    [
      [
        587,
        603
      ]
    ],
    [
      [
        586,
        604
      ]
    ],
    [
      [
        586,
        611
      ]
    ],
    [
      [
        587,
        612
      ]
    ],
    [
      [
        588,
        612
      ]
    ],
    [
      [
        589,
        613
      ]
    ],
    [
      [
        589,
        615
      ]
    ],
    [
      [
        590,
        616
      ]
    ],
    [
      [
        590,
        618
      ]
    ],
    [
      [
        591,
        619
      ]
    ],
    [
      [
        591,
        623
      ]
    ],
    [
      [
        592,
        624
      ]
    ],
    [
      [
        593,
        624
      ]
    ],
    [
      [
        595,
        626
      ]
    ],
    [
      [
        595,
        629
      ]
    ],
    [
      [
        596,
        629
      ]
    ],
    [
      [
        597,
        630
      ]
    ],
    [
      [
        597,
        631
      ]
    ],
    [
      [
        600,
        634
      ]
    ],
    [
      [
        600,
        635
      ]
    ],
    [
      [
        602,
        637
      ]
    ],
    [
      [
        602,
        639
      ]
    ],
    [
      [
        603,
        640
      ]
    ],
    [
      [
        603,
        641
      ]
    ],
    [
      [
        604,
        642
      ]
    ],
    [
      [
        604,
        643
      ]
    ],
    [
      [
        605,
        644
      ]
    ],
    [
      [
        605,
        646
      ]
    ],
    [
      [
        607,
        648
      ]
    ],
    [
      [
        607,
        649
      ]
    ],
    [
      [
        610,
        652
      ]
    ],
    [
      [
        610,
        654
      ]
    ],
    [
      [
        611,
        655
      ]
    ],
    [
      [
        611,
        657
      ]
    ],
    [
      [
        612,
        658
      ]
    ],
    [
      [
        612,
        659
      ]
    ],
    [
      [
        614,
        661
      ]
    ],
    [
      [
        614,
        664
      ]
    ],
    [
      [
        624,
        664
      ]
    ],
    [
      [
        625,
        665
      ]
    ],
    [
      [
        625,
        666
      ]
    ],
    [
      [
        629,
        670
      ]
    ],
    [
      [
        629,
        673
      ]
    ],
    [
      [
        630,
        673
      ]
    ],
    [
      [
        631,
        674
      ]
    ],
    [
      [
        631,
        676
      ]
    ],
    [
      [
        632,
        677
      ]
    ],
    [
      [
        632,
        678
      ]
    ],
    [
      [
        633,
        679
      ]
    ],
    [
      [
        639,
        679
      ]
    ],
    [
      [
        641,
        681
      ]
    ],
    [
      [
        641,
        683
      ]
    ],
    [
      [
        642,
        683
      ]
    ],
    [
      [
        643,
        684
      ]
    ],
    [
      [
        643,
        688
      ]
    ],
    [
      [
        644,
        689
      ]
    ],
    [
      [
        644,
        690
      ]
    ],
    [
      [
        647,
        693
      ]
    ],
    [
      [
        647,
        694
      ]
    ],
    [
      [
        648,
        695
      ]
    ],
    [
      [
        648,
        697
      ]
    ],
    [
      [
        649,
        697
      ]
    ],
    [
      [
        650,
        698
      ]
    ],
    [
      [
        650,
        701
      ]
    ],
    [
      [
        651,
        701
      ]
    ],
    [
      [
        653,
        703
      ]
    ],
    [
      [
        653,
        704
      ]
    ],
    [
      [
        654,
        705
      ]
    ],
    [
      [
        654,
        706
      ]
    ],
    [
      [
        655,
        707
      ]
    ],
    [
      [
        655,
        708
      ]
    ],
    [
      [
        657,
        710
      ]
    ],
    [
      [
        657,
        711
      ]
    ],
    [
      [
        658,
        712
      ]
    ],
    [
      [
        658,
        715
      ]
    ],
    [
      [
        660,
        717
      ]
    ],
    [
      [
        660,
        718
      ]
    ],
    [
      [
        661,
        718
      ]
    ],
    [
      [
        662,
        719
      ]
    ],
    [
      [
        662,
        721
      ]
    ],
    [
      [
        663,
        722
      ]
    ],
    [
      [
        663,
        723
      ]
    ],
    [
      [
        664,
        724
      ]
    ],
    [
      [
        664,
        726
      ]
    ],
    [
      [
        665,
        727
      ]
    ],
    [
      [
        665,
        735
      ]
    ],
    [
      [
        666,
        736
      ]
    ],
    [
      [
        666,
        737
      ]
    ],
    [
      [
        669,
        737
      ]
    ],
    [
      [
        673,
        741
      ]
    ],
    [
      [
        673,
        744
      ]
    ],
    [
      [
        674,
        745
      ]
    ],
    [
      [
        674,
        768
      ]
    ],
    [
      [
        676,
        768
      ]
    ],
    [
      [
        677,
        769
      ]
    ],
    [
      [
        677,
        770
      ]
    ],
    [
      [
        679,
        772
      ]
    ],
    [
      [
        679,
        773
      ]
    ],
    [
      [
        682,
        776
      ]
    ],
    [
      [
        682,
        779
      ]
    ],
    [
      [
        683,
        780
      ]
    ],
    [
      [
        683,
        781
      ]
    ],
    [
      [
        684,
        782
      ]
    ],
    [
      [
        684,
        795
      ]
    ],
    [
      [
        685,
        795
      ]
    ],
    [
      [
        687,
        797
      ]
    ],
    [
      [
        687,
        801
      ]
    ],
    [
      [
        689,
        801
      ]
    ],
    [
      [
        690,
        802
      ]
    ],
    [
      [
        690,
        803
      ]
    ],
    [
      [
        692,
        805
      ]
    ],
    [
      [
        692,
        807
      ]
    ],
    [
      [
        694,
        809
      ]
    ],
    [
      [
        694,
        810
      ]
    ],
    [
      [
        695,
        811
      ]
    ],
    [
      [
        695,
        814
      ]
    ],
    [
      [
        701,
        814
      ]
    ],
    [
      [
        701,
        813
      ]
    ],
    [
      [
        703,
        811
      ]
    ],
    [
      [
        704,
        811
      ]
    ],
    [
      [
        704,
        799
      ]
    ],
    [
      [
        705,
        798
      ]
    ],
    [
      [
        722,
        798
      ]
    ],
    [
      [
        725,
        801
      ]
    ],
    [
      [
        725,
        803
      ]
    ],
    [
      [
        726,
        804
      ]
    ],
    [
      [
        726,
        813
      ]
    ],
    [
      [
        727,
        813
      ]
    ],
    [
      [
        728,
        814
      ]
    ],
    [
      [
        728,
        816
      ]
    ],
    [
      [
        729,
        817
      ]
    ],
    [
      [
        729,
        818
      ]
    ],
    [
      [
        730,
        819
      ]
    ],
    [
      [
        730,
        820
      ]
    ],
    [
      [
        734,
        820
      ]
    ],
    [
      [
        736,
        822
      ]
    ],
    [
      [
        736,
        824
      ]
    ],
    [
      [
        737,
        825
      ]
    ],
    [
      [
        737,
        826
      ]
    ],
    [
      [
        738,
        827
      ]
    ],
    [
      [
        738,
        828
      ]
    ],
    [
      [
        740,
        830
      ]
    ],
    [
      [
        740,
        831
      ]
    ],
    [
      [
        741,
        832
      ]
    ],
    [
      [
        741,
        833
      ]
    ],
    [
      [
        743,
        835
      ]
    ],
    [
      [
        743,
        837
      ]
    ],
    [
      [
        745,
        839
      ]
    ],
    [
      [
        745,
        840
      ]
    ],
    [
      [
        746,
        841
      ]
    ],
    [
      [
        746,
        843
      ]
    ],
    [
      [
        749,
        846
      ]
    ],
    [
      [
        749,
        847
      ]
    ],
    [
      [
        750,
        848
      ]
    ],
    [
      [
        750,
        850
      ]
    ],
    [
      [
        752,
        852
      ]
    ],
    [
      [
        752,
        853
      ]
    ],
    [
      [
        753,
        854
      ]
    ],
    [
      [
        753,
        855
      ]
    ],
    [
      [
        754,
        856
      ]
    ],
    [
      [
        754,
        857
      ]
    ],
    [
      [
        755,
        858
      ]
    ],
    [
      [
        755,
        859
      ]
    ],
    [
      [
        756,
        860
      ]
    ],
    [
      [
        756,
        861
      ]
    ],
    [
      [
        758,
        863
      ]
    ],
    [
      [
        758,
        864
      ]
    ],
    [
      [
        759,
        865
      ]
    ],
    [
      [
        759,
        867
      ]
    ],
    [
      [
        760,
        867
      ]
    ],
    [
      [
        762,
        869
      ]
    ],
    [
      [
        762,
        870
      ]
    ],
    [
      [
        763,
        871
      ]
    ],
    [
      [
        763,
        873
      ]
    ],
    [
      [
        765,
        875
      ]
    ],
    [
      [
        765,
        876
      ]
    ],
    [
      [
        766,
        877
      ]
    ],
    [
      [
        766,
        878
      ]
    ],
    [
      [
        768,
        880
      ]
    ],
    [
      [
        768,
        882
      ]
    ],
    [
      [
        769,
        883
      ]
    ],
    [
      [
        769,
        884
      ]
    ],
    [
      [
        770,
        885
      ]
    ],
    [
      [
        770,
        886
      ]
    ],
    [
      [
        772,
        888
      ]
    ],
    [
      [
        772,
        889
      ]
    ],
    [
      [
        773,
        890
      ]
    ],
    [
      [
        773,
        891
      ]
    ],
    [
      [
        775,
        893
      ]
    ],
    [
      [
        775,
        895
      ]
    ],
    [
      [
        776,
        896
      ]
    ],
    [
      [
        776,
        897
      ]
    ],
    [
      [
        778,
        899
      ]
    ],
    [
      [
        778,
        900
      ]
    ],
    [
      [
        779,
        901
      ]
    ],
    [
      [
        779,
        920
      ]
    ],
    [
      [
        778,
        921
      ]
    ],
    [
      [
        766,
        921
      ]
    ],
    [
      [
        765,
        922
      ]
    ],
    [
      [
        759,
        922
      ]
    ],
    [
      [
        759,
        928
      ]
    ],
    [
      [
        760,
        929
      ]
    ],
    [
      [
        761,
        929
      ]
    ],
    [
      [
        762,
        930
      ]
    ],
    [
      [
        762,
        931
      ]
    ],
    [
      [
        764,
        931
      ]
    ],
    [
      [
        766,
        933
      ]
    ],
    [
      [
        766,
        937
      ]
    ],
    [
      [
        770,
        941
      ]
    ],
    [
      [
        770,
        942
      ]
    ],
    [
      [
        771,
        943
      ]
    ],
    [
      [
        771,
        945
      ]
    ],
    [
      [
        773,
        947
      ]
    ],
    [
      [
        773,
        948
      ]
    ],
    [
      [
        774,
        949
      ]
    ],
    [
      [
        774,
        950
      ]
    ],
    [
      [
        775,
        951
      ]
    ],
    [
      [
        775,
        952
      ]
    ],
    [
      [
        776,
        953
      ]
    ],
    [
      [
        776,
        954
      ]
    ],
    [
      [
        778,
        956
      ]
    ],
    [
      [
        782,
        956
      ]
    ],
    [
      [
        784,
        958
      ]
    ],
    [
      [
        784,
        959
      ]
    ],
    [
      [
        786,
        961
      ]
    ],
    [
      [
        786,
        966
      ]
    ],
    [
      [
        793,
        966
      ]
    ],
    [
      [
        793,
        964
      ]
    ],
    [
      [
        794,
        963
      ]
    ],
    [
      [
        811,
        963
      ]
    ],
    [
      [
        812,
        964
      ]
    ],
    [
      [
        813,
        964
      ]
    ],
    [
      [
        817,
        968
      ]
    ],
    [
      [
        819,
        968
      ]
    ],
    [
      [
        821,
        970
      ]
    ],
    [
      [
        821,
        993
      ]
    ],
    [
      [
        824,
        996
      ]
    ],
    [
      [
        824,
        997
      ]
    ],
    [
      [
        825,
        998
      ]
    ],
    [
      [
        825,
        999
      ]
    ],
    [
      [
        826,
        1000
      ]
    ],
    [
      [
        826,
        1003
      ]
    ],
    [
      [
        829,
        1006
      ]
    ],
    [
      [
        835,
        1006
      ]
    ],
    [
      [
        836,
        1007
      ]
    ],
    [
      [
        836,
        1028
      ]
    ],
    [
      [
        835,
        1029
      ]
    ],
    [
      [
        834,
        1029
      ]
    ],
    [
      [
        834,
        1030
      ]
    ],
    [
      [
        833,
        1031
      ]
    ],
    [
      [
        832,
        1031
      ]
    ],
    [
      [
        830,
        1033
      ]
    ],
    [
      [
        829,
        1033
      ]
    ],
    [
      [
        829,
        1039
      ]
    ],
    [
      [
        830,
        1040
      ]
    ],
    [
      [
        830,
        1041
      ]
    ],
    [
      [
        831,
        1042
      ]
    ],
    [
      [
        836,
        1042
      ]
    ],
    [
      [
        837,
        1043
      ]
    ],
    [
      [
        843,
        1043
      ]
    ],
    [
      [
        844,
        1042
      ]
    ],
    [
      [
        845,
        1042
      ]
    ],
    [
      [
        846,
        1041
      ]
    ],
    [
      [
        848,
        1041
      ]
    ],
    [
      [
        849,
        1040
      ]
    ],
    [
      [
        851,
        1040
      ]
    ],
    [
      [
        853,
        1038
      ]
    ],
    [
      [
        859,
        1038
      ]
    ],
    [
      [
        862,
        1035
      ]
    ],
    [
      [
        865,
        1035
      ]
    ],
    [
      [
        866,
        1034
      ]
    ],
    [
      [
        868,
        1034
      ]
    ],
    [
      [
        869,
        1033
      ]
    ],
    [
      [
        870,
        1033
      ]
    ],
    [
      [
        873,
        1030
      ]
    ],
    [
      [
        875,
        1030
      ]
    ],
    [
      [
        876,
        1029
      ]
    ],
    [
      [
        878,
        1029
      ]
    ],
    [
      [
        879,
        1028
      ]
    ],
    [
      [
        880,
        1028
      ]
    ],
    [
      [
        881,
        1027
      ]
    ],
    [
      [
        884,
        1027
      ]
    ],
    [
      [
        887,
        1024
      ]
    ],
    [
      [
        888,
        1024
      ]
    ],
    [
      [
        889,
        1023
      ]
    ],
    [
      [
        891,
        1023
      ]
    ],
    [
      [
        893,
        1021
      ]
    ],
    [
      [
        894,
        1021
      ]
    ],
    [
      [
        895,
        1020
      ]
    ],
    [
      [
        896,
        1020
      ]
    ],
    [
      [
        897,
        1019
      ]
    ],
    [
      [
        900,
        1019
      ]
    ],
    [
      [
        902,
        1017
      ]
    ],
    [
      [
        903,
        1017
      ]
    ],
    [
      [
        905,
        1015
      ]
    ],
    [
      [
        906,
        1015
      ]
    ],
    [
      [
        907,
        1014
      ]
    ],
    [
      [
        908,
        1014
      ]
    ],
    [
      [
        909,
        1013
      ]
    ],
    [
      [
        911,
        1013
      ]
    ],
    [
      [
        913,
        1011
      ]
    ],
    [
      [
        914,
        1011
      ]
    ],
    [
      [
        915,
        1010
      ]
    ],
    [
      [
        917,
        1010
      ]
    ],
    [
      [
        919,
        1008
      ]
    ],
    [
      [
        920,
        1008
      ]
    ],
    [
      [
        921,
        1007
      ]
    ],
    [
      [
        922,
        1007
      ]
    ],
    [
      [
        924,
        1005
      ]
    ],
    [
      [
        926,
        1005
      ]
    ],
    [
      [
        927,
        1004
      ]
    ],
    [
      [
        930,
        1004
      ]
    ],
    [
      [
        933,
        1001
      ]
    ],
    [
      [
        934,
        1001
      ]
    ],
    [
      [
        936,
        999
      ]
    ],
    [
      [
        938,
        999
      ]
    ],
    [
      [
        939,
        998
      ]
    ],
    [
      [
        941,
        998
      ]
    ],
    [
      [
        942,
        997
      ]
    ],
    [
      [
        943,
        997
      ]
    ],
    [
      [
        945,
        995
      ]
    ],
    [
      [
        947,
        995
      ]
    ],
    [
      [
        949,
        993
      ]
    ],
    [
      [
        950,
        993
      ]
    ],
    [
      [
        951,
        992
      ]
    ],
    [
      [
        953,
        992
      ]
    ],
    [
      [
        955,
        990
      ]
    ],
    [
      [
        957,
        990
      ]
    ],
    [
      [
        958,
        989
      ]
    ],
    [
      [
        959,
        989
      ]
    ],
    [
      [
        960,
        988
      ]
    ],
    [
      [
        962,
        988
      ]
    ],
    [
      [
        963,
        987
      ]
    ],
    [
      [
        964,
        987
      ]
    ],
    [
      [
        965,
        986
      ]
    ],
    [
      [
        969,
        986
      ]
    ],
    [
      [
        972,
        983
      ]
    ],
    [
      [
        973,
        983
      ]
    ],
    [
      [
        974,
        982
      ]
    ],
    [
      [
        974,
        981
      ]
    ],
    [
      [
        976,
        979
      ]
    ],
    [
      [
        978,
        979
      ]
    ],
    [
      [
        979,
        978
      ]
    ],
    [
      [
        979,
        969
      ]
    ],
    [
      [
        980,
        968
      ]
    ],
    [
      [
        998,
        968
      ]
    ],
    [
      [
        999,
        967
      ]
    ],
    [
      [
        1002,
        967
      ]
    ],
    [
      [
        1003,
        966
      ]
    ],
    [
      [
        1005,
        966
      ]
    ],
    [
      [
        1008,
        963
      ]
    ],
    [
      [
        1011,
        963
      ]
    ],
    [
      [
        1012,
        962
      ]
    ],
    [
      [
        1014,
        962
      ]
    ],
    [
      [
        1015,
        961
      ]
    ],
    [
      [
        1017,
        961
      ]
    ],
    [
      [
        1019,
        959
      ]
    ],
    [
      [
        1020,
        959
      ]
    ],
    [
      [
        1022,
        957
      ]
    ],
    [
      [
        1023,
        957
      ]
    ],
    [
      [
        1025,
        955
      ]
    ],
    [
      [
        1027,
        955
      ]
    ],
    [
      [
        1028,
        954
      ]
    ],
    [
      [
        1031,
        954
      ]
    ],
    [
      [
        1032,
        953
      ]
    ],
    [
      [
        1033,
        953
      ]
    ],
    [
      [
        1034,
        952
      ]
    ],
    [
      [
        1035,
        952
      ]
    ],
    [
      [
        1037,
        950
      ]
    ],
    [
      [
        1039,
        950
      ]
    ],
    [
      [
        1041,
        948
      ]
    ],
    [
      [
        1042,
        948
      ]
    ],
    [
      [
        1043,
        947
      ]
    ],
    [
      [
        1046,
        947
      ]
    ],
    [
      [
        1048,
        945
      ]
    ],
    [
      [
        1049,
        945
      ]
    ],
    [
      [
        1050,
        944
      ]
    ],
    [
      [
        1050,
        932
      ]
    ],
    [
      [
        1053,
        929
      ]
    ],
    [
      [
        1056,
        929
      ]
    ],
    [
      [
        1057,
        928
      ]
    ],
    [
      [
        1058,
        928
      ]
    ],
    [
      [
        1060,
        926
      ]
    ],
    [
      [
        1061,
        926
      ]
    ],
    [
      [
        1062,
        925
      ]
    ],
    [
      [
        1063,
        925
      ]
    ],
    [
      [
        1064,
        924
      ]
    ],
    [
      [
        1065,
        924
      ]
    ],
    [
      [
        1067,
        922
      ]
    ],
    [
      [
        1069,
        922
      ]
    ],
    [
      [
        1070,
        921
      ]
    ],
    [
      [
        1071,
        921
      ]
    ],
    [
      [
        1072,
        920
      ]
    ],
    [
      [
        1074,
        920
      ]
    ],
    [
      [
        1075,
        919
      ]
    ],
    [
      [
        1077,
        919
      ]
    ],
    [
      [
        1078,
        918
      ]
    ],
    [
      [
        1080,
        918
      ]
    ],
    [
      [
        1081,
        917
      ]
    ],
    [
      [
        1082,
        917
      ]
    ],
    [
      [
        1082,
        916
      ]
    ],
    [
      [
        1083,
        915
      ]
    ],
    [
      [
        1085,
        915
      ]
    ],
    [
      [
        1086,
        914
      ]
    ],
    [
      [
        1088,
        914
      ]
    ],
    [
      [
        1089,
        913
      ]
    ],
    [
      [
        1090,
        913
      ]
    ],
    [
      [
        1092,
        911
      ]
    ],
    [
      [
        1093,
        911
      ]
    ],
    [
      [
        1094,
        910
      ]
    ],
    [
      [
        1096,
        910
      ]
    ],
    [
      [
        1097,
        909
      ]
    ],
    [
      [
        1098,
        909
      ]
    ],
    [
      [
        1099,
        908
      ]
    ],
    [
      [
        1100,
        908
      ]
    ],
    [
      [
        1101,
        907
      ]
    ],
    [
      [
        1118,
        907
      ]
    ],
    [
      [
        1119,
        908
      ]
    ],
    [
      [
        1119,
        911
      ]
    ],
    [
      [
        1126,
        911
      ]
    ],
    [
      [
        1127,
        910
      ]
    ],
    [
      [
        1128,
        910
      ]
    ],
    [
      [
        1129,
        909
      ]
    ],
    [
      [
        1130,
        909
      ]
    ],
    [
      [
        1133,
        906
      ]
    ],
    [
      [
        1135,
        906
      ]
    ],
    [
      [
        1136,
        905
      ]
    ],
    [
      [
        1138,
        905
      ]
    ],
    [
      [
        1139,
        904
      ]
    ],
    [
      [
        1140,
        904
      ]
    ],
    [
      [
        1142,
        902
      ]
    ],
    [
      [
        1143,
        902
      ]
    ],
    [
      [
        1145,
        900
      ]
    ],
    [
      [
        1148,
        900
      ]
    ],
    [
      [
        1149,
        899
      ]
    ],
    [
      [
        1150,
        899
      ]
    ],
    [
      [
        1151,
        898
      ]
    ],
    [
      [
        1152,
        898
      ]
    ],
    [
      [
        1154,
        896
      ]
    ],
    [
      [
        1155,
        896
      ]
    ],
    [
      [
        1156,
        895
      ]
    ],
    [
      [
        1158,
        895
      ]
    ],
    [
      [
        1159,
        894
      ]
    ],
    [
      [
        1161,
        894
      ]
    ],
    [
      [
        1162,
        893
      ]
    ],
    [
      [
        1163,
        893
      ]
    ],
    [
      [
        1165,
        891
      ]
    ],
    [
      [
        1167,
        891
      ]
    ],
    [
      [
        1169,
        889
      ]
    ],
    [
      [
        1170,
        889
      ]
    ],
    [
      [
        1171,
        888
      ]
    ],
    [
      [
        1173,
        888
      ]
    ],
    [
      [
        1174,
        887
      ]
    ],
    [
      [
        1175,
        887
      ]
    ],
    [
      [
        1178,
        884
      ]
    ],
    [
      [
        1181,
        884
      ]
    ],
    [
      [
        1182,
        883
      ]
    ],
    [
      [
        1185,
        883
      ]
    ],
    [
      [
        1186,
        882
      ]
    ],
    [
      [
        1187,
        882
      ]
    ],
    [
      [
        1189,
        880
      ]
    ],
    [
      [
        1190,
        880
      ]
    ],
    [
      [
        1192,
        878
      ]
    ],
    [
      [
        1194,
        878
      ]
    ],
    [
      [
        1195,
        877
      ]
    ],
    [
      [
        1204,
        877
      ]
    ],
    [
      [
        1205,
        876
      ]
    ],
    [
      [
        1206,
        876
      ]
    ],
    [
      [
        1207,
        875
      ]
    ],
    [
      [
        1208,
        875
      ]
    ],
    [
      [
        1208,
        874
      ]
    ],
    [
      [
        1211,
        871
      ]
    ],
    [
      [
        1211,
        870
      ]
    ],
    [
      [
        1212,
        869
      ]
    ],
    [
      [
        1212,
        864
      ]
    ],
    [
      [
        1213,
        863
      ]
    ],
    [
      [
        1214,
        863
      ]
    ],
    [
      [
        1215,
        862
      ]
    ],
    [
      [
        1216,
        862
      ]
    ],
    [
      [
        1219,
        859
      ]
    ],
    [
      [
        1220,
        859
      ]
    ],
    [
      [
        1221,
        858
      ]
    ],
    [
      [
        1222,
        858
      ]
    ],
    [
      [
        1223,
        857
      ]
    ],
    [
      [
        1224,
        857
      ]
    ],
    [
      [
        1226,
        855
      ]
    ],
    [
      [
        1228,
        855
      ]
    ],
    [
      [
        1229,
        854
      ]
    ],
    [
      [
        1231,
        854
      ]
    ],
    [
      [
        1234,
        851
      ]
    ],
    [
      [
        1235,
        851
      ]
    ],
    [
      [
        1236,
        850
      ]
    ],
    [
      [
        1238,
        850
      ]
    ],
    [
      [
        1239,
        849
      ]
    ],
    [
      [
        1240,
        849
      ]
    ],
    [
      [
        1241,
        848
      ]
    ],
    [
      [
        1246,
        848
      ]
    ],
    [
      [
        1247,
        847
      ]
    ],
    [
      [
        1248,
        847
      ]
    ],
    [
      [
        1248,
        841
      ]
    ],
    [
      [
        1249,
        840
      ]
    ],
    [
      [
        1251,
        840
      ]
    ],
    [
      [
        1252,
        839
      ]
    ],
    [
      [
        1253,
        839
      ]
    ],
    [
      [
        1254,
        838
      ]
    ],
    [
      [
        1255,
        838
      ]
    ],
    [
      [
        1256,
        837
      ]
    ],
    [
      [
        1257,
        837
      ]
    ],
    [
      [
        1258,
        836
      ]
    ],
    [
      [
        1259,
        836
      ]
    ],
    [
      [
        1260,
        835
      ]
    ],
    [
      [
        1263,
        835
      ]
    ],
    [
      [
        1264,
        834
      ]
    ],
    [
      [
        1265,
        834
      ]
    ],
    [
      [
        1267,
        832
      ]
    ],
    [
      [
        1269,
        832
      ]
    ],
    [
      [
        1270,
        831
      ]
    ],
    [
      [
        1271,
        831
      ]
    ],
    [
      [
        1272,
        830
      ]
    ],
    [
      [
        1279,
        830
      ]
    ],
    [
      [
        1280,
        829
      ]
    ],
    [
      [
        1282,
        829
      ]
    ],
    [
      [
        1282,
        826
      ]
    ],
    [
      [
        1283,
        825
      ]
    ],
    [
      [
        1284,
        825
      ]
    ],
    [
      [
        1285,
        824
      ]
    ],
    [
      [
        1286,
        824
      ]
    ],
    [
      [
        1288,
        822
      ]
    ],
    [
      [
        1289,
        822
      ]
    ],
    [
      [
        1290,
        821
      ]
    ],
    [
      [
        1291,
        821
      ]
    ],
    [
      [
        1293,
        819
      ]
    ],
    [
      [
        1294,
        819
      ]
    ],
    [
      [
        1296,
        817
      ]
    ],
    [
      [
        1297,
        817
      ]
    ],
    [
      [
        1299,
        815
      ]
    ],
    [
      [
        1300,
        815
      ]
    ],
    [
      [
        1303,
        812
      ]
    ],
    [
      [
        1304,
        812
      ]
    ],
    [
      [
        1310,
        806
      ]
    ],
    [
      [
        1311,
        806
      ]
    ],
    [
      [
        1311,
        805
      ]
    ],
    [
      [
        1313,
        803
      ]
    ],
    [
      [
        1314,
        803
      ]
    ],
    [
      [
        1315,
        802
      ]
    ],
    [
      [
        1315,
        801
      ]
    ],
    [
      [
        1316,
        800
      ]
    ],
    [
      [
        1316,
        799
      ]
    ],
    [
      [
        1317,
        798
      ]
    ],
    [
      [
        1317,
        795
      ]
    ],
    [
      [
        1319,
        793
      ]
    ],
    [
      [
        1319,
        792
      ]
    ],
    [
      [
        1322,
        789
      ]
    ],
    [
      [
        1322,
        788
      ]
    ],
    [
      [
        1326,
        784
      ]
    ],
    [
      [
        1326,
        783
      ]
    ],
    [
      [
        1327,
        782
      ]
    ],
    [
      [
        1327,
        781
      ]
    ],
    [
      [
        1331,
        777
      ]
    ],
    [
      [
        1331,
        776
      ]
    ],
    [
      [
        1333,
        774
      ]
    ],
    [
      [
        1333,
        773
      ]
    ],
    [
      [
        1335,
        771
      ]
    ],
    [
      [
        1335,
        770
      ]
    ],
    [
      [
        1336,
        769
      ]
    ],
    [
      [
        1336,
        768
      ]
    ],
    [
      [
        1338,
        766
      ]
    ],
    [
      [
        1338,
        765
      ]
    ],
    [
      [
        1339,
        764
      ]
    ],
    [
      [
        1354,
        764
      ]
    ],
    [
      [
        1355,
        763
      ]
    ],
    [
      [
        1355,
        762
      ]
    ],
    [
      [
        1356,
        761
      ]
    ],
    [
      [
        1356,
        757
      ]
    ],
    [
      [
        1357,
        756
      ]
    ],
    [
      [
        1358,
        756
      ]
    ],
    [
      [
        1358,
        755
      ]
    ],
    [
      [
        1359,
        754
      ]
    ],
    [
      [
        1359,
        753
      ]
    ],
    [
      [
        1360,
        752
      ]
    ],
    [
      [
        1360,
        749
      ]
    ],
    [
      [
        1361,
        748
      ]
    ],
    [
      [
        1361,
        747
      ]
    ],
    [
      [
        1362,
        746
      ]
    ],
    [
      [
        1362,
        743
      ]
    ],
    [
      [
        1363,
        742
      ]
    ],
    [
      [
        1363,
        739
      ]
    ],
    [
      [
        1364,
        738
      ]
    ],
    [
      [
        1364,
        735
      ]
    ],
    [
      [
        1365,
        734
      ]
    ],
    [
      [
        1365,
        733
      ]
    ],
    [
      [
        1366,
        732
      ]
    ],
    [
      [
        1366,
        730
      ]
    ],
    [
      [
        1367,
        729
      ]
    ],
    [
      [
        1367,
        727
      ]
    ],
    [
      [
        1369,
        725
      ]
    ],
    [
      [
        1369,
        724
      ]
    ],
    [
      [
        1370,
        723
      ]
    ],
    [
      [
        1370,
        719
      ]
    ],
    [
      [
        1371,
        718
      ]
    ],
    [
      [
        1371,
        716
      ]
    ],
    [
      [
        1373,
        714
      ]
    ],
    [
      [
        1373,
        711
      ]
    ],
    [
      [
        1374,
        710
      ]
    ],
    [
      [
        1387,
        710
      ]
    ],
    [
      [
        1387,
        700
      ]
    ],
    [
      [
        1386,
        699
      ]
    ],
    [
      [
        1386,
        694
      ]
    ],
    [
      [
        1385,
        693
      ]
    ],
    [
      [
        1385,
        689
      ]
    ],
    [
      [
        1384,
        688
      ]
    ],
    [
      [
        1384,
        686
      ]
    ],
    [
      [
        1383,
        685
      ]
    ],
    [
      [
        1383,
        680
      ]
    ],
    [
      [
        1382,
        679
      ]
    ],
    [
      [
        1382,
        676
      ]
    ],
    [
      [
        1381,
        675
      ]
    ],
    [
      [
        1381,
        673
      ]
    ],
    [
      [
        1380,
        672
      ]
    ],
    [
      [
        1380,
        671
      ]
    ],
    [
      [
        1379,
        670
      ]
    ],
    [
      [
        1379,
        669
      ]
    ],
    [
      [
        1378,
        668
      ]
    ],
    [
      [
        1378,
        665
      ]
    ],
    [
      [
        1377,
        664
      ]
    ],
    [
      [
        1377,
        663
      ]
    ],
    [
      [
        1376,
        662
      ]
    ],
    [
      [
        1376,
        661
      ]
    ],
    [
      [
        1375,
        660
      ]
    ],
    [
      [
        1375,
        657
      ]
    ],
    [
      [
        1372,
        654
      ]
    ],
    [
      [
        1372,
        653
      ]
    ],
    [
      [
        1371,
        652
      ]
    ],
    [
      [
        1371,
        649
      ]
    ],
    [
      [
        1370,
        648
      ]
    ],
    [
      [
        1370,
        646
      ]
    ],
    [
      [
        1369,
        645
      ]
    ],
    [
      [
        1369,
        644
      ]
    ],
    [
      [
        1368,
        643
      ]
    ],
    [
      [
        1368,
        642
      ]
    ],
    [
      [
        1367,
        642
      ]
    ],
    [
      [
        1366,
        641
      ]
    ],
    [
      [
        1366,
        639
      ]
    ],
    [
      [
        1365,
        638
      ]
    ],
    [
      [
        1365,
        637
      ]
    ],
    [
      [
        1364,
        636
      ]
    ],
    [
      [
        1364,
        633
      ]
    ],
    [
      [
        1362,
        631
      ]
    ],
    [
      [
        1362,
        630
      ]
    ],
    [
      [
        1360,
        628
      ]
    ],
    [
      [
        1360,
        627
      ]
    ],
    [
      [
        1359,
        626
      ]
    ],
    [
      [
        1359,
        615
      ]
    ],
    [
      [
        1356,
        615
      ]
    ],
    [
      [
        1354,
        613
      ]
    ],
    [
      [
        1354,
        612
      ]
    ],
    [
      [
        1353,
        611
      ]
    ],
    [
      [
        1353,
        610
      ]
    ],
    [
      [
        1352,
        609
      ]
    ],
    [
      [
        1352,
        608
      ]
    ],
    [
      [
        1351,
        607
      ]
    ],
    [
      [
        1351,
        606
      ]
    ],
    [
      [
        1350,
        605
      ]
    ],
    [
      [
        1350,
        604
      ]
    ],
    [
      [
        1348,
        602
      ]
    ],
    [
      [
        1348,
        599
      ]
    ],
    [
      [
        1347,
        598
      ]
    ],
    [
      [
        1347,
        597
      ]
    ],
    [
      [
        1346,
        596
      ]
    ],
    [
      [
        1346,
        595
      ]
    ],
    [
      [
        1345,
        594
      ]
    ],
    [
      [
        1345,
        593
      ]
    ],
    [
      [
        1344,
        592
      ]
    ],
    [
      [
        1344,
        590
      ]
    ],
    [
      [
        1342,
        588
      ]
    ],
    [
      [
        1342,
        587
      ]
    ],
    [
      [
        1341,
        586
      ]
    ],
    [
      [
        1341,
        582
      ]
    ],
    [
      [
        1339,
        580
      ]
    ],
    [
      [
        1339,
        577
      ]
    ],
    [
      [
        1338,
        576
      ]
    ],
    [
      [
        1338,
        574
      ]
    ],
    [
      [
        1334,
        570
      ]
    ],
    [
      [
        1334,
        569
      ]
    ],
    [
      [
        1333,
        568
      ]
    ],
    [
      [
        1333,
        567
      ]
    ],
    [
      [
        1330,
        564
      ]
    ],
    [
      [
        1330,
        563
      ]
    ],
    [
      [
        1329,
        562
      ]
    ],
    [
      [
        1329,
        561
      ]
    ],
    [
      [
        1328,
        560
      ]
    ],
    [
      [
        1328,
        559
      ]
    ],
    [
      [
        1327,
        558
      ]
    ],
    [
      [
        1327,
        556
      ]
    ],
    [
      [
        1326,
        555
      ]
    ],
    [
      [
        1326,
        552
      ]
    ],
    [
      [
        1324,
        550
      ]
    ],
    [
      [
        1324,
        549
      ]
    ],
    [
      [
        1323,
        548
      ]
    ],
    [
      [
        1323,
        547
      ]
    ],
    [
      [
        1321,
        545
      ]
    ],
    [
      [
        1321,
        544
      ]
    ],
    [
      [
        1320,
        543
      ]
    ],
    [
      [
        1320,
        539
      ]
    ],
    [
      [
        1316,
        535
      ]
    ],
    [
      [
        1316,
        534
      ]
    ],
    [
      [
        1315,
        533
      ]
    ],
    [
      [
        1315,
        532
      ]
    ],
    [
      [
        1313,
        530
      ]
    ],
    [
      [
        1313,
        528
      ]
    ],
    [
      [
        1310,
        525
      ]
    ],
    [
      [
        1310,
        524
      ]
    ],
    [
      [
        1309,
        523
      ]
    ],
    [
      [
        1309,
        522
      ]
    ],
    [
      [
        1308,
        521
      ]
    ],
    [
      [
        1308,
        520
      ]
    ],
    [
      [
        1305,
        517
      ]
    ],
    [
      [
        1305,
        516
      ]
    ],
    [
      [
        1304,
        515
      ]
    ],
    [
      [
        1304,
        512
      ]
    ],
    [
      [
        1303,
        511
      ]
    ],
    [
      [
        1303,
        509
      ]
    ],
    [
      [
        1302,
        508
      ]
    ],
    [
      [
        1302,
        506
      ]
    ],
    [
      [
        1300,
        504
      ]
    ],
    [
      [
        1300,
        502
      ]
    ],
    [
      [
        1299,
        501
      ]
    ],
    [
      [
        1299,
        499
      ]
    ],
    [
      [
        1298,
        498
      ]
    ],
    [
      [
        1298,
        497
      ]
    ],
    [
      [
        1297,
        496
      ]
    ],
    [
      [
        1297,
        495
      ]
    ],
    [
      [
        1295,
        493
      ]
    ],
    [
      [
        1295,
        491
      ]
    ],
    [
      [
        1294,
        490
      ]
    ],
    [
      [
        1294,
        488
      ]
    ],
    [
      [
        1293,
        487
      ]
    ],
    [
      [
        1293,
        486
      ]
    ],
    [
      [
        1291,
        484
      ]
    ],
    [
      [
        1291,
        480
      ]
    ],
    [
      [
        1288,
        477
      ]
    ],
    [
      [
        1288,
        476
      ]
    ],
    [
      [
        1286,
        474
      ]
    ],
    [
      [
        1286,
        471
      ]
    ],
    [
      [
        1285,
        470
      ]
    ],
    [
      [
        1285,
        469
      ]
    ],
    [
      [
        1284,
        468
      ]
    ],
    [
      [
        1284,
        467
      ]
    ],
    [
      [
        1283,
        467
      ]
    ],
    [
      [
        1281,
        465
      ]
    ],
    [
      [
        1281,
        464
      ]
    ],
    [
      [
        1280,
        463
      ]
    ],
    [
      [
        1280,
        461
      ]
    ],
    [
      [
        1279,
        460
      ]
    ],
    [
      [
        1279,
        459
      ]
    ],
    [
      [
        1278,
        458
      ]
    ],
    [
      [
        1278,
        457
      ]
    ],
    [
      [
        1277,
        456
      ]
    ],
    [
      [
        1277,
        455
      ]
    ],
    [
      [
        1276,
        454
      ]
    ],
    [
      [
        1276,
        451
      ]
    ],
    [
      [
        1275,
        450
      ]
    ],
    [
      [
        1275,
        448
      ]
    ],
    [
      [
        1274,
        447
      ]
    ],
    [
      [
        1274,
        446
      ]
    ],
    [
      [
        1273,
        446
      ]
    ],
    [
      [
        1272,
        445
      ]
    ],
    [
      [
        1272,
        444
      ]
    ],
    [
      [
        1271,
        443
      ]
    ],
    [
      [
        1271,
        441
      ]
    ],
    [
      [
        1269,
        439
      ]
    ],
    [
      [
        1269,
        438
      ]
    ],
    [
      [
        1267,
        436
      ]
    ],
    [
      [
        1267,
        435
      ]
    ],
    [
      [
        1266,
        434
      ]
    ],
    [
      [
        1266,
        432
      ]
    ],
    [
      [
        1265,
        431
      ]
    ],
    [
      [
        1265,
        430
      ]
    ],
    [
      [
        1263,
        428
      ]
    ],
    [
      [
        1263,
        424
      ]
    ],
    [
      [
        1262,
        423
      ]
    ],
    [
      [
        1262,
        422
      ]
    ],
    [
      [
        1258,
        418
      ]
    ],
    [
      [
        1258,
        417
      ]
    ],
    [
      [
        1257,
        416
      ]
    ],
    [
      [
        1257,
        415
      ]
    ],
    [
      [
        1254,
        412
      ]
    ],
    [
      [
        1254,
        411
      ]
    ],
    [
      [
        1253,
        410
      ]
    ],
    [
      [
        1253,
        409
      ]
    ],
    [
      [
        1250,
        406
      ]
    ],
    [
      [
        1250,
        404
      ]
    ],
    [
      [
        1249,
        403
      ]
    ],
    [
      [
        1249,
        402
      ]
    ],
    [
      [
        1248,
        401
      ]
    ],
    [
      [
        1248,
        399
      ]
    ],
    [
      [
        1246,
        397
      ]
    ],
    [
      [
        1246,
        396
      ]
    ],
    [
      [
        1245,
        395
      ]
    ],
    [
      [
        1245,
        393
      ]
    ],
    [
      [
        1244,
        392
      ]
    ],
    [
      [
        1244,
        386
      ]
    ],
    [
      [
        1243,
        385
      ]
    ],
    [
      [
        1243,
        384
      ]
    ],
    [
      [
        1241,
        382
      ]
    ],
    [
      [
        1241,
        381
      ]
    ],
    [
      [
        1240,
        380
      ]
    ],
    [
      [
        1240,
        378
      ]
    ],
    [
      [
        1239,
        377
      ]
    ],
    [
      [
        1239,
        376
      ]
    ],
    [
      [
        1238,
        375
      ]
    ],
    [
      [
        1238,
        374
      ]
    ],
    [
      [
        1237,
        373
      ]
    ],
    [
      [
        1237,
        371
      ]
    ],
    [
      [
        1235,
        369
      ]
    ],
    [
      [
        1212,
        369
      ]
    ],
    [
      [
        1211,
        368
      ]
    ],
    [
      [
        1211,
        366
      ]
    ],
    [
      [
        1210,
        365
      ]
    ],
    [
      [
        1210,
        364
      ]
    ],
    [
      [
        1209,
        363
      ]
    ],
    [
      [
        1209,
        361
      ]
    ],
    [
      [
        1208,
        360
      ]
    ],
    [
      [
        1208,
        359
      ]
    ],
    [
      [
        1206,
        357
      ]
    ],
    [
      [
        1206,
        340
      ]
    ],
    [
      [
        1207,
        339
      ]
    ],
    [
      [
        1218,
        339
      ]
    ],
    [
      [
        1218,
        338
      ]
    ],
    [
      [
        1219,
        337
      ]
    ],
    [
      [
        1220,
        337
      ]
    ],
    [
      [
        1220,
        331
      ]
    ],
    [
      [
        1216,
        327
      ]
    ],
    [
      [
        1216,
        323
      ]
    ],
    [
      [
        1214,
        321
      ]
    ],
    [
      [
        1214,
        320
      ]
    ],
    [
      [
        1212,
        318
      ]
    ],
    [
      [
        1212,
        317
      ]
    ],
    [
      [
        1211,
        316
      ]
    ],
    [
      [
        1211,
        314
      ]
    ],
    [
      [
        1210,
        313
      ]
    ],
    [
      [
        1210,
        310
      ]
    ],
    [
      [
        1208,
        308
      ]
    ],
    [
      [
        1208,
        307
      ]
    ],
    [
      [
        1206,
        305
      ]
    ],
    [
      [
        1206,
        304
      ]
    ],
    [
      [
        1203,
        301
      ]
    ],
    [
      [
        1203,
        298
      ]
    ],
    [
      [
        1201,
        296
      ]
    ],
    [
      [
        1201,
        292
      ]
    ],
    [
      [
        1200,
        291
      ]
    ],
    [
      [
        1200,
        289
      ]
    ],
    [
      [
        1199,
        288
      ]
    ],
    [
      [
        1199,
        287
      ]
    ],
    [
      [
        1198,
        286
      ]
    ],
    [
      [
        1198,
        284
      ]
    ],
    [
      [
        1197,
        283
      ]
    ],
    [
      [
        1197,
        282
      ]
    ],
    [
      [
        1194,
        279
      ]
    ],
    [
      [
        1194,
        278
      ]
    ],
    [
      [
        1193,
        277
      ]
    ],
    [
      [
        1193,
        276
      ]
    ],
    [
      [
        1192,
        275
      ]
    ],
    [
      [
        1192,
        274
      ]
    ],
    [
      [
        1191,
        273
      ]
    ],
    [
      [
        1191,
        271
      ]
    ],
    [
      [
        1190,
        270
      ]
    ],
    [
      [
        1190,
        268
      ]
    ],
    [
      [
        1189,
        267
      ]
    ],
    [
      [
        1189,
        266
      ]
    ],
    [
      [
        1188,
        265
      ]
    ],
    [
      [
        1188,
        262
      ]
    ],
    [
      [
        1186,
        260
      ]
    ],
    [
      [
        1186,
        259
      ]
    ],
    [
      [
        1185,
        258
      ]
    ],
    [
      [
        1185,
        256
      ]
    ],
    [
      [
        1183,
        254
      ]
    ],
    [
      [
        1183,
        253
      ]
    ],
    [
      [
        1182,
        252
      ]
    ],
    [
      [
        1182,
        249
      ]
    ],
    [
      [
        1181,
        248
      ]
    ],
    [
      [
        1181,
        246
      ]
    ],
    [
      [
        1179,
        244
      ]
    ],
    [
      [
        1179,
        243
      ]
    ],
    [
      [
        1177,
        241
      ]
    ],
    [
      [
        1177,
        238
      ]
    ],
    [
      [
        1174,
        235
      ]
    ],
    [
      [
        1174,
        232
      ]
    ],
    [
      [
        1172,
        230
      ]
    ],
    [
      [
        1172,
        228
      ]
    ],
    [
      [
        1171,
        227
      ]
    ],
    [
      [
        1171,
        225
      ]
    ],
    [
      [
        1169,
        223
      ]
    ],
    [
      [
        1169,
        222
      ]
    ],
    [
      [
        1167,
        220
      ]
    ],
    [
      [
        1167,
        215
      ]
    ],
    [
      [
        1164,
        212
      ]
    ],
    [
      [
        1164,
        211
      ]
    ],
    [
      [
        1163,
        210
      ]
    ],
    [
      [
        1163,
        207
      ]
    ],
    [
      [
        1162,
        206
      ]
    ],
    [
      [
        1162,
        205
      ]
    ],
    [
      [
        1160,
        203
      ]
    ],
    [
      [
        1160,
        201
      ]
    ],
    [
      [
        1159,
        200
      ]
    ],
    [
      [
        1159,
        199
      ]
    ],
    [
      [
        1158,
        198
      ]
    ],
    [
      [
        1158,
        195
      ]
    ],
    [
      [
        1157,
        194
      ]
    ],
    [
      [
        1157,
        192
      ]
    ],
    [
      [
        1154,
        189
      ]
    ],
    [
      [
        1154,
        188
      ]
    ],
    [
      [
        1151,
        185
      ]
    ],
    [
      [
        1151,
        184
      ]
    ],
    [
      [
        1150,
        183
      ]
    ],
    [
      [
        1150,
        182
      ]
    ],
    [
      [
        1149,
        181
      ]
    ],
    [
      [
        1149,
        180
      ]
    ],
    [
      [
        1148,
        179
      ]
    ],
    [
      [
        1148,
        176
      ]
    ],
    [
      [
        1147,
        175
      ]
    ],
    [
      [
        1147,
        174
      ]
    ],
    [
      [
        1145,
        172
      ]
    ],
    [
      [
        1145,
        166
      ]
    ],
    [
      [
        1141,
        162
      ]
    ],
    [
      [
        1141,
        161
      ]
    ],
    [
      [
        1140,
        160
      ]
    ],
    [
      [
        1140,
        157
      ]
    ],
    [
      [
        1139,
        156
      ]
    ],
    [
      [
        1139,
        155
      ]
    ],
    [
      [
        1138,
        154
      ]
    ],
    [
      [
        1138,
        153
      ]
    ],
    [
      [
        1137,
        152
      ]
    ],
    [
      [
        1137,
        151
      ]
    ],
    [
      [
        1135,
        149
      ]
    ],
    [
      [
        1135,
        148
      ]
    ],
    [
      [
        1134,
        147
      ]
    ],
    [
      [
        1134,
        146
      ]
    ],
    [
      [
        1133,
        145
      ]
    ],
    [
      [
        1133,
        143
      ]
    ],
    [
      [
        1132,
        142
      ]
    ],
    [
      [
        1132,
        141
      ]
    ],
    [
      [
        1131,
        141
      ]
    ],
    [
      [
        1130,
        140
      ]
    ],
    [
      [
        1130,
        138
      ]
    ],
    [
      [
        1129,
        137
      ]
    ],
    [
      [
        1129,
        133
      ]
    ],
    [
      [
        1128,
        133
      ]
    ],
    [
      [
        1127,
        132
      ]
    ],
    [
      [
        1127,
        131
      ]
    ],
    [
      [
        1125,
        129
      ]
    ],
    [
      [
        1125,
        126
      ]
    ],
    [
      [
        1124,
        125
      ]
    ],
    [
      [
        1124,
        124
      ]
    ],
    [
      [
        1123,
        123
      ]
    ],
    [
      [
        1123,
        121
      ]
    ],
    [
      [
        1121,
        119
      ]
    ],
    [
      [
        1121,
        118
      ]
    ],
    [
      [
        1117,
        114
      ]
    ],
    [
      [
        1117,
        113
      ]
    ],
    [
      [
        1116,
        112
      ]
    ],
    [
      [
        1116,
        110
      ]
    ],
    [
      [
        1115,
        109
      ]
    ],
    [
      [
        1115,
        108
      ]
    ],
    [
      [
        1114,
        107
      ]
    ],
    [
      [
        1114,
        106
      ]
    ],
    [
      [
        1112,
        104
      ]
    ],
    [
      [
        1112,
        102
      ]
    ],
    [
      [
        1110,
        100
      ]
    ],
    [
      [
        1110,
        98
      ]
    ],
    [
      [
        1109,
        97
      ]
    ],
    [
      [
        1109,
        96
      ]
    ],
    [
      [
        1108,
        95
      ]
    ],
    [
      [
        1108,
        93
      ]
    ],
    [
      [
        1107,
        93
      ]
    ],
    [
      [
        1106,
        92
      ]
    ],
    [
      [
        1106,
        89
      ]
    ],
    [
      [
        1105,
        89
      ]
    ],
    [
      [
        1102,
        86
      ]
    ],
    [
      [
        1102,
        83
      ]
    ],
    [
      [
        1100,
        83
      ]
    ],
    [
      [
        1099,
        82
      ]
    ],
    [
      [
        1099,
        81
      ]
    ],
    [
      [
        1098,
        80
      ]
    ],
    [
      [
        1098,
        79
      ]
    ],
    [
      [
        1096,
        77
      ]
    ],
    [
      [
        1096,
        76
      ]
    ],
    [
      [
        1093,
        73
      ]
    ],
    [
      [
        1093,
        72
      ]
    ],
    [
      [
        1091,
        70
      ]
    ],
    [
      [
        1091,
        69
      ]
    ],
    [
      [
        1090,
        68
      ]
    ],
    [
      [
        1090,
        67
      ]
    ],
    [
      [
        1089,
        66
      ]
    ],
    [
      [
        1089,
        65
      ]
    ],
    [
      [
        1086,
        62
      ]
    ],
    [
      [
        1076,
        62
      ]
    ],
    [
      [
        1075,
        63
      ]
    ],
    [
      [
        1073,
        63
      ]
    ],
    [
      [
        1071,
        65
      ]
    ],
    [
      [
        1070,
        65
      ]
    ],
    [
      [
        1070,
        74
      ]
    ],
    [
      [
        1069,
        75
      ]
    ],
    [
      [
        1051,
        75
      ]
    ],
    [
      [
        1048,
        72
      ]
    ],
    [
      [
        1047,
        72
      ]
    ],
    [
      [
        1045,
        70
      ]
    ],
    [
      [
        1043,
        70
      ]
    ],
    [
      [
        1042,
        69
      ]
    ],
    [
      [
        1041,
        69
      ]
    ],
    [
      [
        1040,
        68
      ]
    ],
    [
      [
        1039,
        68
      ]
    ],
    [
      [
        1038,
        67
      ]
    ],
    [
      [
        1036,
        67
      ]
    ],
    [
      [
        1035,
        66
      ]
    ],
    [
      [
        1034,
        66
      ]
    ],
    [
      [
        1033,
        65
      ]
    ],
    [
      [
        1032,
        65
      ]
    ],
    [
      [
        1031,
        64
      ]
    ],
    [
      [
        1029,
        64
      ]
    ],
    [
      [
        1028,
        63
      ]
    ],
    [
      [
        1025,
        63
      ]
    ],
    [
      [
        1024,
        62
      ]
    ],
    [
      [
        1021,
        62
      ]
    ],
    [
      [
        1020,
        61
      ]
    ],
    [
      [
        1020,
        60
      ]
    ],
    [
      [
        1019,
        60
      ]
    ],
    [
      [
        1018,
        59
      ]
    ],
    [
      [
        1016,
        59
      ]
    ],
    [
      [
        1014,
        57
      ]
    ]
  ],
  "segment_square_corners": [
    [
      419.20013427734375,
      305.3999938964844
    ],
    [
      1056.000244140625,
      0.0
    ],
    [
      1441.60009765625,
      758.199951171875
    ],
    [
      804.800048828125,
      1076.5999755859375
    ]
  ],
  "phrases": [
    "box",
    "tangerine",
    "tangerine",
    "tangerine",
    "tangerine"
  ],
  "selected_bbox": [
    0.4772936701774597,
    0.5024852156639099,
    0.486526221036911,
    0.9006960988044739
  ]
}