{
  "timestamp": 1761056248.2400787,
  "session_id": "session_20251021_211452_51253c84",
  "supplier_id": "",
  "qr_data": "",
  "qr_items": {},
  "qr_corners": [
    [
      948.0,
      308.0
    ],
    [
      918.0587158203125,
      214.6907501220703
    ],
    [
      1013.4654541015625,
      183.91436767578125
    ],
    [
      1043.803466796875,
      279.06549072265625
    ]
  ],
  "segment_corners": [
    [
      [
        1078,
        13
      ]
    ],
    [
      [
        1078,
        14
      ]
    ],
    [
      [
        1077,
        15
      ]
    ],
    [
      [
        1066,
        15
      ]
    ],
    [
      [
        1064,
        17
      ]
    ],
    [
      [
        1062,
        17
      ]
    ],
    [
      [
        1061,
        18
      ]
    ],
    [
      [
        1060,
        18
      ]
    ],
    [
      [
        1059,
        19
      ]
    ],
    [
      [
        1057,
        19
      ]
    ],
    [
      [
        1056,
        20
      ]
    ],
    [
      [
        1056,
        21
      ]
    ],
    [
      [
        1055,
        22
      ]
    ],
    [
      [
        1055,
        31
      ]
    ],
    [
      [
        1054,
        32
      ]
    ],
    [
      [
        1053,
        32
      ]
    ],
    [
      [
        1052,
        33
      ]
    ],
    [
      [
        1051,
        33
      ]
    ],
    [
      [
        1050,
        34
      ]
    ],
    [
      [
        1048,
        34
      ]
    ],
    [
      [
        1047,
        35
      ]
    ],
    [
      [
        1045,
        35
      ]
    ],
    [
      [
        1044,
        36
      ]
    ],
    [
      [
        1041,
        36
      ]
    ],
    [
      [
        1040,
        37
      ]
    ],
    [
      [
        1039,
        37
      ]
    ],
    [
      [
        1038,
        38
      ]
    ],
    [
      [
        1035,
        38
      ]
    ],
    [
      [
        1034,
        39
      ]
    ],
    [
      [
        1033,
        39
      ]
    ],
    [
      [
        1032,
        40
      ]
    ],
    [
      [
        1031,
        40
      ]
    ],
    [
      [
        1030,
        41
      ]
    ],
    [
      [
        1028,
        41
      ]
    ],
    [
      [
        1027,
        42
      ]
    ],
    [
      [
        1026,
        42
      ]
    ],
    [
      [
        1025,
        43
      ]
    ],
    [
      [
        1023,
        43
      ]
    ],
    [
      [
        1022,
        44
      ]
    ],
    [
      [
        1019,
        44
      ]
    ],
    [
      [
        1018,
        45
      ]
    ],
    [
      [
        1016,
        45
      ]
    ],
    [
      [
        1015,
        46
      ]
    ],
    [
      [
        1014,
        46
      ]
    ],
    [
      [
        1013,
        47
      ]
    ],
    [
      [
        1011,
        47
      ]
    ],
    [
      [
        1010,
        48
      ]
    ],
    [
      [
        1008,
        48
      ]
    ],
    [
      [
        1007,
        49
      ]
    ],
    [
      [
        1006,
        49
      ]
    ],
    [
      [
        1005,
        50
      ]
    ],
    [
      [
        1004,
        50
      ]
    ],
    [
      [
        1003,
        51
      ]
    ],
    [
      [
        1002,
        51
      ]
    ],
    [
      [
        1001,
        52
      ]
    ],
    [
      [
        1000,
        52
      ]
    ],
    [
      [
        999,
        53
      ]
    ],
    [
      [
        995,
        53
      ]
    ],
    [
      [
        994,
        54
      ]
    ],
    [
      [
        993,
        54
      ]
    ],
    [
      [
        992,
        55
      ]
    ],
    [
      [
        990,
        55
      ]
    ],
    [
      [
        989,
        56
      ]
    ],
    [
      [
        987,
        56
      ]
    ],
    [
      [
        986,
        57
      ]
    ],
    [
      [
        985,
        57
      ]
    ],
    [
      [
        984,
        58
      ]
    ],
    [
      [
        983,
        58
      ]
    ],
    [
      [
        982,
        59
      ]
    ],
    [
      [
        981,
        59
      ]
    ],
    [
      [
        980,
        60
      ]
    ],
    [
      [
        978,
        60
      ]
    ],
    [
      [
        977,
        61
      ]
    ],
    [
      [
        976,
        61
      ]
    ],
    [
      [
        976,
        62
      ]
    ],
    [
      [
        975,
        63
      ]
    ],
    [
      [
        966,
        63
      ]
    ],
    [
      [
        965,
        64
      ]
    ],
    [
      [
        964,
        64
      ]
    ],
    [
      [
        963,
        65
      ]
    ],
    [
      [
        962,
        65
      ]
    ],
    [
      [
        961,
        66
      ]
    ],
    [
      [
        943,
        66
      ]
    ],
    [
      [
        942,
        65
      ]
    ],
    [
      [
        938,
        65
      ]
    ],
    [
      [
        937,
        64
      ]
    ],
    [
      [
        937,
        63
      ]
    ],
    [
      [
        931,
        63
      ]
    ],
    [
      [
        931,
        68
      ]
    ],
    [
      [
        930,
        69
      ]
    ],
    [
      [
        928,
        69
      ]
    ],
    [
      [
        927,
        70
      ]
    ],
    [
      [
        923,
        70
      ]
    ],
    [
      [
        920,
        73
      ]
    ],
    [
      [
        918,
        73
      ]
    ],
    [
      [
        917,
        74
      ]
    ],
    [
      [
        915,
        74
      ]
    ],
    [
      [
        914,
        75
      ]
    ],
    [
      [
        911,
        75
      ]
    ],
    [
      [
        910,
        76
      ]
    ],
    [
      [
        907,
        76
      ]
    ],
    [
      [
        906,
        77
      ]
    ],
    [
      [
        904,
        77
      ]
    ],
    [
      [
        903,
        78
      ]
    ],
    [
      [
        901,
        78
      ]
    ],
    [
      [
        900,
        79
      ]
    ],
    [
      [
        897,
        79
      ]
    ],
    [
      [
        896,
        80
      ]
    ],
    [
      [
        894,
        80
      ]
    ],
    [
      [
        893,
        81
      ]
    ],
    [
      [
        891,
        81
      ]
    ],
    [
      [
        890,
        82
      ]
    ],
    [
      [
        876,
        82
      ]
    ],
    [
      [
        876,
        86
      ]
    ],
    [
      [
        875,
        87
      ]
    ],
    [
      [
        874,
        87
      ]
    ],
    [
      [
        873,
        88
      ]
    ],
    [
      [
        872,
        88
      ]
    ],
    [
      [
        871,
        89
      ]
    ],
    [
      [
        862,
        89
      ]
    ],
    [
      [
        861,
        90
      ]
    ],
    [
      [
        861,
        97
      ]
    ],
    [
      [
        862,
        97
      ]
    ],
    [
      [
        863,
        98
      ]
    ],
    [
      [
        873,
        98
      ]
    ],
    [
      [
        874,
        99
      ]
    ],
    [
      [
        874,
        105
      ]
    ],
    [
      [
        875,
        105
      ]
    ],
    [
      [
        876,
        106
      ]
    ],
    [
      [
        886,
        106
      ]
    ],
    [
      [
        887,
        107
      ]
    ],
    [
      [
        887,
        124
      ]
    ],
    [
      [
        886,
        125
      ]
    ],
    [
      [
        885,
        125
      ]
    ],
    [
      [
        884,
        126
      ]
    ],
    [
      [
        883,
        126
      ]
    ],
    [
      [
        882,
        127
      ]
    ],
    [
      [
        879,
        127
      ]
    ],
    [
      [
        878,
        128
      ]
    ],
    [
      [
        877,
        128
      ]
    ],
    [
      [
        876,
        129
      ]
    ],
    [
      [
        874,
        129
      ]
    ],
    [
      [
        873,
        130
      ]
    ],
    [
      [
        871,
        130
      ]
    ],
    [
      [
        870,
        131
      ]
    ],
    [
      [
        869,
        131
      ]
    ],
    [
      [
        868,
        132
      ]
    ],
    [
      [
        866,
        132
      ]
    ],
    [
      [
        865,
        133
      ]
    ],
    [
      [
        864,
        133
      ]
    ],
    [
      [
        863,
        134
      ]
    ],
    [
      [
        861,
        134
      ]
    ],
    [
      [
        860,
        135
      ]
    ],
    [
      [
        859,
        135
      ]
    ],
    [
      [
        858,
        136
      ]
    ],
    [
      [
        855,
        136
      ]
    ],
    [
      [
        854,
        137
      ]
    ],
    [
      [
        851,
        137
      ]
    ],
    [
      [
        850,
        138
      ]
    ],
    [
      [
        849,
        138
      ]
    ],
    [
      [
        848,
        139
      ]
    ],
    [
      [
        846,
        139
      ]
    ],
    [
      [
        845,
        140
      ]
    ],
    [
      [
        843,
        140
      ]
    ],
    [
      [
        842,
        141
      ]
    ],
    [
      [
        840,
        141
      ]
    ],
    [
      [
        839,
        142
      ]
    ],
    [
      [
        838,
        142
      ]
    ],
    [
      [
        837,
        143
      ]
    ],
    [
      [
        834,
        143
      ]
    ],
    [
      [
        833,
        144
      ]
    ],
    [
      [
        831,
        144
      ]
    ],
    [
      [
        830,
        145
      ]
    ],
    [
      [
        828,
        145
      ]
    ],
    [
      [
        826,
        147
      ]
    ],
    [
      [
        824,
        147
      ]
    ],
    [
      [
        823,
        148
      ]
    ],
    [
      [
        821,
        148
      ]
    ],
    [
      [
        820,
        149
      ]
    ],
    [
      [
        818,
        149
      ]
    ],
    [
      [
        817,
        150
      ]
    ],
    [
      [
        815,
        150
      ]
    ],
    [
      [
        814,
        151
      ]
    ],
    [
      [
        813,
        151
      ]
    ],
    [
      [
        812,
        152
      ]
    ],
    [
      [
        810,
        152
      ]
    ],
    [
      [
        809,
        153
      ]
    ],
    [
      [
        807,
        153
      ]
    ],
    [
      [
        806,
        154
      ]
    ],
    [
      [
        805,
        154
      ]
    ],
    [
      [
        804,
        155
      ]
    ],
    [
      [
        801,
        155
      ]
    ],
    [
      [
        800,
        156
      ]
    ],
    [
      [
        798,
        156
      ]
    ],
    [
      [
        796,
        158
      ]
    ],
    [
      [
        793,
        158
      ]
    ],
    [
      [
        792,
        159
      ]
    ],
    [
      [
        790,
        159
      ]
    ],
    [
      [
        789,
        160
      ]
    ],
    [
      [
        788,
        160
      ]
    ],
    [
      [
        787,
        161
      ]
    ],
    [
      [
        786,
        161
      ]
    ],
    [
      [
        785,
        162
      ]
    ],
    [
      [
        783,
        162
      ]
    ],
    [
      [
        782,
        163
      ]
    ],
    [
      [
        781,
        163
      ]
    ],
    [
      [
        780,
        164
      ]
    ],
    [
      [
        777,
        164
      ]
    ],
    [
      [
        776,
        165
      ]
    ],
    [
      [
        774,
        165
      ]
    ],
    [
      [
        773,
        166
      ]
    ],
    [
      [
        772,
        166
      ]
    ],
    [
      [
        771,
        167
      ]
    ],
    [
      [
        770,
        167
      ]
    ],
    [
      [
        769,
        168
      ]
    ],
    [
      [
        764,
        168
      ]
    ],
    [
      [
        763,
        169
      ]
    ],
    [
      [
        761,
        169
      ]
    ],
    [
      [
        760,
        170
      ]
    ],
    [
      [
        759,
        170
      ]
    ],
    [
      [
        758,
        171
      ]
    ],
    [
      [
        757,
        171
      ]
    ],
    [
      [
        757,
        172
      ]
    ],
    [
      [
        756,
        173
      ]
    ],
    [
      [
        753,
        173
      ]
    ],
    [
      [
        752,
        174
      ]
    ],
    [
      [
        749,
        174
      ]
    ],
    [
      [
        748,
        175
      ]
    ],
    [
      [
        745,
        175
      ]
    ],
    [
      [
        744,
        176
      ]
    ],
    [
      [
        743,
        176
      ]
    ],
    [
      [
        742,
        177
      ]
    ],
    [
      [
        740,
        177
      ]
    ],
    [
      [
        738,
        179
      ]
    ],
    [
      [
        736,
        179
      ]
    ],
    [
      [
        735,
        180
      ]
    ],
    [
      [
        733,
        180
      ]
    ],
    [
      [
        732,
        181
      ]
    ],
    [
      [
        729,
        181
      ]
    ],
    [
      [
        728,
        182
      ]
    ],
    [
      [
        727,
        182
      ]
    ],
    [
      [
        726,
        183
      ]
    ],
    [
      [
        724,
        183
      ]
    ],
    [
      [
        723,
        184
      ]
    ],
    [
      [
        721,
        184
      ]
    ],
    [
      [
        720,
        185
      ]
    ],
    [
      [
        719,
        185
      ]
    ],
    [
      [
        718,
        186
      ]
    ],
    [
      [
        716,
        186
      ]
    ],
    [
      [
        715,
        187
      ]
    ],
    [
      [
        714,
        187
      ]
    ],
    [
      [
        713,
        188
      ]
    ],
    [
      [
        711,
        188
      ]
    ],
    [
      [
        710,
        189
      ]
    ],
    [
      [
        708,
        189
      ]
    ],
    [
      [
        707,
        190
      ]
    ],
    [
      [
        706,
        190
      ]
    ],
    [
      [
        705,
        191
      ]
    ],
    [
      [
        702,
        191
      ]
    ],
    [
      [
        701,
        192
      ]
    ],
    [
      [
        699,
        192
      ]
    ],
    [
      [
        698,
        193
      ]
    ],
    [
      [
        696,
        193
      ]
    ],
    [
      [
        695,
        194
      ]
    ],
    [
      [
        693,
        194
      ]
    ],
    [
      [
        692,
        195
      ]
    ],
    [
      [
        674,
        195
      ]
    ],
    [
      [
        673,
        194
      ]
    ],
    [
      [
        670,
        194
      ]
    ],
    [
      [
        669,
        193
      ]
    ],
    [
      [
        667,
        193
      ]
    ],
    [
      [
        666,
        192
      ]
    ],
    [
      [
        666,
        191
      ]
    ],
    [
      [
        664,
        189
      ]
    ],
    [
      [
        657,
        189
      ]
    ],
    [
      [
        657,
        190
      ]
    ],
    [
      [
        656,
        191
      ]
    ],
    [
      [
        650,
        191
      ]
    ],
    [
      [
        649,
        192
      ]
    ],
    [
      [
        648,
        192
      ]
    ],
    [
      [
        647,
        193
      ]
    ],
    [
      [
        645,
        193
      ]
    ],
    [
      [
        644,
        194
      ]
    ],
    [
      [
        642,
        194
      ]
    ],
    [
      [
        641,
        195
      ]
    ],
    [
      [
        638,
        195
      ]
    ],
    [
      [
        637,
        196
      ]
    ],
    [
      [
        635,
        196
      ]
    ],
    [
      [
        633,
        198
      ]
    ],
    [
      [
        632,
        198
      ]
    ],
    [
      [
        631,
        199
      ]
    ],
    [
      [
        628,
        199
      ]
    ],
    [
      [
        627,
        200
      ]
    ],
    [
      [
        626,
        200
      ]
    ],
    [
      [
        625,
        201
      ]
    ],
    [
      [
        622,
        201
      ]
    ],
    [
      [
        621,
        202
      ]
    ],
    [
      [
        619,
        202
      ]
    ],
    [
      [
        618,
        203
      ]
    ],
    [
      [
        617,
        203
      ]
    ],
    [
      [
        616,
        204
      ]
    ],
    [
      [
        615,
        204
      ]
    ],
    [
      [
        613,
        206
      ]
    ],
    [
      [
        609,
        206
      ]
    ],
    [
      [
        608,
        207
      ]
    ],
    [
      [
        607,
        207
      ]
    ],
    [
      [
        605,
        209
      ]
    ],
    [
      [
        597,
        209
      ]
    ],
    [
      [
        597,
        210
      ]
    ],
    [
      [
        595,
        212
      ]
    ],
    [
      [
        593,
        212
      ]
    ],
    [
      [
        593,
        213
      ]
    ],
    [
      [
        592,
        214
      ]
    ],
    [
      [
        589,
        214
      ]
    ],
    [
      [
        586,
        217
      ]
    ],
    [
      [
        579,
        217
      ]
    ],
    [
      [
        575,
        221
      ]
    ],
    [
      [
        574,
        221
      ]
    ],
    [
      [
        573,
        222
      ]
    ],
    [
      [
        572,
        222
      ]
    ],
    [
      [
        569,
        225
      ]
    ],
    [
      [
        568,
        225
      ]
    ],
    [
      [
        564,
        229
      ]
    ],
    [
      [
        563,
        229
      ]
    ],
    [
      [
        561,
        231
      ]
    ],
    [
      [
        544,
        231
      ]
    ],
    [
      [
        543,
        230
      ]
    ],
    [
      [
        543,
        221
      ]
    ],
    [
      [
        536,
        221
      ]
    ],
    [
      [
        534,
        223
      ]
    ],
    [
      [
        533,
        223
      ]
    ],
    [
      [
        531,
        225
      ]
    ],
    [
      [
        531,
        226
      ]
    ],
    [
      [
        527,
        230
      ]
    ],
    [
      [
        526,
        230
      ]
    ],
    [
      [
        524,
        232
      ]
    ],
    [
      [
        524,
        233
      ]
    ],
    [
      [
        522,
        235
      ]
    ],
    [
      [
        522,
        236
      ]
    ],
    [
      [
        519,
        239
      ]
    ],
    [
      [
        519,
        240
      ]
    ],
    [
      [
        516,
        243
      ]
    ],
    [
      [
        516,
        244
      ]
    ],
    [
      [
        512,
        248
      ]
    ],
    [
      [
        512,
        249
      ]
    ],
    [
      [
        511,
        250
      ]
    ],
    [
      [
        511,
        252
      ]
    ],
    [
      [
        510,
        253
      ]
    ],
    [
      [
        510,
        254
      ]
    ],
    [
      [
        509,
        255
      ]
    ],
    [
      [
        509,
        256
      ]
    ],
    [
      [
        508,
        257
      ]
    ],
    [
      [
        508,
        259
      ]
    ],
    [
      [
        507,
        260
      ]
    ],
    [
      [
        507,
        261
      ]
    ],
    [
      [
        505,
        263
      ]
    ],
    [
      [
        505,
        264
      ]
    ],
    [
      [
        504,
        265
      ]
    ],
    [
      [
        504,
        268
      ]
    ],
    [
      [
        502,
        270
      ]
    ],
    [
      [
        502,
        271
      ]
    ],
    [
      [
        501,
        272
      ]
    ],
    [
      [
        501,
        274
      ]
    ],
    [
      [
        499,
        276
      ]
    ],
    [
      [
        499,
        277
      ]
    ],
    [
      [
        498,
        278
      ]
    ],
    [
      [
        498,
        298
      ]
    ],
    [
      [
        497,
        299
      ]
    ],
    [
      [
        494,
        299
      ]
    ],
    [
      [
        492,
        301
      ]
    ],
    [
      [
        489,
        301
      ]
    ],
    [
      [
        489,
        302
      ]
    ],
    [
      [
        486,
        305
      ]
    ],
    [
      [
        486,
        306
      ]
    ],
    [
      [
        484,
        308
      ]
    ],
    [
      [
        483,
        308
      ]
    ],
    [
      [
        481,
        310
      ]
    ],
    [
      [
        479,
        310
      ]
    ],
    [
      [
        477,
        312
      ]
    ],
    [
      [
        476,
        312
      ]
    ],
    [
      [
        475,
        313
      ]
    ],
    [
      [
        475,
        332
      ]
    ],
    [
      [
        481,
        332
      ]
    ],
    [
      [
        482,
        331
      ]
    ],
    [
      [
        483,
        331
      ]
    ],
    [
      [
        483,
        324
      ]
    ],
    [
      [
        484,
        323
      ]
    ],
    [
      [
        486,
        323
      ]
    ],
    [
      [
        488,
        321
      ]
    ],
    [
      [
        505,
        321
      ]
    ],
    [
      [
        506,
        322
      ]
    ],
    [
      [
        506,
        345
      ]
    ],
    [
      [
        507,
        346
      ]
    ],
    [
      [
        507,
        360
      ]
    ],
    [
      [
        508,
        361
      ]
    ],
    [
      [
        508,
        365
      ]
    ],
    [
      [
        509,
        366
      ]
    ],
    [
      [
        509,
        371
      ]
    ],
    [
      [
        510,
        372
      ]
    ],
    [
      [
        510,
        375
      ]
    ],
    [
      [
        511,
        376
      ]
    ],
    [
      [
        511,
        380
      ]
    ],
    [
      [
        512,
        381
      ]
    ],
    [
      [
        512,
        383
      ]
    ],
    [
      [
        513,
        384
      ]
    ],
    [
      [
        513,
        386
      ]
    ],
    [
      [
        514,
        387
      ]
    ],
    [
      [
        514,
        390
      ]
    ],
    [
      [
        515,
        391
      ]
    ],
    [
      [
        515,
        393
      ]
    ],
    [
      [
        516,
        394
      ]
    ],
    [
      [
        516,
        395
      ]
    ],
    [
      [
        518,
        397
      ]
    ],
    [
      [
        518,
        398
      ]
    ],
    [
      [
        524,
        398
      ]
    ],
    [
      [
        524,
        390
      ]
    ],
    [
      [
        525,
        389
      ]
    ],
    [
      [
        542,
        389
      ]
    ],
    [
      [
        543,
        390
      ]
    ],
    [
      [
        543,
        392
      ]
    ],
    [
      [
        544,
        393
      ]
    ],
    [
      [
        544,
        395
      ]
    ],
    [
      [
        546,
        397
      ]
    ],
    [
      [
        546,
        398
      ]
    ],
    [
      [
        547,
        399
      ]
    ],
    [
      [
        547,
        401
      ]
    ],
    [
      [
        548,
        402
      ]
    ],
    [
      [
        548,
        403
      ]
    ],
    [
      [
        551,
        406
      ]
    ],
    [
      [
        551,
        407
      ]
    ],
    [
      [
        553,
        409
      ]
    ],
    [
      [
        553,
        410
      ]
    ],
    [
      [
        554,
        411
      ]
    ],
    [
      [
        554,
        412
      ]
    ],
    [
      [
        555,
        413
      ]
    ],
    [
      [
        555,
        415
      ]
    ],
    [
      [
        558,
        418
      ]
    ],
    [
      [
        558,
        419
      ]
    ],
    [
      [
        560,
        421
      ]
    ],
    [
      [
        560,
        423
      ]
    ],
    [
      [
        562,
        425
      ]
    ],
    [
      [
        562,
        426
      ]
    ],
    [
      [
        563,
        427
      ]
    ],
    [
      [
        563,
        429
      ]
    ],
    [
      [
        565,
        431
      ]
    ],
    [
      [
        565,
        436
      ]
    ],
    [
      [
        567,
        436
      ]
    ],
    [
      [
        569,
        438
      ]
    ],
    [
      [
        569,
        441
      ]
    ],
    [
      [
        570,
        442
      ]
    ],
    [
      [
        570,
        444
      ]
    ],
    [
      [
        571,
        445
      ]
    ],
    [
      [
        571,
        448
      ]
    ],
    [
      [
        572,
        449
      ]
    ],
    [
      [
        572,
        450
      ]
    ],
    [
      [
        573,
        451
      ]
    ],
    [
      [
        573,
        452
      ]
    ],
    [
      [
        574,
        453
      ]
    ],
    [
      [
        574,
        456
      ]
    ],
    [
      [
        577,
        459
      ]
    ],
    [
      [
        577,
        461
      ]
    ],
    [
      [
        580,
        464
      ]
    ],
    [
      [
        580,
        468
      ]
    ],
    [
      [
        581,
        469
      ]
    ],
    [
      [
        581,
        474
      ]
    ],
    [
      [
        582,
        475
      ]
    ],
    [
      [
        582,
        476
      ]
    ],
    [
      [
        583,
        477
      ]
    ],
    [
      [
        583,
        483
      ]
    ],
    [
      [
        584,
        484
      ]
    ],
    [
      [
        585,
        484
      ]
    ],
    [
      [
        588,
        487
      ]
    ],
    [
      [
        588,
        489
      ]
    ],
    [
      [
        589,
        490
      ]
    ],
    [
      [
        589,
        493
      ]
    ],
    [
      [
        590,
        494
      ]
    ],
    [
      [
        590,
        495
      ]
    ],
    [
      [
        591,
        496
      ]
    ],
    [
      [
        591,
        497
      ]
    ],
    [
      [
        592,
        498
      ]
    ],
    [
      [
        592,
        501
      ]
    ],
    [
      [
        593,
        502
      ]
    ],
    [
      [
        593,
        503
      ]
    ],
    [
      [
        594,
        504
      ]
    ],
    [
      [
        594,
        506
      ]
    ],
    [
      [
        595,
        507
      ]
    ],
    [
      [
        595,
        512
      ]
    ],
    [
      [
        596,
        512
      ]
    ],
    [
      [
        597,
        513
      ]
    ],
    [
      [
        597,
        514
      ]
    ],
    [
      [
        600,
        517
      ]
    ],
    [
      [
        600,
        520
      ]
    ],
    [
      [
        601,
        521
      ]
    ],
    [
      [
        601,
        539
      ]
    ],
    [
      [
        600,
        540
      ]
    ],
    [
      [
        592,
        540
      ]
    ],
    [
      [
        592,
        541
      ]
    ],
    [
      [
        591,
        542
      ]
    ],
    [
      [
        591,
        550
      ]
    ],
    [
      [
        592,
        551
      ]
    ],
    [
      [
        592,
        553
      ]
    ],
    [
      [
        593,
        554
      ]
    ],
    [
      [
        593,
        555
      ]
    ],
    [
      [
        596,
        558
      ]
    ],
    [
      [
        597,
        558
      ]
    ],
    [
      [
        598,
        559
      ]
    ],
    [
      [
        598,
        560
      ]
    ],
    [
      [
        599,
        560
      ]
    ],
    [
      [
        600,
        561
      ]
    ],
    [
      [
        600,
        562
      ]
    ],
    [
      [
        601,
        562
      ]
    ],
    [
      [
        602,
        563
      ]
    ],
    [
      [
        604,
        563
      ]
    ],
    [
      [
        605,
        564
      ]
    ],
    [
      [
        616,
        564
      ]
    ],
    [
      [
        617,
        565
      ]
    ],
    [
      [
        617,
        567
      ]
    ],
    [
      [
        619,
        569
      ]
    ],
    [
      [
        619,
        575
      ]
    ],
    [
      [
        620,
        576
      ]
    ],
    [
      [
        620,
        578
      ]
    ],
    [
      [
        623,
        581
      ]
    ],
    [
      [
        623,
        583
      ]
    ],
    [
      [
        624,
        584
      ]
    ],
    [
      [
        624,
        586
      ]
    ],
    [
      [
        625,
        587
      ]
    ],
    [
      [
        625,
        590
      ]
    ],
    [
      [
        626,
        591
      ]
    ],
    [
      [
        626,
        593
      ]
    ],
    [
      [
        628,
        595
      ]
    ],
    [
      [
        628,
        599
      ]
    ],
    [
      [
        630,
        601
      ]
    ],
    [
      [
        630,
        604
      ]
    ],
    [
      [
        631,
        605
      ]
    ],
    [
      [
        631,
        606
      ]
    ],
    [
      [
        632,
        607
      ]
    ],
    [
      [
        632,
        610
      ]
    ],
    [
      [
        633,
        611
      ]
    ],
    [
      [
        634,
        611
      ]
    ],
    [
      [
        635,
        612
      ]
    ],
    [
      [
        635,
        619
      ]
    ],
    [
      [
        636,
        620
      ]
    ],
    [
      [
        636,
        621
      ]
    ],
    [
      [
        640,
        625
      ]
    ],
    [
      [
        640,
        644
      ]
    ],
    [
      [
        639,
        645
      ]
    ],
    [
      [
        616,
        645
      ]
    ],
    [
      [
        613,
        642
      ]
    ],
    [
      [
        613,
        641
      ]
    ],
    [
      [
        611,
        639
      ]
    ],
    [
      [
        611,
        638
      ]
    ],
    [
      [
        610,
        638
      ]
    ],
    [
      [
        608,
        636
      ]
    ],
    [
      [
        608,
        628
      ]
    ],
    [
      [
        606,
        626
      ]
    ],
    [
      [
        606,
        625
      ]
    ],
    [
      [
        605,
        624
      ]
    ],
    [
      [
        605,
        623
      ]
    ],
    [
      [
        603,
        621
      ]
    ],
    [
      [
        603,
        612
      ]
    ],
    [
      [
        602,
        611
      ]
    ],
    [
      [
        601,
        611
      ]
    ],
    [
      [
        599,
        609
      ]
    ],
    [
      [
        599,
        608
      ]
    ],
    [
      [
        598,
        607
      ]
    ],
    [
      [
        598,
        601
      ]
    ],
    [
      [
        597,
        600
      ]
    ],
    [
      [
        597,
        595
      ]
    ],
    [
      [
        596,
        594
      ]
    ],
    [
      [
        583,
        594
      ]
    ],
    [
      [
        581,
        592
      ]
    ],
    [
      [
        581,
        590
      ]
    ],
    [
      [
        579,
        588
      ]
    ],
    [
      [
        579,
        587
      ]
    ],
    [
      [
        578,
        586
      ]
    ],
    [
      [
        578,
        584
      ]
    ],
    [
      [
        577,
        583
      ]
    ],
    [
      [
        577,
        581
      ]
    ],
    [
      [
        575,
        579
      ]
    ],
    [
      [
        575,
        577
      ]
    ],
    [
      [
        573,
        575
      ]
    ],
    [
      [
        573,
        574
      ]
    ],
    [
      [
        572,
        573
      ]
    ],
    [
      [
        572,
        571
      ]
    ],
    [
      [
        571,
        570
      ]
    ],
    [
      [
        571,
        569
      ]
    ],
    [
      [
        569,
        567
      ]
    ],
    [
      [
        563,
        567
      ]
    ],
    [
      [
        563,
        573
      ]
    ],
    [
      [
        564,
        574
      ]
    ],
    [
      [
        564,
        575
      ]
    ],
    [
      [
        565,
        576
      ]
    ],
    [
      [
        565,
        577
      ]
    ],
    [
      [
        566,
        578
      ]
    ],
    [
      [
        566,
        579
      ]
    ],
    [
      [
        567,
        580
      ]
    ],
    [
      [
        567,
        581
      ]
    ],
    [
      [
        568,
        582
      ]
    ],
    [
      [
        568,
        583
      ]
    ],
    [
      [
        569,
        584
      ]
    ],
    [
      [
        569,
        585
      ]
    ],
    [
      [
        570,
        586
      ]
    ],
    [
      [
        570,
        587
      ]
    ],
    [
      [
        571,
        588
      ]
    ],
    [
      [
        571,
        589
      ]
    ],
    [
      [
        572,
        590
      ]
    ],
    [
      [
        572,
        593
      ]
    ],
    [
      [
        573,
        594
      ]
    ],
    [
      [
        573,
        595
      ]
    ],
    [
      [
        575,
        597
      ]
    ],
    [
      [
        575,
        599
      ]
    ],
    [
      [
        576,
        600
      ]
    ],
    [
      [
        576,
        601
      ]
    ],
    [
      [
        577,
        602
      ]
    ],
    [
      [
        577,
        603
      ]
    ],
    [
      [
        578,
        604
      ]
    ],
    [
      [
        578,
        606
      ]
    ],
    [
      [
        579,
        607
      ]
    ],
    [
      [
        579,
        609
      ]
    ],
    [
      [
        580,
        610
      ]
    ],
    [
      [
        580,
        611
      ]
    ],
    [
      [
        582,
        613
      ]
    ],
    [
      [
        582,
        617
      ]
    ],
    [
      [
        583,
        618
      ]
    ],
    [
      [
        583,
        619
      ]
    ],
    [
      [
        584,
        620
      ]
    ],
    [
      [
        584,
        621
      ]
    ],
    [
      [
        585,
        622
      ]
    ],
    [
      [
        585,
        623
      ]
    ],
    [
      [
        586,
        624
      ]
    ],
    [
      [
        586,
        625
      ]
    ],
    [
      [
        587,
        626
      ]
    ],
    [
      [
        587,
        627
      ]
    ],
    [
      [
        589,
        629
      ]
    ],
    [
      [
        589,
        630
      ]
    ],
    [
      [
        590,
        631
      ]
    ],
    [
      [
        590,
        633
      ]
    ],
    [
      [
        591,
        634
      ]
    ],
    [
      [
        591,
        635
      ]
    ],
    [
      [
        594,
        638
      ]
    ],
    [
      [
        594,
        640
      ]
    ],
    [
      [
        595,
        641
      ]
    ],
    [
      [
        595,
        645
      ]
    ],
    [
      [
        597,
        647
      ]
    ],
    [
      [
        597,
        650
      ]
    ],
    [
      [
        598,
        651
      ]
    ],
    [
      [
        598,
        655
      ]
    ],
    [
      [
        599,
        656
      ]
    ],
    [
      [
        599,
        658
      ]
    ],
    [
      [
        600,
        659
      ]
    ],
    [
      [
        600,
        661
      ]
    ],
    [
      [
        601,
        662
      ]
    ],
    [
      [
        601,
        664
      ]
    ],
    [
      [
        602,
        665
      ]
    ],
    [
      [
        602,
        667
      ]
    ],
    [
      [
        603,
        668
      ]
    ],
    [
      [
        603,
        670
      ]
    ],
    [
      [
        604,
        671
      ]
    ],
    [
      [
        604,
        672
      ]
    ],
    [
      [
        605,
        673
      ]
    ],
    [
      [
        605,
        675
      ]
    ],
    [
      [
        606,
        676
      ]
    ],
    [
      [
        606,
        677
      ]
    ],
    [
      [
        607,
        678
      ]
    ],
    [
      [
        607,
        680
      ]
    ],
    [
      [
        608,
        681
      ]
    ],
    [
      [
        608,
        682
      ]
    ],
    [
      [
        609,
        683
      ]
    ],
    [
      [
        609,
        686
      ]
    ],
    [
      [
        610,
        687
      ]
    ],
    [
      [
        610,
        689
      ]
    ],
    [
      [
        611,
        690
      ]
    ],
    [
      [
        611,
        691
      ]
    ],
    [
      [
        613,
        693
      ]
    ],
    [
      [
        613,
        695
      ]
    ],
    [
      [
        614,
        696
      ]
    ],
    [
      [
        614,
        699
      ]
    ],
    [
      [
        615,
        700
      ]
    ],
    [
      [
        615,
        702
      ]
    ],
    [
      [
        616,
        703
      ]
    ],
    [
      [
        616,
        705
      ]
    ],
    [
      [
        617,
        706
      ]
    ],
    [
      [
        617,
        707
      ]
    ],
    [
      [
        618,
        708
      ]
    ],
    [
      [
        618,
        710
      ]
    ],
    [
      [
        619,
        711
      ]
    ],
    [
      [
        619,
        713
      ]
    ],
    [
      [
        621,
        715
      ]
    ],
    [
      [
        621,
        716
      ]
    ],
    [
      [
        622,
        717
      ]
    ],
    [
      [
        622,
        722
      ]
    ],
    [
      [
        624,
        724
      ]
    ],
    [
      [
        624,
        725
      ]
    ],
    [
      [
        625,
        726
      ]
    ],
    [
      [
        625,
        728
      ]
    ],
    [
      [
        626,
        729
      ]
    ],
    [
      [
        626,
        731
      ]
    ],
    [
      [
        628,
        733
      ]
    ],
    [
      [
        628,
        734
      ]
    ],
    [
      [
        629,
        735
      ]
    ],
    [
      [
        629,
        741
      ]
    ],
    [
      [
        630,
        742
      ]
    ],
    [
      [
        630,
        745
      ]
    ],
    [
      [
        631,
        746
      ]
    ],
    [
      [
        633,
        746
      ]
    ],
    [
      [
        634,
        747
      ]
    ],
    [
      [
        634,
        755
      ]
    ],
    [
      [
        637,
        758
      ]
    ],
    [
      [
        637,
        759
      ]
    ],
    [
      [
        638,
        760
      ]
    ],
    [
      [
        638,
        762
      ]
    ],
    [
      [
        639,
        763
      ]
    ],
    [
      [
        639,
        766
      ]
    ],
    [
      [
        640,
        767
      ]
    ],
    [
      [
        640,
        769
      ]
    ],
    [
      [
        641,
        770
      ]
    ],
    [
      [
        641,
        772
      ]
    ],
    [
      [
        642,
        773
      ]
    ],
    [
      [
        642,
        774
      ]
    ],
    [
      [
        643,
        775
      ]
    ],
    [
      [
        643,
        777
      ]
    ],
    [
      [
        644,
        778
      ]
    ],
    [
      [
        644,
        779
      ]
    ],
    [
      [
        646,
        781
      ]
    ],
    [
      [
        646,
        783
      ]
    ],
    [
      [
        647,
        784
      ]
    ],
    [
      [
        647,
        786
      ]
    ],
    [
      [
        648,
        787
      ]
    ],
    [
      [
        648,
        788
      ]
    ],
    [
      [
        649,
        789
      ]
    ],
    [
      [
        649,
        793
      ]
    ],
    [
      [
        650,
        794
      ]
    ],
    [
      [
        650,
        795
      ]
    ],
    [
      [
        651,
        796
      ]
    ],
    [
      [
        651,
        797
      ]
    ],
    [
      [
        652,
        798
      ]
    ],
    [
      [
        652,
        805
      ]
    ],
    [
      [
        654,
        805
      ]
    ],
    [
      [
        655,
        806
      ]
    ],
    [
      [
        655,
        811
      ]
    ],
    [
      [
        656,
        811
      ]
    ],
    [
      [
        657,
        812
      ]
    ],
    [
      [
        657,
        814
      ]
    ],
    [
      [
        658,
        815
      ]
    ],
    [
      [
        658,
        817
      ]
    ],
    [
      [
        659,
        818
      ]
    ],
    [
      [
        659,
        819
      ]
    ],
    [
      [
        660,
        820
      ]
    ],
    [
      [
        660,
        822
      ]
    ],
    [
      [
        661,
        823
      ]
    ],
    [
      [
        661,
        824
      ]
    ],
    [
      [
        662,
        825
      ]
    ],
    [
      [
        662,
        826
      ]
    ],
    [
      [
        663,
        827
      ]
    ],
    [
      [
        663,
        829
      ]
    ],
    [
      [
        664,
        830
      ]
    ],
    [
      [
        664,
        832
      ]
    ],
    [
      [
        665,
        833
      ]
    ],
    [
      [
        665,
        835
      ]
    ],
    [
      [
        666,
        836
      ]
    ],
    [
      [
        666,
        838
      ]
    ],
    [
      [
        667,
        839
      ]
    ],
    [
      [
        667,
        842
      ]
    ],
    [
      [
        669,
        844
      ]
    ],
    [
      [
        669,
        846
      ]
    ],
    [
      [
        670,
        847
      ]
    ],
    [
      [
        670,
        849
      ]
    ],
    [
      [
        671,
        850
      ]
    ],
    [
      [
        671,
        851
      ]
    ],
    [
      [
        672,
        852
      ]
    ],
    [
      [
        672,
        853
      ]
    ],
    [
      [
        678,
        853
      ]
    ],
    [
      [
        679,
        852
      ]
    ],
    [
      [
        709,
        852
      ]
    ],
    [
      [
        710,
        853
      ]
    ],
    [
      [
        710,
        856
      ]
    ],
    [
      [
        711,
        857
      ]
    ],
    [
      [
        711,
        869
      ]
    ],
    [
      [
        721,
        869
      ]
    ],
    [
      [
        722,
        870
      ]
    ],
    [
      [
        722,
        871
      ]
    ],
    [
      [
        724,
        873
      ]
    ],
    [
      [
        724,
        874
      ]
    ],
    [
      [
        725,
        875
      ]
    ],
    [
      [
        725,
        876
      ]
    ],
    [
      [
        726,
        877
      ]
    ],
    [
      [
        726,
        895
      ]
    ],
    [
      [
        725,
        896
      ]
    ],
    [
      [
        708,
        896
      ]
    ],
    [
      [
        707,
        895
      ]
    ],
    [
      [
        707,
        893
      ]
    ],
    [
      [
        706,
        893
      ]
    ],
    [
      [
        704,
        891
      ]
    ],
    [
      [
        704,
        889
      ]
    ],
    [
      [
        703,
        888
      ]
    ],
    [
      [
        703,
        875
      ]
    ],
    [
      [
        693,
        875
      ]
    ],
    [
      [
        693,
        883
      ]
    ],
    [
      [
        694,
        884
      ]
    ],
    [
      [
        694,
        886
      ]
    ],
    [
      [
        695,
        887
      ]
    ],
    [
      [
        695,
        890
      ]
    ],
    [
      [
        696,
        891
      ]
    ],
    [
      [
        696,
        892
      ]
    ],
    [
      [
        697,
        893
      ]
    ],
    [
      [
        697,
        894
      ]
    ],
    [
      [
        698,
        895
      ]
    ],
    [
      [
        698,
        898
      ]
    ],
    [
      [
        699,
        899
      ]
    ],
    [
      [
        700,
        899
      ]
    ],
    [
      [
        701,
        900
      ]
    ],
    [
      [
        701,
        904
      ]
    ],
    [
      [
        702,
        905
      ]
    ],
    [
      [
        702,
        908
      ]
    ],
    [
      [
        704,
        910
      ]
    ],
    [
      [
        704,
        912
      ]
    ],
    [
      [
        705,
        913
      ]
    ],
    [
      [
        705,
        915
      ]
    ],
    [
      [
        707,
        917
      ]
    ],
    [
      [
        707,
        919
      ]
    ],
    [
      [
        716,
        919
      ]
    ],
    [
      [
        717,
        920
      ]
    ],
    [
      [
        717,
        926
      ]
    ],
    [
      [
        718,
        927
      ]
    ],
    [
      [
        718,
        929
      ]
    ],
    [
      [
        724,
        935
      ]
    ],
    [
      [
        724,
        938
      ]
    ],
    [
      [
        725,
        939
      ]
    ],
    [
      [
        725,
        940
      ]
    ],
    [
      [
        726,
        941
      ]
    ],
    [
      [
        726,
        942
      ]
    ],
    [
      [
        727,
        943
      ]
    ],
    [
      [
        727,
        945
      ]
    ],
    [
      [
        728,
        945
      ]
    ],
    [
      [
        729,
        946
      ]
    ],
    [
      [
        729,
        949
      ]
    ],
    [
      [
        730,
        950
      ]
    ],
    [
      [
        730,
        951
      ]
    ],
    [
      [
        731,
        952
      ]
    ],
    [
      [
        731,
        953
      ]
    ],
    [
      [
        732,
        954
      ]
    ],
    [
      [
        732,
        956
      ]
    ],
    [
      [
        734,
        958
      ]
    ],
    [
      [
        760,
        958
      ]
    ],
    [
      [
        761,
        959
      ]
    ],
    [
      [
        761,
        960
      ]
    ],
    [
      [
        763,
        962
      ]
    ],
    [
      [
        764,
        962
      ]
    ],
    [
      [
        765,
        963
      ]
    ],
    [
      [
        766,
        963
      ]
    ],
    [
      [
        769,
        966
      ]
    ],
    [
      [
        770,
        966
      ]
    ],
    [
      [
        771,
        967
      ]
    ],
    [
      [
        772,
        967
      ]
    ],
    [
      [
        773,
        968
      ]
    ],
    [
      [
        774,
        968
      ]
    ],
    [
      [
        776,
        970
      ]
    ],
    [
      [
        779,
        970
      ]
    ],
    [
      [
        781,
        972
      ]
    ],
    [
      [
        782,
        972
      ]
    ],
    [
      [
        784,
        974
      ]
    ],
    [
      [
        785,
        974
      ]
    ],
    [
      [
        787,
        976
      ]
    ],
    [
      [
        789,
        976
      ]
    ],
    [
      [
        790,
        977
      ]
    ],
    [
      [
        796,
        977
      ]
    ],
    [
      [
        797,
        978
      ]
    ],
    [
      [
        797,
        979
      ]
    ],
    [
      [
        799,
        979
      ]
    ],
    [
      [
        800,
        980
      ]
    ],
    [
      [
        802,
        980
      ]
    ],
    [
      [
        803,
        981
      ]
    ],
    [
      [
        805,
        981
      ]
    ],
    [
      [
        806,
        982
      ]
    ],
    [
      [
        820,
        982
      ]
    ],
    [
      [
        821,
        983
      ]
    ],
    [
      [
        821,
        984
      ]
    ],
    [
      [
        825,
        984
      ]
    ],
    [
      [
        827,
        986
      ]
    ],
    [
      [
        827,
        987
      ]
    ],
    [
      [
        828,
        987
      ]
    ],
    [
      [
        830,
        989
      ]
    ],
    [
      [
        832,
        989
      ]
    ],
    [
      [
        833,
        990
      ]
    ],
    [
      [
        848,
        990
      ]
    ],
    [
      [
        849,
        989
      ]
    ],
    [
      [
        857,
        989
      ]
    ],
    [
      [
        858,
        988
      ]
    ],
    [
      [
        867,
        988
      ]
    ],
    [
      [
        869,
        986
      ]
    ],
    [
      [
        873,
        986
      ]
    ],
    [
      [
        874,
        985
      ]
    ],
    [
      [
        879,
        985
      ]
    ],
    [
      [
        880,
        984
      ]
    ],
    [
      [
        881,
        984
      ]
    ],
    [
      [
        882,
        983
      ]
    ],
    [
      [
        884,
        983
      ]
    ],
    [
      [
        885,
        982
      ]
    ],
    [
      [
        887,
        982
      ]
    ],
    [
      [
        888,
        981
      ]
    ],
    [
      [
        890,
        981
      ]
    ],
    [
      [
        892,
        979
      ]
    ],
    [
      [
        897,
        979
      ]
    ],
    [
      [
        898,
        978
      ]
    ],
    [
      [
        899,
        978
      ]
    ],
    [
      [
        900,
        977
      ]
    ],
    [
      [
        902,
        977
      ]
    ],
    [
      [
        903,
        976
      ]
    ],
    [
      [
        906,
        976
      ]
    ],
    [
      [
        907,
        975
      ]
    ],
    [
      [
        909,
        975
      ]
    ],
    [
      [
        910,
        974
      ]
    ],
    [
      [
        911,
        974
      ]
    ],
    [
      [
        912,
        973
      ]
    ],
    [
      [
        914,
        973
      ]
    ],
    [
      [
        915,
        972
      ]
    ],
    [
      [
        916,
        972
      ]
    ],
    [
      [
        917,
        971
      ]
    ],
    [
      [
        918,
        971
      ]
    ],
    [
      [
        920,
        969
      ]
    ],
    [
      [
        927,
        969
      ]
    ],
    [
      [
        928,
        968
      ]
    ],
    [
      [
        931,
        968
      ]
    ],
    [
      [
        931,
        967
      ]
    ],
    [
      [
        932,
        966
      ]
    ],
    [
      [
        932,
        960
      ]
    ],
    [
      [
        933,
        959
      ]
    ],
    [
      [
        934,
        959
      ]
    ],
    [
      [
        936,
        957
      ]
    ],
    [
      [
        940,
        957
      ]
    ],
    [
      [
        941,
        956
      ]
    ],
    [
      [
        943,
        956
      ]
    ],
    [
      [
        944,
        955
      ]
    ],
    [
      [
        947,
        955
      ]
    ],
    [
      [
        948,
        954
      ]
    ],
    [
      [
        949,
        954
      ]
    ],
    [
      [
        950,
        953
      ]
    ],
    [
      [
        952,
        953
      ]
    ],
    [
      [
        954,
        951
      ]
    ],
    [
      [
        957,
        951
      ]
    ],
    [
      [
        958,
        950
      ]
    ],
    [
      [
        962,
        950
      ]
    ],
    [
      [
        964,
        948
      ]
    ],
    [
      [
        971,
        948
      ]
    ],
    [
      [
        972,
        947
      ]
    ],
    [
      [
        973,
        947
      ]
    ],
    [
      [
        977,
        943
      ]
    ],
    [
      [
        981,
        943
      ]
    ],
    [
      [
        983,
        941
      ]
    ],
    [
      [
        994,
        941
      ]
    ],
    [
      [
        994,
        938
      ]
    ],
    [
      [
        997,
        935
      ]
    ],
    [
      [
        1000,
        935
      ]
    ],
    [
      [
        1001,
        934
      ]
    ],
    [
      [
        1002,
        934
      ]
    ],
    [
      [
        1003,
        933
      ]
    ],
    [
      [
        1010,
        933
      ]
    ],
    [
      [
        1011,
        932
      ]
    ],
    [
      [
        1013,
        932
      ]
    ],
    [
      [
        1015,
        930
      ]
    ],
    [
      [
        1026,
        930
      ]
    ],
    [
      [
        1028,
        928
      ]
    ],
    [
      [
        1034,
        928
      ]
    ],
    [
      [
        1035,
        927
      ]
    ],
    [
      [
        1036,
        927
      ]
    ],
    [
      [
        1037,
        926
      ]
    ],
    [
      [
        1040,
        926
      ]
    ],
    [
      [
        1041,
        925
      ]
    ],
    [
      [
        1044,
        925
      ]
    ],
    [
      [
        1045,
        924
      ]
    ],
    [
      [
        1047,
        924
      ]
    ],
    [
      [
        1048,
        923
      ]
    ],
    [
      [
        1050,
        923
      ]
    ],
    [
      [
        1051,
        922
      ]
    ],
    [
      [
        1052,
        922
      ]
    ],
    [
      [
        1053,
        921
      ]
    ],
    [
      [
        1057,
        921
      ]
    ],
    [
      [
        1060,
        918
      ]
    ],
    [
      [
        1062,
        918
      ]
    ],
    [
      [
        1062,
        917
      ]
    ],
    [
      [
        1064,
        915
      ]
    ],
    [
      [
        1066,
        915
      ]
    ],
    [
      [
        1067,
        914
      ]
    ],
    [
      [
        1070,
        914
      ]
    ],
    [
      [
        1071,
        913
      ]
    ],
    [
      [
        1074,
        913
      ]
    ],
    [
      [
        1075,
        912
      ]
    ],
    [
      [
        1077,
        912
      ]
    ],
    [
      [
        1078,
        911
      ]
    ],
    [
      [
        1080,
        911
      ]
    ],
    [
      [
        1081,
        910
      ]
    ],
    [
      [
        1083,
        910
      ]
    ],
    [
      [
        1084,
        909
      ]
    ],
    [
      [
        1093,
        909
      ]
    ],
    [
      [
        1093,
        907
      ]
    ],
    [
      [
        1094,
        906
      ]
    ],
    [
      [
        1104,
        906
      ]
    ],
    [
      [
        1106,
        904
      ]
    ],
    [
      [
        1106,
        902
      ]
    ],
    [
      [
        1107,
        901
      ]
    ],
    [
      [
        1109,
        901
      ]
    ],
    [
      [
        1110,
        900
      ]
    ],
    [
      [
        1117,
        900
      ]
    ],
    [
      [
        1118,
        899
      ]
    ],
    [
      [
        1123,
        899
      ]
    ],
    [
      [
        1124,
        898
      ]
    ],
    [
      [
        1127,
        898
      ]
    ],
    [
      [
        1129,
        896
      ]
    ],
    [
      [
        1130,
        896
      ]
    ],
    [
      [
        1131,
        895
      ]
    ],
    [
      [
        1132,
        895
      ]
    ],
    [
      [
        1133,
        894
      ]
    ],
    [
      [
        1143,
        894
      ]
    ],
    [
      [
        1144,
        893
      ]
    ],
    [
      [
        1146,
        893
      ]
    ],
    [
      [
        1148,
        891
      ]
    ],
    [
      [
        1152,
        891
      ]
    ],
    [
      [
        1153,
        890
      ]
    ],
    [
      [
        1154,
        890
      ]
    ],
    [
      [
        1155,
        889
      ]
    ],
    [
      [
        1157,
        889
      ]
    ],
    [
      [
        1158,
        888
      ]
    ],
    [
      [
        1160,
        888
      ]
    ],
    [
      [
        1162,
        886
      ]
    ],
    [
      [
        1163,
        886
      ]
    ],
    [
      [
        1164,
        885
      ]
    ],
    [
      [
        1182,
        885
      ]
    ],
    [
      [
        1183,
        886
      ]
    ],
    [
      [
        1183,
        897
      ]
    ],
    [
      [
        1189,
        897
      ]
    ],
    [
      [
        1190,
        898
      ]
    ],
    [
      [
        1190,
        899
      ]
    ],
    [
      [
        1197,
        899
      ]
    ],
    [
      [
        1197,
        897
      ]
    ],
    [
      [
        1198,
        896
      ]
    ],
    [
      [
        1198,
        889
      ]
    ],
    [
      [
        1199,
        888
      ]
    ],
    [
      [
        1216,
        888
      ]
    ],
    [
      [
        1217,
        887
      ]
    ],
    [
      [
        1219,
        887
      ]
    ],
    [
      [
        1221,
        885
      ]
    ],
    [
      [
        1222,
        885
      ]
    ],
    [
      [
        1224,
        883
      ]
    ],
    [
      [
        1231,
        883
      ]
    ],
    [
      [
        1232,
        882
      ]
    ],
    [
      [
        1233,
        882
      ]
    ],
    [
      [
        1235,
        880
      ]
    ],
    [
      [
        1236,
        880
      ]
    ],
    [
      [
        1238,
        878
      ]
    ],
    [
      [
        1244,
        878
      ]
    ],
    [
      [
        1245,
        877
      ]
    ],
    [
      [
        1247,
        877
      ]
    ],
    [
      [
        1247,
        873
      ]
    ],
    [
      [
        1249,
        871
      ]
    ],
    [
      [
        1254,
        871
      ]
    ],
    [
      [
        1254,
        870
      ]
    ],
    [
      [
        1255,
        869
      ]
    ],
    [
      [
        1256,
        869
      ]
    ],
    [
      [
        1256,
        859
      ]
    ],
    [
      [
        1257,
        858
      ]
    ],
    [
      [
        1258,
        858
      ]
    ],
    [
      [
        1260,
        856
      ]
    ],
    [
      [
        1260,
        855
      ]
    ],
    [
      [
        1264,
        851
      ]
    ],
    [
      [
        1265,
        851
      ]
    ],
    [
      [
        1267,
        849
      ]
    ],
    [
      [
        1268,
        849
      ]
    ],
    [
      [
        1271,
        846
      ]
    ],
    [
      [
        1271,
        845
      ]
    ],
    [
      [
        1274,
        842
      ]
    ],
    [
      [
        1291,
        842
      ]
    ],
    [
      [
        1292,
        843
      ]
    ],
    [
      [
        1292,
        854
      ]
    ],
    [
      [
        1293,
        855
      ]
    ],
    [
      [
        1293,
        856
      ]
    ],
    [
      [
        1295,
        856
      ]
    ],
    [
      [
        1296,
        857
      ]
    ],
    [
      [
        1296,
        859
      ]
    ],
    [
      [
        1304,
        859
      ]
    ],
    [
      [
        1304,
        858
      ]
    ],
    [
      [
        1306,
        856
      ]
    ],
    [
      [
        1310,
        856
      ]
    ],
    [
      [
        1311,
        855
      ]
    ],
    [
      [
        1313,
        855
      ]
    ],
    [
      [
        1314,
        854
      ]
    ],
    [
      [
        1315,
        854
      ]
    ],
    [
      [
        1316,
        853
      ]
    ],
    [
      [
        1320,
        853
      ]
    ],
    [
      [
        1321,
        852
      ]
    ],
    [
      [
        1324,
        852
      ]
    ],
    [
      [
        1324,
        849
      ]
    ],
    [
      [
        1325,
        848
      ]
    ],
    [
      [
        1337,
        848
      ]
    ],
    [
      [
        1338,
        847
      ]
    ],
    [
      [
        1339,
        847
      ]
    ],
    [
      [
        1340,
        846
      ]
    ],
    [
      [
        1341,
        846
      ]
    ],
    [
      [
        1342,
        845
      ]
    ],
    [
      [
        1345,
        845
      ]
    ],
    [
      [
        1352,
        838
      ]
    ],
    [
      [
        1352,
        837
      ]
    ],
    [
      [
        1353,
        836
      ]
    ],
    [
      [
        1353,
        835
      ]
    ],
    [
      [
        1354,
        834
      ]
    ],
    [
      [
        1354,
        830
      ]
    ],
    [
      [
        1355,
        829
      ]
    ],
    [
      [
        1355,
        828
      ]
    ],
    [
      [
        1356,
        827
      ]
    ],
    [
      [
        1356,
        818
      ]
    ],
    [
      [
        1355,
        817
      ]
    ],
    [
      [
        1355,
        807
      ]
    ],
    [
      [
        1354,
        806
      ]
    ],
    [
      [
        1354,
        805
      ]
    ],
    [
      [
        1353,
        804
      ]
    ],
    [
      [
        1353,
        802
      ]
    ],
    [
      [
        1352,
        801
      ]
    ],
    [
      [
        1352,
        798
      ]
    ],
    [
      [
        1351,
        797
      ]
    ],
    [
      [
        1351,
        794
      ]
    ],
    [
      [
        1350,
        793
      ]
    ],
    [
      [
        1350,
        792
      ]
    ],
    [
      [
        1349,
        791
      ]
    ],
    [
      [
        1349,
        790
      ]
    ],
    [
      [
        1348,
        789
      ]
    ],
    [
      [
        1348,
        788
      ]
    ],
    [
      [
        1347,
        787
      ]
    ],
    [
      [
        1347,
        786
      ]
    ],
    [
      [
        1346,
        785
      ]
    ],
    [
      [
        1346,
        780
      ]
    ],
    [
      [
        1344,
        778
      ]
    ],
    [
      [
        1344,
        777
      ]
    ],
    [
      [
        1343,
        776
      ]
    ],
    [
      [
        1343,
        773
      ]
    ],
    [
      [
        1342,
        772
      ]
    ],
    [
      [
        1342,
        766
      ]
    ],
    [
      [
        1340,
        764
      ]
    ],
    [
      [
        1340,
        760
      ]
    ],
    [
      [
        1339,
        759
      ]
    ],
    [
      [
        1339,
        757
      ]
    ],
    [
      [
        1338,
        756
      ]
    ],
    [
      [
        1338,
        754
      ]
    ],
    [
      [
        1337,
        753
      ]
    ],
    [
      [
        1337,
        751
      ]
    ],
    [
      [
        1336,
        750
      ]
    ],
    [
      [
        1336,
        747
      ]
    ],
    [
      [
        1335,
        746
      ]
    ],
    [
      [
        1335,
        745
      ]
    ],
    [
      [
        1334,
        744
      ]
    ],
    [
      [
        1334,
        743
      ]
    ],
    [
      [
        1333,
        742
      ]
    ],
    [
      [
        1333,
        740
      ]
    ],
    [
      [
        1332,
        739
      ]
    ],
    [
      [
        1332,
        737
      ]
    ],
    [
      [
        1331,
        736
      ]
    ],
    [
      [
        1331,
        715
      ]
    ],
    [
      [
        1332,
        714
      ]
    ],
    [
      [
        1334,
        714
      ]
    ],
    [
      [
        1335,
        713
      ]
    ],
    [
      [
        1341,
        713
      ]
    ],
    [
      [
        1341,
        707
      ]
    ],
    [
      [
        1339,
        707
      ]
    ],
    [
      [
        1336,
        704
      ]
    ],
    [
      [
        1336,
        701
      ]
    ],
    [
      [
        1335,
        700
      ]
    ],
    [
      [
        1335,
        696
      ]
    ],
    [
      [
        1334,
        695
      ]
    ],
    [
      [
        1334,
        692
      ]
    ],
    [
      [
        1333,
        691
      ]
    ],
    [
      [
        1333,
        688
      ]
    ],
    [
      [
        1331,
        686
      ]
    ],
    [
      [
        1331,
        684
      ]
    ],
    [
      [
        1330,
        683
      ]
    ],
    [
      [
        1330,
        681
      ]
    ],
    [
      [
        1329,
        680
      ]
    ],
    [
      [
        1329,
        677
      ]
    ],
    [
      [
        1328,
        676
      ]
    ],
    [
      [
        1328,
        674
      ]
    ],
    [
      [
        1327,
        673
      ]
    ],
    [
      [
        1327,
        670
      ]
    ],
    [
      [
        1326,
        669
      ]
    ],
    [
      [
        1326,
        664
      ]
    ],
    [
      [
        1325,
        663
      ]
    ],
    [
      [
        1325,
        662
      ]
    ],
    [
      [
        1324,
        661
      ]
    ],
    [
      [
        1324,
        655
      ]
    ],
    [
      [
        1323,
        654
      ]
    ],
    [
      [
        1323,
        651
      ]
    ],
    [
      [
        1322,
        650
      ]
    ],
    [
      [
        1322,
        648
      ]
    ],
    [
      [
        1319,
        645
      ]
    ],
    [
      [
        1313,
        645
      ]
    ],
    [
      [
        1313,
        652
      ]
    ],
    [
      [
        1316,
        655
      ]
    ],
    [
      [
        1316,
        692
      ]
    ],
    [
      [
        1315,
        693
      ]
    ],
    [
      [
        1311,
        693
      ]
    ],
    [
      [
        1310,
        694
      ]
    ],
    [
      [
        1285,
        694
      ]
    ],
    [
      [
        1284,
        693
      ]
    ],
    [
      [
        1284,
        691
      ]
    ],
    [
      [
        1282,
        689
      ]
    ],
    [
      [
        1282,
        688
      ]
    ],
    [
      [
        1281,
        687
      ]
    ],
    [
      [
        1281,
        686
      ]
    ],
    [
      [
        1279,
        684
      ]
    ],
    [
      [
        1279,
        681
      ]
    ],
    [
      [
        1278,
        680
      ]
    ],
    [
      [
        1278,
        661
      ]
    ],
    [
      [
        1279,
        660
      ]
    ],
    [
      [
        1279,
        648
      ]
    ],
    [
      [
        1277,
        648
      ]
    ],
    [
      [
        1276,
        647
      ]
    ],
    [
      [
        1276,
        639
      ]
    ],
    [
      [
        1275,
        639
      ]
    ],
    [
      [
        1274,
        638
      ]
    ],
    [
      [
        1273,
        638
      ]
    ],
    [
      [
        1271,
        636
      ]
    ],
    [
      [
        1270,
        636
      ]
    ],
    [
      [
        1269,
        635
      ]
    ],
    [
      [
        1268,
        635
      ]
    ],
    [
      [
        1267,
        634
      ]
    ],
    [
      [
        1266,
        634
      ]
    ],
    [
      [
        1264,
        632
      ]
    ],
    [
      [
        1264,
        631
      ]
    ],
    [
      [
        1263,
        630
      ]
    ],
    [
      [
        1263,
        628
      ]
    ],
    [
      [
        1262,
        627
      ]
    ],
    [
      [
        1262,
        625
      ]
    ],
    [
      [
        1260,
        623
      ]
    ],
    [
      [
        1260,
        622
      ]
    ],
    [
      [
        1259,
        621
      ]
    ],
    [
      [
        1259,
        618
      ]
    ],
    [
      [
        1258,
        617
      ]
    ],
    [
      [
        1258,
        613
      ]
    ],
    [
      [
        1257,
        612
      ]
    ],
    [
      [
        1257,
        611
      ]
    ],
    [
      [
        1256,
        610
      ]
    ],
    [
      [
        1256,
        609
      ]
    ],
    [
      [
        1255,
        608
      ]
    ],
    [
      [
        1255,
        607
      ]
    ],
    [
      [
        1254,
        606
      ]
    ],
    [
      [
        1254,
        600
      ]
    ],
    [
      [
        1252,
        598
      ]
    ],
    [
      [
        1252,
        597
      ]
    ],
    [
      [
        1251,
        596
      ]
    ],
    [
      [
        1251,
        592
      ]
    ],
    [
      [
        1250,
        591
      ]
    ],
    [
      [
        1250,
        588
      ]
    ],
    [
      [
        1248,
        586
      ]
    ],
    [
      [
        1248,
        558
      ]
    ],
    [
      [
        1249,
        557
      ]
    ],
    [
      [
        1255,
        557
      ]
    ],
    [
      [
        1256,
        556
      ]
    ],
    [
      [
        1259,
        556
      ]
    ],
    [
      [
        1259,
        550
      ]
    ],
    [
      [
        1255,
        546
      ]
    ],
    [
      [
        1255,
        545
      ]
    ],
    [
      [
        1254,
        544
      ]
    ],
    [
      [
        1254,
        534
      ]
    ],
    [
      [
        1253,
        533
      ]
    ],
    [
      [
        1253,
        515
      ]
    ],
    [
      [
        1251,
        513
      ]
    ],
    [
      [
        1251,
        511
      ]
    ],
    [
      [
        1250,
        510
      ]
    ],
    [
      [
        1250,
        504
      ]
    ],
    [
      [
        1249,
        503
      ]
    ],
    [
      [
        1249,
        501
      ]
    ],
    [
      [
        1245,
        497
      ]
    ],
    [
      [
        1245,
        491
      ]
    ],
    [
      [
        1244,
        490
      ]
    ],
    [
      [
        1244,
        488
      ]
    ],
    [
      [
        1243,
        487
      ]
    ],
    [
      [
        1243,
        478
      ]
    ],
    [
      [
        1241,
        478
      ]
    ],
    [
      [
        1239,
        476
      ]
    ],
    [
      [
        1239,
        474
      ]
    ],
    [
      [
        1238,
        473
      ]
    ],
    [
      [
        1238,
        471
      ]
    ],
    [
      [
        1237,
        470
      ]
    ],
    [
      [
        1237,
        466
      ]
    ],
    [
      [
        1236,
        465
      ]
    ],
    [
      [
        1236,
        462
      ]
    ],
    [
      [
        1235,
        461
      ]
    ],
    [
      [
        1235,
        459
      ]
    ],
    [
      [
        1232,
        456
      ]
    ],
    [
      [
        1232,
        453
      ]
    ],
    [
      [
        1231,
        452
      ]
    ],
    [
      [
        1231,
        451
      ]
    ],
    [
      [
        1225,
        451
      ]
    ],
    [
      [
        1224,
        450
      ]
    ],
    [
      [
        1224,
        423
      ]
    ],
    [
      [
        1223,
        422
      ]
    ],
    [
      [
        1223,
        421
      ]
    ],
    [
      [
        1222,
        421
      ]
    ],
    [
      [
        1221,
        420
      ]
    ],
    [
      [
        1218,
        420
      ]
    ],
    [
      [
        1217,
        419
      ]
    ],
    [
      [
        1217,
        407
      ]
    ],
    [
      [
        1216,
        406
      ]
    ],
    [
      [
        1216,
        401
      ]
    ],
    [
      [
        1214,
        399
      ]
    ],
    [
      [
        1214,
        398
      ]
    ],
    [
      [
        1213,
        397
      ]
    ],
    [
      [
        1213,
        393
      ]
    ],
    [
      [
        1212,
        392
      ]
    ],
    [
      [
        1212,
        391
      ]
    ],
    [
      [
        1210,
        389
      ]
    ],
    [
      [
        1210,
        386
      ]
    ],
    [
      [
        1208,
        384
      ]
    ],
    [
      [
        1208,
        381
      ]
    ],
    [
      [
        1207,
        380
      ]
    ],
    [
      [
        1206,
        380
      ]
    ],
    [
      [
        1203,
        377
      ]
    ],
    [
      [
        1203,
        373
      ]
    ],
    [
      [
        1201,
        373
      ]
    ],
    [
      [
        1200,
        372
      ]
    ],
    [
      [
        1200,
        367
      ]
    ],
    [
      [
        1199,
        366
      ]
    ],
    [
      [
        1199,
        347
      ]
    ],
    [
      [
        1200,
        346
      ]
    ],
    [
      [
        1200,
        340
      ]
    ],
    [
      [
        1199,
        339
      ]
    ],
    [
      [
        1198,
        339
      ]
    ],
    [
      [
        1197,
        338
      ]
    ],
    [
      [
        1195,
        338
      ]
    ],
    [
      [
        1194,
        337
      ]
    ],
    [
      [
        1194,
        330
      ]
    ],
    [
      [
        1188,
        330
      ]
    ],
    [
      [
        1187,
        331
      ]
    ],
    [
      [
        1185,
        331
      ]
    ],
    [
      [
        1184,
        332
      ]
    ],
    [
      [
        1166,
        332
      ]
    ],
    [
      [
        1165,
        331
      ]
    ],
    [
      [
        1165,
        330
      ]
    ],
    [
      [
        1164,
        329
      ]
    ],
    [
      [
        1164,
        327
      ]
    ],
    [
      [
        1163,
        326
      ]
    ],
    [
      [
        1163,
        324
      ]
    ],
    [
      [
        1162,
        323
      ]
    ],
    [
      [
        1162,
        305
      ]
    ],
    [
      [
        1161,
        304
      ]
    ],
    [
      [
        1161,
        301
      ]
    ],
    [
      [
        1158,
        298
      ]
    ],
    [
      [
        1158,
        296
      ]
    ],
    [
      [
        1157,
        296
      ]
    ],
    [
      [
        1155,
        294
      ]
    ],
    [
      [
        1155,
        288
      ]
    ],
    [
      [
        1151,
        288
      ]
    ],
    [
      [
        1148,
        285
      ]
    ],
    [
      [
        1148,
        284
      ]
    ],
    [
      [
        1146,
        282
      ]
    ],
    [
      [
        1146,
        272
      ]
    ],
    [
      [
        1145,
        271
      ]
    ],
    [
      [
        1145,
        270
      ]
    ],
    [
      [
        1144,
        269
      ]
    ],
    [
      [
        1144,
        268
      ]
    ],
    [
      [
        1143,
        267
      ]
    ],
    [
      [
        1143,
        265
      ]
    ],
    [
      [
        1142,
        264
      ]
    ],
    [
      [
        1142,
        263
      ]
    ],
    [
      [
        1141,
        262
      ]
    ],
    [
      [
        1141,
        260
      ]
    ],
    [
      [
        1140,
        259
      ]
    ],
    [
      [
        1140,
        258
      ]
    ],
    [
      [
        1139,
        257
      ]
    ],
    [
      [
        1139,
        256
      ]
    ],
    [
      [
        1138,
        255
      ]
    ],
    [
      [
        1138,
        254
      ]
    ],
    [
      [
        1137,
        253
      ]
    ],
    [
      [
        1137,
        231
      ]
    ],
    [
      [
        1136,
        230
      ]
    ],
    [
      [
        1136,
        223
      ]
    ],
    [
      [
        1134,
        221
      ]
    ],
    [
      [
        1130,
        221
      ]
    ],
    [
      [
        1127,
        218
      ]
    ],
    [
      [
        1127,
        201
      ]
    ],
    [
      [
        1128,
        200
      ]
    ],
    [
      [
        1148,
        200
      ]
    ],
    [
      [
        1148,
        199
      ]
    ],
    [
      [
        1149,
        198
      ]
    ],
    [
      [
        1156,
        198
      ]
    ],
    [
      [
        1157,
        197
      ]
    ],
    [
      [
        1157,
        189
      ]
    ],
    [
      [
        1156,
        188
      ]
    ],
    [
      [
        1156,
        187
      ]
    ],
    [
      [
        1150,
        181
      ]
    ],
    [
      [
        1150,
        172
      ]
    ],
    [
      [
        1149,
        171
      ]
    ],
    [
      [
        1148,
        171
      ]
    ],
    [
      [
        1146,
        169
      ]
    ],
    [
      [
        1146,
        167
      ]
    ],
    [
      [
        1144,
        165
      ]
    ],
    [
      [
        1144,
        160
      ]
    ],
    [
      [
        1143,
        160
      ]
    ],
    [
      [
        1142,
        159
      ]
    ],
    [
      [
        1142,
        158
      ]
    ],
    [
      [
        1141,
        157
      ]
    ],
    [
      [
        1141,
        153
      ]
    ],
    [
      [
        1139,
        151
      ]
    ],
    [
      [
        1139,
        145
      ]
    ],
    [
      [
        1137,
        143
      ]
    ],
    [
      [
        1137,
        142
      ]
    ],
    [
      [
        1135,
        140
      ]
    ],
    [
      [
        1135,
        137
      ]
    ],
    [
      [
        1134,
        136
      ]
    ],
    [
      [
        1134,
        135
      ]
    ],
    [
      [
        1133,
        134
      ]
    ],
    [
      [
        1133,
        130
      ]
    ],
    [
      [
        1132,
        129
      ]
    ],
    [
      [
        1132,
        128
      ]
    ],
    [
      [
        1131,
        127
      ]
    ],
    [
      [
        1131,
        125
      ]
    ],
    [
      [
        1130,
        124
      ]
    ],
    [
      [
        1130,
        122
      ]
    ],
    [
      [
        1129,
        121
      ]
    ],
    [
      [
        1129,
        119
      ]
    ],
    [
      [
        1128,
        118
      ]
    ],
    [
      [
        1128,
        117
      ]
    ],
    [
      [
        1127,
        116
      ]
    ],
    [
      [
        1127,
        114
      ]
    ],
    [
      [
        1126,
        113
      ]
    ],
    [
      [
        1126,
        111
      ]
    ],
    [
      [
        1124,
        109
      ]
    ],
    [
      [
        1124,
        107
      ]
    ],
    [
      [
        1123,
        106
      ]
    ],
    [
      [
        1123,
        101
      ]
    ],
    [
      [
        1121,
        99
      ]
    ],
    [
      [
        1121,
        98
      ]
    ],
    [
      [
        1120,
        97
      ]
    ],
    [
      [
        1120,
        96
      ]
    ],
    [
      [
        1119,
        95
      ]
    ],
    [
      [
        1119,
        91
      ]
    ],
    [
      [
        1118,
        90
      ]
    ],
    [
      [
        1118,
        89
      ]
    ],
    [
      [
        1117,
        88
      ]
    ],
    [
      [
        1117,
        86
      ]
    ],
    [
      [
        1116,
        85
      ]
    ],
    [
      [
        1116,
        83
      ]
    ],
    [
      [
        1115,
        82
      ]
    ],
    [
      [
        1115,
        61
      ]
    ],
    [
      [
        1117,
        59
      ]
    ],
    [
      [
        1117,
        42
      ]
    ],
    [
      [
        1116,
        41
      ]
    ],
    [
      [
        1116,
        31
      ]
    ],
    [
      [
        1115,
        30
      ]
    ],
    [
      [
        1115,
        29
      ]
    ],
    [
      [
        1114,
        28
      ]
    ],
    [
      [
        1114,
        27
      ]
    ],
    [
      [
        1113,
        27
      ]
    ],
    [
      [
        1103,
        17
      ]
    ],
    [
      [
        1101,
        17
      ]
    ],
    [
      [
        1100,
        16
      ]
    ],
    [
      [
        1098,
        16
      ]
    ],
    [
      [
        1097,
        15
      ]
    ],
    [
      [
        1095,
        15
      ]
    ],
    [
      [
        1094,
        14
      ]
    ],
    [
      [
        1092,
        14
      ]
    ],
    [
      [
        1091,
        13
      ]
    ]
  ],
  "segment_square_corners": [
    [
      440.94122314453125,
      235.41537475585938
    ],
    [
      1105.4520263671875,
      1.08795166015625
    ],
    [
      1397.190673828125,
      828.4063720703125
    ],
    [
      732.6798095703125,
      1062.73388671875
    ]
  ],
  "phrases": [
    "box"
  ],
  "selected_bbox": [
    0.45283278822898865,
    0.46298548579216003,
    0.4781986176967621,
    0.8958101272583008
  ]
}