{
  "timestamp": 1761056119.0891883,
  "session_id": "session_20251021_211452_51253c84",
  "supplier_id": "",
  "qr_data": "695991",
  "qr_items": {
    "tangerine": 4
  },
  "qr_corners": [
    [
      918.0,
      802.0
    ],
    [
      955.0,
      886.0
    ],
    [
      868.0,
      919.0
    ],
    [
      830.0,
      838.0
    ]
  ],
  "segment_corners": [
    [
      [
        1018,
        59
      ]
    ],
    [
      [
        1018,
        60
      ]
    ],
    [
      [
        1017,
        61
      ]
    ],
    [
      [
        971,
        61
      ]
    ],
    [
      [
        970,
        62
      ]
    ],
    [
      [
        960,
        62
      ]
    ],
    [
      [
        959,
        63
      ]
    ],
    [
      [
        954,
        63
      ]
    ],
    [
      [
        953,
        64
      ]
    ],
    [
      [
        952,
        64
      ]
    ],
    [
      [
        951,
        65
      ]
    ],
    [
      [
        950,
        65
      ]
    ],
    [
      [
        949,
        66
      ]
    ],
    [
      [
        947,
        66
      ]
    ],
    [
      [
        946,
        67
      ]
    ],
    [
      [
        928,
        67
      ]
    ],
    [
      [
        927,
        66
      ]
    ],
    [
      [
        920,
        66
      ]
    ],
    [
      [
        919,
        67
      ]
    ],
    [
      [
        916,
        67
      ]
    ],
    [
      [
        916,
        68
      ]
    ],
    [
      [
        915,
        69
      ]
    ],
    [
      [
        913,
        69
      ]
    ],
    [
      [
        912,
        70
      ]
    ],
    [
      [
        905,
        70
      ]
    ],
    [
      [
        905,
        81
      ]
    ],
    [
      [
        904,
        82
      ]
    ],
    [
      [
        898,
        82
      ]
    ],
    [
      [
        898,
        84
      ]
    ],
    [
      [
        897,
        85
      ]
    ],
    [
      [
        897,
        88
      ]
    ],
    [
      [
        895,
        90
      ]
    ],
    [
      [
        893,
        90
      ]
    ],
    [
      [
        892,
        91
      ]
    ],
    [
      [
        891,
        91
      ]
    ],
    [
      [
        890,
        92
      ]
    ],
    [
      [
        889,
        92
      ]
    ],
    [
      [
        888,
        93
      ]
    ],
    [
      [
        887,
        93
      ]
    ],
    [
      [
        887,
        95
      ]
    ],
    [
      [
        884,
        98
      ]
    ],
    [
      [
        880,
        98
      ]
    ],
    [
      [
        879,
        99
      ]
    ],
    [
      [
        876,
        99
      ]
    ],
    [
      [
        875,
        100
      ]
    ],
    [
      [
        875,
        101
      ]
    ],
    [
      [
        872,
        104
      ]
    ],
    [
      [
        867,
        104
      ]
    ],
    [
      [
        866,
        105
      ]
    ],
    [
      [
        865,
        105
      ]
    ],
    [
      [
        864,
        106
      ]
    ],
    [
      [
        863,
        106
      ]
    ],
    [
      [
        861,
        108
      ]
    ],
    [
      [
        860,
        108
      ]
    ],
    [
      [
        860,
        126
      ]
    ],
    [
      [
        858,
        128
      ]
    ],
    [
      [
        856,
        128
      ]
    ],
    [
      [
        855,
        129
      ]
    ],
    [
      [
        853,
        129
      ]
    ],
    [
      [
        852,
        130
      ]
    ],
    [
      [
        851,
        130
      ]
    ],
    [
      [
        850,
        131
      ]
    ],
    [
      [
        849,
        131
      ]
    ],
    [
      [
        848,
        132
      ]
    ],
    [
      [
        847,
        132
      ]
    ],
    [
      [
        846,
        133
      ]
    ],
    [
      [
        844,
        133
      ]
    ],
    [
      [
        843,
        134
      ]
    ],
    [
      [
        842,
        134
      ]
    ],
    [
      [
        841,
        135
      ]
    ],
    [
      [
        838,
        135
      ]
    ],
    [
      [
        836,
        137
      ]
    ],
    [
      [
        835,
        137
      ]
    ],
    [
      [
        834,
        138
      ]
    ],
    [
      [
        833,
        138
      ]
    ],
    [
      [
        832,
        139
      ]
    ],
    [
      [
        831,
        139
      ]
    ],
    [
      [
        829,
        141
      ]
    ],
    [
      [
        828,
        141
      ]
    ],
    [
      [
        827,
        142
      ]
    ],
    [
      [
        824,
        142
      ]
    ],
    [
      [
        822,
        144
      ]
    ],
    [
      [
        821,
        144
      ]
    ],
    [
      [
        820,
        145
      ]
    ],
    [
      [
        818,
        145
      ]
    ],
    [
      [
        817,
        146
      ]
    ],
    [
      [
        815,
        146
      ]
    ],
    [
      [
        813,
        148
      ]
    ],
    [
      [
        811,
        148
      ]
    ],
    [
      [
        810,
        149
      ]
    ],
    [
      [
        808,
        149
      ]
    ],
    [
      [
        807,
        150
      ]
    ],
    [
      [
        806,
        150
      ]
    ],
    [
      [
        804,
        152
      ]
    ],
    [
      [
        803,
        152
      ]
    ],
    [
      [
        802,
        153
      ]
    ],
    [
      [
        801,
        153
      ]
    ],
    [
      [
        800,
        154
      ]
    ],
    [
      [
        798,
        154
      ]
    ],
    [
      [
        796,
        156
      ]
    ],
    [
      [
        793,
        156
      ]
    ],
    [
      [
        791,
        158
      ]
    ],
    [
      [
        789,
        158
      ]
    ],
    [
      [
        788,
        159
      ]
    ],
    [
      [
        787,
        159
      ]
    ],
    [
      [
        785,
        161
      ]
    ],
    [
      [
        783,
        161
      ]
    ],
    [
      [
        781,
        163
      ]
    ],
    [
      [
        778,
        163
      ]
    ],
    [
      [
        776,
        165
      ]
    ],
    [
      [
        774,
        165
      ]
    ],
    [
      [
        773,
        166
      ]
    ],
    [
      [
        771,
        166
      ]
    ],
    [
      [
        770,
        167
      ]
    ],
    [
      [
        769,
        167
      ]
    ],
    [
      [
        768,
        168
      ]
    ],
    [
      [
        767,
        168
      ]
    ],
    [
      [
        765,
        170
      ]
    ],
    [
      [
        763,
        170
      ]
    ],
    [
      [
        762,
        171
      ]
    ],
    [
      [
        761,
        171
      ]
    ],
    [
      [
        760,
        172
      ]
    ],
    [
      [
        759,
        172
      ]
    ],
    [
      [
        758,
        173
      ]
    ],
    [
      [
        755,
        173
      ]
    ],
    [
      [
        753,
        175
      ]
    ],
    [
      [
        751,
        175
      ]
    ],
    [
      [
        749,
        177
      ]
    ],
    [
      [
        748,
        177
      ]
    ],
    [
      [
        746,
        179
      ]
    ],
    [
      [
        742,
        179
      ]
    ],
    [
      [
        741,
        180
      ]
    ],
    [
      [
        740,
        180
      ]
    ],
    [
      [
        738,
        182
      ]
    ],
    [
      [
        737,
        182
      ]
    ],
    [
      [
        736,
        183
      ]
    ],
    [
      [
        734,
        183
      ]
    ],
    [
      [
        733,
        184
      ]
    ],
    [
      [
        732,
        184
      ]
    ],
    [
      [
        731,
        185
      ]
    ],
    [
      [
        730,
        185
      ]
    ],
    [
      [
        729,
        186
      ]
    ],
    [
      [
        727,
        186
      ]
    ],
    [
      [
        725,
        188
      ]
    ],
    [
      [
        723,
        188
      ]
    ],
    [
      [
        722,
        189
      ]
    ],
    [
      [
        721,
        189
      ]
    ],
    [
      [
        720,
        190
      ]
    ],
    [
      [
        719,
        190
      ]
    ],
    [
      [
        718,
        191
      ]
    ],
    [
      [
        716,
        191
      ]
    ],
    [
      [
        715,
        192
      ]
    ],
    [
      [
        713,
        192
      ]
    ],
    [
      [
        711,
        194
      ]
    ],
    [
      [
        710,
        194
      ]
    ],
    [
      [
        708,
        196
      ]
    ],
    [
      [
        707,
        196
      ]
    ],
    [
      [
        706,
        197
      ]
    ],
    [
      [
        704,
        197
      ]
    ],
    [
      [
        702,
        199
      ]
    ],
    [
      [
        699,
        199
      ]
    ],
    [
      [
        698,
        200
      ]
    ],
    [
      [
        697,
        200
      ]
    ],
    [
      [
        696,
        201
      ]
    ],
    [
      [
        694,
        201
      ]
    ],
    [
      [
        693,
        202
      ]
    ],
    [
      [
        692,
        202
      ]
    ],
    [
      [
        691,
        203
      ]
    ],
    [
      [
        690,
        203
      ]
    ],
    [
      [
        689,
        204
      ]
    ],
    [
      [
        688,
        204
      ]
    ],
    [
      [
        687,
        205
      ]
    ],
    [
      [
        686,
        205
      ]
    ],
    [
      [
        685,
        206
      ]
    ],
    [
      [
        684,
        206
      ]
    ],
    [
      [
        683,
        207
      ]
    ],
    [
      [
        681,
        207
      ]
    ],
    [
      [
        679,
        209
      ]
    ],
    [
      [
        678,
        209
      ]
    ],
    [
      [
        677,
        210
      ]
    ],
    [
      [
        676,
        210
      ]
    ],
    [
      [
        675,
        211
      ]
    ],
    [
      [
        673,
        211
      ]
    ],
    [
      [
        672,
        212
      ]
    ],
    [
      [
        669,
        212
      ]
    ],
    [
      [
        666,
        215
      ]
    ],
    [
      [
        664,
        215
      ]
    ],
    [
      [
        663,
        216
      ]
    ],
    [
      [
        662,
        216
      ]
    ],
    [
      [
        660,
        218
      ]
    ],
    [
      [
        659,
        218
      ]
    ],
    [
      [
        658,
        219
      ]
    ],
    [
      [
        656,
        219
      ]
    ],
    [
      [
        655,
        220
      ]
    ],
    [
      [
        654,
        220
      ]
    ],
    [
      [
        653,
        221
      ]
    ],
    [
      [
        652,
        221
      ]
    ],
    [
      [
        651,
        222
      ]
    ],
    [
      [
        634,
        222
      ]
    ],
    [
      [
        633,
        221
      ]
    ],
    [
      [
        633,
        212
      ]
    ],
    [
      [
        632,
        212
      ]
    ],
    [
      [
        631,
        211
      ]
    ],
    [
      [
        621,
        211
      ]
    ],
    [
      [
        620,
        212
      ]
    ],
    [
      [
        617,
        212
      ]
    ],
    [
      [
        617,
        214
      ]
    ],
    [
      [
        616,
        215
      ]
    ],
    [
      [
        601,
        215
      ]
    ],
    [
      [
        600,
        216
      ]
    ],
    [
      [
        594,
        216
      ]
    ],
    [
      [
        594,
        220
      ]
    ],
    [
      [
        593,
        221
      ]
    ],
    [
      [
        568,
        221
      ]
    ],
    [
      [
        568,
        227
      ]
    ],
    [
      [
        567,
        228
      ]
    ],
    [
      [
        566,
        228
      ]
    ],
    [
      [
        564,
        230
      ]
    ],
    [
      [
        563,
        230
      ]
    ],
    [
      [
        562,
        231
      ]
    ],
    [
      [
        560,
        231
      ]
    ],
    [
      [
        559,
        232
      ]
    ],
    [
      [
        558,
        232
      ]
    ],
    [
      [
        557,
        233
      ]
    ],
    [
      [
        555,
        233
      ]
    ],
    [
      [
        554,
        234
      ]
    ],
    [
      [
        553,
        234
      ]
    ],
    [
      [
        552,
        235
      ]
    ],
    [
      [
        551,
        235
      ]
    ],
    [
      [
        550,
        236
      ]
    ],
    [
      [
        548,
        236
      ]
    ],
    [
      [
        547,
        237
      ]
    ],
    [
      [
        546,
        237
      ]
    ],
    [
      [
        544,
        239
      ]
    ],
    [
      [
        543,
        239
      ]
    ],
    [
      [
        542,
        240
      ]
    ],
    [
      [
        540,
        240
      ]
    ],
    [
      [
        539,
        241
      ]
    ],
    [
      [
        537,
        241
      ]
    ],
    [
      [
        536,
        242
      ]
    ],
    [
      [
        535,
        242
      ]
    ],
    [
      [
        533,
        244
      ]
    ],
    [
      [
        532,
        244
      ]
    ],
    [
      [
        531,
        245
      ]
    ],
    [
      [
        530,
        245
      ]
    ],
    [
      [
        529,
        246
      ]
    ],
    [
      [
        526,
        246
      ]
    ],
    [
      [
        524,
        248
      ]
    ],
    [
      [
        523,
        248
      ]
    ],
    [
      [
        522,
        249
      ]
    ],
    [
      [
        521,
        249
      ]
    ],
    [
      [
        520,
        250
      ]
    ],
    [
      [
        519,
        250
      ]
    ],
    [
      [
        518,
        251
      ]
    ],
    [
      [
        517,
        251
      ]
    ],
    [
      [
        516,
        252
      ]
    ],
    [
      [
        514,
        252
      ]
    ],
    [
      [
        513,
        253
      ]
    ],
    [
      [
        512,
        253
      ]
    ],
    [
      [
        511,
        254
      ]
    ],
    [
      [
        510,
        254
      ]
    ],
    [
      [
        508,
        256
      ]
    ],
    [
      [
        506,
        256
      ]
    ],
    [
      [
        505,
        257
      ]
    ],
    [
      [
        504,
        257
      ]
    ],
    [
      [
        503,
        258
      ]
    ],
    [
      [
        502,
        258
      ]
    ],
    [
      [
        501,
        259
      ]
    ],
    [
      [
        499,
        259
      ]
    ],
    [
      [
        497,
        261
      ]
    ],
    [
      [
        495,
        261
      ]
    ],
    [
      [
        494,
        262
      ]
    ],
    [
      [
        493,
        262
      ]
    ],
    [
      [
        491,
        264
      ]
    ],
    [
      [
        490,
        264
      ]
    ],
    [
      [
        489,
        265
      ]
    ],
    [
      [
        484,
        265
      ]
    ],
    [
      [
        484,
        266
      ]
    ],
    [
      [
        483,
        267
      ]
    ],
    [
      [
        479,
        267
      ]
    ],
    [
      [
        479,
        268
      ]
    ],
    [
      [
        477,
        270
      ]
    ],
    [
      [
        476,
        270
      ]
    ],
    [
      [
        475,
        271
      ]
    ],
    [
      [
        474,
        271
      ]
    ],
    [
      [
        472,
        273
      ]
    ],
    [
      [
        471,
        273
      ]
    ],
    [
      [
        470,
        274
      ]
    ],
    [
      [
        468,
        274
      ]
    ],
    [
      [
        465,
        277
      ]
    ],
    [
      [
        464,
        277
      ]
    ],
    [
      [
        463,
        278
      ]
    ],
    [
      [
        462,
        278
      ]
    ],
    [
      [
        461,
        279
      ]
    ],
    [
      [
        461,
        280
      ]
    ],
    [
      [
        457,
        284
      ]
    ],
    [
      [
        457,
        286
      ]
    ],
    [
      [
        456,
        287
      ]
    ],
    [
      [
        456,
        289
      ]
    ],
    [
      [
        455,
        290
      ]
    ],
    [
      [
        455,
        295
      ]
    ],
    [
      [
        454,
        296
      ]
    ],
    [
      [
        454,
        301
      ]
    ],
    [
      [
        453,
        302
      ]
    ],
    [
      [
        453,
        308
      ]
    ],
    [
      [
        454,
        309
      ]
    ],
    [
      [
        454,
        311
      ]
    ],
    [
      [
        456,
        313
      ]
    ],
    [
      [
        456,
        315
      ]
    ],
    [
      [
        457,
        316
      ]
    ],
    [
      [
        457,
        317
      ]
    ],
    [
      [
        459,
        319
      ]
    ],
    [
      [
        459,
        321
      ]
    ],
    [
      [
        460,
        322
      ]
    ],
    [
      [
        460,
        323
      ]
    ],
    [
      [
        462,
        325
      ]
    ],
    [
      [
        462,
        330
      ]
    ],
    [
      [
        463,
        330
      ]
    ],
    [
      [
        464,
        331
      ]
    ],
    [
      [
        464,
        332
      ]
    ],
    [
      [
        465,
        333
      ]
    ],
    [
      [
        465,
        336
      ]
    ],
    [
      [
        466,
        337
      ]
    ],
    [
      [
        466,
        338
      ]
    ],
    [
      [
        469,
        341
      ]
    ],
    [
      [
        469,
        344
      ]
    ],
    [
      [
        470,
        345
      ]
    ],
    [
      [
        470,
        346
      ]
    ],
    [
      [
        471,
        347
      ]
    ],
    [
      [
        471,
        348
      ]
    ],
    [
      [
        472,
        349
      ]
    ],
    [
      [
        472,
        353
      ]
    ],
    [
      [
        473,
        354
      ]
    ],
    [
      [
        473,
        355
      ]
    ],
    [
      [
        474,
        356
      ]
    ],
    [
      [
        474,
        357
      ]
    ],
    [
      [
        475,
        358
      ]
    ],
    [
      [
        475,
        359
      ]
    ],
    [
      [
        476,
        359
      ]
    ],
    [
      [
        477,
        360
      ]
    ],
    [
      [
        477,
        361
      ]
    ],
    [
      [
        478,
        362
      ]
    ],
    [
      [
        478,
        364
      ]
    ],
    [
      [
        479,
        365
      ]
    ],
    [
      [
        479,
        366
      ]
    ],
    [
      [
        480,
        367
      ]
    ],
    [
      [
        480,
        368
      ]
    ],
    [
      [
        481,
        369
      ]
    ],
    [
      [
        481,
        370
      ]
    ],
    [
      [
        482,
        371
      ]
    ],
    [
      [
        482,
        373
      ]
    ],
    [
      [
        484,
        375
      ]
    ],
    [
      [
        490,
        375
      ]
    ],
    [
      [
        490,
        372
      ]
    ],
    [
      [
        491,
        371
      ]
    ],
    [
      [
        508,
        371
      ]
    ],
    [
      [
        509,
        372
      ]
    ],
    [
      [
        509,
        382
      ]
    ],
    [
      [
        533,
        382
      ]
    ],
    [
      [
        534,
        383
      ]
    ],
    [
      [
        534,
        384
      ]
    ],
    [
      [
        535,
        385
      ]
    ],
    [
      [
        535,
        387
      ]
    ],
    [
      [
        536,
        388
      ]
    ],
    [
      [
        536,
        390
      ]
    ],
    [
      [
        537,
        391
      ]
    ],
    [
      [
        537,
        393
      ]
    ],
    [
      [
        538,
        394
      ]
    ],
    [
      [
        538,
        399
      ]
    ],
    [
      [
        539,
        400
      ]
    ],
    [
      [
        539,
        401
      ]
    ],
    [
      [
        540,
        402
      ]
    ],
    [
      [
        540,
        403
      ]
    ],
    [
      [
        541,
        404
      ]
    ],
    [
      [
        541,
        405
      ]
    ],
    [
      [
        543,
        407
      ]
    ],
    [
      [
        543,
        408
      ]
    ],
    [
      [
        545,
        410
      ]
    ],
    [
      [
        545,
        413
      ]
    ],
    [
      [
        546,
        414
      ]
    ],
    [
      [
        547,
        414
      ]
    ],
    [
      [
        548,
        415
      ]
    ],
    [
      [
        548,
        432
      ]
    ],
    [
      [
        547,
        433
      ]
    ],
    [
      [
        545,
        433
      ]
    ],
    [
      [
        545,
        439
      ]
    ],
    [
      [
        547,
        441
      ]
    ],
    [
      [
        547,
        442
      ]
    ],
    [
      [
        548,
        443
      ]
    ],
    [
      [
        548,
        445
      ]
    ],
    [
      [
        550,
        447
      ]
    ],
    [
      [
        550,
        448
      ]
    ],
    [
      [
        551,
        449
      ]
    ],
    [
      [
        551,
        450
      ]
    ],
    [
      [
        552,
        451
      ]
    ],
    [
      [
        552,
        453
      ]
    ],
    [
      [
        553,
        454
      ]
    ],
    [
      [
        553,
        455
      ]
    ],
    [
      [
        555,
        457
      ]
    ],
    [
      [
        555,
        458
      ]
    ],
    [
      [
        556,
        459
      ]
    ],
    [
      [
        556,
        461
      ]
    ],
    [
      [
        557,
        462
      ]
    ],
    [
      [
        557,
        463
      ]
    ],
    [
      [
        559,
        465
      ]
    ],
    [
      [
        559,
        466
      ]
    ],
    [
      [
        560,
        467
      ]
    ],
    [
      [
        560,
        469
      ]
    ],
    [
      [
        563,
        472
      ]
    ],
    [
      [
        563,
        475
      ]
    ],
    [
      [
        565,
        477
      ]
    ],
    [
      [
        565,
        478
      ]
    ],
    [
      [
        566,
        479
      ]
    ],
    [
      [
        566,
        482
      ]
    ],
    [
      [
        567,
        483
      ]
    ],
    [
      [
        567,
        484
      ]
    ],
    [
      [
        568,
        485
      ]
    ],
    [
      [
        568,
        486
      ]
    ],
    [
      [
        569,
        487
      ]
    ],
    [
      [
        569,
        488
      ]
    ],
    [
      [
        570,
        489
      ]
    ],
    [
      [
        570,
        490
      ]
    ],
    [
      [
        571,
        491
      ]
    ],
    [
      [
        571,
        492
      ]
    ],
    [
      [
        572,
        493
      ]
    ],
    [
      [
        572,
        495
      ]
    ],
    [
      [
        573,
        496
      ]
    ],
    [
      [
        573,
        497
      ]
    ],
    [
      [
        574,
        498
      ]
    ],
    [
      [
        574,
        499
      ]
    ],
    [
      [
        576,
        501
      ]
    ],
    [
      [
        576,
        502
      ]
    ],
    [
      [
        577,
        503
      ]
    ],
    [
      [
        577,
        504
      ]
    ],
    [
      [
        578,
        505
      ]
    ],
    [
      [
        578,
        507
      ]
    ],
    [
      [
        579,
        508
      ]
    ],
    [
      [
        579,
        509
      ]
    ],
    [
      [
        580,
        510
      ]
    ],
    [
      [
        580,
        512
      ]
    ],
    [
      [
        582,
        514
      ]
    ],
    [
      [
        582,
        515
      ]
    ],
    [
      [
        583,
        516
      ]
    ],
    [
      [
        583,
        517
      ]
    ],
    [
      [
        584,
        518
      ]
    ],
    [
      [
        584,
        520
      ]
    ],
    [
      [
        585,
        521
      ]
    ],
    [
      [
        585,
        522
      ]
    ],
    [
      [
        586,
        523
      ]
    ],
    [
      [
        586,
        524
      ]
    ],
    [
      [
        587,
        525
      ]
    ],
    [
      [
        587,
        526
      ]
    ],
    [
      [
        588,
        527
      ]
    ],
    [
      [
        588,
        529
      ]
    ],
    [
      [
        589,
        530
      ]
    ],
    [
      [
        589,
        531
      ]
    ],
    [
      [
        591,
        533
      ]
    ],
    [
      [
        591,
        535
      ]
    ],
    [
      [
        593,
        537
      ]
    ],
    [
      [
        593,
        538
      ]
    ],
    [
      [
        594,
        539
      ]
    ],
    [
      [
        594,
        540
      ]
    ],
    [
      [
        595,
        541
      ]
    ],
    [
      [
        595,
        543
      ]
    ],
    [
      [
        596,
        544
      ]
    ],
    [
      [
        596,
        575
      ]
    ],
    [
      [
        595,
        576
      ]
    ],
    [
      [
        588,
        576
      ]
    ],
    [
      [
        587,
        577
      ]
    ],
    [
      [
        587,
        583
      ]
    ],
    [
      [
        589,
        585
      ]
    ],
    [
      [
        589,
        586
      ]
    ],
    [
      [
        592,
        589
      ]
    ],
    [
      [
        592,
        607
      ]
    ],
    [
      [
        591,
        608
      ]
    ],
    [
      [
        590,
        608
      ]
    ],
    [
      [
        590,
        614
      ]
    ],
    [
      [
        592,
        616
      ]
    ],
    [
      [
        592,
        617
      ]
    ],
    [
      [
        593,
        617
      ]
    ],
    [
      [
        595,
        619
      ]
    ],
    [
      [
        595,
        621
      ]
    ],
    [
      [
        596,
        622
      ]
    ],
    [
      [
        596,
        624
      ]
    ],
    [
      [
        597,
        625
      ]
    ],
    [
      [
        597,
        626
      ]
    ],
    [
      [
        598,
        627
      ]
    ],
    [
      [
        598,
        628
      ]
    ],
    [
      [
        599,
        629
      ]
    ],
    [
      [
        599,
        630
      ]
    ],
    [
      [
        601,
        632
      ]
    ],
    [
      [
        601,
        634
      ]
    ],
    [
      [
        602,
        635
      ]
    ],
    [
      [
        602,
        636
      ]
    ],
    [
      [
        604,
        638
      ]
    ],
    [
      [
        604,
        639
      ]
    ],
    [
      [
        605,
        640
      ]
    ],
    [
      [
        605,
        641
      ]
    ],
    [
      [
        606,
        642
      ]
    ],
    [
      [
        606,
        643
      ]
    ],
    [
      [
        607,
        644
      ]
    ],
    [
      [
        607,
        646
      ]
    ],
    [
      [
        608,
        647
      ]
    ],
    [
      [
        608,
        648
      ]
    ],
    [
      [
        609,
        649
      ]
    ],
    [
      [
        609,
        650
      ]
    ],
    [
      [
        612,
        653
      ]
    ],
    [
      [
        612,
        654
      ]
    ],
    [
      [
        613,
        655
      ]
    ],
    [
      [
        613,
        656
      ]
    ],
    [
      [
        614,
        657
      ]
    ],
    [
      [
        614,
        659
      ]
    ],
    [
      [
        615,
        660
      ]
    ],
    [
      [
        615,
        663
      ]
    ],
    [
      [
        616,
        664
      ]
    ],
    [
      [
        616,
        665
      ]
    ],
    [
      [
        618,
        667
      ]
    ],
    [
      [
        618,
        668
      ]
    ],
    [
      [
        619,
        669
      ]
    ],
    [
      [
        619,
        671
      ]
    ],
    [
      [
        621,
        673
      ]
    ],
    [
      [
        621,
        677
      ]
    ],
    [
      [
        637,
        677
      ]
    ],
    [
      [
        638,
        678
      ]
    ],
    [
      [
        638,
        684
      ]
    ],
    [
      [
        639,
        685
      ]
    ],
    [
      [
        644,
        685
      ]
    ],
    [
      [
        645,
        686
      ]
    ],
    [
      [
        645,
        688
      ]
    ],
    [
      [
        646,
        689
      ]
    ],
    [
      [
        646,
        693
      ]
    ],
    [
      [
        648,
        695
      ]
    ],
    [
      [
        648,
        696
      ]
    ],
    [
      [
        649,
        697
      ]
    ],
    [
      [
        649,
        698
      ]
    ],
    [
      [
        651,
        700
      ]
    ],
    [
      [
        651,
        701
      ]
    ],
    [
      [
        653,
        703
      ]
    ],
    [
      [
        653,
        706
      ]
    ],
    [
      [
        654,
        707
      ]
    ],
    [
      [
        654,
        708
      ]
    ],
    [
      [
        655,
        709
      ]
    ],
    [
      [
        655,
        711
      ]
    ],
    [
      [
        657,
        713
      ]
    ],
    [
      [
        657,
        714
      ]
    ],
    [
      [
        658,
        715
      ]
    ],
    [
      [
        658,
        716
      ]
    ],
    [
      [
        659,
        717
      ]
    ],
    [
      [
        659,
        718
      ]
    ],
    [
      [
        660,
        719
      ]
    ],
    [
      [
        660,
        720
      ]
    ],
    [
      [
        661,
        721
      ]
    ],
    [
      [
        661,
        744
      ]
    ],
    [
      [
        663,
        746
      ]
    ],
    [
      [
        663,
        747
      ]
    ],
    [
      [
        664,
        748
      ]
    ],
    [
      [
        664,
        752
      ]
    ],
    [
      [
        666,
        754
      ]
    ],
    [
      [
        666,
        755
      ]
    ],
    [
      [
        668,
        757
      ]
    ],
    [
      [
        668,
        769
      ]
    ],
    [
      [
        669,
        770
      ]
    ],
    [
      [
        669,
        771
      ]
    ],
    [
      [
        670,
        772
      ]
    ],
    [
      [
        670,
        778
      ]
    ],
    [
      [
        673,
        778
      ]
    ],
    [
      [
        675,
        780
      ]
    ],
    [
      [
        683,
        780
      ]
    ],
    [
      [
        684,
        781
      ]
    ],
    [
      [
        684,
        782
      ]
    ],
    [
      [
        690,
        782
      ]
    ],
    [
      [
        691,
        781
      ]
    ],
    [
      [
        709,
        781
      ]
    ],
    [
      [
        710,
        782
      ]
    ],
    [
      [
        710,
        783
      ]
    ],
    [
      [
        711,
        784
      ]
    ],
    [
      [
        711,
        785
      ]
    ],
    [
      [
        712,
        786
      ]
    ],
    [
      [
        712,
        788
      ]
    ],
    [
      [
        715,
        791
      ]
    ],
    [
      [
        715,
        793
      ]
    ],
    [
      [
        716,
        794
      ]
    ],
    [
      [
        716,
        795
      ]
    ],
    [
      [
        718,
        797
      ]
    ],
    [
      [
        718,
        799
      ]
    ],
    [
      [
        719,
        800
      ]
    ],
    [
      [
        719,
        801
      ]
    ],
    [
      [
        721,
        803
      ]
    ],
    [
      [
        721,
        804
      ]
    ],
    [
      [
        722,
        805
      ]
    ],
    [
      [
        722,
        806
      ]
    ],
    [
      [
        723,
        807
      ]
    ],
    [
      [
        723,
        808
      ]
    ],
    [
      [
        724,
        809
      ]
    ],
    [
      [
        724,
        811
      ]
    ],
    [
      [
        725,
        812
      ]
    ],
    [
      [
        725,
        814
      ]
    ],
    [
      [
        727,
        816
      ]
    ],
    [
      [
        727,
        817
      ]
    ],
    [
      [
        728,
        818
      ]
    ],
    [
      [
        728,
        819
      ]
    ],
    [
      [
        729,
        820
      ]
    ],
    [
      [
        729,
        821
      ]
    ],
    [
      [
        730,
        822
      ]
    ],
    [
      [
        730,
        823
      ]
    ],
    [
      [
        731,
        824
      ]
    ],
    [
      [
        731,
        825
      ]
    ],
    [
      [
        732,
        826
      ]
    ],
    [
      [
        732,
        827
      ]
    ],
    [
      [
        734,
        829
      ]
    ],
    [
      [
        734,
        830
      ]
    ],
    [
      [
        735,
        831
      ]
    ],
    [
      [
        735,
        832
      ]
    ],
    [
      [
        736,
        833
      ]
    ],
    [
      [
        736,
        834
      ]
    ],
    [
      [
        737,
        835
      ]
    ],
    [
      [
        737,
        838
      ]
    ],
    [
      [
        739,
        840
      ]
    ],
    [
      [
        739,
        841
      ]
    ],
    [
      [
        740,
        842
      ]
    ],
    [
      [
        740,
        843
      ]
    ],
    [
      [
        742,
        845
      ]
    ],
    [
      [
        742,
        847
      ]
    ],
    [
      [
        743,
        848
      ]
    ],
    [
      [
        743,
        849
      ]
    ],
    [
      [
        745,
        851
      ]
    ],
    [
      [
        745,
        852
      ]
    ],
    [
      [
        746,
        853
      ]
    ],
    [
      [
        746,
        854
      ]
    ],
    [
      [
        747,
        855
      ]
    ],
    [
      [
        747,
        856
      ]
    ],
    [
      [
        748,
        857
      ]
    ],
    [
      [
        748,
        859
      ]
    ],
    [
      [
        750,
        861
      ]
    ],
    [
      [
        750,
        863
      ]
    ],
    [
      [
        751,
        864
      ]
    ],
    [
      [
        751,
        866
      ]
    ],
    [
      [
        752,
        867
      ]
    ],
    [
      [
        752,
        868
      ]
    ],
    [
      [
        755,
        871
      ]
    ],
    [
      [
        755,
        872
      ]
    ],
    [
      [
        756,
        873
      ]
    ],
    [
      [
        756,
        874
      ]
    ],
    [
      [
        757,
        875
      ]
    ],
    [
      [
        757,
        876
      ]
    ],
    [
      [
        758,
        877
      ]
    ],
    [
      [
        758,
        878
      ]
    ],
    [
      [
        759,
        879
      ]
    ],
    [
      [
        759,
        880
      ]
    ],
    [
      [
        760,
        881
      ]
    ],
    [
      [
        760,
        882
      ]
    ],
    [
      [
        761,
        883
      ]
    ],
    [
      [
        761,
        885
      ]
    ],
    [
      [
        762,
        886
      ]
    ],
    [
      [
        762,
        887
      ]
    ],
    [
      [
        763,
        888
      ]
    ],
    [
      [
        763,
        889
      ]
    ],
    [
      [
        766,
        892
      ]
    ],
    [
      [
        766,
        894
      ]
    ],
    [
      [
        767,
        895
      ]
    ],
    [
      [
        767,
        913
      ]
    ],
    [
      [
        766,
        914
      ]
    ],
    [
      [
        747,
        914
      ]
    ],
    [
      [
        747,
        920
      ]
    ],
    [
      [
        748,
        921
      ]
    ],
    [
      [
        748,
        923
      ]
    ],
    [
      [
        749,
        923
      ]
    ],
    [
      [
        751,
        925
      ]
    ],
    [
      [
        751,
        926
      ]
    ],
    [
      [
        752,
        927
      ]
    ],
    [
      [
        752,
        928
      ]
    ],
    [
      [
        753,
        929
      ]
    ],
    [
      [
        753,
        930
      ]
    ],
    [
      [
        754,
        931
      ]
    ],
    [
      [
        754,
        933
      ]
    ],
    [
      [
        755,
        934
      ]
    ],
    [
      [
        755,
        935
      ]
    ],
    [
      [
        756,
        935
      ]
    ],
    [
      [
        757,
        936
      ]
    ],
    [
      [
        757,
        937
      ]
    ],
    [
      [
        758,
        938
      ]
    ],
    [
      [
        758,
        939
      ]
    ],
    [
      [
        759,
        940
      ]
    ],
    [
      [
        759,
        948
      ]
    ],
    [
      [
        761,
        948
      ]
    ],
    [
      [
        762,
        949
      ]
    ],
    [
      [
        762,
        950
      ]
    ],
    [
      [
        766,
        954
      ]
    ],
    [
      [
        766,
        955
      ]
    ],
    [
      [
        770,
        959
      ]
    ],
    [
      [
        770,
        960
      ]
    ],
    [
      [
        776,
        960
      ]
    ],
    [
      [
        776,
        957
      ]
    ],
    [
      [
        777,
        956
      ]
    ],
    [
      [
        794,
        956
      ]
    ],
    [
      [
        795,
        957
      ]
    ],
    [
      [
        796,
        957
      ]
    ],
    [
      [
        797,
        958
      ]
    ],
    [
      [
        797,
        961
      ]
    ],
    [
      [
        798,
        962
      ]
    ],
    [
      [
        800,
        962
      ]
    ],
    [
      [
        801,
        963
      ]
    ],
    [
      [
        803,
        963
      ]
    ],
    [
      [
        804,
        964
      ]
    ],
    [
      [
        805,
        964
      ]
    ],
    [
      [
        806,
        965
      ]
    ],
    [
      [
        808,
        965
      ]
    ],
    [
      [
        809,
        966
      ]
    ],
    [
      [
        809,
        983
      ]
    ],
    [
      [
        808,
        984
      ]
    ],
    [
      [
        808,
        995
      ]
    ],
    [
      [
        810,
        997
      ]
    ],
    [
      [
        810,
        1018
      ]
    ],
    [
      [
        815,
        1018
      ]
    ],
    [
      [
        816,
        1019
      ]
    ],
    [
      [
        818,
        1019
      ]
    ],
    [
      [
        819,
        1020
      ]
    ],
    [
      [
        821,
        1020
      ]
    ],
    [
      [
        822,
        1021
      ]
    ],
    [
      [
        822,
        1023
      ]
    ],
    [
      [
        828,
        1023
      ]
    ],
    [
      [
        829,
        1024
      ]
    ],
    [
      [
        829,
        1038
      ]
    ],
    [
      [
        831,
        1038
      ]
    ],
    [
      [
        832,
        1039
      ]
    ],
    [
      [
        839,
        1039
      ]
    ],
    [
      [
        839,
        1038
      ]
    ],
    [
      [
        842,
        1035
      ]
    ],
    [
      [
        843,
        1035
      ]
    ],
    [
      [
        844,
        1034
      ]
    ],
    [
      [
        845,
        1034
      ]
    ],
    [
      [
        846,
        1033
      ]
    ],
    [
      [
        852,
        1033
      ]
    ],
    [
      [
        855,
        1030
      ]
    ],
    [
      [
        856,
        1030
      ]
    ],
    [
      [
        858,
        1028
      ]
    ],
    [
      [
        859,
        1028
      ]
    ],
    [
      [
        861,
        1026
      ]
    ],
    [
      [
        863,
        1026
      ]
    ],
    [
      [
        864,
        1025
      ]
    ],
    [
      [
        865,
        1025
      ]
    ],
    [
      [
        866,
        1024
      ]
    ],
    [
      [
        870,
        1024
      ]
    ],
    [
      [
        870,
        1023
      ]
    ],
    [
      [
        871,
        1022
      ]
    ],
    [
      [
        873,
        1022
      ]
    ],
    [
      [
        874,
        1021
      ]
    ],
    [
      [
        875,
        1021
      ]
    ],
    [
      [
        876,
        1020
      ]
    ],
    [
      [
        877,
        1020
      ]
    ],
    [
      [
        879,
        1018
      ]
    ],
    [
      [
        880,
        1018
      ]
    ],
    [
      [
        881,
        1017
      ]
    ],
    [
      [
        885,
        1017
      ]
    ],
    [
      [
        886,
        1016
      ]
    ],
    [
      [
        887,
        1016
      ]
    ],
    [
      [
        888,
        1015
      ]
    ],
    [
      [
        889,
        1015
      ]
    ],
    [
      [
        890,
        1014
      ]
    ],
    [
      [
        891,
        1014
      ]
    ],
    [
      [
        892,
        1013
      ]
    ],
    [
      [
        893,
        1013
      ]
    ],
    [
      [
        894,
        1012
      ]
    ],
    [
      [
        895,
        1012
      ]
    ],
    [
      [
        896,
        1011
      ]
    ],
    [
      [
        898,
        1011
      ]
    ],
    [
      [
        900,
        1009
      ]
    ],
    [
      [
        902,
        1009
      ]
    ],
    [
      [
        903,
        1008
      ]
    ],
    [
      [
        904,
        1008
      ]
    ],
    [
      [
        905,
        1007
      ]
    ],
    [
      [
        907,
        1007
      ]
    ],
    [
      [
        908,
        1006
      ]
    ],
    [
      [
        910,
        1006
      ]
    ],
    [
      [
        913,
        1003
      ]
    ],
    [
      [
        915,
        1003
      ]
    ],
    [
      [
        917,
        1001
      ]
    ],
    [
      [
        918,
        1001
      ]
    ],
    [
      [
        919,
        1000
      ]
    ],
    [
      [
        922,
        1000
      ]
    ],
    [
      [
        923,
        999
      ]
    ],
    [
      [
        925,
        999
      ]
    ],
    [
      [
        928,
        996
      ]
    ],
    [
      [
        931,
        996
      ]
    ],
    [
      [
        932,
        995
      ]
    ],
    [
      [
        934,
        995
      ]
    ],
    [
      [
        935,
        994
      ]
    ],
    [
      [
        936,
        994
      ]
    ],
    [
      [
        937,
        993
      ]
    ],
    [
      [
        939,
        993
      ]
    ],
    [
      [
        941,
        991
      ]
    ],
    [
      [
        942,
        991
      ]
    ],
    [
      [
        944,
        989
      ]
    ],
    [
      [
        946,
        989
      ]
    ],
    [
      [
        947,
        988
      ]
    ],
    [
      [
        948,
        988
      ]
    ],
    [
      [
        949,
        987
      ]
    ],
    [
      [
        951,
        987
      ]
    ],
    [
      [
        952,
        986
      ]
    ],
    [
      [
        955,
        986
      ]
    ],
    [
      [
        956,
        985
      ]
    ],
    [
      [
        958,
        985
      ]
    ],
    [
      [
        959,
        984
      ]
    ],
    [
      [
        959,
        983
      ]
    ],
    [
      [
        960,
        982
      ]
    ],
    [
      [
        960,
        981
      ]
    ],
    [
      [
        961,
        980
      ]
    ],
    [
      [
        963,
        980
      ]
    ],
    [
      [
        964,
        979
      ]
    ],
    [
      [
        965,
        979
      ]
    ],
    [
      [
        966,
        978
      ]
    ],
    [
      [
        966,
        975
      ]
    ],
    [
      [
        967,
        974
      ]
    ],
    [
      [
        967,
        973
      ]
    ],
    [
      [
        968,
        972
      ]
    ],
    [
      [
        972,
        972
      ]
    ],
    [
      [
        973,
        971
      ]
    ],
    [
      [
        974,
        971
      ]
    ],
    [
      [
        976,
        969
      ]
    ],
    [
      [
        978,
        969
      ]
    ],
    [
      [
        978,
        962
      ]
    ],
    [
      [
        979,
        961
      ]
    ],
    [
      [
        996,
        961
      ]
    ],
    [
      [
        997,
        962
      ]
    ],
    [
      [
        1005,
        962
      ]
    ],
    [
      [
        1006,
        961
      ]
    ],
    [
      [
        1008,
        961
      ]
    ],
    [
      [
        1009,
        960
      ]
    ],
    [
      [
        1010,
        960
      ]
    ],
    [
      [
        1011,
        959
      ]
    ],
    [
      [
        1012,
        959
      ]
    ],
    [
      [
        1013,
        958
      ]
    ],
    [
      [
        1014,
        958
      ]
    ],
    [
      [
        1015,
        957
      ]
    ],
    [
      [
        1017,
        957
      ]
    ],
    [
      [
        1018,
        956
      ]
    ],
    [
      [
        1020,
        956
      ]
    ],
    [
      [
        1022,
        954
      ]
    ],
    [
      [
        1024,
        954
      ]
    ],
    [
      [
        1025,
        953
      ]
    ],
    [
      [
        1026,
        953
      ]
    ],
    [
      [
        1027,
        952
      ]
    ],
    [
      [
        1029,
        952
      ]
    ],
    [
      [
        1031,
        950
      ]
    ],
    [
      [
        1032,
        950
      ]
    ],
    [
      [
        1033,
        949
      ]
    ],
    [
      [
        1035,
        949
      ]
    ],
    [
      [
        1036,
        948
      ]
    ],
    [
      [
        1038,
        948
      ]
    ],
    [
      [
        1039,
        947
      ]
    ],
    [
      [
        1041,
        947
      ]
    ],
    [
      [
        1041,
        929
      ]
    ],
    [
      [
        1042,
        928
      ]
    ],
    [
      [
        1044,
        928
      ]
    ],
    [
      [
        1045,
        927
      ]
    ],
    [
      [
        1046,
        927
      ]
    ],
    [
      [
        1047,
        926
      ]
    ],
    [
      [
        1049,
        926
      ]
    ],
    [
      [
        1050,
        925
      ]
    ],
    [
      [
        1051,
        925
      ]
    ],
    [
      [
        1052,
        924
      ]
    ],
    [
      [
        1053,
        924
      ]
    ],
    [
      [
        1054,
        923
      ]
    ],
    [
      [
        1056,
        923
      ]
    ],
    [
      [
        1057,
        922
      ]
    ],
    [
      [
        1058,
        922
      ]
    ],
    [
      [
        1059,
        921
      ]
    ],
    [
      [
        1060,
        921
      ]
    ],
    [
      [
        1061,
        920
      ]
    ],
    [
      [
        1062,
        920
      ]
    ],
    [
      [
        1063,
        919
      ]
    ],
    [
      [
        1066,
        919
      ]
    ],
    [
      [
        1068,
        917
      ]
    ],
    [
      [
        1070,
        917
      ]
    ],
    [
      [
        1071,
        916
      ]
    ],
    [
      [
        1073,
        916
      ]
    ],
    [
      [
        1075,
        914
      ]
    ],
    [
      [
        1092,
        914
      ]
    ],
    [
      [
        1093,
        915
      ]
    ],
    [
      [
        1093,
        917
      ]
    ],
    [
      [
        1113,
        917
      ]
    ],
    [
      [
        1114,
        916
      ]
    ],
    [
      [
        1115,
        916
      ]
    ],
    [
      [
        1116,
        915
      ]
    ],
    [
      [
        1118,
        915
      ]
    ],
    [
      [
        1119,
        914
      ]
    ],
    [
      [
        1120,
        914
      ]
    ],
    [
      [
        1121,
        913
      ]
    ],
    [
      [
        1123,
        913
      ]
    ],
    [
      [
        1125,
        911
      ]
    ],
    [
      [
        1126,
        911
      ]
    ],
    [
      [
        1127,
        910
      ]
    ],
    [
      [
        1128,
        910
      ]
    ],
    [
      [
        1129,
        909
      ]
    ],
    [
      [
        1130,
        909
      ]
    ],
    [
      [
        1131,
        908
      ]
    ],
    [
      [
        1132,
        908
      ]
    ],
    [
      [
        1133,
        907
      ]
    ],
    [
      [
        1134,
        907
      ]
    ],
    [
      [
        1135,
        906
      ]
    ],
    [
      [
        1136,
        906
      ]
    ],
    [
      [
        1137,
        905
      ]
    ],
    [
      [
        1139,
        905
      ]
    ],
    [
      [
        1140,
        904
      ]
    ],
    [
      [
        1142,
        904
      ]
    ],
    [
      [
        1143,
        903
      ]
    ],
    [
      [
        1144,
        903
      ]
    ],
    [
      [
        1145,
        902
      ]
    ],
    [
      [
        1146,
        902
      ]
    ],
    [
      [
        1147,
        901
      ]
    ],
    [
      [
        1149,
        901
      ]
    ],
    [
      [
        1150,
        900
      ]
    ],
    [
      [
        1152,
        900
      ]
    ],
    [
      [
        1153,
        899
      ]
    ],
    [
      [
        1154,
        899
      ]
    ],
    [
      [
        1156,
        897
      ]
    ],
    [
      [
        1160,
        897
      ]
    ],
    [
      [
        1161,
        896
      ]
    ],
    [
      [
        1162,
        896
      ]
    ],
    [
      [
        1163,
        895
      ]
    ],
    [
      [
        1165,
        895
      ]
    ],
    [
      [
        1166,
        894
      ]
    ],
    [
      [
        1167,
        894
      ]
    ],
    [
      [
        1168,
        893
      ]
    ],
    [
      [
        1170,
        893
      ]
    ],
    [
      [
        1172,
        891
      ]
    ],
    [
      [
        1175,
        891
      ]
    ],
    [
      [
        1178,
        888
      ]
    ],
    [
      [
        1179,
        888
      ]
    ],
    [
      [
        1180,
        887
      ]
    ],
    [
      [
        1181,
        887
      ]
    ],
    [
      [
        1183,
        885
      ]
    ],
    [
      [
        1185,
        885
      ]
    ],
    [
      [
        1186,
        884
      ]
    ],
    [
      [
        1188,
        884
      ]
    ],
    [
      [
        1189,
        883
      ]
    ],
    [
      [
        1192,
        883
      ]
    ],
    [
      [
        1193,
        882
      ]
    ],
    [
      [
        1197,
        882
      ]
    ],
    [
      [
        1198,
        881
      ]
    ],
    [
      [
        1200,
        881
      ]
    ],
    [
      [
        1200,
        869
      ]
    ],
    [
      [
        1201,
        868
      ]
    ],
    [
      [
        1202,
        868
      ]
    ],
    [
      [
        1202,
        867
      ]
    ],
    [
      [
        1203,
        866
      ]
    ],
    [
      [
        1205,
        866
      ]
    ],
    [
      [
        1206,
        865
      ]
    ],
    [
      [
        1209,
        865
      ]
    ],
    [
      [
        1211,
        863
      ]
    ],
    [
      [
        1212,
        863
      ]
    ],
    [
      [
        1213,
        862
      ]
    ],
    [
      [
        1215,
        862
      ]
    ],
    [
      [
        1216,
        861
      ]
    ],
    [
      [
        1217,
        861
      ]
    ],
    [
      [
        1219,
        859
      ]
    ],
    [
      [
        1221,
        859
      ]
    ],
    [
      [
        1222,
        858
      ]
    ],
    [
      [
        1223,
        858
      ]
    ],
    [
      [
        1224,
        857
      ]
    ],
    [
      [
        1225,
        857
      ]
    ],
    [
      [
        1226,
        856
      ]
    ],
    [
      [
        1228,
        856
      ]
    ],
    [
      [
        1230,
        854
      ]
    ],
    [
      [
        1232,
        854
      ]
    ],
    [
      [
        1233,
        853
      ]
    ],
    [
      [
        1235,
        853
      ]
    ],
    [
      [
        1237,
        851
      ]
    ],
    [
      [
        1238,
        851
      ]
    ],
    [
      [
        1239,
        850
      ]
    ],
    [
      [
        1241,
        850
      ]
    ],
    [
      [
        1242,
        849
      ]
    ],
    [
      [
        1244,
        849
      ]
    ],
    [
      [
        1245,
        848
      ]
    ],
    [
      [
        1247,
        848
      ]
    ],
    [
      [
        1248,
        847
      ]
    ],
    [
      [
        1250,
        847
      ]
    ],
    [
      [
        1252,
        845
      ]
    ],
    [
      [
        1253,
        845
      ]
    ],
    [
      [
        1254,
        844
      ]
    ],
    [
      [
        1256,
        844
      ]
    ],
    [
      [
        1257,
        843
      ]
    ],
    [
      [
        1258,
        843
      ]
    ],
    [
      [
        1259,
        842
      ]
    ],
    [
      [
        1262,
        842
      ]
    ],
    [
      [
        1263,
        841
      ]
    ],
    [
      [
        1264,
        841
      ]
    ],
    [
      [
        1265,
        840
      ]
    ],
    [
      [
        1266,
        840
      ]
    ],
    [
      [
        1267,
        839
      ]
    ],
    [
      [
        1269,
        839
      ]
    ],
    [
      [
        1271,
        837
      ]
    ],
    [
      [
        1272,
        837
      ]
    ],
    [
      [
        1273,
        836
      ]
    ],
    [
      [
        1274,
        836
      ]
    ],
    [
      [
        1275,
        835
      ]
    ],
    [
      [
        1277,
        835
      ]
    ],
    [
      [
        1279,
        833
      ]
    ],
    [
      [
        1280,
        833
      ]
    ],
    [
      [
        1281,
        832
      ]
    ],
    [
      [
        1282,
        832
      ]
    ],
    [
      [
        1285,
        829
      ]
    ],
    [
      [
        1287,
        829
      ]
    ],
    [
      [
        1288,
        828
      ]
    ],
    [
      [
        1289,
        828
      ]
    ],
    [
      [
        1293,
        824
      ]
    ],
    [
      [
        1294,
        824
      ]
    ],
    [
      [
        1295,
        823
      ]
    ],
    [
      [
        1296,
        823
      ]
    ],
    [
      [
        1301,
        818
      ]
    ],
    [
      [
        1302,
        818
      ]
    ],
    [
      [
        1306,
        814
      ]
    ],
    [
      [
        1306,
        813
      ]
    ],
    [
      [
        1308,
        811
      ]
    ],
    [
      [
        1308,
        809
      ]
    ],
    [
      [
        1309,
        808
      ]
    ],
    [
      [
        1309,
        805
      ]
    ],
    [
      [
        1311,
        803
      ]
    ],
    [
      [
        1312,
        803
      ]
    ],
    [
      [
        1314,
        801
      ]
    ],
    [
      [
        1314,
        800
      ]
    ],
    [
      [
        1318,
        796
      ]
    ],
    [
      [
        1318,
        795
      ]
    ],
    [
      [
        1321,
        792
      ]
    ],
    [
      [
        1321,
        791
      ]
    ],
    [
      [
        1326,
        786
      ]
    ],
    [
      [
        1326,
        785
      ]
    ],
    [
      [
        1328,
        783
      ]
    ],
    [
      [
        1328,
        782
      ]
    ],
    [
      [
        1329,
        781
      ]
    ],
    [
      [
        1329,
        779
      ]
    ],
    [
      [
        1331,
        777
      ]
    ],
    [
      [
        1331,
        776
      ]
    ],
    [
      [
        1332,
        775
      ]
    ],
    [
      [
        1332,
        774
      ]
    ],
    [
      [
        1333,
        773
      ]
    ],
    [
      [
        1348,
        773
      ]
    ],
    [
      [
        1348,
        772
      ]
    ],
    [
      [
        1350,
        770
      ]
    ],
    [
      [
        1350,
        768
      ]
    ],
    [
      [
        1351,
        767
      ]
    ],
    [
      [
        1351,
        765
      ]
    ],
    [
      [
        1354,
        762
      ]
    ],
    [
      [
        1354,
        760
      ]
    ],
    [
      [
        1355,
        759
      ]
    ],
    [
      [
        1355,
        757
      ]
    ],
    [
      [
        1356,
        756
      ]
    ],
    [
      [
        1356,
        755
      ]
    ],
    [
      [
        1357,
        754
      ]
    ],
    [
      [
        1357,
        750
      ]
    ],
    [
      [
        1358,
        749
      ]
    ],
    [
      [
        1358,
        747
      ]
    ],
    [
      [
        1360,
        745
      ]
    ],
    [
      [
        1360,
        742
      ]
    ],
    [
      [
        1361,
        741
      ]
    ],
    [
      [
        1361,
        738
      ]
    ],
    [
      [
        1362,
        737
      ]
    ],
    [
      [
        1362,
        736
      ]
    ],
    [
      [
        1364,
        734
      ]
    ],
    [
      [
        1364,
        733
      ]
    ],
    [
      [
        1365,
        732
      ]
    ],
    [
      [
        1365,
        730
      ]
    ],
    [
      [
        1366,
        729
      ]
    ],
    [
      [
        1366,
        727
      ]
    ],
    [
      [
        1367,
        726
      ]
    ],
    [
      [
        1381,
        726
      ]
    ],
    [
      [
        1381,
        714
      ]
    ],
    [
      [
        1380,
        713
      ]
    ],
    [
      [
        1380,
        710
      ]
    ],
    [
      [
        1379,
        709
      ]
    ],
    [
      [
        1379,
        705
      ]
    ],
    [
      [
        1378,
        704
      ]
    ],
    [
      [
        1378,
        697
      ]
    ],
    [
      [
        1377,
        696
      ]
    ],
    [
      [
        1377,
        694
      ]
    ],
    [
      [
        1375,
        692
      ]
    ],
    [
      [
        1375,
        688
      ]
    ],
    [
      [
        1374,
        687
      ]
    ],
    [
      [
        1374,
        682
      ]
    ],
    [
      [
        1373,
        681
      ]
    ],
    [
      [
        1373,
        678
      ]
    ],
    [
      [
        1371,
        676
      ]
    ],
    [
      [
        1371,
        674
      ]
    ],
    [
      [
        1370,
        673
      ]
    ],
    [
      [
        1370,
        671
      ]
    ],
    [
      [
        1369,
        670
      ]
    ],
    [
      [
        1369,
        668
      ]
    ],
    [
      [
        1368,
        667
      ]
    ],
    [
      [
        1368,
        664
      ]
    ],
    [
      [
        1367,
        663
      ]
    ],
    [
      [
        1367,
        661
      ]
    ],
    [
      [
        1365,
        659
      ]
    ],
    [
      [
        1365,
        658
      ]
    ],
    [
      [
        1364,
        657
      ]
    ],
    [
      [
        1364,
        655
      ]
    ],
    [
      [
        1363,
        654
      ]
    ],
    [
      [
        1363,
        652
      ]
    ],
    [
      [
        1362,
        652
      ]
    ],
    [
      [
        1361,
        651
      ]
    ],
    [
      [
        1361,
        647
      ]
    ],
    [
      [
        1358,
        644
      ]
    ],
    [
      [
        1358,
        642
      ]
    ],
    [
      [
        1357,
        641
      ]
    ],
    [
      [
        1357,
        640
      ]
    ],
    [
      [
        1355,
        638
      ]
    ],
    [
      [
        1355,
        637
      ]
    ],
    [
      [
        1354,
        636
      ]
    ],
    [
      [
        1354,
        635
      ]
    ],
    [
      [
        1353,
        634
      ]
    ],
    [
      [
        1353,
        632
      ]
    ],
    [
      [
        1351,
        630
      ]
    ],
    [
      [
        1351,
        628
      ]
    ],
    [
      [
        1350,
        627
      ]
    ],
    [
      [
        1350,
        624
      ]
    ],
    [
      [
        1348,
        622
      ]
    ],
    [
      [
        1348,
        621
      ]
    ],
    [
      [
        1347,
        620
      ]
    ],
    [
      [
        1347,
        617
      ]
    ],
    [
      [
        1346,
        616
      ]
    ],
    [
      [
        1346,
        615
      ]
    ],
    [
      [
        1344,
        613
      ]
    ],
    [
      [
        1344,
        611
      ]
    ],
    [
      [
        1343,
        610
      ]
    ],
    [
      [
        1343,
        608
      ]
    ],
    [
      [
        1342,
        607
      ]
    ],
    [
      [
        1342,
        605
      ]
    ],
    [
      [
        1341,
        604
      ]
    ],
    [
      [
        1341,
        602
      ]
    ],
    [
      [
        1339,
        600
      ]
    ],
    [
      [
        1339,
        598
      ]
    ],
    [
      [
        1338,
        597
      ]
    ],
    [
      [
        1338,
        595
      ]
    ],
    [
      [
        1337,
        594
      ]
    ],
    [
      [
        1337,
        593
      ]
    ],
    [
      [
        1336,
        592
      ]
    ],
    [
      [
        1336,
        591
      ]
    ],
    [
      [
        1333,
        588
      ]
    ],
    [
      [
        1333,
        586
      ]
    ],
    [
      [
        1332,
        585
      ]
    ],
    [
      [
        1332,
        583
      ]
    ],
    [
      [
        1331,
        582
      ]
    ],
    [
      [
        1331,
        579
      ]
    ],
    [
      [
        1330,
        578
      ]
    ],
    [
      [
        1330,
        576
      ]
    ],
    [
      [
        1329,
        575
      ]
    ],
    [
      [
        1329,
        574
      ]
    ],
    [
      [
        1327,
        572
      ]
    ],
    [
      [
        1327,
        570
      ]
    ],
    [
      [
        1326,
        569
      ]
    ],
    [
      [
        1326,
        568
      ]
    ],
    [
      [
        1325,
        567
      ]
    ],
    [
      [
        1325,
        566
      ]
    ],
    [
      [
        1324,
        565
      ]
    ],
    [
      [
        1324,
        564
      ]
    ],
    [
      [
        1323,
        563
      ]
    ],
    [
      [
        1323,
        560
      ]
    ],
    [
      [
        1320,
        557
      ]
    ],
    [
      [
        1320,
        555
      ]
    ],
    [
      [
        1317,
        552
      ]
    ],
    [
      [
        1317,
        550
      ]
    ],
    [
      [
        1316,
        549
      ]
    ],
    [
      [
        1316,
        547
      ]
    ],
    [
      [
        1315,
        546
      ]
    ],
    [
      [
        1315,
        544
      ]
    ],
    [
      [
        1312,
        541
      ]
    ],
    [
      [
        1312,
        540
      ]
    ],
    [
      [
        1311,
        539
      ]
    ],
    [
      [
        1311,
        538
      ]
    ],
    [
      [
        1310,
        537
      ]
    ],
    [
      [
        1309,
        537
      ]
    ],
    [
      [
        1308,
        536
      ]
    ],
    [
      [
        1308,
        535
      ]
    ],
    [
      [
        1307,
        534
      ]
    ],
    [
      [
        1307,
        529
      ]
    ],
    [
      [
        1306,
        528
      ]
    ],
    [
      [
        1306,
        527
      ]
    ],
    [
      [
        1305,
        526
      ]
    ],
    [
      [
        1305,
        516
      ]
    ],
    [
      [
        1299,
        516
      ]
    ],
    [
      [
        1298,
        517
      ]
    ],
    [
      [
        1298,
        518
      ]
    ],
    [
      [
        1296,
        520
      ]
    ],
    [
      [
        1279,
        520
      ]
    ],
    [
      [
        1278,
        519
      ]
    ],
    [
      [
        1278,
        518
      ]
    ],
    [
      [
        1277,
        517
      ]
    ],
    [
      [
        1277,
        516
      ]
    ],
    [
      [
        1276,
        515
      ]
    ],
    [
      [
        1276,
        514
      ]
    ],
    [
      [
        1275,
        513
      ]
    ],
    [
      [
        1275,
        511
      ]
    ],
    [
      [
        1274,
        510
      ]
    ],
    [
      [
        1274,
        509
      ]
    ],
    [
      [
        1273,
        508
      ]
    ],
    [
      [
        1273,
        507
      ]
    ],
    [
      [
        1272,
        506
      ]
    ],
    [
      [
        1272,
        505
      ]
    ],
    [
      [
        1271,
        504
      ]
    ],
    [
      [
        1271,
        502
      ]
    ],
    [
      [
        1270,
        501
      ]
    ],
    [
      [
        1270,
        500
      ]
    ],
    [
      [
        1269,
        499
      ]
    ],
    [
      [
        1269,
        496
      ]
    ],
    [
      [
        1267,
        494
      ]
    ],
    [
      [
        1267,
        493
      ]
    ],
    [
      [
        1266,
        492
      ]
    ],
    [
      [
        1266,
        491
      ]
    ],
    [
      [
        1265,
        490
      ]
    ],
    [
      [
        1265,
        489
      ]
    ],
    [
      [
        1264,
        488
      ]
    ],
    [
      [
        1264,
        485
      ]
    ],
    [
      [
        1263,
        484
      ]
    ],
    [
      [
        1263,
        465
      ]
    ],
    [
      [
        1264,
        464
      ]
    ],
    [
      [
        1275,
        464
      ]
    ],
    [
      [
        1275,
        457
      ]
    ],
    [
      [
        1274,
        456
      ]
    ],
    [
      [
        1274,
        454
      ]
    ],
    [
      [
        1272,
        452
      ]
    ],
    [
      [
        1272,
        450
      ]
    ],
    [
      [
        1270,
        448
      ]
    ],
    [
      [
        1270,
        447
      ]
    ],
    [
      [
        1269,
        446
      ]
    ],
    [
      [
        1269,
        445
      ]
    ],
    [
      [
        1268,
        444
      ]
    ],
    [
      [
        1268,
        441
      ]
    ],
    [
      [
        1267,
        440
      ]
    ],
    [
      [
        1267,
        438
      ]
    ],
    [
      [
        1265,
        436
      ]
    ],
    [
      [
        1265,
        435
      ]
    ],
    [
      [
        1264,
        434
      ]
    ],
    [
      [
        1264,
        433
      ]
    ],
    [
      [
        1263,
        432
      ]
    ],
    [
      [
        1263,
        428
      ]
    ],
    [
      [
        1259,
        424
      ]
    ],
    [
      [
        1259,
        421
      ]
    ],
    [
      [
        1258,
        420
      ]
    ],
    [
      [
        1258,
        419
      ]
    ],
    [
      [
        1254,
        415
      ]
    ],
    [
      [
        1254,
        412
      ]
    ],
    [
      [
        1253,
        412
      ]
    ],
    [
      [
        1252,
        411
      ]
    ],
    [
      [
        1252,
        410
      ]
    ],
    [
      [
        1251,
        409
      ]
    ],
    [
      [
        1251,
        406
      ]
    ],
    [
      [
        1250,
        405
      ]
    ],
    [
      [
        1250,
        402
      ]
    ],
    [
      [
        1248,
        400
      ]
    ],
    [
      [
        1248,
        398
      ]
    ],
    [
      [
        1247,
        397
      ]
    ],
    [
      [
        1247,
        394
      ]
    ],
    [
      [
        1245,
        392
      ]
    ],
    [
      [
        1245,
        389
      ]
    ],
    [
      [
        1244,
        388
      ]
    ],
    [
      [
        1244,
        382
      ]
    ],
    [
      [
        1243,
        382
      ]
    ],
    [
      [
        1242,
        381
      ]
    ],
    [
      [
        1242,
        378
      ]
    ],
    [
      [
        1240,
        376
      ]
    ],
    [
      [
        1240,
        375
      ]
    ],
    [
      [
        1217,
        375
      ]
    ],
    [
      [
        1216,
        374
      ]
    ],
    [
      [
        1216,
        373
      ]
    ],
    [
      [
        1215,
        372
      ]
    ],
    [
      [
        1215,
        371
      ]
    ],
    [
      [
        1214,
        370
      ]
    ],
    [
      [
        1214,
        369
      ]
    ],
    [
      [
        1212,
        367
      ]
    ],
    [
      [
        1212,
        365
      ]
    ],
    [
      [
        1211,
        364
      ]
    ],
    [
      [
        1211,
        362
      ]
    ],
    [
      [
        1209,
        360
      ]
    ],
    [
      [
        1209,
        359
      ]
    ],
    [
      [
        1208,
        358
      ]
    ],
    [
      [
        1208,
        355
      ]
    ],
    [
      [
        1207,
        354
      ]
    ],
    [
      [
        1207,
        352
      ]
    ],
    [
      [
        1206,
        351
      ]
    ],
    [
      [
        1206,
        350
      ]
    ],
    [
      [
        1204,
        348
      ]
    ],
    [
      [
        1204,
        347
      ]
    ],
    [
      [
        1203,
        346
      ]
    ],
    [
      [
        1203,
        345
      ]
    ],
    [
      [
        1202,
        344
      ]
    ],
    [
      [
        1202,
        342
      ]
    ],
    [
      [
        1200,
        340
      ]
    ],
    [
      [
        1200,
        336
      ]
    ],
    [
      [
        1199,
        335
      ]
    ],
    [
      [
        1199,
        334
      ]
    ],
    [
      [
        1198,
        333
      ]
    ],
    [
      [
        1198,
        332
      ]
    ],
    [
      [
        1197,
        331
      ]
    ],
    [
      [
        1197,
        330
      ]
    ],
    [
      [
        1195,
        328
      ]
    ],
    [
      [
        1195,
        326
      ]
    ],
    [
      [
        1194,
        325
      ]
    ],
    [
      [
        1194,
        323
      ]
    ],
    [
      [
        1192,
        321
      ]
    ],
    [
      [
        1192,
        317
      ]
    ],
    [
      [
        1191,
        316
      ]
    ],
    [
      [
        1191,
        315
      ]
    ],
    [
      [
        1190,
        314
      ]
    ],
    [
      [
        1190,
        313
      ]
    ],
    [
      [
        1187,
        310
      ]
    ],
    [
      [
        1187,
        309
      ]
    ],
    [
      [
        1186,
        308
      ]
    ],
    [
      [
        1186,
        306
      ]
    ],
    [
      [
        1185,
        305
      ]
    ],
    [
      [
        1185,
        304
      ]
    ],
    [
      [
        1184,
        303
      ]
    ],
    [
      [
        1184,
        302
      ]
    ],
    [
      [
        1183,
        301
      ]
    ],
    [
      [
        1183,
        300
      ]
    ],
    [
      [
        1182,
        299
      ]
    ],
    [
      [
        1182,
        297
      ]
    ],
    [
      [
        1181,
        296
      ]
    ],
    [
      [
        1181,
        295
      ]
    ],
    [
      [
        1180,
        294
      ]
    ],
    [
      [
        1180,
        293
      ]
    ],
    [
      [
        1179,
        292
      ]
    ],
    [
      [
        1179,
        291
      ]
    ],
    [
      [
        1178,
        290
      ]
    ],
    [
      [
        1178,
        288
      ]
    ],
    [
      [
        1177,
        287
      ]
    ],
    [
      [
        1177,
        285
      ]
    ],
    [
      [
        1176,
        284
      ]
    ],
    [
      [
        1176,
        283
      ]
    ],
    [
      [
        1175,
        282
      ]
    ],
    [
      [
        1175,
        281
      ]
    ],
    [
      [
        1174,
        280
      ]
    ],
    [
      [
        1174,
        268
      ]
    ],
    [
      [
        1172,
        266
      ]
    ],
    [
      [
        1172,
        265
      ]
    ],
    [
      [
        1171,
        264
      ]
    ],
    [
      [
        1171,
        260
      ]
    ],
    [
      [
        1170,
        259
      ]
    ],
    [
      [
        1170,
        258
      ]
    ],
    [
      [
        1169,
        257
      ]
    ],
    [
      [
        1169,
        255
      ]
    ],
    [
      [
        1167,
        253
      ]
    ],
    [
      [
        1167,
        252
      ]
    ],
    [
      [
        1166,
        251
      ]
    ],
    [
      [
        1166,
        250
      ]
    ],
    [
      [
        1165,
        249
      ]
    ],
    [
      [
        1165,
        246
      ]
    ],
    [
      [
        1163,
        244
      ]
    ],
    [
      [
        1163,
        237
      ]
    ],
    [
      [
        1161,
        235
      ]
    ],
    [
      [
        1161,
        233
      ]
    ],
    [
      [
        1160,
        232
      ]
    ],
    [
      [
        1160,
        231
      ]
    ],
    [
      [
        1159,
        230
      ]
    ],
    [
      [
        1159,
        229
      ]
    ],
    [
      [
        1158,
        228
      ]
    ],
    [
      [
        1158,
        225
      ]
    ],
    [
      [
        1157,
        224
      ]
    ],
    [
      [
        1157,
        223
      ]
    ],
    [
      [
        1156,
        222
      ]
    ],
    [
      [
        1156,
        221
      ]
    ],
    [
      [
        1155,
        220
      ]
    ],
    [
      [
        1155,
        217
      ]
    ],
    [
      [
        1152,
        214
      ]
    ],
    [
      [
        1152,
        213
      ]
    ],
    [
      [
        1150,
        211
      ]
    ],
    [
      [
        1150,
        206
      ]
    ],
    [
      [
        1149,
        205
      ]
    ],
    [
      [
        1149,
        204
      ]
    ],
    [
      [
        1148,
        203
      ]
    ],
    [
      [
        1148,
        201
      ]
    ],
    [
      [
        1147,
        200
      ]
    ],
    [
      [
        1147,
        197
      ]
    ],
    [
      [
        1145,
        195
      ]
    ],
    [
      [
        1145,
        194
      ]
    ],
    [
      [
        1144,
        193
      ]
    ],
    [
      [
        1144,
        191
      ]
    ],
    [
      [
        1142,
        189
      ]
    ],
    [
      [
        1142,
        185
      ]
    ],
    [
      [
        1141,
        184
      ]
    ],
    [
      [
        1141,
        183
      ]
    ],
    [
      [
        1140,
        182
      ]
    ],
    [
      [
        1140,
        181
      ]
    ],
    [
      [
        1139,
        180
      ]
    ],
    [
      [
        1139,
        179
      ]
    ],
    [
      [
        1137,
        177
      ]
    ],
    [
      [
        1137,
        174
      ]
    ],
    [
      [
        1135,
        172
      ]
    ],
    [
      [
        1135,
        171
      ]
    ],
    [
      [
        1134,
        170
      ]
    ],
    [
      [
        1134,
        168
      ]
    ],
    [
      [
        1133,
        167
      ]
    ],
    [
      [
        1133,
        166
      ]
    ],
    [
      [
        1131,
        164
      ]
    ],
    [
      [
        1131,
        162
      ]
    ],
    [
      [
        1130,
        161
      ]
    ],
    [
      [
        1130,
        159
      ]
    ],
    [
      [
        1129,
        158
      ]
    ],
    [
      [
        1129,
        157
      ]
    ],
    [
      [
        1128,
        156
      ]
    ],
    [
      [
        1128,
        155
      ]
    ],
    [
      [
        1127,
        154
      ]
    ],
    [
      [
        1127,
        151
      ]
    ],
    [
      [
        1126,
        150
      ]
    ],
    [
      [
        1126,
        149
      ]
    ],
    [
      [
        1124,
        147
      ]
    ],
    [
      [
        1124,
        143
      ]
    ],
    [
      [
        1121,
        140
      ]
    ],
    [
      [
        1121,
        134
      ]
    ],
    [
      [
        1119,
        132
      ]
    ],
    [
      [
        1119,
        131
      ]
    ],
    [
      [
        1118,
        130
      ]
    ],
    [
      [
        1118,
        129
      ]
    ],
    [
      [
        1116,
        127
      ]
    ],
    [
      [
        1116,
        125
      ]
    ],
    [
      [
        1115,
        124
      ]
    ],
    [
      [
        1115,
        122
      ]
    ],
    [
      [
        1113,
        120
      ]
    ],
    [
      [
        1113,
        117
      ]
    ],
    [
      [
        1112,
        116
      ]
    ],
    [
      [
        1112,
        115
      ]
    ],
    [
      [
        1111,
        114
      ]
    ],
    [
      [
        1111,
        113
      ]
    ],
    [
      [
        1110,
        112
      ]
    ],
    [
      [
        1110,
        95
      ]
    ],
    [
      [
        1111,
        94
      ]
    ],
    [
      [
        1111,
        93
      ]
    ],
    [
      [
        1112,
        92
      ]
    ],
    [
      [
        1112,
        83
      ]
    ],
    [
      [
        1111,
        82
      ]
    ],
    [
      [
        1111,
        81
      ]
    ],
    [
      [
        1110,
        80
      ]
    ],
    [
      [
        1110,
        79
      ]
    ],
    [
      [
        1106,
        75
      ]
    ],
    [
      [
        1106,
        73
      ]
    ],
    [
      [
        1105,
        72
      ]
    ],
    [
      [
        1105,
        71
      ]
    ],
    [
      [
        1102,
        68
      ]
    ],
    [
      [
        1089,
        68
      ]
    ],
    [
      [
        1089,
        69
      ]
    ],
    [
      [
        1087,
        71
      ]
    ],
    [
      [
        1086,
        71
      ]
    ],
    [
      [
        1085,
        72
      ]
    ],
    [
      [
        1085,
        78
      ]
    ],
    [
      [
        1084,
        79
      ]
    ],
    [
      [
        1067,
        79
      ]
    ],
    [
      [
        1066,
        78
      ]
    ],
    [
      [
        1065,
        78
      ]
    ],
    [
      [
        1064,
        77
      ]
    ],
    [
      [
        1063,
        77
      ]
    ],
    [
      [
        1061,
        75
      ]
    ],
    [
      [
        1060,
        75
      ]
    ],
    [
      [
        1058,
        73
      ]
    ],
    [
      [
        1057,
        73
      ]
    ],
    [
      [
        1055,
        71
      ]
    ],
    [
      [
        1052,
        71
      ]
    ],
    [
      [
        1050,
        69
      ]
    ],
    [
      [
        1049,
        69
      ]
    ],
    [
      [
        1048,
        68
      ]
    ],
    [
      [
        1047,
        68
      ]
    ],
    [
      [
        1046,
        67
      ]
    ],
    [
      [
        1044,
        67
      ]
    ],
    [
      [
        1043,
        66
      ]
    ],
    [
      [
        1042,
        66
      ]
    ],
    [
      [
        1041,
        65
      ]
    ],
    [
      [
        1040,
        65
      ]
    ],
    [
      [
        1039,
        64
      ]
    ],
    [
      [
        1035,
        64
      ]
    ],
    [
      [
        1033,
        62
      ]
    ],
    [
      [
        1031,
        62
      ]
    ],
    [
      [
        1030,
        61
      ]
    ],
    [
      [
        1029,
        61
      ]
    ],
    [
      [
        1028,
        60
      ]
    ],
    [
      [
        1027,
        60
      ]
    ],
    [
      [
        1026,
        59
      ]
    ]
  ],
  "segment_square_corners": [
    [
      438.7947998046875,
      278.89300537109375
    ],
    [
      1072.53857421875,
      0.0
    ],
    [
      1424.490234375,
      780.4122924804688
    ],
    [
      790.7464599609375,
      1064.37451171875
    ]
  ],
  "phrases": [
    "box",
    "tangerine",
    "tangerine",
    "tangerine",
    "tangerine"
  ],
  "selected_bbox": [
    0.4778284430503845,
    0.49709102511405945,
    0.48015815019607544,
    0.8866503834724426
  ]
}