{
  "timestamp": 1761056199.5440679,
  "session_id": "session_20251021_211452_51253c84",
  "supplier_id": "",
  "qr_data": "695991",
  "qr_items": {
    "tangerine": 4
  },
  "qr_corners": [
    [
      1097.0,
      734.0
    ],
    [
      1185.0,
      767.0
    ],
    [
      1148.0,
      854.0
    ],
    [
      1061.0,
      820.0
    ]
  ],
  "segment_corners": [
    [
      [
        699,
        89
      ]
    ],
    [
      [
        699,
        90
      ]
    ],
    [
      [
        698,
        91
      ]
    ],
    [
      [
        697,
        91
      ]
    ],
    [
      [
        696,
        92
      ]
    ],
    [
      [
        696,
        105
      ]
    ],
    [
      [
        700,
        105
      ]
    ],
    [
      [
        701,
        106
      ]
    ],
    [
      [
        708,
        106
      ]
    ],
    [
      [
        709,
        107
      ]
    ],
    [
      [
        710,
        107
      ]
    ],
    [
      [
        711,
        108
      ]
    ],
    [
      [
        711,
        125
      ]
    ],
    [
      [
        710,
        126
      ]
    ],
    [
      [
        700,
        126
      ]
    ],
    [
      [
        699,
        127
      ]
    ],
    [
      [
        693,
        127
      ]
    ],
    [
      [
        692,
        128
      ]
    ],
    [
      [
        686,
        128
      ]
    ],
    [
      [
        685,
        129
      ]
    ],
    [
      [
        677,
        129
      ]
    ],
    [
      [
        675,
        131
      ]
    ],
    [
      [
        674,
        131
      ]
    ],
    [
      [
        673,
        132
      ]
    ],
    [
      [
        671,
        132
      ]
    ],
    [
      [
        670,
        133
      ]
    ],
    [
      [
        669,
        133
      ]
    ],
    [
      [
        668,
        134
      ]
    ],
    [
      [
        665,
        134
      ]
    ],
    [
      [
        664,
        135
      ]
    ],
    [
      [
        663,
        135
      ]
    ],
    [
      [
        662,
        136
      ]
    ],
    [
      [
        660,
        136
      ]
    ],
    [
      [
        658,
        138
      ]
    ],
    [
      [
        657,
        138
      ]
    ],
    [
      [
        656,
        139
      ]
    ],
    [
      [
        655,
        139
      ]
    ],
    [
      [
        654,
        140
      ]
    ],
    [
      [
        652,
        140
      ]
    ],
    [
      [
        650,
        142
      ]
    ],
    [
      [
        649,
        142
      ]
    ],
    [
      [
        648,
        143
      ]
    ],
    [
      [
        647,
        143
      ]
    ],
    [
      [
        646,
        144
      ]
    ],
    [
      [
        645,
        144
      ]
    ],
    [
      [
        644,
        145
      ]
    ],
    [
      [
        643,
        145
      ]
    ],
    [
      [
        640,
        148
      ]
    ],
    [
      [
        639,
        148
      ]
    ],
    [
      [
        634,
        153
      ]
    ],
    [
      [
        633,
        153
      ]
    ],
    [
      [
        626,
        160
      ]
    ],
    [
      [
        625,
        160
      ]
    ],
    [
      [
        622,
        163
      ]
    ],
    [
      [
        622,
        164
      ]
    ],
    [
      [
        618,
        168
      ]
    ],
    [
      [
        618,
        169
      ]
    ],
    [
      [
        607,
        180
      ]
    ],
    [
      [
        607,
        181
      ]
    ],
    [
      [
        605,
        183
      ]
    ],
    [
      [
        605,
        184
      ]
    ],
    [
      [
        604,
        185
      ]
    ],
    [
      [
        604,
        186
      ]
    ],
    [
      [
        603,
        187
      ]
    ],
    [
      [
        603,
        189
      ]
    ],
    [
      [
        600,
        192
      ]
    ],
    [
      [
        600,
        193
      ]
    ],
    [
      [
        599,
        194
      ]
    ],
    [
      [
        599,
        195
      ]
    ],
    [
      [
        596,
        198
      ]
    ],
    [
      [
        596,
        200
      ]
    ],
    [
      [
        595,
        201
      ]
    ],
    [
      [
        595,
        202
      ]
    ],
    [
      [
        594,
        203
      ]
    ],
    [
      [
        594,
        204
      ]
    ],
    [
      [
        593,
        205
      ]
    ],
    [
      [
        593,
        206
      ]
    ],
    [
      [
        592,
        207
      ]
    ],
    [
      [
        592,
        209
      ]
    ],
    [
      [
        590,
        211
      ]
    ],
    [
      [
        590,
        212
      ]
    ],
    [
      [
        589,
        213
      ]
    ],
    [
      [
        589,
        215
      ]
    ],
    [
      [
        588,
        216
      ]
    ],
    [
      [
        588,
        217
      ]
    ],
    [
      [
        587,
        218
      ]
    ],
    [
      [
        569,
        218
      ]
    ],
    [
      [
        569,
        227
      ]
    ],
    [
      [
        571,
        227
      ]
    ],
    [
      [
        572,
        228
      ]
    ],
    [
      [
        572,
        229
      ]
    ],
    [
      [
        583,
        229
      ]
    ],
    [
      [
        584,
        230
      ]
    ],
    [
      [
        584,
        235
      ]
    ],
    [
      [
        585,
        236
      ]
    ],
    [
      [
        585,
        238
      ]
    ],
    [
      [
        590,
        238
      ]
    ],
    [
      [
        591,
        239
      ]
    ],
    [
      [
        591,
        268
      ]
    ],
    [
      [
        592,
        269
      ]
    ],
    [
      [
        594,
        269
      ]
    ],
    [
      [
        595,
        270
      ]
    ],
    [
      [
        595,
        288
      ]
    ],
    [
      [
        594,
        289
      ]
    ],
    [
      [
        594,
        291
      ]
    ],
    [
      [
        593,
        292
      ]
    ],
    [
      [
        593,
        294
      ]
    ],
    [
      [
        592,
        295
      ]
    ],
    [
      [
        592,
        304
      ]
    ],
    [
      [
        591,
        305
      ]
    ],
    [
      [
        591,
        308
      ]
    ],
    [
      [
        590,
        309
      ]
    ],
    [
      [
        582,
        309
      ]
    ],
    [
      [
        582,
        321
      ]
    ],
    [
      [
        581,
        322
      ]
    ],
    [
      [
        580,
        322
      ]
    ],
    [
      [
        580,
        334
      ]
    ],
    [
      [
        579,
        335
      ]
    ],
    [
      [
        579,
        340
      ]
    ],
    [
      [
        578,
        341
      ]
    ],
    [
      [
        577,
        341
      ]
    ],
    [
      [
        575,
        343
      ]
    ],
    [
      [
        575,
        346
      ]
    ],
    [
      [
        574,
        347
      ]
    ],
    [
      [
        551,
        347
      ]
    ],
    [
      [
        550,
        346
      ]
    ],
    [
      [
        550,
        327
      ]
    ],
    [
      [
        542,
        327
      ]
    ],
    [
      [
        542,
        329
      ]
    ],
    [
      [
        540,
        331
      ]
    ],
    [
      [
        540,
        336
      ]
    ],
    [
      [
        539,
        337
      ]
    ],
    [
      [
        539,
        339
      ]
    ],
    [
      [
        538,
        340
      ]
    ],
    [
      [
        538,
        343
      ]
    ],
    [
      [
        537,
        344
      ]
    ],
    [
      [
        537,
        348
      ]
    ],
    [
      [
        536,
        349
      ]
    ],
    [
      [
        536,
        350
      ]
    ],
    [
      [
        535,
        351
      ]
    ],
    [
      [
        535,
        352
      ]
    ],
    [
      [
        534,
        353
      ]
    ],
    [
      [
        534,
        358
      ]
    ],
    [
      [
        532,
        360
      ]
    ],
    [
      [
        532,
        362
      ]
    ],
    [
      [
        531,
        363
      ]
    ],
    [
      [
        531,
        368
      ]
    ],
    [
      [
        529,
        370
      ]
    ],
    [
      [
        529,
        372
      ]
    ],
    [
      [
        528,
        373
      ]
    ],
    [
      [
        528,
        380
      ]
    ],
    [
      [
        543,
        380
      ]
    ],
    [
      [
        544,
        381
      ]
    ],
    [
      [
        544,
        417
      ]
    ],
    [
      [
        542,
        419
      ]
    ],
    [
      [
        541,
        419
      ]
    ],
    [
      [
        541,
        420
      ]
    ],
    [
      [
        539,
        422
      ]
    ],
    [
      [
        535,
        422
      ]
    ],
    [
      [
        535,
        425
      ]
    ],
    [
      [
        534,
        426
      ]
    ],
    [
      [
        534,
        430
      ]
    ],
    [
      [
        533,
        431
      ]
    ],
    [
      [
        533,
        433
      ]
    ],
    [
      [
        532,
        434
      ]
    ],
    [
      [
        532,
        437
      ]
    ],
    [
      [
        529,
        440
      ]
    ],
    [
      [
        529,
        443
      ]
    ],
    [
      [
        528,
        444
      ]
    ],
    [
      [
        528,
        447
      ]
    ],
    [
      [
        527,
        448
      ]
    ],
    [
      [
        527,
        451
      ]
    ],
    [
      [
        526,
        452
      ]
    ],
    [
      [
        526,
        453
      ]
    ],
    [
      [
        525,
        454
      ]
    ],
    [
      [
        525,
        455
      ]
    ],
    [
      [
        524,
        456
      ]
    ],
    [
      [
        524,
        458
      ]
    ],
    [
      [
        523,
        459
      ]
    ],
    [
      [
        523,
        462
      ]
    ],
    [
      [
        522,
        463
      ]
    ],
    [
      [
        522,
        467
      ]
    ],
    [
      [
        521,
        468
      ]
    ],
    [
      [
        521,
        469
      ]
    ],
    [
      [
        519,
        471
      ]
    ],
    [
      [
        519,
        476
      ]
    ],
    [
      [
        517,
        478
      ]
    ],
    [
      [
        517,
        479
      ]
    ],
    [
      [
        516,
        480
      ]
    ],
    [
      [
        516,
        485
      ]
    ],
    [
      [
        514,
        487
      ]
    ],
    [
      [
        514,
        491
      ]
    ],
    [
      [
        513,
        492
      ]
    ],
    [
      [
        513,
        494
      ]
    ],
    [
      [
        511,
        496
      ]
    ],
    [
      [
        511,
        499
      ]
    ],
    [
      [
        510,
        500
      ]
    ],
    [
      [
        510,
        502
      ]
    ],
    [
      [
        509,
        503
      ]
    ],
    [
      [
        509,
        506
      ]
    ],
    [
      [
        507,
        508
      ]
    ],
    [
      [
        507,
        510
      ]
    ],
    [
      [
        506,
        511
      ]
    ],
    [
      [
        506,
        515
      ]
    ],
    [
      [
        505,
        516
      ]
    ],
    [
      [
        505,
        517
      ]
    ],
    [
      [
        504,
        518
      ]
    ],
    [
      [
        504,
        519
      ]
    ],
    [
      [
        503,
        520
      ]
    ],
    [
      [
        503,
        521
      ]
    ],
    [
      [
        502,
        522
      ]
    ],
    [
      [
        502,
        527
      ]
    ],
    [
      [
        501,
        528
      ]
    ],
    [
      [
        501,
        529
      ]
    ],
    [
      [
        500,
        530
      ]
    ],
    [
      [
        500,
        532
      ]
    ],
    [
      [
        499,
        533
      ]
    ],
    [
      [
        499,
        535
      ]
    ],
    [
      [
        498,
        536
      ]
    ],
    [
      [
        498,
        539
      ]
    ],
    [
      [
        496,
        541
      ]
    ],
    [
      [
        496,
        544
      ]
    ],
    [
      [
        495,
        545
      ]
    ],
    [
      [
        495,
        547
      ]
    ],
    [
      [
        494,
        548
      ]
    ],
    [
      [
        494,
        549
      ]
    ],
    [
      [
        493,
        550
      ]
    ],
    [
      [
        493,
        553
      ]
    ],
    [
      [
        492,
        554
      ]
    ],
    [
      [
        475,
        554
      ]
    ],
    [
      [
        474,
        553
      ]
    ],
    [
      [
        474,
        552
      ]
    ],
    [
      [
        473,
        551
      ]
    ],
    [
      [
        467,
        551
      ]
    ],
    [
      [
        466,
        552
      ]
    ],
    [
      [
        466,
        554
      ]
    ],
    [
      [
        465,
        555
      ]
    ],
    [
      [
        465,
        558
      ]
    ],
    [
      [
        464,
        559
      ]
    ],
    [
      [
        464,
        561
      ]
    ],
    [
      [
        462,
        563
      ]
    ],
    [
      [
        462,
        566
      ]
    ],
    [
      [
        461,
        567
      ]
    ],
    [
      [
        461,
        568
      ]
    ],
    [
      [
        460,
        569
      ]
    ],
    [
      [
        460,
        572
      ]
    ],
    [
      [
        459,
        573
      ]
    ],
    [
      [
        459,
        575
      ]
    ],
    [
      [
        458,
        576
      ]
    ],
    [
      [
        458,
        578
      ]
    ],
    [
      [
        456,
        580
      ]
    ],
    [
      [
        456,
        583
      ]
    ],
    [
      [
        455,
        584
      ]
    ],
    [
      [
        455,
        587
      ]
    ],
    [
      [
        454,
        588
      ]
    ],
    [
      [
        454,
        590
      ]
    ],
    [
      [
        453,
        591
      ]
    ],
    [
      [
        453,
        593
      ]
    ],
    [
      [
        452,
        594
      ]
    ],
    [
      [
        452,
        595
      ]
    ],
    [
      [
        451,
        596
      ]
    ],
    [
      [
        451,
        599
      ]
    ],
    [
      [
        450,
        600
      ]
    ],
    [
      [
        450,
        603
      ]
    ],
    [
      [
        449,
        604
      ]
    ],
    [
      [
        449,
        606
      ]
    ],
    [
      [
        448,
        607
      ]
    ],
    [
      [
        448,
        609
      ]
    ],
    [
      [
        447,
        610
      ]
    ],
    [
      [
        447,
        612
      ]
    ],
    [
      [
        446,
        613
      ]
    ],
    [
      [
        446,
        614
      ]
    ],
    [
      [
        445,
        615
      ]
    ],
    [
      [
        445,
        618
      ]
    ],
    [
      [
        444,
        619
      ]
    ],
    [
      [
        444,
        620
      ]
    ],
    [
      [
        443,
        621
      ]
    ],
    [
      [
        443,
        623
      ]
    ],
    [
      [
        442,
        624
      ]
    ],
    [
      [
        442,
        627
      ]
    ],
    [
      [
        441,
        628
      ]
    ],
    [
      [
        441,
        631
      ]
    ],
    [
      [
        440,
        632
      ]
    ],
    [
      [
        440,
        633
      ]
    ],
    [
      [
        439,
        634
      ]
    ],
    [
      [
        439,
        636
      ]
    ],
    [
      [
        438,
        637
      ]
    ],
    [
      [
        438,
        640
      ]
    ],
    [
      [
        437,
        641
      ]
    ],
    [
      [
        437,
        643
      ]
    ],
    [
      [
        436,
        644
      ]
    ],
    [
      [
        436,
        647
      ]
    ],
    [
      [
        435,
        648
      ]
    ],
    [
      [
        435,
        650
      ]
    ],
    [
      [
        434,
        651
      ]
    ],
    [
      [
        434,
        653
      ]
    ],
    [
      [
        433,
        654
      ]
    ],
    [
      [
        433,
        657
      ]
    ],
    [
      [
        432,
        658
      ]
    ],
    [
      [
        432,
        660
      ]
    ],
    [
      [
        431,
        661
      ]
    ],
    [
      [
        431,
        662
      ]
    ],
    [
      [
        430,
        663
      ]
    ],
    [
      [
        430,
        668
      ]
    ],
    [
      [
        429,
        669
      ]
    ],
    [
      [
        429,
        670
      ]
    ],
    [
      [
        428,
        671
      ]
    ],
    [
      [
        428,
        674
      ]
    ],
    [
      [
        427,
        675
      ]
    ],
    [
      [
        427,
        698
      ]
    ],
    [
      [
        429,
        698
      ]
    ],
    [
      [
        431,
        700
      ]
    ],
    [
      [
        431,
        706
      ]
    ],
    [
      [
        432,
        707
      ]
    ],
    [
      [
        433,
        707
      ]
    ],
    [
      [
        435,
        709
      ]
    ],
    [
      [
        436,
        709
      ]
    ],
    [
      [
        437,
        710
      ]
    ],
    [
      [
        437,
        711
      ]
    ],
    [
      [
        450,
        711
      ]
    ],
    [
      [
        451,
        712
      ]
    ],
    [
      [
        454,
        712
      ]
    ],
    [
      [
        456,
        714
      ]
    ],
    [
      [
        456,
        715
      ]
    ],
    [
      [
        457,
        716
      ]
    ],
    [
      [
        458,
        716
      ]
    ],
    [
      [
        459,
        717
      ]
    ],
    [
      [
        460,
        717
      ]
    ],
    [
      [
        462,
        719
      ]
    ],
    [
      [
        463,
        719
      ]
    ],
    [
      [
        464,
        720
      ]
    ],
    [
      [
        466,
        720
      ]
    ],
    [
      [
        467,
        721
      ]
    ],
    [
      [
        468,
        721
      ]
    ],
    [
      [
        470,
        723
      ]
    ],
    [
      [
        473,
        723
      ]
    ],
    [
      [
        474,
        724
      ]
    ],
    [
      [
        477,
        724
      ]
    ],
    [
      [
        478,
        725
      ]
    ],
    [
      [
        480,
        725
      ]
    ],
    [
      [
        481,
        726
      ]
    ],
    [
      [
        482,
        726
      ]
    ],
    [
      [
        483,
        727
      ]
    ],
    [
      [
        484,
        727
      ]
    ],
    [
      [
        486,
        729
      ]
    ],
    [
      [
        489,
        729
      ]
    ],
    [
      [
        490,
        730
      ]
    ],
    [
      [
        491,
        730
      ]
    ],
    [
      [
        492,
        731
      ]
    ],
    [
      [
        494,
        731
      ]
    ],
    [
      [
        495,
        732
      ]
    ],
    [
      [
        496,
        732
      ]
    ],
    [
      [
        497,
        733
      ]
    ],
    [
      [
        499,
        733
      ]
    ],
    [
      [
        500,
        734
      ]
    ],
    [
      [
        504,
        734
      ]
    ],
    [
      [
        506,
        736
      ]
    ],
    [
      [
        509,
        736
      ]
    ],
    [
      [
        510,
        737
      ]
    ],
    [
      [
        511,
        737
      ]
    ],
    [
      [
        512,
        738
      ]
    ],
    [
      [
        514,
        738
      ]
    ],
    [
      [
        515,
        739
      ]
    ],
    [
      [
        517,
        739
      ]
    ],
    [
      [
        518,
        740
      ]
    ],
    [
      [
        519,
        740
      ]
    ],
    [
      [
        520,
        741
      ]
    ],
    [
      [
        521,
        741
      ]
    ],
    [
      [
        523,
        743
      ]
    ],
    [
      [
        523,
        745
      ]
    ],
    [
      [
        525,
        747
      ]
    ],
    [
      [
        526,
        747
      ]
    ],
    [
      [
        528,
        749
      ]
    ],
    [
      [
        531,
        749
      ]
    ],
    [
      [
        532,
        750
      ]
    ],
    [
      [
        533,
        750
      ]
    ],
    [
      [
        535,
        752
      ]
    ],
    [
      [
        540,
        752
      ]
    ],
    [
      [
        541,
        753
      ]
    ],
    [
      [
        545,
        753
      ]
    ],
    [
      [
        546,
        754
      ]
    ],
    [
      [
        547,
        754
      ]
    ],
    [
      [
        548,
        755
      ]
    ],
    [
      [
        550,
        755
      ]
    ],
    [
      [
        551,
        756
      ]
    ],
    [
      [
        553,
        756
      ]
    ],
    [
      [
        554,
        757
      ]
    ],
    [
      [
        555,
        757
      ]
    ],
    [
      [
        556,
        758
      ]
    ],
    [
      [
        560,
        758
      ]
    ],
    [
      [
        561,
        759
      ]
    ],
    [
      [
        586,
        759
      ]
    ],
    [
      [
        588,
        761
      ]
    ],
    [
      [
        590,
        761
      ]
    ],
    [
      [
        593,
        764
      ]
    ],
    [
      [
        594,
        764
      ]
    ],
    [
      [
        595,
        765
      ]
    ],
    [
      [
        598,
        765
      ]
    ],
    [
      [
        599,
        766
      ]
    ],
    [
      [
        600,
        766
      ]
    ],
    [
      [
        601,
        767
      ]
    ],
    [
      [
        602,
        767
      ]
    ],
    [
      [
        603,
        768
      ]
    ],
    [
      [
        605,
        768
      ]
    ],
    [
      [
        606,
        769
      ]
    ],
    [
      [
        608,
        769
      ]
    ],
    [
      [
        609,
        770
      ]
    ],
    [
      [
        612,
        770
      ]
    ],
    [
      [
        613,
        771
      ]
    ],
    [
      [
        615,
        771
      ]
    ],
    [
      [
        616,
        772
      ]
    ],
    [
      [
        617,
        772
      ]
    ],
    [
      [
        618,
        773
      ]
    ],
    [
      [
        619,
        773
      ]
    ],
    [
      [
        620,
        774
      ]
    ],
    [
      [
        623,
        774
      ]
    ],
    [
      [
        624,
        775
      ]
    ],
    [
      [
        626,
        775
      ]
    ],
    [
      [
        627,
        776
      ]
    ],
    [
      [
        629,
        776
      ]
    ],
    [
      [
        630,
        777
      ]
    ],
    [
      [
        631,
        777
      ]
    ],
    [
      [
        632,
        778
      ]
    ],
    [
      [
        633,
        778
      ]
    ],
    [
      [
        634,
        779
      ]
    ],
    [
      [
        635,
        779
      ]
    ],
    [
      [
        636,
        780
      ]
    ],
    [
      [
        639,
        780
      ]
    ],
    [
      [
        640,
        781
      ]
    ],
    [
      [
        641,
        781
      ]
    ],
    [
      [
        642,
        782
      ]
    ],
    [
      [
        644,
        782
      ]
    ],
    [
      [
        645,
        783
      ]
    ],
    [
      [
        647,
        783
      ]
    ],
    [
      [
        648,
        784
      ]
    ],
    [
      [
        649,
        784
      ]
    ],
    [
      [
        650,
        785
      ]
    ],
    [
      [
        654,
        785
      ]
    ],
    [
      [
        655,
        786
      ]
    ],
    [
      [
        657,
        786
      ]
    ],
    [
      [
        658,
        787
      ]
    ],
    [
      [
        659,
        787
      ]
    ],
    [
      [
        660,
        788
      ]
    ],
    [
      [
        662,
        788
      ]
    ],
    [
      [
        664,
        790
      ]
    ],
    [
      [
        668,
        790
      ]
    ],
    [
      [
        669,
        791
      ]
    ],
    [
      [
        670,
        791
      ]
    ],
    [
      [
        673,
        794
      ]
    ],
    [
      [
        677,
        794
      ]
    ],
    [
      [
        679,
        796
      ]
    ],
    [
      [
        680,
        796
      ]
    ],
    [
      [
        681,
        797
      ]
    ],
    [
      [
        687,
        797
      ]
    ],
    [
      [
        688,
        798
      ]
    ],
    [
      [
        689,
        798
      ]
    ],
    [
      [
        690,
        799
      ]
    ],
    [
      [
        692,
        799
      ]
    ],
    [
      [
        693,
        800
      ]
    ],
    [
      [
        695,
        800
      ]
    ],
    [
      [
        696,
        801
      ]
    ],
    [
      [
        697,
        801
      ]
    ],
    [
      [
        698,
        802
      ]
    ],
    [
      [
        699,
        802
      ]
    ],
    [
      [
        700,
        803
      ]
    ],
    [
      [
        702,
        803
      ]
    ],
    [
      [
        703,
        804
      ]
    ],
    [
      [
        713,
        804
      ]
    ],
    [
      [
        714,
        805
      ]
    ],
    [
      [
        714,
        807
      ]
    ],
    [
      [
        717,
        807
      ]
    ],
    [
      [
        718,
        808
      ]
    ],
    [
      [
        721,
        808
      ]
    ],
    [
      [
        722,
        809
      ]
    ],
    [
      [
        722,
        811
      ]
    ],
    [
      [
        725,
        811
      ]
    ],
    [
      [
        726,
        812
      ]
    ],
    [
      [
        728,
        812
      ]
    ],
    [
      [
        729,
        813
      ]
    ],
    [
      [
        732,
        813
      ]
    ],
    [
      [
        733,
        814
      ]
    ],
    [
      [
        734,
        814
      ]
    ],
    [
      [
        735,
        815
      ]
    ],
    [
      [
        737,
        815
      ]
    ],
    [
      [
        738,
        816
      ]
    ],
    [
      [
        739,
        816
      ]
    ],
    [
      [
        740,
        817
      ]
    ],
    [
      [
        742,
        817
      ]
    ],
    [
      [
        743,
        818
      ]
    ],
    [
      [
        746,
        818
      ]
    ],
    [
      [
        747,
        819
      ]
    ],
    [
      [
        749,
        819
      ]
    ],
    [
      [
        750,
        820
      ]
    ],
    [
      [
        751,
        820
      ]
    ],
    [
      [
        752,
        821
      ]
    ],
    [
      [
        753,
        821
      ]
    ],
    [
      [
        754,
        822
      ]
    ],
    [
      [
        755,
        822
      ]
    ],
    [
      [
        756,
        823
      ]
    ],
    [
      [
        756,
        826
      ]
    ],
    [
      [
        758,
        826
      ]
    ],
    [
      [
        759,
        827
      ]
    ],
    [
      [
        760,
        827
      ]
    ],
    [
      [
        761,
        828
      ]
    ],
    [
      [
        763,
        828
      ]
    ],
    [
      [
        765,
        830
      ]
    ],
    [
      [
        769,
        830
      ]
    ],
    [
      [
        770,
        831
      ]
    ],
    [
      [
        773,
        831
      ]
    ],
    [
      [
        775,
        833
      ]
    ],
    [
      [
        777,
        833
      ]
    ],
    [
      [
        778,
        834
      ]
    ],
    [
      [
        781,
        834
      ]
    ],
    [
      [
        782,
        835
      ]
    ],
    [
      [
        783,
        835
      ]
    ],
    [
      [
        784,
        836
      ]
    ],
    [
      [
        786,
        836
      ]
    ],
    [
      [
        787,
        837
      ]
    ],
    [
      [
        790,
        837
      ]
    ],
    [
      [
        791,
        838
      ]
    ],
    [
      [
        792,
        838
      ]
    ],
    [
      [
        793,
        839
      ]
    ],
    [
      [
        796,
        839
      ]
    ],
    [
      [
        798,
        841
      ]
    ],
    [
      [
        800,
        841
      ]
    ],
    [
      [
        801,
        842
      ]
    ],
    [
      [
        804,
        842
      ]
    ],
    [
      [
        805,
        843
      ]
    ],
    [
      [
        807,
        843
      ]
    ],
    [
      [
        808,
        844
      ]
    ],
    [
      [
        810,
        844
      ]
    ],
    [
      [
        811,
        845
      ]
    ],
    [
      [
        812,
        845
      ]
    ],
    [
      [
        814,
        847
      ]
    ],
    [
      [
        816,
        847
      ]
    ],
    [
      [
        817,
        848
      ]
    ],
    [
      [
        819,
        848
      ]
    ],
    [
      [
        820,
        849
      ]
    ],
    [
      [
        821,
        849
      ]
    ],
    [
      [
        824,
        852
      ]
    ],
    [
      [
        829,
        852
      ]
    ],
    [
      [
        830,
        853
      ]
    ],
    [
      [
        831,
        853
      ]
    ],
    [
      [
        832,
        854
      ]
    ],
    [
      [
        838,
        854
      ]
    ],
    [
      [
        841,
        857
      ]
    ],
    [
      [
        846,
        857
      ]
    ],
    [
      [
        847,
        858
      ]
    ],
    [
      [
        848,
        858
      ]
    ],
    [
      [
        850,
        860
      ]
    ],
    [
      [
        851,
        860
      ]
    ],
    [
      [
        852,
        861
      ]
    ],
    [
      [
        853,
        861
      ]
    ],
    [
      [
        854,
        862
      ]
    ],
    [
      [
        859,
        862
      ]
    ],
    [
      [
        860,
        863
      ]
    ],
    [
      [
        865,
        863
      ]
    ],
    [
      [
        866,
        864
      ]
    ],
    [
      [
        867,
        864
      ]
    ],
    [
      [
        868,
        865
      ]
    ],
    [
      [
        869,
        865
      ]
    ],
    [
      [
        870,
        866
      ]
    ],
    [
      [
        872,
        866
      ]
    ],
    [
      [
        873,
        867
      ]
    ],
    [
      [
        876,
        867
      ]
    ],
    [
      [
        880,
        871
      ]
    ],
    [
      [
        885,
        871
      ]
    ],
    [
      [
        886,
        872
      ]
    ],
    [
      [
        889,
        872
      ]
    ],
    [
      [
        890,
        873
      ]
    ],
    [
      [
        891,
        873
      ]
    ],
    [
      [
        892,
        874
      ]
    ],
    [
      [
        893,
        874
      ]
    ],
    [
      [
        894,
        875
      ]
    ],
    [
      [
        906,
        875
      ]
    ],
    [
      [
        907,
        876
      ]
    ],
    [
      [
        913,
        876
      ]
    ],
    [
      [
        914,
        877
      ]
    ],
    [
      [
        927,
        877
      ]
    ],
    [
      [
        928,
        878
      ]
    ],
    [
      [
        928,
        886
      ]
    ],
    [
      [
        931,
        886
      ]
    ],
    [
      [
        932,
        887
      ]
    ],
    [
      [
        933,
        887
      ]
    ],
    [
      [
        934,
        888
      ]
    ],
    [
      [
        935,
        888
      ]
    ],
    [
      [
        936,
        889
      ]
    ],
    [
      [
        938,
        889
      ]
    ],
    [
      [
        939,
        890
      ]
    ],
    [
      [
        940,
        890
      ]
    ],
    [
      [
        942,
        892
      ]
    ],
    [
      [
        946,
        892
      ]
    ],
    [
      [
        948,
        894
      ]
    ],
    [
      [
        953,
        894
      ]
    ],
    [
      [
        954,
        895
      ]
    ],
    [
      [
        956,
        895
      ]
    ],
    [
      [
        957,
        896
      ]
    ],
    [
      [
        962,
        896
      ]
    ],
    [
      [
        963,
        897
      ]
    ],
    [
      [
        964,
        897
      ]
    ],
    [
      [
        965,
        898
      ]
    ],
    [
      [
        968,
        898
      ]
    ],
    [
      [
        969,
        899
      ]
    ],
    [
      [
        972,
        899
      ]
    ],
    [
      [
        974,
        901
      ]
    ],
    [
      [
        977,
        901
      ]
    ],
    [
      [
        978,
        902
      ]
    ],
    [
      [
        980,
        902
      ]
    ],
    [
      [
        981,
        903
      ]
    ],
    [
      [
        984,
        903
      ]
    ],
    [
      [
        985,
        904
      ]
    ],
    [
      [
        990,
        904
      ]
    ],
    [
      [
        991,
        905
      ]
    ],
    [
      [
        991,
        907
      ]
    ],
    [
      [
        993,
        907
      ]
    ],
    [
      [
        994,
        908
      ]
    ],
    [
      [
        999,
        908
      ]
    ],
    [
      [
        1001,
        910
      ]
    ],
    [
      [
        1002,
        910
      ]
    ],
    [
      [
        1004,
        912
      ]
    ],
    [
      [
        1009,
        912
      ]
    ],
    [
      [
        1011,
        914
      ]
    ],
    [
      [
        1015,
        914
      ]
    ],
    [
      [
        1016,
        915
      ]
    ],
    [
      [
        1019,
        915
      ]
    ],
    [
      [
        1020,
        916
      ]
    ],
    [
      [
        1021,
        916
      ]
    ],
    [
      [
        1022,
        917
      ]
    ],
    [
      [
        1025,
        917
      ]
    ],
    [
      [
        1026,
        918
      ]
    ],
    [
      [
        1029,
        918
      ]
    ],
    [
      [
        1030,
        919
      ]
    ],
    [
      [
        1032,
        919
      ]
    ],
    [
      [
        1033,
        920
      ]
    ],
    [
      [
        1036,
        920
      ]
    ],
    [
      [
        1037,
        921
      ]
    ],
    [
      [
        1061,
        921
      ]
    ],
    [
      [
        1062,
        922
      ]
    ],
    [
      [
        1062,
        929
      ]
    ],
    [
      [
        1063,
        930
      ]
    ],
    [
      [
        1063,
        933
      ]
    ],
    [
      [
        1065,
        933
      ]
    ],
    [
      [
        1066,
        934
      ]
    ],
    [
      [
        1066,
        935
      ]
    ],
    [
      [
        1070,
        935
      ]
    ],
    [
      [
        1071,
        936
      ]
    ],
    [
      [
        1078,
        936
      ]
    ],
    [
      [
        1080,
        938
      ]
    ],
    [
      [
        1080,
        940
      ]
    ],
    [
      [
        1086,
        940
      ]
    ],
    [
      [
        1087,
        939
      ]
    ],
    [
      [
        1088,
        939
      ]
    ],
    [
      [
        1088,
        938
      ]
    ],
    [
      [
        1089,
        937
      ]
    ],
    [
      [
        1091,
        937
      ]
    ],
    [
      [
        1092,
        936
      ]
    ],
    [
      [
        1092,
        923
      ]
    ],
    [
      [
        1093,
        922
      ]
    ],
    [
      [
        1111,
        922
      ]
    ],
    [
      [
        1112,
        923
      ]
    ],
    [
      [
        1112,
        927
      ]
    ],
    [
      [
        1120,
        927
      ]
    ],
    [
      [
        1121,
        926
      ]
    ],
    [
      [
        1149,
        926
      ]
    ],
    [
      [
        1150,
        927
      ]
    ],
    [
      [
        1150,
        949
      ]
    ],
    [
      [
        1151,
        950
      ]
    ],
    [
      [
        1151,
        951
      ]
    ],
    [
      [
        1155,
        951
      ]
    ],
    [
      [
        1157,
        953
      ]
    ],
    [
      [
        1160,
        953
      ]
    ],
    [
      [
        1161,
        954
      ]
    ],
    [
      [
        1164,
        954
      ]
    ],
    [
      [
        1165,
        955
      ]
    ],
    [
      [
        1166,
        955
      ]
    ],
    [
      [
        1168,
        957
      ]
    ],
    [
      [
        1176,
        957
      ]
    ],
    [
      [
        1177,
        958
      ]
    ],
    [
      [
        1177,
        960
      ]
    ],
    [
      [
        1179,
        960
      ]
    ],
    [
      [
        1181,
        962
      ]
    ],
    [
      [
        1181,
        964
      ]
    ],
    [
      [
        1182,
        965
      ]
    ],
    [
      [
        1185,
        965
      ]
    ],
    [
      [
        1187,
        967
      ]
    ],
    [
      [
        1187,
        971
      ]
    ],
    [
      [
        1188,
        972
      ]
    ],
    [
      [
        1188,
        973
      ]
    ],
    [
      [
        1195,
        973
      ]
    ],
    [
      [
        1197,
        971
      ]
    ],
    [
      [
        1202,
        971
      ]
    ],
    [
      [
        1203,
        970
      ]
    ],
    [
      [
        1203,
        969
      ]
    ],
    [
      [
        1206,
        966
      ]
    ],
    [
      [
        1208,
        966
      ]
    ],
    [
      [
        1209,
        965
      ]
    ],
    [
      [
        1211,
        965
      ]
    ],
    [
      [
        1211,
        964
      ]
    ],
    [
      [
        1214,
        961
      ]
    ],
    [
      [
        1217,
        961
      ]
    ],
    [
      [
        1220,
        958
      ]
    ],
    [
      [
        1220,
        957
      ]
    ],
    [
      [
        1222,
        955
      ]
    ],
    [
      [
        1222,
        953
      ]
    ],
    [
      [
        1224,
        951
      ]
    ],
    [
      [
        1224,
        949
      ]
    ],
    [
      [
        1225,
        948
      ]
    ],
    [
      [
        1225,
        946
      ]
    ],
    [
      [
        1226,
        945
      ]
    ],
    [
      [
        1226,
        944
      ]
    ],
    [
      [
        1227,
        943
      ]
    ],
    [
      [
        1228,
        943
      ]
    ],
    [
      [
        1228,
        940
      ]
    ],
    [
      [
        1229,
        939
      ]
    ],
    [
      [
        1229,
        937
      ]
    ],
    [
      [
        1231,
        935
      ]
    ],
    [
      [
        1231,
        931
      ]
    ],
    [
      [
        1232,
        930
      ]
    ],
    [
      [
        1232,
        929
      ]
    ],
    [
      [
        1233,
        928
      ]
    ],
    [
      [
        1233,
        927
      ]
    ],
    [
      [
        1234,
        926
      ]
    ],
    [
      [
        1234,
        924
      ]
    ],
    [
      [
        1235,
        923
      ]
    ],
    [
      [
        1235,
        921
      ]
    ],
    [
      [
        1238,
        918
      ]
    ],
    [
      [
        1238,
        917
      ]
    ],
    [
      [
        1239,
        916
      ]
    ],
    [
      [
        1239,
        911
      ]
    ],
    [
      [
        1240,
        910
      ]
    ],
    [
      [
        1240,
        909
      ]
    ],
    [
      [
        1242,
        907
      ]
    ],
    [
      [
        1242,
        904
      ]
    ],
    [
      [
        1243,
        903
      ]
    ],
    [
      [
        1243,
        902
      ]
    ],
    [
      [
        1244,
        901
      ]
    ],
    [
      [
        1244,
        899
      ]
    ],
    [
      [
        1245,
        898
      ]
    ],
    [
      [
        1245,
        896
      ]
    ],
    [
      [
        1246,
        895
      ]
    ],
    [
      [
        1246,
        893
      ]
    ],
    [
      [
        1248,
        891
      ]
    ],
    [
      [
        1248,
        888
      ]
    ],
    [
      [
        1249,
        887
      ]
    ],
    [
      [
        1249,
        885
      ]
    ],
    [
      [
        1250,
        884
      ]
    ],
    [
      [
        1250,
        882
      ]
    ],
    [
      [
        1251,
        881
      ]
    ],
    [
      [
        1251,
        880
      ]
    ],
    [
      [
        1252,
        879
      ]
    ],
    [
      [
        1252,
        878
      ]
    ],
    [
      [
        1253,
        877
      ]
    ],
    [
      [
        1253,
        876
      ]
    ],
    [
      [
        1254,
        875
      ]
    ],
    [
      [
        1254,
        873
      ]
    ],
    [
      [
        1255,
        872
      ]
    ],
    [
      [
        1255,
        870
      ]
    ],
    [
      [
        1256,
        869
      ]
    ],
    [
      [
        1256,
        867
      ]
    ],
    [
      [
        1257,
        866
      ]
    ],
    [
      [
        1257,
        865
      ]
    ],
    [
      [
        1258,
        864
      ]
    ],
    [
      [
        1258,
        860
      ]
    ],
    [
      [
        1260,
        858
      ]
    ],
    [
      [
        1260,
        855
      ]
    ],
    [
      [
        1261,
        854
      ]
    ],
    [
      [
        1261,
        853
      ]
    ],
    [
      [
        1262,
        852
      ]
    ],
    [
      [
        1262,
        850
      ]
    ],
    [
      [
        1263,
        849
      ]
    ],
    [
      [
        1263,
        848
      ]
    ],
    [
      [
        1266,
        845
      ]
    ],
    [
      [
        1266,
        841
      ]
    ],
    [
      [
        1269,
        838
      ]
    ],
    [
      [
        1270,
        838
      ]
    ],
    [
      [
        1270,
        837
      ]
    ],
    [
      [
        1271,
        836
      ]
    ],
    [
      [
        1272,
        836
      ]
    ],
    [
      [
        1272,
        827
      ]
    ],
    [
      [
        1273,
        826
      ]
    ],
    [
      [
        1275,
        826
      ]
    ],
    [
      [
        1275,
        822
      ]
    ],
    [
      [
        1276,
        821
      ]
    ],
    [
      [
        1277,
        821
      ]
    ],
    [
      [
        1281,
        817
      ]
    ],
    [
      [
        1281,
        816
      ]
    ],
    [
      [
        1282,
        815
      ]
    ],
    [
      [
        1282,
        814
      ]
    ],
    [
      [
        1284,
        812
      ]
    ],
    [
      [
        1284,
        811
      ]
    ],
    [
      [
        1285,
        810
      ]
    ],
    [
      [
        1285,
        808
      ]
    ],
    [
      [
        1286,
        807
      ]
    ],
    [
      [
        1286,
        805
      ]
    ],
    [
      [
        1287,
        804
      ]
    ],
    [
      [
        1287,
        803
      ]
    ],
    [
      [
        1288,
        802
      ]
    ],
    [
      [
        1288,
        800
      ]
    ],
    [
      [
        1289,
        799
      ]
    ],
    [
      [
        1289,
        797
      ]
    ],
    [
      [
        1290,
        796
      ]
    ],
    [
      [
        1290,
        794
      ]
    ],
    [
      [
        1291,
        793
      ]
    ],
    [
      [
        1291,
        792
      ]
    ],
    [
      [
        1292,
        791
      ]
    ],
    [
      [
        1292,
        790
      ]
    ],
    [
      [
        1293,
        789
      ]
    ],
    [
      [
        1293,
        787
      ]
    ],
    [
      [
        1294,
        786
      ]
    ],
    [
      [
        1294,
        785
      ]
    ],
    [
      [
        1295,
        784
      ]
    ],
    [
      [
        1295,
        783
      ]
    ],
    [
      [
        1296,
        782
      ]
    ],
    [
      [
        1296,
        780
      ]
    ],
    [
      [
        1297,
        779
      ]
    ],
    [
      [
        1297,
        778
      ]
    ],
    [
      [
        1298,
        777
      ]
    ],
    [
      [
        1298,
        776
      ]
    ],
    [
      [
        1299,
        775
      ]
    ],
    [
      [
        1299,
        773
      ]
    ],
    [
      [
        1300,
        772
      ]
    ],
    [
      [
        1300,
        769
      ]
    ],
    [
      [
        1302,
        767
      ]
    ],
    [
      [
        1302,
        765
      ]
    ],
    [
      [
        1303,
        764
      ]
    ],
    [
      [
        1303,
        762
      ]
    ],
    [
      [
        1304,
        761
      ]
    ],
    [
      [
        1304,
        760
      ]
    ],
    [
      [
        1306,
        758
      ]
    ],
    [
      [
        1306,
        755
      ]
    ],
    [
      [
        1307,
        754
      ]
    ],
    [
      [
        1307,
        753
      ]
    ],
    [
      [
        1308,
        752
      ]
    ],
    [
      [
        1308,
        750
      ]
    ],
    [
      [
        1309,
        749
      ]
    ],
    [
      [
        1309,
        748
      ]
    ],
    [
      [
        1310,
        747
      ]
    ],
    [
      [
        1310,
        745
      ]
    ],
    [
      [
        1311,
        744
      ]
    ],
    [
      [
        1311,
        742
      ]
    ],
    [
      [
        1312,
        741
      ]
    ],
    [
      [
        1312,
        740
      ]
    ],
    [
      [
        1314,
        738
      ]
    ],
    [
      [
        1314,
        737
      ]
    ],
    [
      [
        1315,
        736
      ]
    ],
    [
      [
        1315,
        732
      ]
    ],
    [
      [
        1317,
        730
      ]
    ],
    [
      [
        1317,
        728
      ]
    ],
    [
      [
        1318,
        727
      ]
    ],
    [
      [
        1318,
        726
      ]
    ],
    [
      [
        1319,
        725
      ]
    ],
    [
      [
        1319,
        723
      ]
    ],
    [
      [
        1321,
        721
      ]
    ],
    [
      [
        1321,
        718
      ]
    ],
    [
      [
        1322,
        717
      ]
    ],
    [
      [
        1322,
        715
      ]
    ],
    [
      [
        1324,
        713
      ]
    ],
    [
      [
        1324,
        710
      ]
    ],
    [
      [
        1325,
        709
      ]
    ],
    [
      [
        1325,
        708
      ]
    ],
    [
      [
        1326,
        707
      ]
    ],
    [
      [
        1326,
        706
      ]
    ],
    [
      [
        1327,
        705
      ]
    ],
    [
      [
        1327,
        703
      ]
    ],
    [
      [
        1328,
        702
      ]
    ],
    [
      [
        1328,
        701
      ]
    ],
    [
      [
        1330,
        699
      ]
    ],
    [
      [
        1330,
        696
      ]
    ],
    [
      [
        1331,
        695
      ]
    ],
    [
      [
        1331,
        693
      ]
    ],
    [
      [
        1332,
        692
      ]
    ],
    [
      [
        1332,
        691
      ]
    ],
    [
      [
        1333,
        690
      ]
    ],
    [
      [
        1333,
        687
      ]
    ],
    [
      [
        1334,
        686
      ]
    ],
    [
      [
        1334,
        685
      ]
    ],
    [
      [
        1335,
        684
      ]
    ],
    [
      [
        1335,
        682
      ]
    ],
    [
      [
        1336,
        681
      ]
    ],
    [
      [
        1336,
        680
      ]
    ],
    [
      [
        1337,
        679
      ]
    ],
    [
      [
        1337,
        678
      ]
    ],
    [
      [
        1338,
        677
      ]
    ],
    [
      [
        1338,
        676
      ]
    ],
    [
      [
        1339,
        675
      ]
    ],
    [
      [
        1339,
        673
      ]
    ],
    [
      [
        1340,
        672
      ]
    ],
    [
      [
        1340,
        671
      ]
    ],
    [
      [
        1341,
        670
      ]
    ],
    [
      [
        1341,
        667
      ]
    ],
    [
      [
        1342,
        666
      ]
    ],
    [
      [
        1342,
        664
      ]
    ],
    [
      [
        1344,
        662
      ]
    ],
    [
      [
        1344,
        661
      ]
    ],
    [
      [
        1345,
        660
      ]
    ],
    [
      [
        1345,
        656
      ]
    ],
    [
      [
        1346,
        655
      ]
    ],
    [
      [
        1346,
        653
      ]
    ],
    [
      [
        1348,
        651
      ]
    ],
    [
      [
        1350,
        651
      ]
    ],
    [
      [
        1351,
        650
      ]
    ],
    [
      [
        1351,
        644
      ]
    ],
    [
      [
        1345,
        644
      ]
    ],
    [
      [
        1344,
        645
      ]
    ],
    [
      [
        1327,
        645
      ]
    ],
    [
      [
        1326,
        644
      ]
    ],
    [
      [
        1326,
        627
      ]
    ],
    [
      [
        1327,
        626
      ]
    ],
    [
      [
        1327,
        625
      ]
    ],
    [
      [
        1328,
        624
      ]
    ],
    [
      [
        1328,
        622
      ]
    ],
    [
      [
        1330,
        620
      ]
    ],
    [
      [
        1330,
        618
      ]
    ],
    [
      [
        1332,
        616
      ]
    ],
    [
      [
        1337,
        616
      ]
    ],
    [
      [
        1337,
        611
      ]
    ],
    [
      [
        1339,
        609
      ]
    ],
    [
      [
        1339,
        606
      ]
    ],
    [
      [
        1340,
        605
      ]
    ],
    [
      [
        1340,
        604
      ]
    ],
    [
      [
        1341,
        603
      ]
    ],
    [
      [
        1341,
        602
      ]
    ],
    [
      [
        1342,
        601
      ]
    ],
    [
      [
        1342,
        595
      ]
    ],
    [
      [
        1343,
        594
      ]
    ],
    [
      [
        1343,
        593
      ]
    ],
    [
      [
        1346,
        590
      ]
    ],
    [
      [
        1346,
        588
      ]
    ],
    [
      [
        1347,
        587
      ]
    ],
    [
      [
        1347,
        585
      ]
    ],
    [
      [
        1348,
        584
      ]
    ],
    [
      [
        1348,
        583
      ]
    ],
    [
      [
        1349,
        582
      ]
    ],
    [
      [
        1349,
        579
      ]
    ],
    [
      [
        1351,
        577
      ]
    ],
    [
      [
        1352,
        577
      ]
    ],
    [
      [
        1353,
        576
      ]
    ],
    [
      [
        1354,
        576
      ]
    ],
    [
      [
        1355,
        575
      ]
    ],
    [
      [
        1355,
        574
      ]
    ],
    [
      [
        1356,
        573
      ]
    ],
    [
      [
        1356,
        572
      ]
    ],
    [
      [
        1357,
        571
      ]
    ],
    [
      [
        1362,
        571
      ]
    ],
    [
      [
        1362,
        568
      ]
    ],
    [
      [
        1363,
        567
      ]
    ],
    [
      [
        1363,
        565
      ]
    ],
    [
      [
        1364,
        564
      ]
    ],
    [
      [
        1364,
        563
      ]
    ],
    [
      [
        1366,
        561
      ]
    ],
    [
      [
        1366,
        559
      ]
    ],
    [
      [
        1367,
        558
      ]
    ],
    [
      [
        1367,
        555
      ]
    ],
    [
      [
        1369,
        553
      ]
    ],
    [
      [
        1369,
        551
      ]
    ],
    [
      [
        1370,
        550
      ]
    ],
    [
      [
        1370,
        547
      ]
    ],
    [
      [
        1371,
        546
      ]
    ],
    [
      [
        1371,
        544
      ]
    ],
    [
      [
        1372,
        543
      ]
    ],
    [
      [
        1372,
        541
      ]
    ],
    [
      [
        1373,
        540
      ]
    ],
    [
      [
        1373,
        536
      ]
    ],
    [
      [
        1375,
        534
      ]
    ],
    [
      [
        1375,
        533
      ]
    ],
    [
      [
        1376,
        532
      ]
    ],
    [
      [
        1376,
        531
      ]
    ],
    [
      [
        1377,
        530
      ]
    ],
    [
      [
        1377,
        529
      ]
    ],
    [
      [
        1378,
        528
      ]
    ],
    [
      [
        1378,
        525
      ]
    ],
    [
      [
        1381,
        522
      ]
    ],
    [
      [
        1381,
        520
      ]
    ],
    [
      [
        1382,
        519
      ]
    ],
    [
      [
        1382,
        516
      ]
    ],
    [
      [
        1383,
        515
      ]
    ],
    [
      [
        1383,
        514
      ]
    ],
    [
      [
        1385,
        512
      ]
    ],
    [
      [
        1385,
        508
      ]
    ],
    [
      [
        1386,
        507
      ]
    ],
    [
      [
        1386,
        505
      ]
    ],
    [
      [
        1387,
        504
      ]
    ],
    [
      [
        1387,
        502
      ]
    ],
    [
      [
        1388,
        501
      ]
    ],
    [
      [
        1388,
        499
      ]
    ],
    [
      [
        1389,
        498
      ]
    ],
    [
      [
        1389,
        495
      ]
    ],
    [
      [
        1390,
        494
      ]
    ],
    [
      [
        1390,
        491
      ]
    ],
    [
      [
        1391,
        490
      ]
    ],
    [
      [
        1391,
        486
      ]
    ],
    [
      [
        1392,
        485
      ]
    ],
    [
      [
        1392,
        478
      ]
    ],
    [
      [
        1393,
        477
      ]
    ],
    [
      [
        1393,
        475
      ]
    ],
    [
      [
        1394,
        474
      ]
    ],
    [
      [
        1394,
        456
      ]
    ],
    [
      [
        1393,
        455
      ]
    ],
    [
      [
        1393,
        445
      ]
    ],
    [
      [
        1392,
        444
      ]
    ],
    [
      [
        1392,
        433
      ]
    ],
    [
      [
        1391,
        432
      ]
    ],
    [
      [
        1391,
        426
      ]
    ],
    [
      [
        1390,
        425
      ]
    ],
    [
      [
        1390,
        422
      ]
    ],
    [
      [
        1389,
        421
      ]
    ],
    [
      [
        1389,
        418
      ]
    ],
    [
      [
        1388,
        417
      ]
    ],
    [
      [
        1388,
        414
      ]
    ],
    [
      [
        1387,
        413
      ]
    ],
    [
      [
        1387,
        412
      ]
    ],
    [
      [
        1386,
        411
      ]
    ],
    [
      [
        1386,
        408
      ]
    ],
    [
      [
        1385,
        407
      ]
    ],
    [
      [
        1385,
        404
      ]
    ],
    [
      [
        1384,
        403
      ]
    ],
    [
      [
        1384,
        402
      ]
    ],
    [
      [
        1383,
        401
      ]
    ],
    [
      [
        1383,
        400
      ]
    ],
    [
      [
        1382,
        399
      ]
    ],
    [
      [
        1382,
        397
      ]
    ],
    [
      [
        1381,
        396
      ]
    ],
    [
      [
        1381,
        395
      ]
    ],
    [
      [
        1379,
        393
      ]
    ],
    [
      [
        1379,
        391
      ]
    ],
    [
      [
        1378,
        390
      ]
    ],
    [
      [
        1378,
        389
      ]
    ],
    [
      [
        1377,
        388
      ]
    ],
    [
      [
        1377,
        386
      ]
    ],
    [
      [
        1376,
        385
      ]
    ],
    [
      [
        1376,
        384
      ]
    ],
    [
      [
        1375,
        383
      ]
    ],
    [
      [
        1375,
        382
      ]
    ],
    [
      [
        1373,
        380
      ]
    ],
    [
      [
        1373,
        379
      ]
    ],
    [
      [
        1372,
        378
      ]
    ],
    [
      [
        1372,
        377
      ]
    ],
    [
      [
        1366,
        371
      ]
    ],
    [
      [
        1366,
        354
      ]
    ],
    [
      [
        1367,
        353
      ]
    ],
    [
      [
        1387,
        353
      ]
    ],
    [
      [
        1387,
        335
      ]
    ],
    [
      [
        1386,
        334
      ]
    ],
    [
      [
        1385,
        334
      ]
    ],
    [
      [
        1384,
        333
      ]
    ],
    [
      [
        1383,
        333
      ]
    ],
    [
      [
        1379,
        329
      ]
    ],
    [
      [
        1378,
        329
      ]
    ],
    [
      [
        1377,
        328
      ]
    ],
    [
      [
        1376,
        328
      ]
    ],
    [
      [
        1375,
        327
      ]
    ],
    [
      [
        1373,
        327
      ]
    ],
    [
      [
        1371,
        325
      ]
    ],
    [
      [
        1370,
        325
      ]
    ],
    [
      [
        1368,
        323
      ]
    ],
    [
      [
        1367,
        323
      ]
    ],
    [
      [
        1366,
        322
      ]
    ],
    [
      [
        1366,
        321
      ]
    ],
    [
      [
        1365,
        321
      ]
    ],
    [
      [
        1364,
        320
      ]
    ],
    [
      [
        1363,
        320
      ]
    ],
    [
      [
        1362,
        319
      ]
    ],
    [
      [
        1352,
        319
      ]
    ],
    [
      [
        1351,
        318
      ]
    ],
    [
      [
        1351,
        316
      ]
    ],
    [
      [
        1345,
        316
      ]
    ],
    [
      [
        1344,
        315
      ]
    ],
    [
      [
        1344,
        312
      ]
    ],
    [
      [
        1342,
        312
      ]
    ],
    [
      [
        1339,
        309
      ]
    ],
    [
      [
        1337,
        309
      ]
    ],
    [
      [
        1336,
        308
      ]
    ],
    [
      [
        1334,
        308
      ]
    ],
    [
      [
        1333,
        307
      ]
    ],
    [
      [
        1331,
        307
      ]
    ],
    [
      [
        1330,
        306
      ]
    ],
    [
      [
        1329,
        306
      ]
    ],
    [
      [
        1328,
        305
      ]
    ],
    [
      [
        1327,
        305
      ]
    ],
    [
      [
        1326,
        304
      ]
    ],
    [
      [
        1325,
        304
      ]
    ],
    [
      [
        1324,
        303
      ]
    ],
    [
      [
        1319,
        303
      ]
    ],
    [
      [
        1317,
        301
      ]
    ],
    [
      [
        1313,
        301
      ]
    ],
    [
      [
        1311,
        299
      ]
    ],
    [
      [
        1303,
        299
      ]
    ],
    [
      [
        1302,
        298
      ]
    ],
    [
      [
        1301,
        298
      ]
    ],
    [
      [
        1300,
        297
      ]
    ],
    [
      [
        1300,
        293
      ]
    ],
    [
      [
        1290,
        293
      ]
    ],
    [
      [
        1289,
        292
      ]
    ],
    [
      [
        1288,
        292
      ]
    ],
    [
      [
        1287,
        291
      ]
    ],
    [
      [
        1286,
        291
      ]
    ],
    [
      [
        1285,
        290
      ]
    ],
    [
      [
        1282,
        290
      ]
    ],
    [
      [
        1281,
        289
      ]
    ],
    [
      [
        1279,
        289
      ]
    ],
    [
      [
        1277,
        287
      ]
    ],
    [
      [
        1276,
        287
      ]
    ],
    [
      [
        1275,
        286
      ]
    ],
    [
      [
        1274,
        286
      ]
    ],
    [
      [
        1273,
        285
      ]
    ],
    [
      [
        1270,
        285
      ]
    ],
    [
      [
        1269,
        284
      ]
    ],
    [
      [
        1268,
        284
      ]
    ],
    [
      [
        1267,
        283
      ]
    ],
    [
      [
        1266,
        283
      ]
    ],
    [
      [
        1265,
        282
      ]
    ],
    [
      [
        1260,
        282
      ]
    ],
    [
      [
        1258,
        280
      ]
    ],
    [
      [
        1256,
        280
      ]
    ],
    [
      [
        1255,
        279
      ]
    ],
    [
      [
        1253,
        279
      ]
    ],
    [
      [
        1252,
        278
      ]
    ],
    [
      [
        1250,
        278
      ]
    ],
    [
      [
        1249,
        277
      ]
    ],
    [
      [
        1248,
        277
      ]
    ],
    [
      [
        1247,
        276
      ]
    ],
    [
      [
        1243,
        276
      ]
    ],
    [
      [
        1242,
        275
      ]
    ],
    [
      [
        1241,
        275
      ]
    ],
    [
      [
        1240,
        274
      ]
    ],
    [
      [
        1229,
        274
      ]
    ],
    [
      [
        1228,
        273
      ]
    ],
    [
      [
        1227,
        273
      ]
    ],
    [
      [
        1226,
        272
      ]
    ],
    [
      [
        1225,
        272
      ]
    ],
    [
      [
        1224,
        271
      ]
    ],
    [
      [
        1222,
        271
      ]
    ],
    [
      [
        1221,
        270
      ]
    ],
    [
      [
        1219,
        270
      ]
    ],
    [
      [
        1218,
        269
      ]
    ],
    [
      [
        1218,
        266
      ]
    ],
    [
      [
        1206,
        266
      ]
    ],
    [
      [
        1205,
        265
      ]
    ],
    [
      [
        1194,
        265
      ]
    ],
    [
      [
        1193,
        264
      ]
    ],
    [
      [
        1192,
        264
      ]
    ],
    [
      [
        1190,
        262
      ]
    ],
    [
      [
        1182,
        262
      ]
    ],
    [
      [
        1180,
        260
      ]
    ],
    [
      [
        1180,
        254
      ]
    ],
    [
      [
        1179,
        254
      ]
    ],
    [
      [
        1178,
        253
      ]
    ],
    [
      [
        1176,
        253
      ]
    ],
    [
      [
        1175,
        252
      ]
    ],
    [
      [
        1174,
        252
      ]
    ],
    [
      [
        1173,
        251
      ]
    ],
    [
      [
        1171,
        251
      ]
    ],
    [
      [
        1168,
        248
      ]
    ],
    [
      [
        1168,
        243
      ]
    ],
    [
      [
        1164,
        243
      ]
    ],
    [
      [
        1163,
        242
      ]
    ],
    [
      [
        1162,
        242
      ]
    ],
    [
      [
        1161,
        241
      ]
    ],
    [
      [
        1160,
        241
      ]
    ],
    [
      [
        1159,
        240
      ]
    ],
    [
      [
        1158,
        240
      ]
    ],
    [
      [
        1156,
        238
      ]
    ],
    [
      [
        1154,
        238
      ]
    ],
    [
      [
        1153,
        237
      ]
    ],
    [
      [
        1131,
        237
      ]
    ],
    [
      [
        1130,
        236
      ]
    ],
    [
      [
        1129,
        236
      ]
    ],
    [
      [
        1127,
        234
      ]
    ],
    [
      [
        1125,
        234
      ]
    ],
    [
      [
        1124,
        233
      ]
    ],
    [
      [
        1121,
        233
      ]
    ],
    [
      [
        1120,
        232
      ]
    ],
    [
      [
        1117,
        232
      ]
    ],
    [
      [
        1115,
        230
      ]
    ],
    [
      [
        1113,
        230
      ]
    ],
    [
      [
        1111,
        228
      ]
    ],
    [
      [
        1111,
        225
      ]
    ],
    [
      [
        1110,
        224
      ]
    ],
    [
      [
        1109,
        224
      ]
    ],
    [
      [
        1108,
        223
      ]
    ],
    [
      [
        1107,
        223
      ]
    ],
    [
      [
        1106,
        222
      ]
    ],
    [
      [
        1105,
        222
      ]
    ],
    [
      [
        1103,
        220
      ]
    ],
    [
      [
        1101,
        220
      ]
    ],
    [
      [
        1100,
        219
      ]
    ],
    [
      [
        1098,
        219
      ]
    ],
    [
      [
        1097,
        218
      ]
    ],
    [
      [
        1097,
        216
      ]
    ],
    [
      [
        1095,
        214
      ]
    ],
    [
      [
        1095,
        213
      ]
    ],
    [
      [
        1085,
        213
      ]
    ],
    [
      [
        1083,
        211
      ]
    ],
    [
      [
        1083,
        210
      ]
    ],
    [
      [
        1080,
        210
      ]
    ],
    [
      [
        1078,
        208
      ]
    ],
    [
      [
        1077,
        208
      ]
    ],
    [
      [
        1076,
        207
      ]
    ],
    [
      [
        1072,
        207
      ]
    ],
    [
      [
        1071,
        206
      ]
    ],
    [
      [
        1070,
        206
      ]
    ],
    [
      [
        1069,
        205
      ]
    ],
    [
      [
        1066,
        205
      ]
    ],
    [
      [
        1064,
        203
      ]
    ],
    [
      [
        1062,
        203
      ]
    ],
    [
      [
        1061,
        202
      ]
    ],
    [
      [
        1059,
        202
      ]
    ],
    [
      [
        1058,
        201
      ]
    ],
    [
      [
        1057,
        201
      ]
    ],
    [
      [
        1056,
        200
      ]
    ],
    [
      [
        1055,
        200
      ]
    ],
    [
      [
        1054,
        199
      ]
    ],
    [
      [
        1053,
        199
      ]
    ],
    [
      [
        1052,
        198
      ]
    ],
    [
      [
        1050,
        198
      ]
    ],
    [
      [
        1049,
        197
      ]
    ],
    [
      [
        1034,
        197
      ]
    ],
    [
      [
        1033,
        196
      ]
    ],
    [
      [
        1032,
        196
      ]
    ],
    [
      [
        1031,
        195
      ]
    ],
    [
      [
        1029,
        195
      ]
    ],
    [
      [
        1028,
        194
      ]
    ],
    [
      [
        1027,
        194
      ]
    ],
    [
      [
        1026,
        193
      ]
    ],
    [
      [
        1025,
        193
      ]
    ],
    [
      [
        1024,
        192
      ]
    ],
    [
      [
        1021,
        192
      ]
    ],
    [
      [
        1020,
        191
      ]
    ],
    [
      [
        1018,
        191
      ]
    ],
    [
      [
        1017,
        190
      ]
    ],
    [
      [
        1012,
        190
      ]
    ],
    [
      [
        1010,
        188
      ]
    ],
    [
      [
        999,
        188
      ]
    ],
    [
      [
        998,
        187
      ]
    ],
    [
      [
        994,
        187
      ]
    ],
    [
      [
        993,
        186
      ]
    ],
    [
      [
        992,
        186
      ]
    ],
    [
      [
        991,
        185
      ]
    ],
    [
      [
        987,
        185
      ]
    ],
    [
      [
        985,
        183
      ]
    ],
    [
      [
        983,
        183
      ]
    ],
    [
      [
        982,
        182
      ]
    ],
    [
      [
        979,
        182
      ]
    ],
    [
      [
        978,
        181
      ]
    ],
    [
      [
        977,
        181
      ]
    ],
    [
      [
        976,
        180
      ]
    ],
    [
      [
        974,
        180
      ]
    ],
    [
      [
        973,
        179
      ]
    ],
    [
      [
        972,
        179
      ]
    ],
    [
      [
        971,
        178
      ]
    ],
    [
      [
        969,
        178
      ]
    ],
    [
      [
        968,
        177
      ]
    ],
    [
      [
        967,
        177
      ]
    ],
    [
      [
        965,
        175
      ]
    ],
    [
      [
        962,
        175
      ]
    ],
    [
      [
        961,
        174
      ]
    ],
    [
      [
        957,
        174
      ]
    ],
    [
      [
        956,
        173
      ]
    ],
    [
      [
        955,
        173
      ]
    ],
    [
      [
        954,
        172
      ]
    ],
    [
      [
        953,
        172
      ]
    ],
    [
      [
        952,
        171
      ]
    ],
    [
      [
        951,
        171
      ]
    ],
    [
      [
        950,
        170
      ]
    ],
    [
      [
        948,
        170
      ]
    ],
    [
      [
        947,
        169
      ]
    ],
    [
      [
        946,
        169
      ]
    ],
    [
      [
        945,
        168
      ]
    ],
    [
      [
        944,
        168
      ]
    ],
    [
      [
        943,
        167
      ]
    ],
    [
      [
        942,
        167
      ]
    ],
    [
      [
        941,
        166
      ]
    ],
    [
      [
        940,
        166
      ]
    ],
    [
      [
        939,
        165
      ]
    ],
    [
      [
        937,
        165
      ]
    ],
    [
      [
        936,
        164
      ]
    ],
    [
      [
        934,
        164
      ]
    ],
    [
      [
        933,
        163
      ]
    ],
    [
      [
        928,
        163
      ]
    ],
    [
      [
        927,
        162
      ]
    ],
    [
      [
        926,
        162
      ]
    ],
    [
      [
        924,
        160
      ]
    ],
    [
      [
        922,
        160
      ]
    ],
    [
      [
        921,
        159
      ]
    ],
    [
      [
        919,
        159
      ]
    ],
    [
      [
        918,
        158
      ]
    ],
    [
      [
        917,
        158
      ]
    ],
    [
      [
        915,
        156
      ]
    ],
    [
      [
        912,
        156
      ]
    ],
    [
      [
        911,
        155
      ]
    ],
    [
      [
        909,
        155
      ]
    ],
    [
      [
        908,
        154
      ]
    ],
    [
      [
        908,
        152
      ]
    ],
    [
      [
        902,
        152
      ]
    ],
    [
      [
        901,
        151
      ]
    ],
    [
      [
        900,
        151
      ]
    ],
    [
      [
        899,
        150
      ]
    ],
    [
      [
        898,
        150
      ]
    ],
    [
      [
        897,
        149
      ]
    ],
    [
      [
        892,
        149
      ]
    ],
    [
      [
        890,
        147
      ]
    ],
    [
      [
        888,
        147
      ]
    ],
    [
      [
        887,
        146
      ]
    ],
    [
      [
        884,
        146
      ]
    ],
    [
      [
        883,
        145
      ]
    ],
    [
      [
        881,
        145
      ]
    ],
    [
      [
        879,
        143
      ]
    ],
    [
      [
        878,
        143
      ]
    ],
    [
      [
        877,
        142
      ]
    ],
    [
      [
        874,
        142
      ]
    ],
    [
      [
        873,
        141
      ]
    ],
    [
      [
        869,
        141
      ]
    ],
    [
      [
        867,
        139
      ]
    ],
    [
      [
        866,
        139
      ]
    ],
    [
      [
        865,
        138
      ]
    ],
    [
      [
        863,
        138
      ]
    ],
    [
      [
        862,
        137
      ]
    ],
    [
      [
        859,
        137
      ]
    ],
    [
      [
        858,
        136
      ]
    ],
    [
      [
        858,
        134
      ]
    ],
    [
      [
        853,
        134
      ]
    ],
    [
      [
        851,
        132
      ]
    ],
    [
      [
        847,
        132
      ]
    ],
    [
      [
        846,
        131
      ]
    ],
    [
      [
        845,
        131
      ]
    ],
    [
      [
        844,
        130
      ]
    ],
    [
      [
        843,
        130
      ]
    ],
    [
      [
        842,
        129
      ]
    ],
    [
      [
        841,
        129
      ]
    ],
    [
      [
        840,
        128
      ]
    ],
    [
      [
        837,
        128
      ]
    ],
    [
      [
        836,
        127
      ]
    ],
    [
      [
        833,
        127
      ]
    ],
    [
      [
        832,
        126
      ]
    ],
    [
      [
        831,
        126
      ]
    ],
    [
      [
        830,
        125
      ]
    ],
    [
      [
        829,
        125
      ]
    ],
    [
      [
        828,
        124
      ]
    ],
    [
      [
        826,
        124
      ]
    ],
    [
      [
        825,
        123
      ]
    ],
    [
      [
        823,
        123
      ]
    ],
    [
      [
        822,
        122
      ]
    ],
    [
      [
        820,
        122
      ]
    ],
    [
      [
        819,
        121
      ]
    ],
    [
      [
        817,
        121
      ]
    ],
    [
      [
        816,
        120
      ]
    ],
    [
      [
        815,
        120
      ]
    ],
    [
      [
        814,
        119
      ]
    ],
    [
      [
        811,
        119
      ]
    ],
    [
      [
        809,
        117
      ]
    ],
    [
      [
        806,
        117
      ]
    ],
    [
      [
        805,
        116
      ]
    ],
    [
      [
        803,
        116
      ]
    ],
    [
      [
        802,
        115
      ]
    ],
    [
      [
        801,
        115
      ]
    ],
    [
      [
        800,
        114
      ]
    ],
    [
      [
        799,
        114
      ]
    ],
    [
      [
        798,
        113
      ]
    ],
    [
      [
        795,
        113
      ]
    ],
    [
      [
        794,
        112
      ]
    ],
    [
      [
        793,
        112
      ]
    ],
    [
      [
        792,
        111
      ]
    ],
    [
      [
        790,
        111
      ]
    ],
    [
      [
        788,
        109
      ]
    ],
    [
      [
        786,
        109
      ]
    ],
    [
      [
        785,
        108
      ]
    ],
    [
      [
        782,
        108
      ]
    ],
    [
      [
        781,
        107
      ]
    ],
    [
      [
        780,
        107
      ]
    ],
    [
      [
        779,
        106
      ]
    ],
    [
      [
        778,
        106
      ]
    ],
    [
      [
        777,
        105
      ]
    ],
    [
      [
        777,
        104
      ]
    ],
    [
      [
        768,
        104
      ]
    ],
    [
      [
        767,
        103
      ]
    ],
    [
      [
        766,
        103
      ]
    ],
    [
      [
        765,
        102
      ]
    ],
    [
      [
        764,
        102
      ]
    ],
    [
      [
        763,
        101
      ]
    ],
    [
      [
        757,
        101
      ]
    ],
    [
      [
        756,
        102
      ]
    ],
    [
      [
        755,
        102
      ]
    ],
    [
      [
        754,
        103
      ]
    ],
    [
      [
        753,
        103
      ]
    ],
    [
      [
        752,
        104
      ]
    ],
    [
      [
        732,
        104
      ]
    ],
    [
      [
        730,
        102
      ]
    ],
    [
      [
        729,
        102
      ]
    ],
    [
      [
        727,
        100
      ]
    ],
    [
      [
        726,
        100
      ]
    ],
    [
      [
        725,
        99
      ]
    ],
    [
      [
        725,
        95
      ]
    ],
    [
      [
        720,
        95
      ]
    ],
    [
      [
        719,
        94
      ]
    ],
    [
      [
        712,
        94
      ]
    ],
    [
      [
        711,
        93
      ]
    ],
    [
      [
        711,
        89
      ]
    ]
  ],
  "segment_square_corners": [
    [
      401.0409851074219,
      706.6077880859375
    ],
    [
      626.1903076171875,
      51.62791442871094
    ],
    [
      1458.35791015625,
      337.685546875
    ],
    [
      1233.2086181640625,
      992.6654052734375
    ]
  ],
  "phrases": [
    "box",
    "tangerine",
    "tangerine",
    "tangerine",
    "tangerine"
  ],
  "selected_bbox": [
    0.47414201498031616,
    0.48748233914375305,
    0.503523051738739,
    0.8002801537513733
  ]
}