{
  "timestamp": 1761056180.3800213,
  "session_id": "session_20251021_211452_51253c84",
  "supplier_id": "",
  "qr_data": "695991",
  "qr_items": {
    "tangerine": 4
  },
  "qr_corners": [
    [
      763.0,
      364.0
    ],
    [
      675.0,
      319.0
    ],
    [
      720.0,
      230.0
    ],
    [
      809.0,
      276.0
    ]
  ],
  "segment_corners": [
    [
      [
        674,
        68
      ]
    ],
    [
      [
        673,
        69
      ]
    ],
    [
      [
        670,
        69
      ]
    ],
    [
      [
        669,
        70
      ]
    ],
    [
      [
        668,
        70
      ]
    ],
    [
      [
        667,
        71
      ]
    ],
    [
      [
        666,
        71
      ]
    ],
    [
      [
        664,
        73
      ]
    ],
    [
      [
        663,
        73
      ]
    ],
    [
      [
        662,
        74
      ]
    ],
    [
      [
        662,
        75
      ]
    ],
    [
      [
        657,
        80
      ]
    ],
    [
      [
        657,
        81
      ]
    ],
    [
      [
        656,
        82
      ]
    ],
    [
      [
        656,
        83
      ]
    ],
    [
      [
        655,
        84
      ]
    ],
    [
      [
        655,
        85
      ]
    ],
    [
      [
        654,
        86
      ]
    ],
    [
      [
        654,
        87
      ]
    ],
    [
      [
        653,
        88
      ]
    ],
    [
      [
        653,
        89
      ]
    ],
    [
      [
        652,
        90
      ]
    ],
    [
      [
        652,
        91
      ]
    ],
    [
      [
        651,
        92
      ]
    ],
    [
      [
        651,
        94
      ]
    ],
    [
      [
        649,
        96
      ]
    ],
    [
      [
        649,
        98
      ]
    ],
    [
      [
        648,
        99
      ]
    ],
    [
      [
        648,
        101
      ]
    ],
    [
      [
        647,
        102
      ]
    ],
    [
      [
        647,
        103
      ]
    ],
    [
      [
        646,
        104
      ]
    ],
    [
      [
        646,
        105
      ]
    ],
    [
      [
        644,
        107
      ]
    ],
    [
      [
        644,
        110
      ]
    ],
    [
      [
        643,
        111
      ]
    ],
    [
      [
        643,
        112
      ]
    ],
    [
      [
        642,
        113
      ]
    ],
    [
      [
        642,
        114
      ]
    ],
    [
      [
        641,
        115
      ]
    ],
    [
      [
        641,
        116
      ]
    ],
    [
      [
        640,
        117
      ]
    ],
    [
      [
        640,
        119
      ]
    ],
    [
      [
        639,
        120
      ]
    ],
    [
      [
        639,
        123
      ]
    ],
    [
      [
        635,
        127
      ]
    ],
    [
      [
        635,
        129
      ]
    ],
    [
      [
        634,
        130
      ]
    ],
    [
      [
        634,
        132
      ]
    ],
    [
      [
        633,
        133
      ]
    ],
    [
      [
        633,
        134
      ]
    ],
    [
      [
        631,
        136
      ]
    ],
    [
      [
        631,
        137
      ]
    ],
    [
      [
        630,
        138
      ]
    ],
    [
      [
        630,
        151
      ]
    ],
    [
      [
        629,
        152
      ]
    ],
    [
      [
        624,
        152
      ]
    ],
    [
      [
        623,
        153
      ]
    ],
    [
      [
        623,
        156
      ]
    ],
    [
      [
        622,
        157
      ]
    ],
    [
      [
        622,
        158
      ]
    ],
    [
      [
        621,
        159
      ]
    ],
    [
      [
        621,
        161
      ]
    ],
    [
      [
        620,
        162
      ]
    ],
    [
      [
        620,
        164
      ]
    ],
    [
      [
        618,
        166
      ]
    ],
    [
      [
        618,
        168
      ]
    ],
    [
      [
        617,
        169
      ]
    ],
    [
      [
        617,
        172
      ]
    ],
    [
      [
        615,
        174
      ]
    ],
    [
      [
        615,
        175
      ]
    ],
    [
      [
        614,
        176
      ]
    ],
    [
      [
        614,
        177
      ]
    ],
    [
      [
        613,
        178
      ]
    ],
    [
      [
        613,
        179
      ]
    ],
    [
      [
        612,
        180
      ]
    ],
    [
      [
        612,
        183
      ]
    ],
    [
      [
        610,
        185
      ]
    ],
    [
      [
        610,
        188
      ]
    ],
    [
      [
        608,
        190
      ]
    ],
    [
      [
        608,
        191
      ]
    ],
    [
      [
        607,
        192
      ]
    ],
    [
      [
        607,
        194
      ]
    ],
    [
      [
        606,
        195
      ]
    ],
    [
      [
        606,
        196
      ]
    ],
    [
      [
        604,
        198
      ]
    ],
    [
      [
        604,
        205
      ]
    ],
    [
      [
        605,
        206
      ]
    ],
    [
      [
        605,
        223
      ]
    ],
    [
      [
        604,
        224
      ]
    ],
    [
      [
        595,
        224
      ]
    ],
    [
      [
        594,
        225
      ]
    ],
    [
      [
        594,
        226
      ]
    ],
    [
      [
        590,
        230
      ]
    ],
    [
      [
        589,
        230
      ]
    ],
    [
      [
        589,
        239
      ]
    ],
    [
      [
        599,
        239
      ]
    ],
    [
      [
        601,
        237
      ]
    ],
    [
      [
        602,
        237
      ]
    ],
    [
      [
        606,
        233
      ]
    ],
    [
      [
        606,
        211
      ]
    ],
    [
      [
        607,
        210
      ]
    ],
    [
      [
        613,
        210
      ]
    ],
    [
      [
        614,
        209
      ]
    ],
    [
      [
        631,
        209
      ]
    ],
    [
      [
        632,
        210
      ]
    ],
    [
      [
        632,
        247
      ]
    ],
    [
      [
        631,
        248
      ]
    ],
    [
      [
        631,
        252
      ]
    ],
    [
      [
        629,
        254
      ]
    ],
    [
      [
        629,
        255
      ]
    ],
    [
      [
        627,
        257
      ]
    ],
    [
      [
        627,
        258
      ]
    ],
    [
      [
        626,
        259
      ]
    ],
    [
      [
        626,
        261
      ]
    ],
    [
      [
        625,
        262
      ]
    ],
    [
      [
        625,
        263
      ]
    ],
    [
      [
        624,
        264
      ]
    ],
    [
      [
        624,
        265
      ]
    ],
    [
      [
        623,
        266
      ]
    ],
    [
      [
        623,
        268
      ]
    ],
    [
      [
        621,
        270
      ]
    ],
    [
      [
        621,
        271
      ]
    ],
    [
      [
        620,
        272
      ]
    ],
    [
      [
        620,
        273
      ]
    ],
    [
      [
        619,
        274
      ]
    ],
    [
      [
        619,
        276
      ]
    ],
    [
      [
        618,
        277
      ]
    ],
    [
      [
        618,
        278
      ]
    ],
    [
      [
        617,
        279
      ]
    ],
    [
      [
        617,
        280
      ]
    ],
    [
      [
        616,
        281
      ]
    ],
    [
      [
        616,
        282
      ]
    ],
    [
      [
        614,
        284
      ]
    ],
    [
      [
        613,
        284
      ]
    ],
    [
      [
        613,
        285
      ]
    ],
    [
      [
        611,
        287
      ]
    ],
    [
      [
        611,
        289
      ]
    ],
    [
      [
        609,
        291
      ]
    ],
    [
      [
        609,
        292
      ]
    ],
    [
      [
        608,
        293
      ]
    ],
    [
      [
        606,
        293
      ]
    ],
    [
      [
        603,
        296
      ]
    ],
    [
      [
        598,
        296
      ]
    ],
    [
      [
        597,
        297
      ]
    ],
    [
      [
        597,
        314
      ]
    ],
    [
      [
        596,
        315
      ]
    ],
    [
      [
        596,
        316
      ]
    ],
    [
      [
        594,
        318
      ]
    ],
    [
      [
        593,
        318
      ]
    ],
    [
      [
        593,
        320
      ]
    ],
    [
      [
        592,
        321
      ]
    ],
    [
      [
        592,
        322
      ]
    ],
    [
      [
        591,
        323
      ]
    ],
    [
      [
        591,
        325
      ]
    ],
    [
      [
        590,
        326
      ]
    ],
    [
      [
        590,
        328
      ]
    ],
    [
      [
        589,
        329
      ]
    ],
    [
      [
        589,
        332
      ]
    ],
    [
      [
        588,
        333
      ]
    ],
    [
      [
        588,
        336
      ]
    ],
    [
      [
        587,
        337
      ]
    ],
    [
      [
        587,
        338
      ]
    ],
    [
      [
        584,
        341
      ]
    ],
    [
      [
        584,
        343
      ]
    ],
    [
      [
        583,
        344
      ]
    ],
    [
      [
        583,
        345
      ]
    ],
    [
      [
        582,
        346
      ]
    ],
    [
      [
        582,
        347
      ]
    ],
    [
      [
        580,
        349
      ]
    ],
    [
      [
        578,
        349
      ]
    ],
    [
      [
        578,
        355
      ]
    ],
    [
      [
        577,
        356
      ]
    ],
    [
      [
        577,
        358
      ]
    ],
    [
      [
        574,
        361
      ]
    ],
    [
      [
        573,
        361
      ]
    ],
    [
      [
        573,
        365
      ]
    ],
    [
      [
        572,
        366
      ]
    ],
    [
      [
        572,
        367
      ]
    ],
    [
      [
        571,
        368
      ]
    ],
    [
      [
        556,
        368
      ]
    ],
    [
      [
        556,
        372
      ]
    ],
    [
      [
        555,
        373
      ]
    ],
    [
      [
        555,
        374
      ]
    ],
    [
      [
        553,
        376
      ]
    ],
    [
      [
        553,
        377
      ]
    ],
    [
      [
        552,
        378
      ]
    ],
    [
      [
        552,
        382
      ]
    ],
    [
      [
        551,
        383
      ]
    ],
    [
      [
        551,
        384
      ]
    ],
    [
      [
        550,
        385
      ]
    ],
    [
      [
        550,
        386
      ]
    ],
    [
      [
        547,
        389
      ]
    ],
    [
      [
        547,
        390
      ]
    ],
    [
      [
        546,
        391
      ]
    ],
    [
      [
        546,
        392
      ]
    ],
    [
      [
        544,
        394
      ]
    ],
    [
      [
        544,
        396
      ]
    ],
    [
      [
        543,
        397
      ]
    ],
    [
      [
        543,
        401
      ]
    ],
    [
      [
        542,
        402
      ]
    ],
    [
      [
        542,
        404
      ]
    ],
    [
      [
        540,
        406
      ]
    ],
    [
      [
        540,
        407
      ]
    ],
    [
      [
        539,
        408
      ]
    ],
    [
      [
        539,
        411
      ]
    ],
    [
      [
        537,
        413
      ]
    ],
    [
      [
        537,
        415
      ]
    ],
    [
      [
        536,
        416
      ]
    ],
    [
      [
        536,
        417
      ]
    ],
    [
      [
        535,
        418
      ]
    ],
    [
      [
        535,
        419
      ]
    ],
    [
      [
        532,
        422
      ]
    ],
    [
      [
        532,
        423
      ]
    ],
    [
      [
        531,
        424
      ]
    ],
    [
      [
        531,
        425
      ]
    ],
    [
      [
        530,
        426
      ]
    ],
    [
      [
        530,
        427
      ]
    ],
    [
      [
        529,
        428
      ]
    ],
    [
      [
        529,
        429
      ]
    ],
    [
      [
        528,
        430
      ]
    ],
    [
      [
        528,
        431
      ]
    ],
    [
      [
        527,
        432
      ]
    ],
    [
      [
        527,
        434
      ]
    ],
    [
      [
        526,
        435
      ]
    ],
    [
      [
        526,
        448
      ]
    ],
    [
      [
        525,
        449
      ]
    ],
    [
      [
        521,
        449
      ]
    ],
    [
      [
        521,
        451
      ]
    ],
    [
      [
        520,
        452
      ]
    ],
    [
      [
        520,
        453
      ]
    ],
    [
      [
        518,
        455
      ]
    ],
    [
      [
        518,
        456
      ]
    ],
    [
      [
        517,
        457
      ]
    ],
    [
      [
        517,
        458
      ]
    ],
    [
      [
        515,
        460
      ]
    ],
    [
      [
        515,
        461
      ]
    ],
    [
      [
        514,
        462
      ]
    ],
    [
      [
        514,
        465
      ]
    ],
    [
      [
        513,
        466
      ]
    ],
    [
      [
        513,
        468
      ]
    ],
    [
      [
        512,
        469
      ]
    ],
    [
      [
        508,
        469
      ]
    ],
    [
      [
        508,
        478
      ]
    ],
    [
      [
        507,
        479
      ]
    ],
    [
      [
        488,
        479
      ]
    ],
    [
      [
        488,
        486
      ]
    ],
    [
      [
        487,
        487
      ]
    ],
    [
      [
        487,
        488
      ]
    ],
    [
      [
        486,
        489
      ]
    ],
    [
      [
        486,
        491
      ]
    ],
    [
      [
        485,
        492
      ]
    ],
    [
      [
        485,
        494
      ]
    ],
    [
      [
        483,
        496
      ]
    ],
    [
      [
        483,
        497
      ]
    ],
    [
      [
        482,
        498
      ]
    ],
    [
      [
        482,
        500
      ]
    ],
    [
      [
        481,
        501
      ]
    ],
    [
      [
        481,
        503
      ]
    ],
    [
      [
        480,
        504
      ]
    ],
    [
      [
        480,
        506
      ]
    ],
    [
      [
        479,
        507
      ]
    ],
    [
      [
        479,
        509
      ]
    ],
    [
      [
        478,
        510
      ]
    ],
    [
      [
        478,
        512
      ]
    ],
    [
      [
        476,
        514
      ]
    ],
    [
      [
        476,
        515
      ]
    ],
    [
      [
        475,
        516
      ]
    ],
    [
      [
        475,
        518
      ]
    ],
    [
      [
        474,
        519
      ]
    ],
    [
      [
        474,
        521
      ]
    ],
    [
      [
        473,
        522
      ]
    ],
    [
      [
        473,
        523
      ]
    ],
    [
      [
        472,
        524
      ]
    ],
    [
      [
        472,
        526
      ]
    ],
    [
      [
        470,
        528
      ]
    ],
    [
      [
        470,
        530
      ]
    ],
    [
      [
        469,
        531
      ]
    ],
    [
      [
        469,
        532
      ]
    ],
    [
      [
        468,
        533
      ]
    ],
    [
      [
        468,
        534
      ]
    ],
    [
      [
        467,
        535
      ]
    ],
    [
      [
        467,
        536
      ]
    ],
    [
      [
        466,
        537
      ]
    ],
    [
      [
        466,
        539
      ]
    ],
    [
      [
        465,
        540
      ]
    ],
    [
      [
        465,
        542
      ]
    ],
    [
      [
        464,
        543
      ]
    ],
    [
      [
        464,
        544
      ]
    ],
    [
      [
        463,
        545
      ]
    ],
    [
      [
        463,
        547
      ]
    ],
    [
      [
        462,
        548
      ]
    ],
    [
      [
        462,
        550
      ]
    ],
    [
      [
        461,
        551
      ]
    ],
    [
      [
        461,
        553
      ]
    ],
    [
      [
        460,
        554
      ]
    ],
    [
      [
        460,
        559
      ]
    ],
    [
      [
        459,
        560
      ]
    ],
    [
      [
        459,
        562
      ]
    ],
    [
      [
        458,
        563
      ]
    ],
    [
      [
        458,
        567
      ]
    ],
    [
      [
        457,
        568
      ]
    ],
    [
      [
        457,
        575
      ]
    ],
    [
      [
        456,
        576
      ]
    ],
    [
      [
        456,
        590
      ]
    ],
    [
      [
        457,
        591
      ]
    ],
    [
      [
        457,
        593
      ]
    ],
    [
      [
        458,
        594
      ]
    ],
    [
      [
        458,
        603
      ]
    ],
    [
      [
        459,
        604
      ]
    ],
    [
      [
        459,
        609
      ]
    ],
    [
      [
        460,
        610
      ]
    ],
    [
      [
        460,
        616
      ]
    ],
    [
      [
        461,
        617
      ]
    ],
    [
      [
        461,
        621
      ]
    ],
    [
      [
        462,
        622
      ]
    ],
    [
      [
        462,
        624
      ]
    ],
    [
      [
        463,
        625
      ]
    ],
    [
      [
        463,
        629
      ]
    ],
    [
      [
        464,
        630
      ]
    ],
    [
      [
        464,
        631
      ]
    ],
    [
      [
        465,
        632
      ]
    ],
    [
      [
        465,
        635
      ]
    ],
    [
      [
        466,
        636
      ]
    ],
    [
      [
        466,
        637
      ]
    ],
    [
      [
        467,
        638
      ]
    ],
    [
      [
        467,
        639
      ]
    ],
    [
      [
        468,
        640
      ]
    ],
    [
      [
        468,
        641
      ]
    ],
    [
      [
        470,
        643
      ]
    ],
    [
      [
        470,
        645
      ]
    ],
    [
      [
        471,
        646
      ]
    ],
    [
      [
        471,
        648
      ]
    ],
    [
      [
        472,
        649
      ]
    ],
    [
      [
        472,
        651
      ]
    ],
    [
      [
        474,
        653
      ]
    ],
    [
      [
        474,
        654
      ]
    ],
    [
      [
        475,
        655
      ]
    ],
    [
      [
        475,
        656
      ]
    ],
    [
      [
        476,
        657
      ]
    ],
    [
      [
        476,
        658
      ]
    ],
    [
      [
        480,
        662
      ]
    ],
    [
      [
        480,
        663
      ]
    ],
    [
      [
        481,
        664
      ]
    ],
    [
      [
        481,
        665
      ]
    ],
    [
      [
        484,
        668
      ]
    ],
    [
      [
        484,
        670
      ]
    ],
    [
      [
        486,
        670
      ]
    ],
    [
      [
        487,
        671
      ]
    ],
    [
      [
        487,
        695
      ]
    ],
    [
      [
        486,
        696
      ]
    ],
    [
      [
        481,
        696
      ]
    ],
    [
      [
        481,
        704
      ]
    ],
    [
      [
        483,
        706
      ]
    ],
    [
      [
        484,
        706
      ]
    ],
    [
      [
        486,
        708
      ]
    ],
    [
      [
        488,
        708
      ]
    ],
    [
      [
        490,
        710
      ]
    ],
    [
      [
        491,
        710
      ]
    ],
    [
      [
        492,
        711
      ]
    ],
    [
      [
        493,
        711
      ]
    ],
    [
      [
        496,
        714
      ]
    ],
    [
      [
        497,
        714
      ]
    ],
    [
      [
        498,
        715
      ]
    ],
    [
      [
        499,
        715
      ]
    ],
    [
      [
        500,
        716
      ]
    ],
    [
      [
        502,
        716
      ]
    ],
    [
      [
        503,
        717
      ]
    ],
    [
      [
        504,
        717
      ]
    ],
    [
      [
        506,
        719
      ]
    ],
    [
      [
        507,
        719
      ]
    ],
    [
      [
        509,
        721
      ]
    ],
    [
      [
        514,
        721
      ]
    ],
    [
      [
        515,
        722
      ]
    ],
    [
      [
        515,
        723
      ]
    ],
    [
      [
        516,
        723
      ]
    ],
    [
      [
        517,
        724
      ]
    ],
    [
      [
        518,
        724
      ]
    ],
    [
      [
        519,
        725
      ]
    ],
    [
      [
        520,
        725
      ]
    ],
    [
      [
        521,
        726
      ]
    ],
    [
      [
        522,
        726
      ]
    ],
    [
      [
        523,
        727
      ]
    ],
    [
      [
        524,
        727
      ]
    ],
    [
      [
        525,
        728
      ]
    ],
    [
      [
        526,
        728
      ]
    ],
    [
      [
        527,
        729
      ]
    ],
    [
      [
        528,
        729
      ]
    ],
    [
      [
        529,
        730
      ]
    ],
    [
      [
        530,
        730
      ]
    ],
    [
      [
        531,
        731
      ]
    ],
    [
      [
        532,
        731
      ]
    ],
    [
      [
        533,
        732
      ]
    ],
    [
      [
        535,
        732
      ]
    ],
    [
      [
        536,
        733
      ]
    ],
    [
      [
        537,
        733
      ]
    ],
    [
      [
        539,
        735
      ]
    ],
    [
      [
        540,
        735
      ]
    ],
    [
      [
        541,
        736
      ]
    ],
    [
      [
        562,
        736
      ]
    ],
    [
      [
        563,
        737
      ]
    ],
    [
      [
        563,
        739
      ]
    ],
    [
      [
        568,
        744
      ]
    ],
    [
      [
        568,
        745
      ]
    ],
    [
      [
        569,
        746
      ]
    ],
    [
      [
        569,
        747
      ]
    ],
    [
      [
        570,
        747
      ]
    ],
    [
      [
        571,
        748
      ]
    ],
    [
      [
        572,
        748
      ]
    ],
    [
      [
        573,
        749
      ]
    ],
    [
      [
        574,
        749
      ]
    ],
    [
      [
        576,
        751
      ]
    ],
    [
      [
        577,
        751
      ]
    ],
    [
      [
        578,
        752
      ]
    ],
    [
      [
        579,
        752
      ]
    ],
    [
      [
        580,
        753
      ]
    ],
    [
      [
        582,
        753
      ]
    ],
    [
      [
        584,
        755
      ]
    ],
    [
      [
        586,
        755
      ]
    ],
    [
      [
        587,
        756
      ]
    ],
    [
      [
        588,
        756
      ]
    ],
    [
      [
        590,
        758
      ]
    ],
    [
      [
        591,
        758
      ]
    ],
    [
      [
        592,
        759
      ]
    ],
    [
      [
        594,
        759
      ]
    ],
    [
      [
        595,
        760
      ]
    ],
    [
      [
        598,
        760
      ]
    ],
    [
      [
        601,
        763
      ]
    ],
    [
      [
        604,
        763
      ]
    ],
    [
      [
        605,
        764
      ]
    ],
    [
      [
        606,
        764
      ]
    ],
    [
      [
        607,
        765
      ]
    ],
    [
      [
        609,
        765
      ]
    ],
    [
      [
        610,
        766
      ]
    ],
    [
      [
        611,
        766
      ]
    ],
    [
      [
        612,
        767
      ]
    ],
    [
      [
        613,
        767
      ]
    ],
    [
      [
        615,
        769
      ]
    ],
    [
      [
        617,
        769
      ]
    ],
    [
      [
        618,
        770
      ]
    ],
    [
      [
        618,
        774
      ]
    ],
    [
      [
        622,
        774
      ]
    ],
    [
      [
        624,
        776
      ]
    ],
    [
      [
        625,
        776
      ]
    ],
    [
      [
        626,
        777
      ]
    ],
    [
      [
        628,
        777
      ]
    ],
    [
      [
        629,
        778
      ]
    ],
    [
      [
        630,
        778
      ]
    ],
    [
      [
        633,
        781
      ]
    ],
    [
      [
        636,
        781
      ]
    ],
    [
      [
        637,
        782
      ]
    ],
    [
      [
        639,
        782
      ]
    ],
    [
      [
        640,
        783
      ]
    ],
    [
      [
        641,
        783
      ]
    ],
    [
      [
        642,
        784
      ]
    ],
    [
      [
        643,
        784
      ]
    ],
    [
      [
        644,
        785
      ]
    ],
    [
      [
        645,
        785
      ]
    ],
    [
      [
        646,
        786
      ]
    ],
    [
      [
        649,
        786
      ]
    ],
    [
      [
        650,
        787
      ]
    ],
    [
      [
        652,
        787
      ]
    ],
    [
      [
        655,
        790
      ]
    ],
    [
      [
        656,
        790
      ]
    ],
    [
      [
        657,
        791
      ]
    ],
    [
      [
        660,
        791
      ]
    ],
    [
      [
        661,
        792
      ]
    ],
    [
      [
        662,
        792
      ]
    ],
    [
      [
        665,
        795
      ]
    ],
    [
      [
        668,
        795
      ]
    ],
    [
      [
        670,
        797
      ]
    ],
    [
      [
        671,
        797
      ]
    ],
    [
      [
        673,
        799
      ]
    ],
    [
      [
        674,
        799
      ]
    ],
    [
      [
        675,
        800
      ]
    ],
    [
      [
        677,
        800
      ]
    ],
    [
      [
        678,
        801
      ]
    ],
    [
      [
        680,
        801
      ]
    ],
    [
      [
        682,
        803
      ]
    ],
    [
      [
        683,
        803
      ]
    ],
    [
      [
        684,
        804
      ]
    ],
    [
      [
        685,
        804
      ]
    ],
    [
      [
        687,
        806
      ]
    ],
    [
      [
        705,
        806
      ]
    ],
    [
      [
        706,
        807
      ]
    ],
    [
      [
        706,
        810
      ]
    ],
    [
      [
        707,
        810
      ]
    ],
    [
      [
        708,
        811
      ]
    ],
    [
      [
        709,
        811
      ]
    ],
    [
      [
        710,
        812
      ]
    ],
    [
      [
        711,
        812
      ]
    ],
    [
      [
        712,
        813
      ]
    ],
    [
      [
        713,
        813
      ]
    ],
    [
      [
        714,
        814
      ]
    ],
    [
      [
        715,
        814
      ]
    ],
    [
      [
        716,
        815
      ]
    ],
    [
      [
        726,
        815
      ]
    ],
    [
      [
        728,
        817
      ]
    ],
    [
      [
        728,
        818
      ]
    ],
    [
      [
        729,
        819
      ]
    ],
    [
      [
        729,
        821
      ]
    ],
    [
      [
        730,
        822
      ]
    ],
    [
      [
        732,
        822
      ]
    ],
    [
      [
        733,
        823
      ]
    ],
    [
      [
        736,
        823
      ]
    ],
    [
      [
        737,
        824
      ]
    ],
    [
      [
        738,
        824
      ]
    ],
    [
      [
        739,
        825
      ]
    ],
    [
      [
        740,
        825
      ]
    ],
    [
      [
        741,
        826
      ]
    ],
    [
      [
        742,
        826
      ]
    ],
    [
      [
        744,
        828
      ]
    ],
    [
      [
        745,
        828
      ]
    ],
    [
      [
        746,
        829
      ]
    ],
    [
      [
        756,
        829
      ]
    ],
    [
      [
        757,
        830
      ]
    ],
    [
      [
        770,
        830
      ]
    ],
    [
      [
        771,
        831
      ]
    ],
    [
      [
        771,
        836
      ]
    ],
    [
      [
        772,
        836
      ]
    ],
    [
      [
        773,
        837
      ]
    ],
    [
      [
        775,
        837
      ]
    ],
    [
      [
        776,
        838
      ]
    ],
    [
      [
        778,
        838
      ]
    ],
    [
      [
        780,
        840
      ]
    ],
    [
      [
        781,
        840
      ]
    ],
    [
      [
        782,
        841
      ]
    ],
    [
      [
        782,
        842
      ]
    ],
    [
      [
        783,
        843
      ]
    ],
    [
      [
        783,
        846
      ]
    ],
    [
      [
        784,
        846
      ]
    ],
    [
      [
        785,
        847
      ]
    ],
    [
      [
        786,
        847
      ]
    ],
    [
      [
        787,
        848
      ]
    ],
    [
      [
        787,
        851
      ]
    ],
    [
      [
        788,
        851
      ]
    ],
    [
      [
        790,
        853
      ]
    ],
    [
      [
        791,
        853
      ]
    ],
    [
      [
        792,
        854
      ]
    ],
    [
      [
        793,
        854
      ]
    ],
    [
      [
        794,
        855
      ]
    ],
    [
      [
        796,
        855
      ]
    ],
    [
      [
        797,
        856
      ]
    ],
    [
      [
        798,
        856
      ]
    ],
    [
      [
        800,
        858
      ]
    ],
    [
      [
        802,
        858
      ]
    ],
    [
      [
        803,
        859
      ]
    ],
    [
      [
        804,
        859
      ]
    ],
    [
      [
        805,
        860
      ]
    ],
    [
      [
        806,
        860
      ]
    ],
    [
      [
        809,
        863
      ]
    ],
    [
      [
        811,
        863
      ]
    ],
    [
      [
        812,
        864
      ]
    ],
    [
      [
        814,
        864
      ]
    ],
    [
      [
        815,
        865
      ]
    ],
    [
      [
        815,
        866
      ]
    ],
    [
      [
        817,
        866
      ]
    ],
    [
      [
        818,
        867
      ]
    ],
    [
      [
        820,
        867
      ]
    ],
    [
      [
        822,
        869
      ]
    ],
    [
      [
        823,
        869
      ]
    ],
    [
      [
        825,
        871
      ]
    ],
    [
      [
        827,
        871
      ]
    ],
    [
      [
        828,
        872
      ]
    ],
    [
      [
        830,
        872
      ]
    ],
    [
      [
        831,
        873
      ]
    ],
    [
      [
        832,
        873
      ]
    ],
    [
      [
        834,
        875
      ]
    ],
    [
      [
        837,
        875
      ]
    ],
    [
      [
        839,
        877
      ]
    ],
    [
      [
        840,
        877
      ]
    ],
    [
      [
        842,
        879
      ]
    ],
    [
      [
        843,
        879
      ]
    ],
    [
      [
        844,
        880
      ]
    ],
    [
      [
        848,
        880
      ]
    ],
    [
      [
        850,
        882
      ]
    ],
    [
      [
        851,
        882
      ]
    ],
    [
      [
        852,
        883
      ]
    ],
    [
      [
        854,
        883
      ]
    ],
    [
      [
        855,
        884
      ]
    ],
    [
      [
        862,
        884
      ]
    ],
    [
      [
        863,
        885
      ]
    ],
    [
      [
        864,
        885
      ]
    ],
    [
      [
        865,
        886
      ]
    ],
    [
      [
        866,
        886
      ]
    ],
    [
      [
        867,
        887
      ]
    ],
    [
      [
        868,
        887
      ]
    ],
    [
      [
        869,
        888
      ]
    ],
    [
      [
        871,
        888
      ]
    ],
    [
      [
        872,
        889
      ]
    ],
    [
      [
        873,
        889
      ]
    ],
    [
      [
        874,
        890
      ]
    ],
    [
      [
        875,
        890
      ]
    ],
    [
      [
        876,
        891
      ]
    ],
    [
      [
        878,
        891
      ]
    ],
    [
      [
        881,
        894
      ]
    ],
    [
      [
        883,
        894
      ]
    ],
    [
      [
        884,
        895
      ]
    ],
    [
      [
        886,
        895
      ]
    ],
    [
      [
        887,
        896
      ]
    ],
    [
      [
        888,
        896
      ]
    ],
    [
      [
        889,
        897
      ]
    ],
    [
      [
        890,
        897
      ]
    ],
    [
      [
        891,
        898
      ]
    ],
    [
      [
        893,
        898
      ]
    ],
    [
      [
        894,
        899
      ]
    ],
    [
      [
        895,
        899
      ]
    ],
    [
      [
        896,
        900
      ]
    ],
    [
      [
        909,
        900
      ]
    ],
    [
      [
        911,
        902
      ]
    ],
    [
      [
        913,
        902
      ]
    ],
    [
      [
        914,
        903
      ]
    ],
    [
      [
        918,
        903
      ]
    ],
    [
      [
        919,
        904
      ]
    ],
    [
      [
        922,
        904
      ]
    ],
    [
      [
        923,
        905
      ]
    ],
    [
      [
        924,
        905
      ]
    ],
    [
      [
        925,
        906
      ]
    ],
    [
      [
        926,
        906
      ]
    ],
    [
      [
        927,
        907
      ]
    ],
    [
      [
        928,
        907
      ]
    ],
    [
      [
        930,
        909
      ]
    ],
    [
      [
        931,
        909
      ]
    ],
    [
      [
        932,
        910
      ]
    ],
    [
      [
        935,
        910
      ]
    ],
    [
      [
        936,
        911
      ]
    ],
    [
      [
        937,
        911
      ]
    ],
    [
      [
        942,
        916
      ]
    ],
    [
      [
        943,
        916
      ]
    ],
    [
      [
        945,
        918
      ]
    ],
    [
      [
        946,
        918
      ]
    ],
    [
      [
        947,
        919
      ]
    ],
    [
      [
        947,
        920
      ]
    ],
    [
      [
        953,
        920
      ]
    ],
    [
      [
        954,
        919
      ]
    ],
    [
      [
        972,
        919
      ]
    ],
    [
      [
        973,
        920
      ]
    ],
    [
      [
        979,
        920
      ]
    ],
    [
      [
        980,
        919
      ]
    ],
    [
      [
        980,
        918
      ]
    ],
    [
      [
        981,
        917
      ]
    ],
    [
      [
        998,
        917
      ]
    ],
    [
      [
        999,
        918
      ]
    ],
    [
      [
        1010,
        918
      ]
    ],
    [
      [
        1013,
        921
      ]
    ],
    [
      [
        1014,
        921
      ]
    ],
    [
      [
        1016,
        923
      ]
    ],
    [
      [
        1017,
        923
      ]
    ],
    [
      [
        1018,
        924
      ]
    ],
    [
      [
        1019,
        924
      ]
    ],
    [
      [
        1022,
        927
      ]
    ],
    [
      [
        1026,
        927
      ]
    ],
    [
      [
        1028,
        929
      ]
    ],
    [
      [
        1028,
        930
      ]
    ],
    [
      [
        1029,
        931
      ]
    ],
    [
      [
        1030,
        931
      ]
    ],
    [
      [
        1031,
        932
      ]
    ],
    [
      [
        1035,
        932
      ]
    ],
    [
      [
        1036,
        933
      ]
    ],
    [
      [
        1037,
        933
      ]
    ],
    [
      [
        1038,
        934
      ]
    ],
    [
      [
        1039,
        934
      ]
    ],
    [
      [
        1040,
        935
      ]
    ],
    [
      [
        1042,
        935
      ]
    ],
    [
      [
        1043,
        936
      ]
    ],
    [
      [
        1044,
        936
      ]
    ],
    [
      [
        1045,
        937
      ]
    ],
    [
      [
        1046,
        937
      ]
    ],
    [
      [
        1047,
        938
      ]
    ],
    [
      [
        1048,
        938
      ]
    ],
    [
      [
        1049,
        939
      ]
    ],
    [
      [
        1049,
        960
      ]
    ],
    [
      [
        1069,
        960
      ]
    ],
    [
      [
        1070,
        961
      ]
    ],
    [
      [
        1070,
        984
      ]
    ],
    [
      [
        1082,
        984
      ]
    ],
    [
      [
        1083,
        985
      ]
    ],
    [
      [
        1089,
        985
      ]
    ],
    [
      [
        1089,
        984
      ]
    ],
    [
      [
        1090,
        983
      ]
    ],
    [
      [
        1090,
        982
      ]
    ],
    [
      [
        1091,
        981
      ]
    ],
    [
      [
        1092,
        981
      ]
    ],
    [
      [
        1092,
        980
      ]
    ],
    [
      [
        1093,
        979
      ]
    ],
    [
      [
        1093,
        976
      ]
    ],
    [
      [
        1094,
        975
      ]
    ],
    [
      [
        1094,
        974
      ]
    ],
    [
      [
        1098,
        970
      ]
    ],
    [
      [
        1099,
        970
      ]
    ],
    [
      [
        1100,
        969
      ]
    ],
    [
      [
        1103,
        969
      ]
    ],
    [
      [
        1104,
        968
      ]
    ],
    [
      [
        1109,
        968
      ]
    ],
    [
      [
        1109,
        956
      ]
    ],
    [
      [
        1110,
        955
      ]
    ],
    [
      [
        1114,
        955
      ]
    ],
    [
      [
        1115,
        954
      ]
    ],
    [
      [
        1119,
        954
      ]
    ],
    [
      [
        1120,
        953
      ]
    ],
    [
      [
        1123,
        953
      ]
    ],
    [
      [
        1124,
        952
      ]
    ],
    [
      [
        1127,
        952
      ]
    ],
    [
      [
        1128,
        951
      ]
    ],
    [
      [
        1130,
        951
      ]
    ],
    [
      [
        1131,
        950
      ]
    ],
    [
      [
        1134,
        950
      ]
    ],
    [
      [
        1135,
        949
      ]
    ],
    [
      [
        1137,
        949
      ]
    ],
    [
      [
        1138,
        948
      ]
    ],
    [
      [
        1139,
        948
      ]
    ],
    [
      [
        1140,
        947
      ]
    ],
    [
      [
        1142,
        947
      ]
    ],
    [
      [
        1143,
        946
      ]
    ],
    [
      [
        1145,
        946
      ]
    ],
    [
      [
        1147,
        944
      ]
    ],
    [
      [
        1149,
        944
      ]
    ],
    [
      [
        1150,
        943
      ]
    ],
    [
      [
        1151,
        943
      ]
    ],
    [
      [
        1153,
        941
      ]
    ],
    [
      [
        1155,
        941
      ]
    ],
    [
      [
        1156,
        940
      ]
    ],
    [
      [
        1157,
        940
      ]
    ],
    [
      [
        1159,
        938
      ]
    ],
    [
      [
        1161,
        938
      ]
    ],
    [
      [
        1164,
        935
      ]
    ],
    [
      [
        1166,
        935
      ]
    ],
    [
      [
        1170,
        931
      ]
    ],
    [
      [
        1172,
        931
      ]
    ],
    [
      [
        1173,
        930
      ]
    ],
    [
      [
        1176,
        930
      ]
    ],
    [
      [
        1177,
        929
      ]
    ],
    [
      [
        1179,
        929
      ]
    ],
    [
      [
        1180,
        928
      ]
    ],
    [
      [
        1181,
        928
      ]
    ],
    [
      [
        1185,
        924
      ]
    ],
    [
      [
        1185,
        923
      ]
    ],
    [
      [
        1186,
        922
      ]
    ],
    [
      [
        1187,
        922
      ]
    ],
    [
      [
        1190,
        919
      ]
    ],
    [
      [
        1190,
        918
      ]
    ],
    [
      [
        1192,
        916
      ]
    ],
    [
      [
        1192,
        915
      ]
    ],
    [
      [
        1194,
        913
      ]
    ],
    [
      [
        1194,
        912
      ]
    ],
    [
      [
        1198,
        908
      ]
    ],
    [
      [
        1198,
        907
      ]
    ],
    [
      [
        1200,
        905
      ]
    ],
    [
      [
        1200,
        904
      ]
    ],
    [
      [
        1201,
        903
      ]
    ],
    [
      [
        1201,
        902
      ]
    ],
    [
      [
        1203,
        900
      ]
    ],
    [
      [
        1203,
        898
      ]
    ],
    [
      [
        1205,
        896
      ]
    ],
    [
      [
        1205,
        894
      ]
    ],
    [
      [
        1206,
        893
      ]
    ],
    [
      [
        1206,
        892
      ]
    ],
    [
      [
        1207,
        891
      ]
    ],
    [
      [
        1207,
        890
      ]
    ],
    [
      [
        1209,
        888
      ]
    ],
    [
      [
        1209,
        886
      ]
    ],
    [
      [
        1211,
        884
      ]
    ],
    [
      [
        1211,
        883
      ]
    ],
    [
      [
        1213,
        881
      ]
    ],
    [
      [
        1213,
        879
      ]
    ],
    [
      [
        1214,
        878
      ]
    ],
    [
      [
        1214,
        877
      ]
    ],
    [
      [
        1215,
        876
      ]
    ],
    [
      [
        1215,
        875
      ]
    ],
    [
      [
        1216,
        874
      ]
    ],
    [
      [
        1216,
        873
      ]
    ],
    [
      [
        1218,
        871
      ]
    ],
    [
      [
        1218,
        870
      ]
    ],
    [
      [
        1219,
        869
      ]
    ],
    [
      [
        1219,
        868
      ]
    ],
    [
      [
        1221,
        866
      ]
    ],
    [
      [
        1221,
        864
      ]
    ],
    [
      [
        1223,
        862
      ]
    ],
    [
      [
        1223,
        861
      ]
    ],
    [
      [
        1225,
        859
      ]
    ],
    [
      [
        1225,
        858
      ]
    ],
    [
      [
        1226,
        857
      ]
    ],
    [
      [
        1226,
        856
      ]
    ],
    [
      [
        1227,
        855
      ]
    ],
    [
      [
        1227,
        853
      ]
    ],
    [
      [
        1228,
        852
      ]
    ],
    [
      [
        1228,
        851
      ]
    ],
    [
      [
        1231,
        848
      ]
    ],
    [
      [
        1231,
        847
      ]
    ],
    [
      [
        1232,
        846
      ]
    ],
    [
      [
        1232,
        845
      ]
    ],
    [
      [
        1233,
        844
      ]
    ],
    [
      [
        1233,
        843
      ]
    ],
    [
      [
        1236,
        840
      ]
    ],
    [
      [
        1236,
        828
      ]
    ],
    [
      [
        1237,
        827
      ]
    ],
    [
      [
        1237,
        826
      ]
    ],
    [
      [
        1239,
        824
      ]
    ],
    [
      [
        1239,
        823
      ]
    ],
    [
      [
        1243,
        819
      ]
    ],
    [
      [
        1243,
        817
      ]
    ],
    [
      [
        1244,
        816
      ]
    ],
    [
      [
        1244,
        815
      ]
    ],
    [
      [
        1245,
        814
      ]
    ],
    [
      [
        1245,
        813
      ]
    ],
    [
      [
        1247,
        811
      ]
    ],
    [
      [
        1247,
        809
      ]
    ],
    [
      [
        1248,
        808
      ]
    ],
    [
      [
        1248,
        807
      ]
    ],
    [
      [
        1250,
        805
      ]
    ],
    [
      [
        1250,
        804
      ]
    ],
    [
      [
        1251,
        803
      ]
    ],
    [
      [
        1256,
        803
      ]
    ],
    [
      [
        1257,
        802
      ]
    ],
    [
      [
        1257,
        800
      ]
    ],
    [
      [
        1258,
        799
      ]
    ],
    [
      [
        1258,
        798
      ]
    ],
    [
      [
        1260,
        796
      ]
    ],
    [
      [
        1260,
        795
      ]
    ],
    [
      [
        1262,
        793
      ]
    ],
    [
      [
        1262,
        792
      ]
    ],
    [
      [
        1263,
        791
      ]
    ],
    [
      [
        1263,
        788
      ]
    ],
    [
      [
        1265,
        786
      ]
    ],
    [
      [
        1265,
        785
      ]
    ],
    [
      [
        1266,
        784
      ]
    ],
    [
      [
        1266,
        783
      ]
    ],
    [
      [
        1267,
        782
      ]
    ],
    [
      [
        1267,
        781
      ]
    ],
    [
      [
        1269,
        779
      ]
    ],
    [
      [
        1269,
        778
      ]
    ],
    [
      [
        1271,
        776
      ]
    ],
    [
      [
        1271,
        775
      ]
    ],
    [
      [
        1273,
        773
      ]
    ],
    [
      [
        1273,
        771
      ]
    ],
    [
      [
        1274,
        770
      ]
    ],
    [
      [
        1274,
        769
      ]
    ],
    [
      [
        1275,
        768
      ]
    ],
    [
      [
        1275,
        767
      ]
    ],
    [
      [
        1276,
        766
      ]
    ],
    [
      [
        1276,
        765
      ]
    ],
    [
      [
        1277,
        764
      ]
    ],
    [
      [
        1277,
        762
      ]
    ],
    [
      [
        1280,
        759
      ]
    ],
    [
      [
        1280,
        758
      ]
    ],
    [
      [
        1281,
        757
      ]
    ],
    [
      [
        1281,
        755
      ]
    ],
    [
      [
        1285,
        751
      ]
    ],
    [
      [
        1285,
        750
      ]
    ],
    [
      [
        1287,
        748
      ]
    ],
    [
      [
        1287,
        746
      ]
    ],
    [
      [
        1288,
        745
      ]
    ],
    [
      [
        1288,
        744
      ]
    ],
    [
      [
        1289,
        743
      ]
    ],
    [
      [
        1289,
        742
      ]
    ],
    [
      [
        1291,
        740
      ]
    ],
    [
      [
        1291,
        738
      ]
    ],
    [
      [
        1292,
        737
      ]
    ],
    [
      [
        1292,
        736
      ]
    ],
    [
      [
        1293,
        735
      ]
    ],
    [
      [
        1293,
        734
      ]
    ],
    [
      [
        1296,
        731
      ]
    ],
    [
      [
        1296,
        730
      ]
    ],
    [
      [
        1297,
        729
      ]
    ],
    [
      [
        1297,
        727
      ]
    ],
    [
      [
        1299,
        725
      ]
    ],
    [
      [
        1299,
        724
      ]
    ],
    [
      [
        1300,
        723
      ]
    ],
    [
      [
        1300,
        722
      ]
    ],
    [
      [
        1301,
        721
      ]
    ],
    [
      [
        1301,
        719
      ]
    ],
    [
      [
        1303,
        717
      ]
    ],
    [
      [
        1303,
        716
      ]
    ],
    [
      [
        1306,
        713
      ]
    ],
    [
      [
        1306,
        712
      ]
    ],
    [
      [
        1307,
        711
      ]
    ],
    [
      [
        1307,
        709
      ]
    ],
    [
      [
        1308,
        708
      ]
    ],
    [
      [
        1308,
        707
      ]
    ],
    [
      [
        1309,
        706
      ]
    ],
    [
      [
        1309,
        705
      ]
    ],
    [
      [
        1311,
        703
      ]
    ],
    [
      [
        1311,
        702
      ]
    ],
    [
      [
        1312,
        701
      ]
    ],
    [
      [
        1312,
        700
      ]
    ],
    [
      [
        1314,
        698
      ]
    ],
    [
      [
        1314,
        697
      ]
    ],
    [
      [
        1317,
        694
      ]
    ],
    [
      [
        1317,
        691
      ]
    ],
    [
      [
        1318,
        690
      ]
    ],
    [
      [
        1318,
        689
      ]
    ],
    [
      [
        1320,
        687
      ]
    ],
    [
      [
        1320,
        686
      ]
    ],
    [
      [
        1322,
        684
      ]
    ],
    [
      [
        1322,
        683
      ]
    ],
    [
      [
        1323,
        682
      ]
    ],
    [
      [
        1323,
        679
      ]
    ],
    [
      [
        1324,
        678
      ]
    ],
    [
      [
        1324,
        677
      ]
    ],
    [
      [
        1325,
        676
      ]
    ],
    [
      [
        1326,
        676
      ]
    ],
    [
      [
        1326,
        675
      ]
    ],
    [
      [
        1327,
        674
      ]
    ],
    [
      [
        1327,
        672
      ]
    ],
    [
      [
        1330,
        669
      ]
    ],
    [
      [
        1330,
        667
      ]
    ],
    [
      [
        1334,
        663
      ]
    ],
    [
      [
        1334,
        650
      ]
    ],
    [
      [
        1335,
        649
      ]
    ],
    [
      [
        1342,
        649
      ]
    ],
    [
      [
        1342,
        645
      ]
    ],
    [
      [
        1343,
        644
      ]
    ],
    [
      [
        1343,
        643
      ]
    ],
    [
      [
        1344,
        642
      ]
    ],
    [
      [
        1344,
        641
      ]
    ],
    [
      [
        1345,
        640
      ]
    ],
    [
      [
        1345,
        639
      ]
    ],
    [
      [
        1346,
        638
      ]
    ],
    [
      [
        1350,
        638
      ]
    ],
    [
      [
        1351,
        637
      ]
    ],
    [
      [
        1356,
        637
      ]
    ],
    [
      [
        1356,
        634
      ]
    ],
    [
      [
        1357,
        633
      ]
    ],
    [
      [
        1363,
        633
      ]
    ],
    [
      [
        1363,
        631
      ]
    ],
    [
      [
        1364,
        630
      ]
    ],
    [
      [
        1364,
        629
      ]
    ],
    [
      [
        1365,
        628
      ]
    ],
    [
      [
        1365,
        627
      ]
    ],
    [
      [
        1366,
        626
      ]
    ],
    [
      [
        1366,
        625
      ]
    ],
    [
      [
        1367,
        624
      ]
    ],
    [
      [
        1368,
        624
      ]
    ],
    [
      [
        1368,
        622
      ]
    ],
    [
      [
        1370,
        620
      ]
    ],
    [
      [
        1370,
        617
      ]
    ],
    [
      [
        1371,
        616
      ]
    ],
    [
      [
        1377,
        616
      ]
    ],
    [
      [
        1377,
        598
      ]
    ],
    [
      [
        1378,
        597
      ]
    ],
    [
      [
        1383,
        597
      ]
    ],
    [
      [
        1383,
        596
      ]
    ],
    [
      [
        1384,
        595
      ]
    ],
    [
      [
        1384,
        594
      ]
    ],
    [
      [
        1385,
        593
      ]
    ],
    [
      [
        1385,
        590
      ]
    ],
    [
      [
        1387,
        588
      ]
    ],
    [
      [
        1388,
        588
      ]
    ],
    [
      [
        1389,
        587
      ]
    ],
    [
      [
        1389,
        581
      ]
    ],
    [
      [
        1393,
        577
      ]
    ],
    [
      [
        1393,
        576
      ]
    ],
    [
      [
        1395,
        574
      ]
    ],
    [
      [
        1395,
        571
      ]
    ],
    [
      [
        1396,
        570
      ]
    ],
    [
      [
        1396,
        569
      ]
    ],
    [
      [
        1398,
        567
      ]
    ],
    [
      [
        1398,
        566
      ]
    ],
    [
      [
        1400,
        564
      ]
    ],
    [
      [
        1400,
        563
      ]
    ],
    [
      [
        1401,
        562
      ]
    ],
    [
      [
        1401,
        560
      ]
    ],
    [
      [
        1402,
        559
      ]
    ],
    [
      [
        1402,
        558
      ]
    ],
    [
      [
        1403,
        557
      ]
    ],
    [
      [
        1406,
        557
      ]
    ],
    [
      [
        1406,
        553
      ]
    ],
    [
      [
        1408,
        551
      ]
    ],
    [
      [
        1408,
        550
      ]
    ],
    [
      [
        1409,
        549
      ]
    ],
    [
      [
        1409,
        547
      ]
    ],
    [
      [
        1412,
        544
      ]
    ],
    [
      [
        1413,
        544
      ]
    ],
    [
      [
        1413,
        542
      ]
    ],
    [
      [
        1414,
        541
      ]
    ],
    [
      [
        1414,
        539
      ]
    ],
    [
      [
        1415,
        538
      ]
    ],
    [
      [
        1415,
        536
      ]
    ],
    [
      [
        1416,
        535
      ]
    ],
    [
      [
        1416,
        533
      ]
    ],
    [
      [
        1417,
        532
      ]
    ],
    [
      [
        1417,
        531
      ]
    ],
    [
      [
        1418,
        530
      ]
    ],
    [
      [
        1418,
        529
      ]
    ],
    [
      [
        1419,
        528
      ]
    ],
    [
      [
        1419,
        527
      ]
    ],
    [
      [
        1420,
        526
      ]
    ],
    [
      [
        1420,
        525
      ]
    ],
    [
      [
        1421,
        524
      ]
    ],
    [
      [
        1421,
        523
      ]
    ],
    [
      [
        1422,
        522
      ]
    ],
    [
      [
        1422,
        521
      ]
    ],
    [
      [
        1423,
        520
      ]
    ],
    [
      [
        1423,
        519
      ]
    ],
    [
      [
        1424,
        518
      ]
    ],
    [
      [
        1424,
        517
      ]
    ],
    [
      [
        1425,
        516
      ]
    ],
    [
      [
        1425,
        515
      ]
    ],
    [
      [
        1426,
        514
      ]
    ],
    [
      [
        1426,
        513
      ]
    ],
    [
      [
        1428,
        511
      ]
    ],
    [
      [
        1428,
        510
      ]
    ],
    [
      [
        1429,
        509
      ]
    ],
    [
      [
        1429,
        508
      ]
    ],
    [
      [
        1431,
        506
      ]
    ],
    [
      [
        1431,
        505
      ]
    ],
    [
      [
        1432,
        504
      ]
    ],
    [
      [
        1432,
        503
      ]
    ],
    [
      [
        1433,
        502
      ]
    ],
    [
      [
        1433,
        501
      ]
    ],
    [
      [
        1435,
        499
      ]
    ],
    [
      [
        1435,
        497
      ]
    ],
    [
      [
        1436,
        496
      ]
    ],
    [
      [
        1436,
        494
      ]
    ],
    [
      [
        1440,
        490
      ]
    ],
    [
      [
        1440,
        489
      ]
    ],
    [
      [
        1441,
        488
      ]
    ],
    [
      [
        1441,
        487
      ]
    ],
    [
      [
        1445,
        483
      ]
    ],
    [
      [
        1445,
        480
      ]
    ],
    [
      [
        1446,
        479
      ]
    ],
    [
      [
        1446,
        478
      ]
    ],
    [
      [
        1447,
        477
      ]
    ],
    [
      [
        1447,
        475
      ]
    ],
    [
      [
        1448,
        474
      ]
    ],
    [
      [
        1448,
        467
      ]
    ],
    [
      [
        1449,
        466
      ]
    ],
    [
      [
        1449,
        454
      ]
    ],
    [
      [
        1448,
        453
      ]
    ],
    [
      [
        1448,
        451
      ]
    ],
    [
      [
        1447,
        450
      ]
    ],
    [
      [
        1447,
        449
      ]
    ],
    [
      [
        1446,
        448
      ]
    ],
    [
      [
        1446,
        447
      ]
    ],
    [
      [
        1443,
        444
      ]
    ],
    [
      [
        1442,
        444
      ]
    ],
    [
      [
        1441,
        443
      ]
    ],
    [
      [
        1441,
        442
      ]
    ],
    [
      [
        1438,
        439
      ]
    ],
    [
      [
        1437,
        439
      ]
    ],
    [
      [
        1434,
        436
      ]
    ],
    [
      [
        1434,
        429
      ]
    ],
    [
      [
        1433,
        428
      ]
    ],
    [
      [
        1433,
        425
      ]
    ],
    [
      [
        1432,
        424
      ]
    ],
    [
      [
        1410,
        424
      ]
    ],
    [
      [
        1408,
        422
      ]
    ],
    [
      [
        1405,
        422
      ]
    ],
    [
      [
        1399,
        416
      ]
    ],
    [
      [
        1399,
        415
      ]
    ],
    [
      [
        1398,
        415
      ]
    ],
    [
      [
        1397,
        414
      ]
    ],
    [
      [
        1391,
        414
      ]
    ],
    [
      [
        1390,
        413
      ]
    ],
    [
      [
        1389,
        413
      ]
    ],
    [
      [
        1388,
        412
      ]
    ],
    [
      [
        1388,
        411
      ]
    ],
    [
      [
        1385,
        411
      ]
    ],
    [
      [
        1383,
        409
      ]
    ],
    [
      [
        1381,
        409
      ]
    ],
    [
      [
        1380,
        408
      ]
    ],
    [
      [
        1371,
        408
      ]
    ],
    [
      [
        1370,
        407
      ]
    ],
    [
      [
        1369,
        407
      ]
    ],
    [
      [
        1367,
        405
      ]
    ],
    [
      [
        1366,
        405
      ]
    ],
    [
      [
        1365,
        404
      ]
    ],
    [
      [
        1364,
        404
      ]
    ],
    [
      [
        1363,
        403
      ]
    ],
    [
      [
        1362,
        403
      ]
    ],
    [
      [
        1361,
        402
      ]
    ],
    [
      [
        1360,
        402
      ]
    ],
    [
      [
        1358,
        400
      ]
    ],
    [
      [
        1356,
        400
      ]
    ],
    [
      [
        1354,
        398
      ]
    ],
    [
      [
        1353,
        398
      ]
    ],
    [
      [
        1352,
        397
      ]
    ],
    [
      [
        1350,
        397
      ]
    ],
    [
      [
        1349,
        396
      ]
    ],
    [
      [
        1348,
        396
      ]
    ],
    [
      [
        1347,
        395
      ]
    ],
    [
      [
        1346,
        395
      ]
    ],
    [
      [
        1344,
        393
      ]
    ],
    [
      [
        1344,
        387
      ]
    ],
    [
      [
        1343,
        387
      ]
    ],
    [
      [
        1342,
        386
      ]
    ],
    [
      [
        1341,
        386
      ]
    ],
    [
      [
        1340,
        385
      ]
    ],
    [
      [
        1340,
        384
      ]
    ],
    [
      [
        1336,
        384
      ]
    ],
    [
      [
        1335,
        383
      ]
    ],
    [
      [
        1335,
        382
      ]
    ],
    [
      [
        1329,
        382
      ]
    ],
    [
      [
        1327,
        380
      ]
    ],
    [
      [
        1327,
        376
      ]
    ],
    [
      [
        1312,
        376
      ]
    ],
    [
      [
        1311,
        377
      ]
    ],
    [
      [
        1310,
        377
      ]
    ],
    [
      [
        1308,
        379
      ]
    ],
    [
      [
        1307,
        379
      ]
    ],
    [
      [
        1307,
        381
      ]
    ],
    [
      [
        1305,
        383
      ]
    ],
    [
      [
        1305,
        384
      ]
    ],
    [
      [
        1303,
        386
      ]
    ],
    [
      [
        1300,
        386
      ]
    ],
    [
      [
        1300,
        393
      ]
    ],
    [
      [
        1299,
        394
      ]
    ],
    [
      [
        1299,
        395
      ]
    ],
    [
      [
        1298,
        396
      ]
    ],
    [
      [
        1281,
        396
      ]
    ],
    [
      [
        1280,
        395
      ]
    ],
    [
      [
        1279,
        395
      ]
    ],
    [
      [
        1278,
        394
      ]
    ],
    [
      [
        1277,
        394
      ]
    ],
    [
      [
        1274,
        391
      ]
    ],
    [
      [
        1274,
        380
      ]
    ],
    [
      [
        1272,
        378
      ]
    ],
    [
      [
        1265,
        378
      ]
    ],
    [
      [
        1264,
        377
      ]
    ],
    [
      [
        1264,
        369
      ]
    ],
    [
      [
        1263,
        369
      ]
    ],
    [
      [
        1262,
        368
      ]
    ],
    [
      [
        1259,
        368
      ]
    ],
    [
      [
        1258,
        367
      ]
    ],
    [
      [
        1255,
        367
      ]
    ],
    [
      [
        1254,
        366
      ]
    ],
    [
      [
        1254,
        365
      ]
    ],
    [
      [
        1252,
        363
      ]
    ],
    [
      [
        1243,
        363
      ]
    ],
    [
      [
        1240,
        366
      ]
    ],
    [
      [
        1221,
        366
      ]
    ],
    [
      [
        1217,
        362
      ]
    ],
    [
      [
        1216,
        362
      ]
    ],
    [
      [
        1215,
        361
      ]
    ],
    [
      [
        1214,
        361
      ]
    ],
    [
      [
        1213,
        360
      ]
    ],
    [
      [
        1210,
        360
      ]
    ],
    [
      [
        1209,
        359
      ]
    ],
    [
      [
        1208,
        359
      ]
    ],
    [
      [
        1207,
        358
      ]
    ],
    [
      [
        1205,
        358
      ]
    ],
    [
      [
        1203,
        356
      ]
    ],
    [
      [
        1201,
        356
      ]
    ],
    [
      [
        1198,
        353
      ]
    ],
    [
      [
        1198,
        335
      ]
    ],
    [
      [
        1195,
        332
      ]
    ],
    [
      [
        1193,
        332
      ]
    ],
    [
      [
        1192,
        331
      ]
    ],
    [
      [
        1191,
        331
      ]
    ],
    [
      [
        1190,
        330
      ]
    ],
    [
      [
        1189,
        330
      ]
    ],
    [
      [
        1187,
        328
      ]
    ],
    [
      [
        1186,
        328
      ]
    ],
    [
      [
        1185,
        327
      ]
    ],
    [
      [
        1183,
        327
      ]
    ],
    [
      [
        1182,
        326
      ]
    ],
    [
      [
        1180,
        326
      ]
    ],
    [
      [
        1179,
        325
      ]
    ],
    [
      [
        1179,
        310
      ]
    ],
    [
      [
        1178,
        309
      ]
    ],
    [
      [
        1178,
        307
      ]
    ],
    [
      [
        1171,
        307
      ]
    ],
    [
      [
        1170,
        306
      ]
    ],
    [
      [
        1170,
        305
      ]
    ],
    [
      [
        1168,
        305
      ]
    ],
    [
      [
        1166,
        303
      ]
    ],
    [
      [
        1165,
        303
      ]
    ],
    [
      [
        1164,
        302
      ]
    ],
    [
      [
        1163,
        302
      ]
    ],
    [
      [
        1162,
        301
      ]
    ],
    [
      [
        1162,
        286
      ]
    ],
    [
      [
        1161,
        286
      ]
    ],
    [
      [
        1160,
        285
      ]
    ],
    [
      [
        1154,
        285
      ]
    ],
    [
      [
        1153,
        284
      ]
    ],
    [
      [
        1152,
        284
      ]
    ],
    [
      [
        1151,
        283
      ]
    ],
    [
      [
        1150,
        283
      ]
    ],
    [
      [
        1149,
        282
      ]
    ],
    [
      [
        1148,
        282
      ]
    ],
    [
      [
        1147,
        281
      ]
    ],
    [
      [
        1145,
        281
      ]
    ],
    [
      [
        1144,
        280
      ]
    ],
    [
      [
        1139,
        280
      ]
    ],
    [
      [
        1138,
        279
      ]
    ],
    [
      [
        1136,
        279
      ]
    ],
    [
      [
        1134,
        277
      ]
    ],
    [
      [
        1134,
        276
      ]
    ],
    [
      [
        1132,
        274
      ]
    ],
    [
      [
        1131,
        274
      ]
    ],
    [
      [
        1130,
        273
      ]
    ],
    [
      [
        1129,
        273
      ]
    ],
    [
      [
        1128,
        272
      ]
    ],
    [
      [
        1127,
        272
      ]
    ],
    [
      [
        1125,
        270
      ]
    ],
    [
      [
        1125,
        267
      ]
    ],
    [
      [
        1123,
        265
      ]
    ],
    [
      [
        1123,
        264
      ]
    ],
    [
      [
        1122,
        264
      ]
    ],
    [
      [
        1118,
        260
      ]
    ],
    [
      [
        1117,
        260
      ]
    ],
    [
      [
        1113,
        256
      ]
    ],
    [
      [
        1113,
        255
      ]
    ],
    [
      [
        1111,
        253
      ]
    ],
    [
      [
        1110,
        253
      ]
    ],
    [
      [
        1108,
        251
      ]
    ],
    [
      [
        1107,
        251
      ]
    ],
    [
      [
        1103,
        247
      ]
    ],
    [
      [
        1102,
        247
      ]
    ],
    [
      [
        1101,
        246
      ]
    ],
    [
      [
        1100,
        246
      ]
    ],
    [
      [
        1098,
        244
      ]
    ],
    [
      [
        1097,
        244
      ]
    ],
    [
      [
        1096,
        243
      ]
    ],
    [
      [
        1088,
        243
      ]
    ],
    [
      [
        1088,
        245
      ]
    ],
    [
      [
        1087,
        246
      ]
    ],
    [
      [
        1069,
        246
      ]
    ],
    [
      [
        1067,
        244
      ]
    ],
    [
      [
        1066,
        244
      ]
    ],
    [
      [
        1065,
        243
      ]
    ],
    [
      [
        1063,
        243
      ]
    ],
    [
      [
        1061,
        241
      ]
    ],
    [
      [
        1061,
        219
      ]
    ],
    [
      [
        1056,
        219
      ]
    ],
    [
      [
        1053,
        216
      ]
    ],
    [
      [
        1051,
        216
      ]
    ],
    [
      [
        1050,
        215
      ]
    ],
    [
      [
        1048,
        215
      ]
    ],
    [
      [
        1047,
        214
      ]
    ],
    [
      [
        1045,
        214
      ]
    ],
    [
      [
        1044,
        213
      ]
    ],
    [
      [
        1041,
        213
      ]
    ],
    [
      [
        1040,
        212
      ]
    ],
    [
      [
        1038,
        212
      ]
    ],
    [
      [
        1037,
        211
      ]
    ],
    [
      [
        1035,
        211
      ]
    ],
    [
      [
        1033,
        209
      ]
    ],
    [
      [
        1030,
        209
      ]
    ],
    [
      [
        1029,
        208
      ]
    ],
    [
      [
        1014,
        208
      ]
    ],
    [
      [
        1013,
        207
      ]
    ],
    [
      [
        1010,
        207
      ]
    ],
    [
      [
        1009,
        206
      ]
    ],
    [
      [
        1008,
        206
      ]
    ],
    [
      [
        1007,
        205
      ]
    ],
    [
      [
        999,
        205
      ]
    ],
    [
      [
        998,
        204
      ]
    ],
    [
      [
        997,
        204
      ]
    ],
    [
      [
        996,
        203
      ]
    ],
    [
      [
        993,
        203
      ]
    ],
    [
      [
        992,
        202
      ]
    ],
    [
      [
        989,
        202
      ]
    ],
    [
      [
        987,
        200
      ]
    ],
    [
      [
        984,
        200
      ]
    ],
    [
      [
        983,
        199
      ]
    ],
    [
      [
        978,
        199
      ]
    ],
    [
      [
        977,
        198
      ]
    ],
    [
      [
        976,
        198
      ]
    ],
    [
      [
        975,
        197
      ]
    ],
    [
      [
        966,
        197
      ]
    ],
    [
      [
        964,
        195
      ]
    ],
    [
      [
        963,
        195
      ]
    ],
    [
      [
        962,
        194
      ]
    ],
    [
      [
        962,
        189
      ]
    ],
    [
      [
        960,
        189
      ]
    ],
    [
      [
        958,
        187
      ]
    ],
    [
      [
        954,
        187
      ]
    ],
    [
      [
        952,
        185
      ]
    ],
    [
      [
        950,
        185
      ]
    ],
    [
      [
        949,
        184
      ]
    ],
    [
      [
        948,
        184
      ]
    ],
    [
      [
        944,
        180
      ]
    ],
    [
      [
        942,
        180
      ]
    ],
    [
      [
        940,
        178
      ]
    ],
    [
      [
        938,
        178
      ]
    ],
    [
      [
        936,
        176
      ]
    ],
    [
      [
        935,
        176
      ]
    ],
    [
      [
        934,
        175
      ]
    ],
    [
      [
        932,
        175
      ]
    ],
    [
      [
        931,
        174
      ]
    ],
    [
      [
        927,
        174
      ]
    ],
    [
      [
        926,
        173
      ]
    ],
    [
      [
        924,
        173
      ]
    ],
    [
      [
        923,
        172
      ]
    ],
    [
      [
        923,
        171
      ]
    ],
    [
      [
        921,
        171
      ]
    ],
    [
      [
        920,
        170
      ]
    ],
    [
      [
        920,
        156
      ]
    ],
    [
      [
        917,
        153
      ]
    ],
    [
      [
        917,
        152
      ]
    ],
    [
      [
        916,
        152
      ]
    ],
    [
      [
        915,
        151
      ]
    ],
    [
      [
        913,
        151
      ]
    ],
    [
      [
        912,
        150
      ]
    ],
    [
      [
        907,
        150
      ]
    ],
    [
      [
        905,
        148
      ]
    ],
    [
      [
        903,
        148
      ]
    ],
    [
      [
        902,
        147
      ]
    ],
    [
      [
        901,
        147
      ]
    ],
    [
      [
        899,
        145
      ]
    ],
    [
      [
        897,
        145
      ]
    ],
    [
      [
        895,
        143
      ]
    ],
    [
      [
        894,
        143
      ]
    ],
    [
      [
        893,
        142
      ]
    ],
    [
      [
        892,
        142
      ]
    ],
    [
      [
        891,
        141
      ]
    ],
    [
      [
        888,
        141
      ]
    ],
    [
      [
        887,
        140
      ]
    ],
    [
      [
        886,
        140
      ]
    ],
    [
      [
        885,
        139
      ]
    ],
    [
      [
        884,
        139
      ]
    ],
    [
      [
        883,
        138
      ]
    ],
    [
      [
        881,
        138
      ]
    ],
    [
      [
        880,
        137
      ]
    ],
    [
      [
        879,
        137
      ]
    ],
    [
      [
        877,
        135
      ]
    ],
    [
      [
        874,
        135
      ]
    ],
    [
      [
        873,
        134
      ]
    ],
    [
      [
        870,
        134
      ]
    ],
    [
      [
        867,
        131
      ]
    ],
    [
      [
        866,
        131
      ]
    ],
    [
      [
        865,
        130
      ]
    ],
    [
      [
        864,
        130
      ]
    ],
    [
      [
        862,
        128
      ]
    ],
    [
      [
        860,
        128
      ]
    ],
    [
      [
        859,
        127
      ]
    ],
    [
      [
        858,
        127
      ]
    ],
    [
      [
        857,
        126
      ]
    ],
    [
      [
        856,
        126
      ]
    ],
    [
      [
        853,
        123
      ]
    ],
    [
      [
        850,
        123
      ]
    ],
    [
      [
        848,
        121
      ]
    ],
    [
      [
        847,
        121
      ]
    ],
    [
      [
        846,
        120
      ]
    ],
    [
      [
        843,
        120
      ]
    ],
    [
      [
        841,
        118
      ]
    ],
    [
      [
        838,
        118
      ]
    ],
    [
      [
        834,
        114
      ]
    ],
    [
      [
        830,
        114
      ]
    ],
    [
      [
        826,
        110
      ]
    ],
    [
      [
        826,
        109
      ]
    ],
    [
      [
        823,
        109
      ]
    ],
    [
      [
        822,
        108
      ]
    ],
    [
      [
        821,
        108
      ]
    ],
    [
      [
        820,
        107
      ]
    ],
    [
      [
        812,
        107
      ]
    ],
    [
      [
        812,
        110
      ]
    ],
    [
      [
        811,
        111
      ]
    ],
    [
      [
        794,
        111
      ]
    ],
    [
      [
        792,
        109
      ]
    ],
    [
      [
        792,
        108
      ]
    ],
    [
      [
        790,
        106
      ]
    ],
    [
      [
        776,
        106
      ]
    ],
    [
      [
        775,
        105
      ]
    ],
    [
      [
        774,
        105
      ]
    ],
    [
      [
        773,
        104
      ]
    ],
    [
      [
        771,
        104
      ]
    ],
    [
      [
        770,
        103
      ]
    ],
    [
      [
        769,
        103
      ]
    ],
    [
      [
        766,
        100
      ]
    ],
    [
      [
        765,
        100
      ]
    ],
    [
      [
        764,
        99
      ]
    ],
    [
      [
        762,
        99
      ]
    ],
    [
      [
        761,
        98
      ]
    ],
    [
      [
        759,
        98
      ]
    ],
    [
      [
        758,
        97
      ]
    ],
    [
      [
        756,
        97
      ]
    ],
    [
      [
        755,
        96
      ]
    ],
    [
      [
        754,
        96
      ]
    ],
    [
      [
        752,
        94
      ]
    ],
    [
      [
        750,
        94
      ]
    ],
    [
      [
        749,
        93
      ]
    ],
    [
      [
        748,
        93
      ]
    ],
    [
      [
        745,
        90
      ]
    ],
    [
      [
        743,
        90
      ]
    ],
    [
      [
        742,
        89
      ]
    ],
    [
      [
        741,
        89
      ]
    ],
    [
      [
        740,
        88
      ]
    ],
    [
      [
        738,
        88
      ]
    ],
    [
      [
        737,
        87
      ]
    ],
    [
      [
        736,
        87
      ]
    ],
    [
      [
        735,
        86
      ]
    ],
    [
      [
        733,
        86
      ]
    ],
    [
      [
        731,
        84
      ]
    ],
    [
      [
        731,
        83
      ]
    ],
    [
      [
        730,
        83
      ]
    ],
    [
      [
        729,
        82
      ]
    ],
    [
      [
        724,
        82
      ]
    ],
    [
      [
        722,
        80
      ]
    ],
    [
      [
        722,
        79
      ]
    ],
    [
      [
        719,
        79
      ]
    ],
    [
      [
        718,
        78
      ]
    ],
    [
      [
        717,
        78
      ]
    ],
    [
      [
        715,
        76
      ]
    ],
    [
      [
        714,
        76
      ]
    ],
    [
      [
        713,
        75
      ]
    ],
    [
      [
        712,
        75
      ]
    ],
    [
      [
        711,
        74
      ]
    ],
    [
      [
        709,
        74
      ]
    ],
    [
      [
        708,
        73
      ]
    ],
    [
      [
        707,
        73
      ]
    ],
    [
      [
        706,
        72
      ]
    ],
    [
      [
        704,
        72
      ]
    ],
    [
      [
        703,
        71
      ]
    ],
    [
      [
        702,
        71
      ]
    ],
    [
      [
        701,
        70
      ]
    ],
    [
      [
        699,
        70
      ]
    ],
    [
      [
        698,
        69
      ]
    ],
    [
      [
        693,
        69
      ]
    ],
    [
      [
        692,
        68
      ]
    ]
  ],
  "segment_square_corners": [
    [
      382.75140380859375,
      663.6622314453125
    ],
    [
      676.0036010742188,
      38.426483154296875
    ],
    [
      1477.253173828125,
      414.2337646484375
    ],
    [
      1184.0009765625,
      1039.469482421875
    ]
  ],
  "phrases": [
    "box",
    "tangerine",
    "tangerine",
    "tangerine",
    "tangerine"
  ],
  "selected_bbox": [
    0.4949396252632141,
    0.4743316173553467,
    0.5156234502792358,
    0.8216798305511475
  ]
}