{
  "timestamp": 1761056261.8745968,
  "session_id": "session_20251021_211452_51253c84",
  "supplier_id": "",
  "qr_data": "695991",
  "qr_items": {
    "tangerine": 4
  },
  "qr_corners": [
    [
      740.0,
      725.0
    ],
    [
      704.0,
      809.0
    ],
    [
      614.0,
      771.0
    ],
    [
      651.0,
      688.0
    ]
  ],
  "segment_corners": [
    [
      [
        798,
        16
      ]
    ],
    [
      [
        797,
        17
      ]
    ],
    [
      [
        794,
        17
      ]
    ],
    [
      [
        793,
        18
      ]
    ],
    [
      [
        793,
        22
      ]
    ],
    [
      [
        792,
        23
      ]
    ],
    [
      [
        786,
        23
      ]
    ],
    [
      [
        785,
        24
      ]
    ],
    [
      [
        784,
        24
      ]
    ],
    [
      [
        783,
        25
      ]
    ],
    [
      [
        782,
        25
      ]
    ],
    [
      [
        780,
        27
      ]
    ],
    [
      [
        779,
        27
      ]
    ],
    [
      [
        773,
        33
      ]
    ],
    [
      [
        773,
        34
      ]
    ],
    [
      [
        771,
        36
      ]
    ],
    [
      [
        771,
        37
      ]
    ],
    [
      [
        769,
        39
      ]
    ],
    [
      [
        769,
        40
      ]
    ],
    [
      [
        767,
        42
      ]
    ],
    [
      [
        767,
        44
      ]
    ],
    [
      [
        766,
        45
      ]
    ],
    [
      [
        766,
        47
      ]
    ],
    [
      [
        765,
        48
      ]
    ],
    [
      [
        765,
        49
      ]
    ],
    [
      [
        764,
        50
      ]
    ],
    [
      [
        764,
        53
      ]
    ],
    [
      [
        763,
        54
      ]
    ],
    [
      [
        763,
        55
      ]
    ],
    [
      [
        762,
        56
      ]
    ],
    [
      [
        762,
        57
      ]
    ],
    [
      [
        761,
        58
      ]
    ],
    [
      [
        761,
        60
      ]
    ],
    [
      [
        759,
        62
      ]
    ],
    [
      [
        759,
        63
      ]
    ],
    [
      [
        758,
        64
      ]
    ],
    [
      [
        758,
        66
      ]
    ],
    [
      [
        757,
        67
      ]
    ],
    [
      [
        757,
        70
      ]
    ],
    [
      [
        756,
        71
      ]
    ],
    [
      [
        756,
        72
      ]
    ],
    [
      [
        755,
        73
      ]
    ],
    [
      [
        755,
        74
      ]
    ],
    [
      [
        753,
        76
      ]
    ],
    [
      [
        753,
        78
      ]
    ],
    [
      [
        752,
        79
      ]
    ],
    [
      [
        752,
        80
      ]
    ],
    [
      [
        751,
        81
      ]
    ],
    [
      [
        751,
        84
      ]
    ],
    [
      [
        750,
        85
      ]
    ],
    [
      [
        750,
        87
      ]
    ],
    [
      [
        749,
        88
      ]
    ],
    [
      [
        749,
        89
      ]
    ],
    [
      [
        748,
        90
      ]
    ],
    [
      [
        748,
        91
      ]
    ],
    [
      [
        747,
        92
      ]
    ],
    [
      [
        747,
        93
      ]
    ],
    [
      [
        746,
        94
      ]
    ],
    [
      [
        746,
        95
      ]
    ],
    [
      [
        745,
        96
      ]
    ],
    [
      [
        745,
        98
      ]
    ],
    [
      [
        744,
        99
      ]
    ],
    [
      [
        744,
        118
      ]
    ],
    [
      [
        743,
        119
      ]
    ],
    [
      [
        736,
        119
      ]
    ],
    [
      [
        736,
        120
      ]
    ],
    [
      [
        735,
        121
      ]
    ],
    [
      [
        735,
        123
      ]
    ],
    [
      [
        734,
        124
      ]
    ],
    [
      [
        734,
        125
      ]
    ],
    [
      [
        733,
        126
      ]
    ],
    [
      [
        733,
        127
      ]
    ],
    [
      [
        732,
        128
      ]
    ],
    [
      [
        732,
        129
      ]
    ],
    [
      [
        731,
        130
      ]
    ],
    [
      [
        731,
        131
      ]
    ],
    [
      [
        730,
        132
      ]
    ],
    [
      [
        730,
        134
      ]
    ],
    [
      [
        729,
        135
      ]
    ],
    [
      [
        729,
        136
      ]
    ],
    [
      [
        728,
        137
      ]
    ],
    [
      [
        728,
        139
      ]
    ],
    [
      [
        727,
        140
      ]
    ],
    [
      [
        727,
        143
      ]
    ],
    [
      [
        725,
        145
      ]
    ],
    [
      [
        725,
        147
      ]
    ],
    [
      [
        724,
        148
      ]
    ],
    [
      [
        724,
        150
      ]
    ],
    [
      [
        721,
        153
      ]
    ],
    [
      [
        721,
        156
      ]
    ],
    [
      [
        720,
        157
      ]
    ],
    [
      [
        720,
        159
      ]
    ],
    [
      [
        718,
        161
      ]
    ],
    [
      [
        718,
        162
      ]
    ],
    [
      [
        717,
        163
      ]
    ],
    [
      [
        717,
        164
      ]
    ],
    [
      [
        716,
        165
      ]
    ],
    [
      [
        715,
        165
      ]
    ],
    [
      [
        715,
        166
      ]
    ],
    [
      [
        714,
        167
      ]
    ],
    [
      [
        714,
        172
      ]
    ],
    [
      [
        713,
        173
      ]
    ],
    [
      [
        713,
        181
      ]
    ],
    [
      [
        712,
        182
      ]
    ],
    [
      [
        711,
        182
      ]
    ],
    [
      [
        711,
        183
      ]
    ],
    [
      [
        710,
        184
      ]
    ],
    [
      [
        710,
        185
      ]
    ],
    [
      [
        709,
        186
      ]
    ],
    [
      [
        709,
        193
      ]
    ],
    [
      [
        731,
        193
      ]
    ],
    [
      [
        732,
        194
      ]
    ],
    [
      [
        732,
        211
      ]
    ],
    [
      [
        729,
        214
      ]
    ],
    [
      [
        729,
        215
      ]
    ],
    [
      [
        728,
        216
      ]
    ],
    [
      [
        728,
        217
      ]
    ],
    [
      [
        727,
        218
      ]
    ],
    [
      [
        727,
        220
      ]
    ],
    [
      [
        726,
        221
      ]
    ],
    [
      [
        726,
        231
      ]
    ],
    [
      [
        727,
        232
      ]
    ],
    [
      [
        727,
        236
      ]
    ],
    [
      [
        728,
        237
      ]
    ],
    [
      [
        728,
        241
      ]
    ],
    [
      [
        729,
        241
      ]
    ],
    [
      [
        730,
        242
      ]
    ],
    [
      [
        730,
        260
      ]
    ],
    [
      [
        729,
        261
      ]
    ],
    [
      [
        729,
        263
      ]
    ],
    [
      [
        728,
        264
      ]
    ],
    [
      [
        728,
        266
      ]
    ],
    [
      [
        727,
        267
      ]
    ],
    [
      [
        727,
        271
      ]
    ],
    [
      [
        726,
        272
      ]
    ],
    [
      [
        726,
        273
      ]
    ],
    [
      [
        725,
        274
      ]
    ],
    [
      [
        725,
        275
      ]
    ],
    [
      [
        724,
        276
      ]
    ],
    [
      [
        724,
        278
      ]
    ],
    [
      [
        723,
        279
      ]
    ],
    [
      [
        723,
        280
      ]
    ],
    [
      [
        722,
        281
      ]
    ],
    [
      [
        722,
        282
      ]
    ],
    [
      [
        721,
        283
      ]
    ],
    [
      [
        721,
        284
      ]
    ],
    [
      [
        720,
        285
      ]
    ],
    [
      [
        720,
        286
      ]
    ],
    [
      [
        719,
        287
      ]
    ],
    [
      [
        719,
        288
      ]
    ],
    [
      [
        718,
        289
      ]
    ],
    [
      [
        718,
        290
      ]
    ],
    [
      [
        717,
        291
      ]
    ],
    [
      [
        711,
        291
      ]
    ],
    [
      [
        711,
        293
      ]
    ],
    [
      [
        710,
        294
      ]
    ],
    [
      [
        710,
        296
      ]
    ],
    [
      [
        709,
        297
      ]
    ],
    [
      [
        703,
        297
      ]
    ],
    [
      [
        702,
        298
      ]
    ],
    [
      [
        702,
        300
      ]
    ],
    [
      [
        701,
        301
      ]
    ],
    [
      [
        701,
        302
      ]
    ],
    [
      [
        699,
        304
      ]
    ],
    [
      [
        698,
        304
      ]
    ],
    [
      [
        698,
        308
      ]
    ],
    [
      [
        697,
        309
      ]
    ],
    [
      [
        697,
        311
      ]
    ],
    [
      [
        696,
        312
      ]
    ],
    [
      [
        696,
        313
      ]
    ],
    [
      [
        695,
        314
      ]
    ],
    [
      [
        684,
        314
      ]
    ],
    [
      [
        683,
        315
      ]
    ],
    [
      [
        675,
        315
      ]
    ],
    [
      [
        675,
        316
      ]
    ],
    [
      [
        674,
        317
      ]
    ],
    [
      [
        673,
        317
      ]
    ],
    [
      [
        672,
        318
      ]
    ],
    [
      [
        666,
        318
      ]
    ],
    [
      [
        665,
        319
      ]
    ],
    [
      [
        664,
        319
      ]
    ],
    [
      [
        664,
        321
      ]
    ],
    [
      [
        663,
        322
      ]
    ],
    [
      [
        663,
        326
      ]
    ],
    [
      [
        662,
        327
      ]
    ],
    [
      [
        662,
        329
      ]
    ],
    [
      [
        661,
        330
      ]
    ],
    [
      [
        661,
        333
      ]
    ],
    [
      [
        660,
        334
      ]
    ],
    [
      [
        660,
        335
      ]
    ],
    [
      [
        659,
        336
      ]
    ],
    [
      [
        659,
        337
      ]
    ],
    [
      [
        657,
        339
      ]
    ],
    [
      [
        657,
        342
      ]
    ],
    [
      [
        655,
        344
      ]
    ],
    [
      [
        655,
        345
      ]
    ],
    [
      [
        654,
        346
      ]
    ],
    [
      [
        654,
        348
      ]
    ],
    [
      [
        653,
        349
      ]
    ],
    [
      [
        653,
        350
      ]
    ],
    [
      [
        652,
        351
      ]
    ],
    [
      [
        652,
        352
      ]
    ],
    [
      [
        650,
        354
      ]
    ],
    [
      [
        650,
        356
      ]
    ],
    [
      [
        649,
        357
      ]
    ],
    [
      [
        649,
        358
      ]
    ],
    [
      [
        648,
        359
      ]
    ],
    [
      [
        648,
        363
      ]
    ],
    [
      [
        647,
        364
      ]
    ],
    [
      [
        647,
        367
      ]
    ],
    [
      [
        646,
        368
      ]
    ],
    [
      [
        646,
        371
      ]
    ],
    [
      [
        645,
        372
      ]
    ],
    [
      [
        645,
        373
      ]
    ],
    [
      [
        643,
        375
      ]
    ],
    [
      [
        643,
        377
      ]
    ],
    [
      [
        642,
        378
      ]
    ],
    [
      [
        642,
        379
      ]
    ],
    [
      [
        641,
        380
      ]
    ],
    [
      [
        641,
        382
      ]
    ],
    [
      [
        640,
        383
      ]
    ],
    [
      [
        640,
        386
      ]
    ],
    [
      [
        638,
        388
      ]
    ],
    [
      [
        638,
        389
      ]
    ],
    [
      [
        637,
        390
      ]
    ],
    [
      [
        637,
        392
      ]
    ],
    [
      [
        636,
        393
      ]
    ],
    [
      [
        636,
        395
      ]
    ],
    [
      [
        634,
        397
      ]
    ],
    [
      [
        634,
        399
      ]
    ],
    [
      [
        633,
        400
      ]
    ],
    [
      [
        633,
        402
      ]
    ],
    [
      [
        632,
        403
      ]
    ],
    [
      [
        632,
        404
      ]
    ],
    [
      [
        631,
        405
      ]
    ],
    [
      [
        631,
        409
      ]
    ],
    [
      [
        630,
        410
      ]
    ],
    [
      [
        630,
        412
      ]
    ],
    [
      [
        629,
        413
      ]
    ],
    [
      [
        629,
        415
      ]
    ],
    [
      [
        628,
        416
      ]
    ],
    [
      [
        628,
        417
      ]
    ],
    [
      [
        627,
        418
      ]
    ],
    [
      [
        627,
        420
      ]
    ],
    [
      [
        626,
        421
      ]
    ],
    [
      [
        623,
        421
      ]
    ],
    [
      [
        623,
        430
      ]
    ],
    [
      [
        622,
        431
      ]
    ],
    [
      [
        622,
        432
      ]
    ],
    [
      [
        621,
        433
      ]
    ],
    [
      [
        621,
        434
      ]
    ],
    [
      [
        620,
        435
      ]
    ],
    [
      [
        620,
        438
      ]
    ],
    [
      [
        618,
        440
      ]
    ],
    [
      [
        618,
        441
      ]
    ],
    [
      [
        617,
        442
      ]
    ],
    [
      [
        617,
        446
      ]
    ],
    [
      [
        616,
        447
      ]
    ],
    [
      [
        616,
        448
      ]
    ],
    [
      [
        615,
        449
      ]
    ],
    [
      [
        615,
        450
      ]
    ],
    [
      [
        614,
        451
      ]
    ],
    [
      [
        614,
        452
      ]
    ],
    [
      [
        613,
        453
      ]
    ],
    [
      [
        613,
        455
      ]
    ],
    [
      [
        612,
        456
      ]
    ],
    [
      [
        612,
        457
      ]
    ],
    [
      [
        611,
        458
      ]
    ],
    [
      [
        611,
        461
      ]
    ],
    [
      [
        610,
        462
      ]
    ],
    [
      [
        610,
        463
      ]
    ],
    [
      [
        608,
        465
      ]
    ],
    [
      [
        608,
        483
      ]
    ],
    [
      [
        607,
        484
      ]
    ],
    [
      [
        607,
        485
      ]
    ],
    [
      [
        606,
        486
      ]
    ],
    [
      [
        606,
        488
      ]
    ],
    [
      [
        605,
        489
      ]
    ],
    [
      [
        605,
        491
      ]
    ],
    [
      [
        604,
        492
      ]
    ],
    [
      [
        604,
        493
      ]
    ],
    [
      [
        602,
        495
      ]
    ],
    [
      [
        598,
        495
      ]
    ],
    [
      [
        598,
        496
      ]
    ],
    [
      [
        597,
        497
      ]
    ],
    [
      [
        597,
        498
      ]
    ],
    [
      [
        596,
        499
      ]
    ],
    [
      [
        596,
        502
      ]
    ],
    [
      [
        594,
        504
      ]
    ],
    [
      [
        594,
        506
      ]
    ],
    [
      [
        592,
        508
      ]
    ],
    [
      [
        592,
        511
      ]
    ],
    [
      [
        591,
        512
      ]
    ],
    [
      [
        591,
        515
      ]
    ],
    [
      [
        590,
        516
      ]
    ],
    [
      [
        590,
        517
      ]
    ],
    [
      [
        589,
        518
      ]
    ],
    [
      [
        589,
        519
      ]
    ],
    [
      [
        588,
        520
      ]
    ],
    [
      [
        588,
        524
      ]
    ],
    [
      [
        586,
        526
      ]
    ],
    [
      [
        586,
        527
      ]
    ],
    [
      [
        585,
        528
      ]
    ],
    [
      [
        585,
        529
      ]
    ],
    [
      [
        584,
        530
      ]
    ],
    [
      [
        584,
        533
      ]
    ],
    [
      [
        582,
        535
      ]
    ],
    [
      [
        582,
        536
      ]
    ],
    [
      [
        581,
        537
      ]
    ],
    [
      [
        581,
        538
      ]
    ],
    [
      [
        579,
        540
      ]
    ],
    [
      [
        579,
        543
      ]
    ],
    [
      [
        578,
        544
      ]
    ],
    [
      [
        578,
        552
      ]
    ],
    [
      [
        594,
        552
      ]
    ],
    [
      [
        595,
        553
      ]
    ],
    [
      [
        595,
        574
      ]
    ],
    [
      [
        596,
        574
      ]
    ],
    [
      [
        597,
        575
      ]
    ],
    [
      [
        597,
        592
      ]
    ],
    [
      [
        596,
        593
      ]
    ],
    [
      [
        596,
        596
      ]
    ],
    [
      [
        595,
        597
      ]
    ],
    [
      [
        595,
        599
      ]
    ],
    [
      [
        594,
        600
      ]
    ],
    [
      [
        594,
        601
      ]
    ],
    [
      [
        593,
        602
      ]
    ],
    [
      [
        593,
        603
      ]
    ],
    [
      [
        592,
        604
      ]
    ],
    [
      [
        592,
        606
      ]
    ],
    [
      [
        591,
        607
      ]
    ],
    [
      [
        591,
        609
      ]
    ],
    [
      [
        590,
        610
      ]
    ],
    [
      [
        590,
        611
      ]
    ],
    [
      [
        589,
        612
      ]
    ],
    [
      [
        589,
        620
      ]
    ],
    [
      [
        590,
        621
      ]
    ],
    [
      [
        590,
        641
      ]
    ],
    [
      [
        588,
        643
      ]
    ],
    [
      [
        586,
        643
      ]
    ],
    [
      [
        586,
        644
      ]
    ],
    [
      [
        585,
        645
      ]
    ],
    [
      [
        575,
        645
      ]
    ],
    [
      [
        574,
        646
      ]
    ],
    [
      [
        556,
        646
      ]
    ],
    [
      [
        555,
        645
      ]
    ],
    [
      [
        555,
        644
      ]
    ],
    [
      [
        549,
        644
      ]
    ],
    [
      [
        548,
        645
      ]
    ],
    [
      [
        546,
        645
      ]
    ],
    [
      [
        545,
        646
      ]
    ],
    [
      [
        545,
        659
      ]
    ],
    [
      [
        544,
        660
      ]
    ],
    [
      [
        540,
        660
      ]
    ],
    [
      [
        538,
        662
      ]
    ],
    [
      [
        538,
        669
      ]
    ],
    [
      [
        537,
        670
      ]
    ],
    [
      [
        526,
        670
      ]
    ],
    [
      [
        526,
        671
      ]
    ],
    [
      [
        524,
        673
      ]
    ],
    [
      [
        524,
        675
      ]
    ],
    [
      [
        523,
        676
      ]
    ],
    [
      [
        523,
        678
      ]
    ],
    [
      [
        522,
        679
      ]
    ],
    [
      [
        522,
        680
      ]
    ],
    [
      [
        521,
        681
      ]
    ],
    [
      [
        521,
        684
      ]
    ],
    [
      [
        520,
        685
      ]
    ],
    [
      [
        520,
        688
      ]
    ],
    [
      [
        519,
        689
      ]
    ],
    [
      [
        519,
        691
      ]
    ],
    [
      [
        518,
        692
      ]
    ],
    [
      [
        518,
        693
      ]
    ],
    [
      [
        517,
        694
      ]
    ],
    [
      [
        517,
        695
      ]
    ],
    [
      [
        516,
        696
      ]
    ],
    [
      [
        516,
        700
      ]
    ],
    [
      [
        514,
        702
      ]
    ],
    [
      [
        514,
        704
      ]
    ],
    [
      [
        513,
        705
      ]
    ],
    [
      [
        513,
        708
      ]
    ],
    [
      [
        512,
        709
      ]
    ],
    [
      [
        512,
        710
      ]
    ],
    [
      [
        511,
        711
      ]
    ],
    [
      [
        511,
        714
      ]
    ],
    [
      [
        510,
        715
      ]
    ],
    [
      [
        510,
        718
      ]
    ],
    [
      [
        508,
        720
      ]
    ],
    [
      [
        508,
        724
      ]
    ],
    [
      [
        507,
        725
      ]
    ],
    [
      [
        507,
        726
      ]
    ],
    [
      [
        506,
        727
      ]
    ],
    [
      [
        506,
        729
      ]
    ],
    [
      [
        505,
        730
      ]
    ],
    [
      [
        505,
        731
      ]
    ],
    [
      [
        504,
        732
      ]
    ],
    [
      [
        504,
        734
      ]
    ],
    [
      [
        503,
        735
      ]
    ],
    [
      [
        503,
        737
      ]
    ],
    [
      [
        502,
        738
      ]
    ],
    [
      [
        502,
        741
      ]
    ],
    [
      [
        501,
        742
      ]
    ],
    [
      [
        501,
        744
      ]
    ],
    [
      [
        500,
        745
      ]
    ],
    [
      [
        500,
        747
      ]
    ],
    [
      [
        499,
        748
      ]
    ],
    [
      [
        499,
        749
      ]
    ],
    [
      [
        498,
        750
      ]
    ],
    [
      [
        498,
        751
      ]
    ],
    [
      [
        497,
        752
      ]
    ],
    [
      [
        495,
        752
      ]
    ],
    [
      [
        495,
        762
      ]
    ],
    [
      [
        494,
        763
      ]
    ],
    [
      [
        494,
        765
      ]
    ],
    [
      [
        493,
        766
      ]
    ],
    [
      [
        493,
        768
      ]
    ],
    [
      [
        492,
        769
      ]
    ],
    [
      [
        492,
        770
      ]
    ],
    [
      [
        491,
        771
      ]
    ],
    [
      [
        491,
        772
      ]
    ],
    [
      [
        490,
        773
      ]
    ],
    [
      [
        490,
        775
      ]
    ],
    [
      [
        489,
        776
      ]
    ],
    [
      [
        489,
        778
      ]
    ],
    [
      [
        488,
        779
      ]
    ],
    [
      [
        488,
        782
      ]
    ],
    [
      [
        487,
        783
      ]
    ],
    [
      [
        487,
        784
      ]
    ],
    [
      [
        486,
        785
      ]
    ],
    [
      [
        486,
        789
      ]
    ],
    [
      [
        485,
        790
      ]
    ],
    [
      [
        485,
        796
      ]
    ],
    [
      [
        484,
        797
      ]
    ],
    [
      [
        484,
        804
      ]
    ],
    [
      [
        485,
        805
      ]
    ],
    [
      [
        485,
        811
      ]
    ],
    [
      [
        486,
        812
      ]
    ],
    [
      [
        486,
        813
      ]
    ],
    [
      [
        487,
        814
      ]
    ],
    [
      [
        487,
        815
      ]
    ],
    [
      [
        488,
        816
      ]
    ],
    [
      [
        488,
        817
      ]
    ],
    [
      [
        489,
        818
      ]
    ],
    [
      [
        489,
        819
      ]
    ],
    [
      [
        490,
        820
      ]
    ],
    [
      [
        491,
        820
      ]
    ],
    [
      [
        493,
        822
      ]
    ],
    [
      [
        494,
        822
      ]
    ],
    [
      [
        495,
        823
      ]
    ],
    [
      [
        495,
        826
      ]
    ],
    [
      [
        497,
        828
      ]
    ],
    [
      [
        498,
        828
      ]
    ],
    [
      [
        499,
        829
      ]
    ],
    [
      [
        500,
        829
      ]
    ],
    [
      [
        501,
        830
      ]
    ],
    [
      [
        503,
        830
      ]
    ],
    [
      [
        504,
        831
      ]
    ],
    [
      [
        505,
        831
      ]
    ],
    [
      [
        506,
        832
      ]
    ],
    [
      [
        509,
        832
      ]
    ],
    [
      [
        510,
        833
      ]
    ],
    [
      [
        511,
        833
      ]
    ],
    [
      [
        512,
        834
      ]
    ],
    [
      [
        514,
        834
      ]
    ],
    [
      [
        515,
        835
      ]
    ],
    [
      [
        516,
        835
      ]
    ],
    [
      [
        517,
        836
      ]
    ],
    [
      [
        519,
        836
      ]
    ],
    [
      [
        521,
        838
      ]
    ],
    [
      [
        523,
        838
      ]
    ],
    [
      [
        524,
        839
      ]
    ],
    [
      [
        526,
        839
      ]
    ],
    [
      [
        527,
        840
      ]
    ],
    [
      [
        528,
        840
      ]
    ],
    [
      [
        529,
        841
      ]
    ],
    [
      [
        530,
        841
      ]
    ],
    [
      [
        531,
        842
      ]
    ],
    [
      [
        534,
        842
      ]
    ],
    [
      [
        535,
        843
      ]
    ],
    [
      [
        536,
        843
      ]
    ],
    [
      [
        537,
        844
      ]
    ],
    [
      [
        540,
        844
      ]
    ],
    [
      [
        542,
        846
      ]
    ],
    [
      [
        545,
        846
      ]
    ],
    [
      [
        546,
        847
      ]
    ],
    [
      [
        548,
        847
      ]
    ],
    [
      [
        549,
        848
      ]
    ],
    [
      [
        550,
        848
      ]
    ],
    [
      [
        551,
        849
      ]
    ],
    [
      [
        554,
        849
      ]
    ],
    [
      [
        556,
        851
      ]
    ],
    [
      [
        558,
        851
      ]
    ],
    [
      [
        559,
        852
      ]
    ],
    [
      [
        561,
        852
      ]
    ],
    [
      [
        562,
        853
      ]
    ],
    [
      [
        565,
        853
      ]
    ],
    [
      [
        567,
        855
      ]
    ],
    [
      [
        569,
        855
      ]
    ],
    [
      [
        570,
        856
      ]
    ],
    [
      [
        572,
        856
      ]
    ],
    [
      [
        573,
        857
      ]
    ],
    [
      [
        574,
        857
      ]
    ],
    [
      [
        575,
        858
      ]
    ],
    [
      [
        577,
        858
      ]
    ],
    [
      [
        578,
        859
      ]
    ],
    [
      [
        580,
        859
      ]
    ],
    [
      [
        581,
        860
      ]
    ],
    [
      [
        582,
        860
      ]
    ],
    [
      [
        583,
        861
      ]
    ],
    [
      [
        585,
        861
      ]
    ],
    [
      [
        586,
        862
      ]
    ],
    [
      [
        589,
        862
      ]
    ],
    [
      [
        590,
        863
      ]
    ],
    [
      [
        592,
        863
      ]
    ],
    [
      [
        593,
        864
      ]
    ],
    [
      [
        594,
        864
      ]
    ],
    [
      [
        595,
        865
      ]
    ],
    [
      [
        597,
        865
      ]
    ],
    [
      [
        598,
        866
      ]
    ],
    [
      [
        599,
        866
      ]
    ],
    [
      [
        600,
        867
      ]
    ],
    [
      [
        601,
        867
      ]
    ],
    [
      [
        602,
        868
      ]
    ],
    [
      [
        604,
        868
      ]
    ],
    [
      [
        605,
        869
      ]
    ],
    [
      [
        606,
        869
      ]
    ],
    [
      [
        607,
        870
      ]
    ],
    [
      [
        609,
        870
      ]
    ],
    [
      [
        611,
        872
      ]
    ],
    [
      [
        613,
        872
      ]
    ],
    [
      [
        614,
        873
      ]
    ],
    [
      [
        615,
        873
      ]
    ],
    [
      [
        616,
        874
      ]
    ],
    [
      [
        645,
        874
      ]
    ],
    [
      [
        646,
        875
      ]
    ],
    [
      [
        646,
        881
      ]
    ],
    [
      [
        648,
        883
      ]
    ],
    [
      [
        653,
        883
      ]
    ],
    [
      [
        654,
        884
      ]
    ],
    [
      [
        656,
        884
      ]
    ],
    [
      [
        658,
        886
      ]
    ],
    [
      [
        659,
        886
      ]
    ],
    [
      [
        661,
        888
      ]
    ],
    [
      [
        665,
        888
      ]
    ],
    [
      [
        666,
        889
      ]
    ],
    [
      [
        668,
        889
      ]
    ],
    [
      [
        669,
        890
      ]
    ],
    [
      [
        671,
        890
      ]
    ],
    [
      [
        672,
        891
      ]
    ],
    [
      [
        673,
        891
      ]
    ],
    [
      [
        674,
        892
      ]
    ],
    [
      [
        675,
        892
      ]
    ],
    [
      [
        676,
        893
      ]
    ],
    [
      [
        677,
        893
      ]
    ],
    [
      [
        678,
        894
      ]
    ],
    [
      [
        681,
        894
      ]
    ],
    [
      [
        684,
        897
      ]
    ],
    [
      [
        687,
        897
      ]
    ],
    [
      [
        688,
        898
      ]
    ],
    [
      [
        691,
        898
      ]
    ],
    [
      [
        692,
        899
      ]
    ],
    [
      [
        693,
        899
      ]
    ],
    [
      [
        694,
        900
      ]
    ],
    [
      [
        695,
        900
      ]
    ],
    [
      [
        697,
        902
      ]
    ],
    [
      [
        699,
        902
      ]
    ],
    [
      [
        700,
        903
      ]
    ],
    [
      [
        701,
        903
      ]
    ],
    [
      [
        703,
        905
      ]
    ],
    [
      [
        705,
        905
      ]
    ],
    [
      [
        706,
        906
      ]
    ],
    [
      [
        707,
        906
      ]
    ],
    [
      [
        709,
        908
      ]
    ],
    [
      [
        710,
        908
      ]
    ],
    [
      [
        711,
        909
      ]
    ],
    [
      [
        717,
        909
      ]
    ],
    [
      [
        718,
        910
      ]
    ],
    [
      [
        719,
        910
      ]
    ],
    [
      [
        720,
        911
      ]
    ],
    [
      [
        722,
        911
      ]
    ],
    [
      [
        723,
        912
      ]
    ],
    [
      [
        725,
        912
      ]
    ],
    [
      [
        726,
        913
      ]
    ],
    [
      [
        727,
        913
      ]
    ],
    [
      [
        728,
        914
      ]
    ],
    [
      [
        730,
        914
      ]
    ],
    [
      [
        731,
        915
      ]
    ],
    [
      [
        733,
        915
      ]
    ],
    [
      [
        734,
        916
      ]
    ],
    [
      [
        735,
        916
      ]
    ],
    [
      [
        736,
        917
      ]
    ],
    [
      [
        737,
        917
      ]
    ],
    [
      [
        738,
        918
      ]
    ],
    [
      [
        741,
        918
      ]
    ],
    [
      [
        743,
        920
      ]
    ],
    [
      [
        746,
        920
      ]
    ],
    [
      [
        747,
        921
      ]
    ],
    [
      [
        748,
        921
      ]
    ],
    [
      [
        749,
        922
      ]
    ],
    [
      [
        750,
        922
      ]
    ],
    [
      [
        751,
        923
      ]
    ],
    [
      [
        754,
        923
      ]
    ],
    [
      [
        755,
        924
      ]
    ],
    [
      [
        757,
        924
      ]
    ],
    [
      [
        758,
        925
      ]
    ],
    [
      [
        760,
        925
      ]
    ],
    [
      [
        762,
        927
      ]
    ],
    [
      [
        764,
        927
      ]
    ],
    [
      [
        765,
        928
      ]
    ],
    [
      [
        767,
        928
      ]
    ],
    [
      [
        768,
        929
      ]
    ],
    [
      [
        769,
        929
      ]
    ],
    [
      [
        770,
        930
      ]
    ],
    [
      [
        773,
        930
      ]
    ],
    [
      [
        775,
        932
      ]
    ],
    [
      [
        776,
        932
      ]
    ],
    [
      [
        777,
        933
      ]
    ],
    [
      [
        779,
        933
      ]
    ],
    [
      [
        780,
        934
      ]
    ],
    [
      [
        782,
        934
      ]
    ],
    [
      [
        783,
        935
      ]
    ],
    [
      [
        784,
        935
      ]
    ],
    [
      [
        785,
        936
      ]
    ],
    [
      [
        787,
        936
      ]
    ],
    [
      [
        788,
        937
      ]
    ],
    [
      [
        790,
        937
      ]
    ],
    [
      [
        791,
        938
      ]
    ],
    [
      [
        792,
        938
      ]
    ],
    [
      [
        793,
        939
      ]
    ],
    [
      [
        796,
        939
      ]
    ],
    [
      [
        798,
        941
      ]
    ],
    [
      [
        799,
        941
      ]
    ],
    [
      [
        800,
        942
      ]
    ],
    [
      [
        803,
        942
      ]
    ],
    [
      [
        804,
        943
      ]
    ],
    [
      [
        805,
        943
      ]
    ],
    [
      [
        806,
        944
      ]
    ],
    [
      [
        808,
        944
      ]
    ],
    [
      [
        809,
        945
      ]
    ],
    [
      [
        812,
        945
      ]
    ],
    [
      [
        814,
        947
      ]
    ],
    [
      [
        816,
        947
      ]
    ],
    [
      [
        817,
        948
      ]
    ],
    [
      [
        818,
        948
      ]
    ],
    [
      [
        819,
        949
      ]
    ],
    [
      [
        821,
        949
      ]
    ],
    [
      [
        822,
        950
      ]
    ],
    [
      [
        823,
        950
      ]
    ],
    [
      [
        824,
        951
      ]
    ],
    [
      [
        826,
        951
      ]
    ],
    [
      [
        827,
        952
      ]
    ],
    [
      [
        828,
        952
      ]
    ],
    [
      [
        829,
        953
      ]
    ],
    [
      [
        831,
        953
      ]
    ],
    [
      [
        832,
        954
      ]
    ],
    [
      [
        835,
        954
      ]
    ],
    [
      [
        836,
        955
      ]
    ],
    [
      [
        837,
        955
      ]
    ],
    [
      [
        839,
        957
      ]
    ],
    [
      [
        842,
        957
      ]
    ],
    [
      [
        843,
        958
      ]
    ],
    [
      [
        843,
        962
      ]
    ],
    [
      [
        846,
        962
      ]
    ],
    [
      [
        850,
        966
      ]
    ],
    [
      [
        854,
        966
      ]
    ],
    [
      [
        856,
        968
      ]
    ],
    [
      [
        866,
        968
      ]
    ],
    [
      [
        867,
        967
      ]
    ],
    [
      [
        867,
        964
      ]
    ],
    [
      [
        868,
        963
      ]
    ],
    [
      [
        868,
        962
      ]
    ],
    [
      [
        869,
        961
      ]
    ],
    [
      [
        870,
        961
      ]
    ],
    [
      [
        870,
        956
      ]
    ],
    [
      [
        871,
        955
      ]
    ],
    [
      [
        888,
        955
      ]
    ],
    [
      [
        889,
        956
      ]
    ],
    [
      [
        890,
        956
      ]
    ],
    [
      [
        891,
        957
      ]
    ],
    [
      [
        895,
        957
      ]
    ],
    [
      [
        898,
        960
      ]
    ],
    [
      [
        903,
        960
      ]
    ],
    [
      [
        904,
        961
      ]
    ],
    [
      [
        912,
        961
      ]
    ],
    [
      [
        913,
        962
      ]
    ],
    [
      [
        913,
        963
      ]
    ],
    [
      [
        915,
        963
      ]
    ],
    [
      [
        916,
        964
      ]
    ],
    [
      [
        918,
        964
      ]
    ],
    [
      [
        921,
        967
      ]
    ],
    [
      [
        923,
        967
      ]
    ],
    [
      [
        924,
        968
      ]
    ],
    [
      [
        928,
        968
      ]
    ],
    [
      [
        930,
        970
      ]
    ],
    [
      [
        933,
        970
      ]
    ],
    [
      [
        935,
        972
      ]
    ],
    [
      [
        935,
        973
      ]
    ],
    [
      [
        949,
        973
      ]
    ],
    [
      [
        950,
        974
      ]
    ],
    [
      [
        950,
        986
      ]
    ],
    [
      [
        951,
        987
      ]
    ],
    [
      [
        952,
        987
      ]
    ],
    [
      [
        953,
        988
      ]
    ],
    [
      [
        958,
        988
      ]
    ],
    [
      [
        959,
        989
      ]
    ],
    [
      [
        961,
        989
      ]
    ],
    [
      [
        962,
        990
      ]
    ],
    [
      [
        966,
        990
      ]
    ],
    [
      [
        967,
        991
      ]
    ],
    [
      [
        972,
        991
      ]
    ],
    [
      [
        973,
        992
      ]
    ],
    [
      [
        977,
        992
      ]
    ],
    [
      [
        978,
        993
      ]
    ],
    [
      [
        981,
        993
      ]
    ],
    [
      [
        982,
        994
      ]
    ],
    [
      [
        996,
        994
      ]
    ],
    [
      [
        997,
        993
      ]
    ],
    [
      [
        1000,
        993
      ]
    ],
    [
      [
        1001,
        992
      ]
    ],
    [
      [
        1002,
        992
      ]
    ],
    [
      [
        1005,
        989
      ]
    ],
    [
      [
        1009,
        989
      ]
    ],
    [
      [
        1010,
        988
      ]
    ],
    [
      [
        1019,
        988
      ]
    ],
    [
      [
        1020,
        987
      ]
    ],
    [
      [
        1024,
        987
      ]
    ],
    [
      [
        1025,
        986
      ]
    ],
    [
      [
        1030,
        986
      ]
    ],
    [
      [
        1031,
        985
      ]
    ],
    [
      [
        1034,
        985
      ]
    ],
    [
      [
        1035,
        984
      ]
    ],
    [
      [
        1036,
        984
      ]
    ],
    [
      [
        1037,
        983
      ]
    ],
    [
      [
        1039,
        983
      ]
    ],
    [
      [
        1040,
        982
      ]
    ],
    [
      [
        1044,
        982
      ]
    ],
    [
      [
        1046,
        980
      ]
    ],
    [
      [
        1048,
        980
      ]
    ],
    [
      [
        1049,
        979
      ]
    ],
    [
      [
        1052,
        979
      ]
    ],
    [
      [
        1053,
        978
      ]
    ],
    [
      [
        1054,
        978
      ]
    ],
    [
      [
        1056,
        976
      ]
    ],
    [
      [
        1058,
        976
      ]
    ],
    [
      [
        1059,
        975
      ]
    ],
    [
      [
        1060,
        975
      ]
    ],
    [
      [
        1061,
        974
      ]
    ],
    [
      [
        1063,
        974
      ]
    ],
    [
      [
        1065,
        972
      ]
    ],
    [
      [
        1066,
        972
      ]
    ],
    [
      [
        1067,
        971
      ]
    ],
    [
      [
        1084,
        971
      ]
    ],
    [
      [
        1086,
        973
      ]
    ],
    [
      [
        1087,
        973
      ]
    ],
    [
      [
        1088,
        974
      ]
    ],
    [
      [
        1092,
        974
      ]
    ],
    [
      [
        1093,
        975
      ]
    ],
    [
      [
        1093,
        976
      ]
    ],
    [
      [
        1095,
        978
      ]
    ],
    [
      [
        1095,
        979
      ]
    ],
    [
      [
        1096,
        980
      ]
    ],
    [
      [
        1097,
        980
      ]
    ],
    [
      [
        1098,
        981
      ]
    ],
    [
      [
        1098,
        982
      ]
    ],
    [
      [
        1106,
        982
      ]
    ],
    [
      [
        1111,
        977
      ]
    ],
    [
      [
        1111,
        975
      ]
    ],
    [
      [
        1115,
        971
      ]
    ],
    [
      [
        1115,
        970
      ]
    ],
    [
      [
        1118,
        967
      ]
    ],
    [
      [
        1118,
        966
      ]
    ],
    [
      [
        1119,
        965
      ]
    ],
    [
      [
        1119,
        964
      ]
    ],
    [
      [
        1122,
        961
      ]
    ],
    [
      [
        1122,
        960
      ]
    ],
    [
      [
        1123,
        959
      ]
    ],
    [
      [
        1123,
        957
      ]
    ],
    [
      [
        1125,
        955
      ]
    ],
    [
      [
        1125,
        954
      ]
    ],
    [
      [
        1126,
        953
      ]
    ],
    [
      [
        1126,
        952
      ]
    ],
    [
      [
        1127,
        951
      ]
    ],
    [
      [
        1127,
        949
      ]
    ],
    [
      [
        1131,
        945
      ]
    ],
    [
      [
        1131,
        943
      ]
    ],
    [
      [
        1132,
        942
      ]
    ],
    [
      [
        1132,
        941
      ]
    ],
    [
      [
        1134,
        939
      ]
    ],
    [
      [
        1134,
        938
      ]
    ],
    [
      [
        1135,
        937
      ]
    ],
    [
      [
        1135,
        936
      ]
    ],
    [
      [
        1136,
        935
      ]
    ],
    [
      [
        1136,
        933
      ]
    ],
    [
      [
        1138,
        931
      ]
    ],
    [
      [
        1138,
        928
      ]
    ],
    [
      [
        1139,
        927
      ]
    ],
    [
      [
        1139,
        925
      ]
    ],
    [
      [
        1141,
        923
      ]
    ],
    [
      [
        1141,
        921
      ]
    ],
    [
      [
        1142,
        920
      ]
    ],
    [
      [
        1142,
        917
      ]
    ],
    [
      [
        1144,
        915
      ]
    ],
    [
      [
        1144,
        914
      ]
    ],
    [
      [
        1145,
        913
      ]
    ],
    [
      [
        1145,
        912
      ]
    ],
    [
      [
        1146,
        911
      ]
    ],
    [
      [
        1146,
        910
      ]
    ],
    [
      [
        1147,
        909
      ]
    ],
    [
      [
        1147,
        907
      ]
    ],
    [
      [
        1148,
        906
      ]
    ],
    [
      [
        1148,
        904
      ]
    ],
    [
      [
        1149,
        903
      ]
    ],
    [
      [
        1149,
        901
      ]
    ],
    [
      [
        1151,
        899
      ]
    ],
    [
      [
        1151,
        898
      ]
    ],
    [
      [
        1152,
        897
      ]
    ],
    [
      [
        1152,
        896
      ]
    ],
    [
      [
        1154,
        894
      ]
    ],
    [
      [
        1154,
        890
      ]
    ],
    [
      [
        1155,
        889
      ]
    ],
    [
      [
        1155,
        888
      ]
    ],
    [
      [
        1157,
        886
      ]
    ],
    [
      [
        1157,
        885
      ]
    ],
    [
      [
        1160,
        882
      ]
    ],
    [
      [
        1160,
        881
      ]
    ],
    [
      [
        1161,
        880
      ]
    ],
    [
      [
        1161,
        873
      ]
    ],
    [
      [
        1150,
        873
      ]
    ],
    [
      [
        1149,
        872
      ]
    ],
    [
      [
        1149,
        854
      ]
    ],
    [
      [
        1152,
        851
      ]
    ],
    [
      [
        1152,
        840
      ]
    ],
    [
      [
        1143,
        840
      ]
    ],
    [
      [
        1142,
        839
      ]
    ],
    [
      [
        1142,
        821
      ]
    ],
    [
      [
        1143,
        820
      ]
    ],
    [
      [
        1143,
        819
      ]
    ],
    [
      [
        1144,
        818
      ]
    ],
    [
      [
        1144,
        816
      ]
    ],
    [
      [
        1145,
        815
      ]
    ],
    [
      [
        1145,
        813
      ]
    ],
    [
      [
        1147,
        811
      ]
    ],
    [
      [
        1147,
        810
      ]
    ],
    [
      [
        1149,
        808
      ]
    ],
    [
      [
        1149,
        806
      ]
    ],
    [
      [
        1150,
        805
      ]
    ],
    [
      [
        1150,
        803
      ]
    ],
    [
      [
        1151,
        802
      ]
    ],
    [
      [
        1151,
        800
      ]
    ],
    [
      [
        1152,
        799
      ]
    ],
    [
      [
        1152,
        797
      ]
    ],
    [
      [
        1155,
        794
      ]
    ],
    [
      [
        1155,
        792
      ]
    ],
    [
      [
        1157,
        790
      ]
    ],
    [
      [
        1157,
        788
      ]
    ],
    [
      [
        1158,
        787
      ]
    ],
    [
      [
        1180,
        787
      ]
    ],
    [
      [
        1181,
        788
      ]
    ],
    [
      [
        1181,
        808
      ]
    ],
    [
      [
        1180,
        809
      ]
    ],
    [
      [
        1180,
        810
      ]
    ],
    [
      [
        1178,
        812
      ]
    ],
    [
      [
        1178,
        816
      ]
    ],
    [
      [
        1177,
        817
      ]
    ],
    [
      [
        1177,
        818
      ]
    ],
    [
      [
        1176,
        819
      ]
    ],
    [
      [
        1176,
        822
      ]
    ],
    [
      [
        1175,
        823
      ]
    ],
    [
      [
        1174,
        823
      ]
    ],
    [
      [
        1174,
        828
      ]
    ],
    [
      [
        1172,
        830
      ]
    ],
    [
      [
        1172,
        832
      ]
    ],
    [
      [
        1171,
        833
      ]
    ],
    [
      [
        1171,
        839
      ]
    ],
    [
      [
        1178,
        839
      ]
    ],
    [
      [
        1178,
        838
      ]
    ],
    [
      [
        1179,
        837
      ]
    ],
    [
      [
        1179,
        836
      ]
    ],
    [
      [
        1180,
        835
      ]
    ],
    [
      [
        1180,
        830
      ]
    ],
    [
      [
        1182,
        828
      ]
    ],
    [
      [
        1182,
        826
      ]
    ],
    [
      [
        1183,
        825
      ]
    ],
    [
      [
        1183,
        823
      ]
    ],
    [
      [
        1184,
        822
      ]
    ],
    [
      [
        1184,
        819
      ]
    ],
    [
      [
        1186,
        817
      ]
    ],
    [
      [
        1186,
        816
      ]
    ],
    [
      [
        1187,
        815
      ]
    ],
    [
      [
        1187,
        811
      ]
    ],
    [
      [
        1188,
        810
      ]
    ],
    [
      [
        1188,
        808
      ]
    ],
    [
      [
        1189,
        807
      ]
    ],
    [
      [
        1189,
        806
      ]
    ],
    [
      [
        1190,
        805
      ]
    ],
    [
      [
        1190,
        804
      ]
    ],
    [
      [
        1191,
        803
      ]
    ],
    [
      [
        1191,
        802
      ]
    ],
    [
      [
        1192,
        801
      ]
    ],
    [
      [
        1192,
        800
      ]
    ],
    [
      [
        1193,
        799
      ]
    ],
    [
      [
        1193,
        798
      ]
    ],
    [
      [
        1194,
        797
      ]
    ],
    [
      [
        1194,
        796
      ]
    ],
    [
      [
        1195,
        795
      ]
    ],
    [
      [
        1195,
        793
      ]
    ],
    [
      [
        1197,
        791
      ]
    ],
    [
      [
        1197,
        789
      ]
    ],
    [
      [
        1200,
        786
      ]
    ],
    [
      [
        1200,
        783
      ]
    ],
    [
      [
        1201,
        782
      ]
    ],
    [
      [
        1201,
        780
      ]
    ],
    [
      [
        1203,
        778
      ]
    ],
    [
      [
        1203,
        775
      ]
    ],
    [
      [
        1204,
        774
      ]
    ],
    [
      [
        1204,
        773
      ]
    ],
    [
      [
        1206,
        771
      ]
    ],
    [
      [
        1206,
        768
      ]
    ],
    [
      [
        1209,
        765
      ]
    ],
    [
      [
        1209,
        762
      ]
    ],
    [
      [
        1210,
        761
      ]
    ],
    [
      [
        1210,
        759
      ]
    ],
    [
      [
        1211,
        758
      ]
    ],
    [
      [
        1211,
        757
      ]
    ],
    [
      [
        1212,
        756
      ]
    ],
    [
      [
        1212,
        755
      ]
    ],
    [
      [
        1213,
        754
      ]
    ],
    [
      [
        1213,
        753
      ]
    ],
    [
      [
        1215,
        751
      ]
    ],
    [
      [
        1215,
        750
      ]
    ],
    [
      [
        1216,
        749
      ]
    ],
    [
      [
        1216,
        746
      ]
    ],
    [
      [
        1218,
        744
      ]
    ],
    [
      [
        1218,
        742
      ]
    ],
    [
      [
        1219,
        741
      ]
    ],
    [
      [
        1219,
        740
      ]
    ],
    [
      [
        1220,
        739
      ]
    ],
    [
      [
        1220,
        737
      ]
    ],
    [
      [
        1221,
        736
      ]
    ],
    [
      [
        1221,
        733
      ]
    ],
    [
      [
        1223,
        731
      ]
    ],
    [
      [
        1223,
        730
      ]
    ],
    [
      [
        1224,
        729
      ]
    ],
    [
      [
        1224,
        728
      ]
    ],
    [
      [
        1225,
        727
      ]
    ],
    [
      [
        1225,
        726
      ]
    ],
    [
      [
        1226,
        725
      ]
    ],
    [
      [
        1226,
        723
      ]
    ],
    [
      [
        1227,
        722
      ]
    ],
    [
      [
        1227,
        717
      ]
    ],
    [
      [
        1230,
        714
      ]
    ],
    [
      [
        1230,
        713
      ]
    ],
    [
      [
        1231,
        712
      ]
    ],
    [
      [
        1231,
        710
      ]
    ],
    [
      [
        1232,
        709
      ]
    ],
    [
      [
        1232,
        708
      ]
    ],
    [
      [
        1233,
        707
      ]
    ],
    [
      [
        1233,
        706
      ]
    ],
    [
      [
        1234,
        705
      ]
    ],
    [
      [
        1234,
        701
      ]
    ],
    [
      [
        1235,
        700
      ]
    ],
    [
      [
        1235,
        699
      ]
    ],
    [
      [
        1236,
        698
      ]
    ],
    [
      [
        1236,
        696
      ]
    ],
    [
      [
        1237,
        695
      ]
    ],
    [
      [
        1239,
        695
      ]
    ],
    [
      [
        1239,
        686
      ]
    ],
    [
      [
        1240,
        685
      ]
    ],
    [
      [
        1242,
        685
      ]
    ],
    [
      [
        1242,
        681
      ]
    ],
    [
      [
        1243,
        680
      ]
    ],
    [
      [
        1243,
        678
      ]
    ],
    [
      [
        1244,
        677
      ]
    ],
    [
      [
        1244,
        676
      ]
    ],
    [
      [
        1247,
        673
      ]
    ],
    [
      [
        1247,
        672
      ]
    ],
    [
      [
        1248,
        671
      ]
    ],
    [
      [
        1248,
        669
      ]
    ],
    [
      [
        1249,
        668
      ]
    ],
    [
      [
        1250,
        668
      ]
    ],
    [
      [
        1250,
        666
      ]
    ],
    [
      [
        1251,
        665
      ]
    ],
    [
      [
        1251,
        664
      ]
    ],
    [
      [
        1253,
        662
      ]
    ],
    [
      [
        1254,
        662
      ]
    ],
    [
      [
        1254,
        658
      ]
    ],
    [
      [
        1255,
        657
      ]
    ],
    [
      [
        1255,
        655
      ]
    ],
    [
      [
        1257,
        653
      ]
    ],
    [
      [
        1257,
        652
      ]
    ],
    [
      [
        1259,
        650
      ]
    ],
    [
      [
        1259,
        645
      ]
    ],
    [
      [
        1260,
        644
      ]
    ],
    [
      [
        1260,
        643
      ]
    ],
    [
      [
        1262,
        641
      ]
    ],
    [
      [
        1262,
        638
      ]
    ],
    [
      [
        1265,
        635
      ]
    ],
    [
      [
        1265,
        629
      ]
    ],
    [
      [
        1258,
        629
      ]
    ],
    [
      [
        1258,
        630
      ]
    ],
    [
      [
        1257,
        631
      ]
    ],
    [
      [
        1256,
        631
      ]
    ],
    [
      [
        1256,
        634
      ]
    ],
    [
      [
        1255,
        635
      ]
    ],
    [
      [
        1255,
        636
      ]
    ],
    [
      [
        1254,
        637
      ]
    ],
    [
      [
        1254,
        638
      ]
    ],
    [
      [
        1253,
        639
      ]
    ],
    [
      [
        1253,
        644
      ]
    ],
    [
      [
        1251,
        646
      ]
    ],
    [
      [
        1251,
        647
      ]
    ],
    [
      [
        1249,
        649
      ]
    ],
    [
      [
        1249,
        651
      ]
    ],
    [
      [
        1247,
        653
      ]
    ],
    [
      [
        1230,
        653
      ]
    ],
    [
      [
        1229,
        652
      ]
    ],
    [
      [
        1229,
        635
      ]
    ],
    [
      [
        1230,
        634
      ]
    ],
    [
      [
        1230,
        633
      ]
    ],
    [
      [
        1231,
        632
      ]
    ],
    [
      [
        1231,
        631
      ]
    ],
    [
      [
        1232,
        630
      ]
    ],
    [
      [
        1232,
        629
      ]
    ],
    [
      [
        1233,
        628
      ]
    ],
    [
      [
        1233,
        627
      ]
    ],
    [
      [
        1234,
        626
      ]
    ],
    [
      [
        1234,
        625
      ]
    ],
    [
      [
        1235,
        624
      ]
    ],
    [
      [
        1235,
        621
      ]
    ],
    [
      [
        1236,
        620
      ]
    ],
    [
      [
        1236,
        618
      ]
    ],
    [
      [
        1238,
        616
      ]
    ],
    [
      [
        1239,
        616
      ]
    ],
    [
      [
        1239,
        612
      ]
    ],
    [
      [
        1240,
        611
      ]
    ],
    [
      [
        1240,
        610
      ]
    ],
    [
      [
        1241,
        609
      ]
    ],
    [
      [
        1241,
        608
      ]
    ],
    [
      [
        1242,
        607
      ]
    ],
    [
      [
        1242,
        606
      ]
    ],
    [
      [
        1243,
        605
      ]
    ],
    [
      [
        1243,
        604
      ]
    ],
    [
      [
        1244,
        603
      ]
    ],
    [
      [
        1244,
        601
      ]
    ],
    [
      [
        1246,
        599
      ]
    ],
    [
      [
        1246,
        597
      ]
    ],
    [
      [
        1247,
        596
      ]
    ],
    [
      [
        1247,
        595
      ]
    ],
    [
      [
        1248,
        594
      ]
    ],
    [
      [
        1248,
        593
      ]
    ],
    [
      [
        1249,
        592
      ]
    ],
    [
      [
        1249,
        591
      ]
    ],
    [
      [
        1250,
        590
      ]
    ],
    [
      [
        1250,
        589
      ]
    ],
    [
      [
        1251,
        588
      ]
    ],
    [
      [
        1251,
        586
      ]
    ],
    [
      [
        1252,
        585
      ]
    ],
    [
      [
        1252,
        584
      ]
    ],
    [
      [
        1253,
        583
      ]
    ],
    [
      [
        1253,
        578
      ]
    ],
    [
      [
        1255,
        576
      ]
    ],
    [
      [
        1255,
        575
      ]
    ],
    [
      [
        1259,
        571
      ]
    ],
    [
      [
        1271,
        571
      ]
    ],
    [
      [
        1272,
        570
      ]
    ],
    [
      [
        1272,
        569
      ]
    ],
    [
      [
        1273,
        568
      ]
    ],
    [
      [
        1277,
        568
      ]
    ],
    [
      [
        1277,
        557
      ]
    ],
    [
      [
        1279,
        555
      ]
    ],
    [
      [
        1279,
        553
      ]
    ],
    [
      [
        1281,
        551
      ]
    ],
    [
      [
        1281,
        548
      ]
    ],
    [
      [
        1282,
        547
      ]
    ],
    [
      [
        1282,
        545
      ]
    ],
    [
      [
        1283,
        544
      ]
    ],
    [
      [
        1283,
        541
      ]
    ],
    [
      [
        1284,
        540
      ]
    ],
    [
      [
        1284,
        538
      ]
    ],
    [
      [
        1285,
        537
      ]
    ],
    [
      [
        1285,
        535
      ]
    ],
    [
      [
        1287,
        533
      ]
    ],
    [
      [
        1287,
        532
      ]
    ],
    [
      [
        1288,
        531
      ]
    ],
    [
      [
        1288,
        530
      ]
    ],
    [
      [
        1289,
        529
      ]
    ],
    [
      [
        1289,
        527
      ]
    ],
    [
      [
        1290,
        526
      ]
    ],
    [
      [
        1290,
        525
      ]
    ],
    [
      [
        1291,
        524
      ]
    ],
    [
      [
        1292,
        524
      ]
    ],
    [
      [
        1292,
        513
      ]
    ],
    [
      [
        1291,
        512
      ]
    ],
    [
      [
        1291,
        493
      ]
    ],
    [
      [
        1292,
        492
      ]
    ],
    [
      [
        1308,
        492
      ]
    ],
    [
      [
        1308,
        490
      ]
    ],
    [
      [
        1310,
        488
      ]
    ],
    [
      [
        1310,
        487
      ]
    ],
    [
      [
        1311,
        486
      ]
    ],
    [
      [
        1311,
        483
      ]
    ],
    [
      [
        1314,
        480
      ]
    ],
    [
      [
        1314,
        477
      ]
    ],
    [
      [
        1315,
        476
      ]
    ],
    [
      [
        1315,
        474
      ]
    ],
    [
      [
        1316,
        473
      ]
    ],
    [
      [
        1316,
        472
      ]
    ],
    [
      [
        1317,
        471
      ]
    ],
    [
      [
        1317,
        466
      ]
    ],
    [
      [
        1319,
        464
      ]
    ],
    [
      [
        1319,
        463
      ]
    ],
    [
      [
        1320,
        462
      ]
    ],
    [
      [
        1320,
        461
      ]
    ],
    [
      [
        1321,
        460
      ]
    ],
    [
      [
        1321,
        459
      ]
    ],
    [
      [
        1322,
        458
      ]
    ],
    [
      [
        1322,
        456
      ]
    ],
    [
      [
        1323,
        455
      ]
    ],
    [
      [
        1323,
        453
      ]
    ],
    [
      [
        1324,
        452
      ]
    ],
    [
      [
        1324,
        451
      ]
    ],
    [
      [
        1325,
        450
      ]
    ],
    [
      [
        1325,
        449
      ]
    ],
    [
      [
        1326,
        448
      ]
    ],
    [
      [
        1326,
        447
      ]
    ],
    [
      [
        1327,
        446
      ]
    ],
    [
      [
        1327,
        443
      ]
    ],
    [
      [
        1329,
        441
      ]
    ],
    [
      [
        1329,
        439
      ]
    ],
    [
      [
        1330,
        438
      ]
    ],
    [
      [
        1330,
        436
      ]
    ],
    [
      [
        1331,
        435
      ]
    ],
    [
      [
        1331,
        433
      ]
    ],
    [
      [
        1333,
        431
      ]
    ],
    [
      [
        1333,
        430
      ]
    ],
    [
      [
        1334,
        429
      ]
    ],
    [
      [
        1334,
        427
      ]
    ],
    [
      [
        1335,
        426
      ]
    ],
    [
      [
        1335,
        425
      ]
    ],
    [
      [
        1336,
        424
      ]
    ],
    [
      [
        1336,
        423
      ]
    ],
    [
      [
        1337,
        422
      ]
    ],
    [
      [
        1337,
        420
      ]
    ],
    [
      [
        1338,
        419
      ]
    ],
    [
      [
        1338,
        417
      ]
    ],
    [
      [
        1339,
        416
      ]
    ],
    [
      [
        1339,
        413
      ]
    ],
    [
      [
        1341,
        411
      ]
    ],
    [
      [
        1341,
        410
      ]
    ],
    [
      [
        1342,
        409
      ]
    ],
    [
      [
        1342,
        405
      ]
    ],
    [
      [
        1344,
        403
      ]
    ],
    [
      [
        1344,
        401
      ]
    ],
    [
      [
        1345,
        400
      ]
    ],
    [
      [
        1345,
        396
      ]
    ],
    [
      [
        1346,
        395
      ]
    ],
    [
      [
        1346,
        393
      ]
    ],
    [
      [
        1347,
        392
      ]
    ],
    [
      [
        1347,
        389
      ]
    ],
    [
      [
        1348,
        388
      ]
    ],
    [
      [
        1348,
        384
      ]
    ],
    [
      [
        1349,
        383
      ]
    ],
    [
      [
        1349,
        379
      ]
    ],
    [
      [
        1350,
        378
      ]
    ],
    [
      [
        1350,
        375
      ]
    ],
    [
      [
        1351,
        374
      ]
    ],
    [
      [
        1351,
        345
      ]
    ],
    [
      [
        1352,
        344
      ]
    ],
    [
      [
        1370,
        344
      ]
    ],
    [
      [
        1371,
        345
      ]
    ],
    [
      [
        1371,
        374
      ]
    ],
    [
      [
        1370,
        375
      ]
    ],
    [
      [
        1370,
        382
      ]
    ],
    [
      [
        1376,
        382
      ]
    ],
    [
      [
        1376,
        381
      ]
    ],
    [
      [
        1377,
        380
      ]
    ],
    [
      [
        1377,
        378
      ]
    ],
    [
      [
        1378,
        377
      ]
    ],
    [
      [
        1378,
        372
      ]
    ],
    [
      [
        1379,
        371
      ]
    ],
    [
      [
        1379,
        366
      ]
    ],
    [
      [
        1380,
        365
      ]
    ],
    [
      [
        1380,
        364
      ]
    ],
    [
      [
        1381,
        363
      ]
    ],
    [
      [
        1381,
        359
      ]
    ],
    [
      [
        1382,
        358
      ]
    ],
    [
      [
        1383,
        358
      ]
    ],
    [
      [
        1383,
        342
      ]
    ],
    [
      [
        1382,
        341
      ]
    ],
    [
      [
        1381,
        341
      ]
    ],
    [
      [
        1380,
        340
      ]
    ],
    [
      [
        1380,
        339
      ]
    ],
    [
      [
        1379,
        338
      ]
    ],
    [
      [
        1351,
        338
      ]
    ],
    [
      [
        1349,
        336
      ]
    ],
    [
      [
        1349,
        327
      ]
    ],
    [
      [
        1348,
        326
      ]
    ],
    [
      [
        1348,
        319
      ]
    ],
    [
      [
        1347,
        318
      ]
    ],
    [
      [
        1347,
        317
      ]
    ],
    [
      [
        1346,
        316
      ]
    ],
    [
      [
        1346,
        312
      ]
    ],
    [
      [
        1345,
        311
      ]
    ],
    [
      [
        1345,
        310
      ]
    ],
    [
      [
        1344,
        309
      ]
    ],
    [
      [
        1344,
        307
      ]
    ],
    [
      [
        1343,
        306
      ]
    ],
    [
      [
        1343,
        304
      ]
    ],
    [
      [
        1342,
        303
      ]
    ],
    [
      [
        1342,
        302
      ]
    ],
    [
      [
        1341,
        301
      ]
    ],
    [
      [
        1341,
        299
      ]
    ],
    [
      [
        1340,
        298
      ]
    ],
    [
      [
        1340,
        297
      ]
    ],
    [
      [
        1339,
        296
      ]
    ],
    [
      [
        1339,
        292
      ]
    ],
    [
      [
        1337,
        290
      ]
    ],
    [
      [
        1337,
        289
      ]
    ],
    [
      [
        1336,
        288
      ]
    ],
    [
      [
        1336,
        287
      ]
    ],
    [
      [
        1335,
        286
      ]
    ],
    [
      [
        1335,
        285
      ]
    ],
    [
      [
        1330,
        280
      ]
    ],
    [
      [
        1330,
        278
      ]
    ],
    [
      [
        1329,
        277
      ]
    ],
    [
      [
        1329,
        276
      ]
    ],
    [
      [
        1327,
        274
      ]
    ],
    [
      [
        1327,
        272
      ]
    ],
    [
      [
        1324,
        269
      ]
    ],
    [
      [
        1324,
        268
      ]
    ],
    [
      [
        1321,
        265
      ]
    ],
    [
      [
        1321,
        264
      ]
    ],
    [
      [
        1320,
        264
      ]
    ],
    [
      [
        1318,
        262
      ]
    ],
    [
      [
        1318,
        260
      ]
    ],
    [
      [
        1317,
        260
      ]
    ],
    [
      [
        1314,
        257
      ]
    ],
    [
      [
        1312,
        257
      ]
    ],
    [
      [
        1311,
        256
      ]
    ],
    [
      [
        1311,
        252
      ]
    ],
    [
      [
        1309,
        250
      ]
    ],
    [
      [
        1309,
        238
      ]
    ],
    [
      [
        1308,
        237
      ]
    ],
    [
      [
        1308,
        236
      ]
    ],
    [
      [
        1305,
        233
      ]
    ],
    [
      [
        1305,
        232
      ]
    ],
    [
      [
        1303,
        230
      ]
    ],
    [
      [
        1302,
        230
      ]
    ],
    [
      [
        1301,
        229
      ]
    ],
    [
      [
        1301,
        225
      ]
    ],
    [
      [
        1295,
        219
      ]
    ],
    [
      [
        1291,
        219
      ]
    ],
    [
      [
        1290,
        218
      ]
    ],
    [
      [
        1288,
        218
      ]
    ],
    [
      [
        1287,
        217
      ]
    ],
    [
      [
        1286,
        217
      ]
    ],
    [
      [
        1284,
        215
      ]
    ],
    [
      [
        1281,
        215
      ]
    ],
    [
      [
        1279,
        213
      ]
    ],
    [
      [
        1276,
        213
      ]
    ],
    [
      [
        1275,
        212
      ]
    ],
    [
      [
        1273,
        212
      ]
    ],
    [
      [
        1271,
        210
      ]
    ],
    [
      [
        1270,
        210
      ]
    ],
    [
      [
        1269,
        209
      ]
    ],
    [
      [
        1266,
        209
      ]
    ],
    [
      [
        1264,
        207
      ]
    ],
    [
      [
        1253,
        207
      ]
    ],
    [
      [
        1252,
        206
      ]
    ],
    [
      [
        1251,
        206
      ]
    ],
    [
      [
        1250,
        205
      ]
    ],
    [
      [
        1238,
        205
      ]
    ],
    [
      [
        1237,
        204
      ]
    ],
    [
      [
        1237,
        203
      ]
    ],
    [
      [
        1232,
        203
      ]
    ],
    [
      [
        1231,
        202
      ]
    ],
    [
      [
        1231,
        199
      ]
    ],
    [
      [
        1227,
        199
      ]
    ],
    [
      [
        1226,
        198
      ]
    ],
    [
      [
        1201,
        198
      ]
    ],
    [
      [
        1200,
        197
      ]
    ],
    [
      [
        1200,
        191
      ]
    ],
    [
      [
        1199,
        190
      ]
    ],
    [
      [
        1199,
        180
      ]
    ],
    [
      [
        1198,
        179
      ]
    ],
    [
      [
        1198,
        178
      ]
    ],
    [
      [
        1197,
        178
      ]
    ],
    [
      [
        1194,
        175
      ]
    ],
    [
      [
        1192,
        175
      ]
    ],
    [
      [
        1191,
        174
      ]
    ],
    [
      [
        1189,
        174
      ]
    ],
    [
      [
        1188,
        173
      ]
    ],
    [
      [
        1187,
        173
      ]
    ],
    [
      [
        1185,
        171
      ]
    ],
    [
      [
        1184,
        171
      ]
    ],
    [
      [
        1183,
        170
      ]
    ],
    [
      [
        1182,
        170
      ]
    ],
    [
      [
        1180,
        168
      ]
    ],
    [
      [
        1176,
        168
      ]
    ],
    [
      [
        1175,
        167
      ]
    ],
    [
      [
        1175,
        166
      ]
    ],
    [
      [
        1172,
        166
      ]
    ],
    [
      [
        1171,
        165
      ]
    ],
    [
      [
        1170,
        165
      ]
    ],
    [
      [
        1169,
        164
      ]
    ],
    [
      [
        1169,
        163
      ]
    ],
    [
      [
        1166,
        163
      ]
    ],
    [
      [
        1165,
        162
      ]
    ],
    [
      [
        1163,
        162
      ]
    ],
    [
      [
        1162,
        161
      ]
    ],
    [
      [
        1161,
        161
      ]
    ],
    [
      [
        1160,
        160
      ]
    ],
    [
      [
        1159,
        160
      ]
    ],
    [
      [
        1158,
        159
      ]
    ],
    [
      [
        1156,
        159
      ]
    ],
    [
      [
        1154,
        157
      ]
    ],
    [
      [
        1153,
        157
      ]
    ],
    [
      [
        1152,
        156
      ]
    ],
    [
      [
        1151,
        156
      ]
    ],
    [
      [
        1150,
        155
      ]
    ],
    [
      [
        1147,
        155
      ]
    ],
    [
      [
        1145,
        153
      ]
    ],
    [
      [
        1143,
        153
      ]
    ],
    [
      [
        1142,
        152
      ]
    ],
    [
      [
        1141,
        152
      ]
    ],
    [
      [
        1140,
        151
      ]
    ],
    [
      [
        1138,
        151
      ]
    ],
    [
      [
        1137,
        150
      ]
    ],
    [
      [
        1135,
        150
      ]
    ],
    [
      [
        1134,
        149
      ]
    ],
    [
      [
        1134,
        148
      ]
    ],
    [
      [
        1131,
        148
      ]
    ],
    [
      [
        1129,
        146
      ]
    ],
    [
      [
        1128,
        146
      ]
    ],
    [
      [
        1127,
        145
      ]
    ],
    [
      [
        1126,
        145
      ]
    ],
    [
      [
        1125,
        144
      ]
    ],
    [
      [
        1123,
        144
      ]
    ],
    [
      [
        1122,
        143
      ]
    ],
    [
      [
        1120,
        143
      ]
    ],
    [
      [
        1118,
        141
      ]
    ],
    [
      [
        1116,
        141
      ]
    ],
    [
      [
        1114,
        139
      ]
    ],
    [
      [
        1113,
        139
      ]
    ],
    [
      [
        1112,
        138
      ]
    ],
    [
      [
        1107,
        138
      ]
    ],
    [
      [
        1106,
        137
      ]
    ],
    [
      [
        1105,
        137
      ]
    ],
    [
      [
        1103,
        135
      ]
    ],
    [
      [
        1102,
        135
      ]
    ],
    [
      [
        1101,
        134
      ]
    ],
    [
      [
        1098,
        134
      ]
    ],
    [
      [
        1097,
        133
      ]
    ],
    [
      [
        1096,
        133
      ]
    ],
    [
      [
        1095,
        132
      ]
    ],
    [
      [
        1095,
        131
      ]
    ],
    [
      [
        1093,
        131
      ]
    ],
    [
      [
        1091,
        129
      ]
    ],
    [
      [
        1088,
        129
      ]
    ],
    [
      [
        1087,
        128
      ]
    ],
    [
      [
        1086,
        128
      ]
    ],
    [
      [
        1085,
        127
      ]
    ],
    [
      [
        1083,
        127
      ]
    ],
    [
      [
        1082,
        126
      ]
    ],
    [
      [
        1081,
        126
      ]
    ],
    [
      [
        1079,
        124
      ]
    ],
    [
      [
        1078,
        124
      ]
    ],
    [
      [
        1077,
        123
      ]
    ],
    [
      [
        1074,
        123
      ]
    ],
    [
      [
        1073,
        122
      ]
    ],
    [
      [
        1072,
        122
      ]
    ],
    [
      [
        1071,
        121
      ]
    ],
    [
      [
        1069,
        121
      ]
    ],
    [
      [
        1068,
        120
      ]
    ],
    [
      [
        1067,
        120
      ]
    ],
    [
      [
        1066,
        119
      ]
    ],
    [
      [
        1065,
        119
      ]
    ],
    [
      [
        1064,
        118
      ]
    ],
    [
      [
        1061,
        118
      ]
    ],
    [
      [
        1058,
        115
      ]
    ],
    [
      [
        1057,
        115
      ]
    ],
    [
      [
        1056,
        114
      ]
    ],
    [
      [
        1054,
        114
      ]
    ],
    [
      [
        1053,
        113
      ]
    ],
    [
      [
        1052,
        113
      ]
    ],
    [
      [
        1051,
        112
      ]
    ],
    [
      [
        1050,
        112
      ]
    ],
    [
      [
        1049,
        111
      ]
    ],
    [
      [
        1048,
        111
      ]
    ],
    [
      [
        1047,
        110
      ]
    ],
    [
      [
        1046,
        110
      ]
    ],
    [
      [
        1045,
        109
      ]
    ],
    [
      [
        1042,
        109
      ]
    ],
    [
      [
        1041,
        108
      ]
    ],
    [
      [
        1039,
        108
      ]
    ],
    [
      [
        1038,
        107
      ]
    ],
    [
      [
        1037,
        107
      ]
    ],
    [
      [
        1036,
        106
      ]
    ],
    [
      [
        1036,
        105
      ]
    ],
    [
      [
        1032,
        105
      ]
    ],
    [
      [
        1030,
        103
      ]
    ],
    [
      [
        1028,
        103
      ]
    ],
    [
      [
        1027,
        102
      ]
    ],
    [
      [
        1023,
        102
      ]
    ],
    [
      [
        1022,
        101
      ]
    ],
    [
      [
        1021,
        101
      ]
    ],
    [
      [
        1020,
        100
      ]
    ],
    [
      [
        1019,
        100
      ]
    ],
    [
      [
        1018,
        99
      ]
    ],
    [
      [
        1016,
        99
      ]
    ],
    [
      [
        1014,
        97
      ]
    ],
    [
      [
        1012,
        97
      ]
    ],
    [
      [
        1011,
        96
      ]
    ],
    [
      [
        1009,
        96
      ]
    ],
    [
      [
        1007,
        94
      ]
    ],
    [
      [
        1006,
        94
      ]
    ],
    [
      [
        1005,
        93
      ]
    ],
    [
      [
        1003,
        93
      ]
    ],
    [
      [
        1002,
        92
      ]
    ],
    [
      [
        1001,
        92
      ]
    ],
    [
      [
        1000,
        91
      ]
    ],
    [
      [
        996,
        91
      ]
    ],
    [
      [
        995,
        90
      ]
    ],
    [
      [
        994,
        90
      ]
    ],
    [
      [
        993,
        89
      ]
    ],
    [
      [
        992,
        89
      ]
    ],
    [
      [
        990,
        87
      ]
    ],
    [
      [
        989,
        87
      ]
    ],
    [
      [
        988,
        86
      ]
    ],
    [
      [
        986,
        86
      ]
    ],
    [
      [
        985,
        85
      ]
    ],
    [
      [
        984,
        85
      ]
    ],
    [
      [
        983,
        84
      ]
    ],
    [
      [
        982,
        84
      ]
    ],
    [
      [
        980,
        82
      ]
    ],
    [
      [
        979,
        82
      ]
    ],
    [
      [
        978,
        81
      ]
    ],
    [
      [
        976,
        81
      ]
    ],
    [
      [
        974,
        79
      ]
    ],
    [
      [
        969,
        79
      ]
    ],
    [
      [
        968,
        78
      ]
    ],
    [
      [
        965,
        78
      ]
    ],
    [
      [
        963,
        76
      ]
    ],
    [
      [
        962,
        76
      ]
    ],
    [
      [
        961,
        75
      ]
    ],
    [
      [
        961,
        74
      ]
    ],
    [
      [
        960,
        73
      ]
    ],
    [
      [
        959,
        73
      ]
    ],
    [
      [
        958,
        72
      ]
    ],
    [
      [
        944,
        72
      ]
    ],
    [
      [
        942,
        70
      ]
    ],
    [
      [
        941,
        70
      ]
    ],
    [
      [
        940,
        69
      ]
    ],
    [
      [
        939,
        69
      ]
    ],
    [
      [
        937,
        67
      ]
    ],
    [
      [
        919,
        67
      ]
    ],
    [
      [
        917,
        65
      ]
    ],
    [
      [
        917,
        58
      ]
    ],
    [
      [
        916,
        57
      ]
    ],
    [
      [
        915,
        57
      ]
    ],
    [
      [
        914,
        56
      ]
    ],
    [
      [
        910,
        56
      ]
    ],
    [
      [
        909,
        55
      ]
    ],
    [
      [
        906,
        55
      ]
    ],
    [
      [
        905,
        54
      ]
    ],
    [
      [
        904,
        54
      ]
    ],
    [
      [
        903,
        53
      ]
    ],
    [
      [
        901,
        53
      ]
    ],
    [
      [
        900,
        52
      ]
    ],
    [
      [
        899,
        52
      ]
    ],
    [
      [
        898,
        51
      ]
    ],
    [
      [
        897,
        51
      ]
    ],
    [
      [
        896,
        50
      ]
    ],
    [
      [
        893,
        50
      ]
    ],
    [
      [
        892,
        49
      ]
    ],
    [
      [
        891,
        49
      ]
    ],
    [
      [
        890,
        48
      ]
    ],
    [
      [
        889,
        48
      ]
    ],
    [
      [
        888,
        47
      ]
    ],
    [
      [
        888,
        43
      ]
    ],
    [
      [
        885,
        43
      ]
    ],
    [
      [
        884,
        42
      ]
    ],
    [
      [
        883,
        42
      ]
    ],
    [
      [
        882,
        41
      ]
    ],
    [
      [
        880,
        41
      ]
    ],
    [
      [
        879,
        40
      ]
    ],
    [
      [
        878,
        40
      ]
    ],
    [
      [
        877,
        39
      ]
    ],
    [
      [
        875,
        39
      ]
    ],
    [
      [
        874,
        38
      ]
    ],
    [
      [
        873,
        38
      ]
    ],
    [
      [
        872,
        37
      ]
    ],
    [
      [
        872,
        36
      ]
    ],
    [
      [
        869,
        36
      ]
    ],
    [
      [
        867,
        34
      ]
    ],
    [
      [
        853,
        34
      ]
    ],
    [
      [
        852,
        33
      ]
    ],
    [
      [
        847,
        33
      ]
    ],
    [
      [
        846,
        32
      ]
    ],
    [
      [
        844,
        32
      ]
    ],
    [
      [
        843,
        31
      ]
    ],
    [
      [
        842,
        31
      ]
    ],
    [
      [
        841,
        30
      ]
    ],
    [
      [
        840,
        30
      ]
    ],
    [
      [
        838,
        28
      ]
    ],
    [
      [
        838,
        27
      ]
    ],
    [
      [
        837,
        26
      ]
    ],
    [
      [
        837,
        23
      ]
    ],
    [
      [
        834,
        23
      ]
    ],
    [
      [
        832,
        21
      ]
    ],
    [
      [
        828,
        21
      ]
    ],
    [
      [
        826,
        19
      ]
    ],
    [
      [
        824,
        19
      ]
    ],
    [
      [
        823,
        18
      ]
    ],
    [
      [
        822,
        18
      ]
    ],
    [
      [
        821,
        17
      ]
    ],
    [
      [
        820,
        17
      ]
    ],
    [
      [
        819,
        16
      ]
    ]
  ],
  "segment_square_corners": [
    [
      446.0874328613281,
      807.0133056640625
    ],
    [
      784.218994140625,
      0.0
    ],
    [
      1424.232421875,
      267.1671142578125
    ],
    [
      1086.100830078125,
      1074.9259033203125
    ]
  ],
  "phrases": [
    "box",
    "tangerine",
    "tangerine",
    "tangerine",
    "tangerine"
  ],
  "selected_bbox": [
    0.451641321182251,
    0.46598926186561584,
    0.47888293862342834,
    0.8976045250892639
  ]
}