{
  "timestamp": 1761056163.2124088,
  "session_id": "session_20251021_211452_51253c84",
  "supplier_id": "",
  "qr_data": "695991",
  "qr_items": {
    "tangerine": 4
  },
  "qr_corners": [
    [
      1101.0,
      730.0
    ],
    [
      1191.0,
      761.0
    ],
    [
      1154.0,
      849.0
    ],
    [
      1068.0,
      817.0
    ]
  ],
  "segment_corners": [
    [
      [
        689,
        94
      ]
    ],
    [
      [
        688,
        95
      ]
    ],
    [
      [
        688,
        96
      ]
    ],
    [
      [
        686,
        98
      ]
    ],
    [
      [
        686,
        111
      ]
    ],
    [
      [
        694,
        111
      ]
    ],
    [
      [
        695,
        112
      ]
    ],
    [
      [
        697,
        112
      ]
    ],
    [
      [
        698,
        113
      ]
    ],
    [
      [
        698,
        130
      ]
    ],
    [
      [
        696,
        132
      ]
    ],
    [
      [
        685,
        132
      ]
    ],
    [
      [
        684,
        133
      ]
    ],
    [
      [
        681,
        133
      ]
    ],
    [
      [
        680,
        134
      ]
    ],
    [
      [
        677,
        134
      ]
    ],
    [
      [
        676,
        135
      ]
    ],
    [
      [
        668,
        135
      ]
    ],
    [
      [
        667,
        136
      ]
    ],
    [
      [
        666,
        136
      ]
    ],
    [
      [
        665,
        137
      ]
    ],
    [
      [
        664,
        137
      ]
    ],
    [
      [
        663,
        138
      ]
    ],
    [
      [
        662,
        138
      ]
    ],
    [
      [
        661,
        139
      ]
    ],
    [
      [
        659,
        139
      ]
    ],
    [
      [
        658,
        140
      ]
    ],
    [
      [
        656,
        140
      ]
    ],
    [
      [
        653,
        143
      ]
    ],
    [
      [
        650,
        143
      ]
    ],
    [
      [
        649,
        144
      ]
    ],
    [
      [
        648,
        144
      ]
    ],
    [
      [
        644,
        148
      ]
    ],
    [
      [
        642,
        148
      ]
    ],
    [
      [
        639,
        151
      ]
    ],
    [
      [
        638,
        151
      ]
    ],
    [
      [
        637,
        152
      ]
    ],
    [
      [
        636,
        152
      ]
    ],
    [
      [
        634,
        154
      ]
    ],
    [
      [
        633,
        154
      ]
    ],
    [
      [
        631,
        156
      ]
    ],
    [
      [
        630,
        156
      ]
    ],
    [
      [
        627,
        159
      ]
    ],
    [
      [
        626,
        159
      ]
    ],
    [
      [
        619,
        166
      ]
    ],
    [
      [
        618,
        166
      ]
    ],
    [
      [
        614,
        170
      ]
    ],
    [
      [
        614,
        171
      ]
    ],
    [
      [
        612,
        173
      ]
    ],
    [
      [
        612,
        174
      ]
    ],
    [
      [
        609,
        177
      ]
    ],
    [
      [
        609,
        178
      ]
    ],
    [
      [
        607,
        180
      ]
    ],
    [
      [
        606,
        180
      ]
    ],
    [
      [
        606,
        181
      ]
    ],
    [
      [
        603,
        184
      ]
    ],
    [
      [
        602,
        184
      ]
    ],
    [
      [
        600,
        186
      ]
    ],
    [
      [
        600,
        188
      ]
    ],
    [
      [
        598,
        190
      ]
    ],
    [
      [
        598,
        191
      ]
    ],
    [
      [
        597,
        192
      ]
    ],
    [
      [
        597,
        193
      ]
    ],
    [
      [
        595,
        195
      ]
    ],
    [
      [
        595,
        196
      ]
    ],
    [
      [
        594,
        197
      ]
    ],
    [
      [
        594,
        198
      ]
    ],
    [
      [
        592,
        200
      ]
    ],
    [
      [
        592,
        201
      ]
    ],
    [
      [
        590,
        203
      ]
    ],
    [
      [
        590,
        204
      ]
    ],
    [
      [
        589,
        205
      ]
    ],
    [
      [
        589,
        206
      ]
    ],
    [
      [
        588,
        207
      ]
    ],
    [
      [
        588,
        208
      ]
    ],
    [
      [
        587,
        209
      ]
    ],
    [
      [
        587,
        210
      ]
    ],
    [
      [
        586,
        211
      ]
    ],
    [
      [
        586,
        216
      ]
    ],
    [
      [
        585,
        217
      ]
    ],
    [
      [
        585,
        218
      ]
    ],
    [
      [
        584,
        219
      ]
    ],
    [
      [
        584,
        222
      ]
    ],
    [
      [
        583,
        223
      ]
    ],
    [
      [
        583,
        225
      ]
    ],
    [
      [
        582,
        226
      ]
    ],
    [
      [
        582,
        228
      ]
    ],
    [
      [
        581,
        229
      ]
    ],
    [
      [
        562,
        229
      ]
    ],
    [
      [
        560,
        231
      ]
    ],
    [
      [
        560,
        237
      ]
    ],
    [
      [
        574,
        237
      ]
    ],
    [
      [
        575,
        238
      ]
    ],
    [
      [
        576,
        238
      ]
    ],
    [
      [
        578,
        240
      ]
    ],
    [
      [
        578,
        246
      ]
    ],
    [
      [
        581,
        246
      ]
    ],
    [
      [
        582,
        247
      ]
    ],
    [
      [
        585,
        247
      ]
    ],
    [
      [
        586,
        248
      ]
    ],
    [
      [
        586,
        266
      ]
    ],
    [
      [
        584,
        268
      ]
    ],
    [
      [
        584,
        269
      ]
    ],
    [
      [
        583,
        270
      ]
    ],
    [
      [
        583,
        280
      ]
    ],
    [
      [
        587,
        280
      ]
    ],
    [
      [
        588,
        281
      ]
    ],
    [
      [
        588,
        302
      ]
    ],
    [
      [
        585,
        305
      ]
    ],
    [
      [
        583,
        305
      ]
    ],
    [
      [
        582,
        306
      ]
    ],
    [
      [
        564,
        306
      ]
    ],
    [
      [
        563,
        305
      ]
    ],
    [
      [
        563,
        298
      ]
    ],
    [
      [
        562,
        297
      ]
    ],
    [
      [
        561,
        297
      ]
    ],
    [
      [
        560,
        296
      ]
    ],
    [
      [
        559,
        296
      ]
    ],
    [
      [
        558,
        295
      ]
    ],
    [
      [
        557,
        295
      ]
    ],
    [
      [
        556,
        294
      ]
    ],
    [
      [
        553,
        294
      ]
    ],
    [
      [
        552,
        293
      ]
    ],
    [
      [
        552,
        279
      ]
    ],
    [
      [
        545,
        279
      ]
    ],
    [
      [
        544,
        280
      ]
    ],
    [
      [
        543,
        280
      ]
    ],
    [
      [
        542,
        281
      ]
    ],
    [
      [
        542,
        282
      ]
    ],
    [
      [
        541,
        283
      ]
    ],
    [
      [
        541,
        288
      ]
    ],
    [
      [
        540,
        289
      ]
    ],
    [
      [
        537,
        289
      ]
    ],
    [
      [
        537,
        303
      ]
    ],
    [
      [
        542,
        303
      ]
    ],
    [
      [
        544,
        305
      ]
    ],
    [
      [
        544,
        317
      ]
    ],
    [
      [
        550,
        317
      ]
    ],
    [
      [
        551,
        316
      ]
    ],
    [
      [
        552,
        316
      ]
    ],
    [
      [
        553,
        315
      ]
    ],
    [
      [
        553,
        313
      ]
    ],
    [
      [
        554,
        312
      ]
    ],
    [
      [
        554,
        311
      ]
    ],
    [
      [
        556,
        309
      ]
    ],
    [
      [
        573,
        309
      ]
    ],
    [
      [
        574,
        310
      ]
    ],
    [
      [
        574,
        349
      ]
    ],
    [
      [
        573,
        350
      ]
    ],
    [
      [
        572,
        350
      ]
    ],
    [
      [
        572,
        354
      ]
    ],
    [
      [
        571,
        355
      ]
    ],
    [
      [
        571,
        356
      ]
    ],
    [
      [
        570,
        357
      ]
    ],
    [
      [
        557,
        357
      ]
    ],
    [
      [
        557,
        358
      ]
    ],
    [
      [
        556,
        359
      ]
    ],
    [
      [
        556,
        364
      ]
    ],
    [
      [
        555,
        365
      ]
    ],
    [
      [
        555,
        366
      ]
    ],
    [
      [
        554,
        367
      ]
    ],
    [
      [
        554,
        368
      ]
    ],
    [
      [
        553,
        369
      ]
    ],
    [
      [
        553,
        372
      ]
    ],
    [
      [
        552,
        373
      ]
    ],
    [
      [
        552,
        375
      ]
    ],
    [
      [
        550,
        377
      ]
    ],
    [
      [
        550,
        382
      ]
    ],
    [
      [
        548,
        384
      ]
    ],
    [
      [
        547,
        384
      ]
    ],
    [
      [
        546,
        385
      ]
    ],
    [
      [
        546,
        393
      ]
    ],
    [
      [
        545,
        394
      ]
    ],
    [
      [
        545,
        398
      ]
    ],
    [
      [
        544,
        399
      ]
    ],
    [
      [
        544,
        401
      ]
    ],
    [
      [
        543,
        402
      ]
    ],
    [
      [
        543,
        404
      ]
    ],
    [
      [
        542,
        405
      ]
    ],
    [
      [
        542,
        406
      ]
    ],
    [
      [
        541,
        407
      ]
    ],
    [
      [
        541,
        410
      ]
    ],
    [
      [
        540,
        411
      ]
    ],
    [
      [
        537,
        411
      ]
    ],
    [
      [
        537,
        423
      ]
    ],
    [
      [
        536,
        424
      ]
    ],
    [
      [
        536,
        427
      ]
    ],
    [
      [
        535,
        428
      ]
    ],
    [
      [
        535,
        431
      ]
    ],
    [
      [
        533,
        433
      ]
    ],
    [
      [
        533,
        435
      ]
    ],
    [
      [
        532,
        436
      ]
    ],
    [
      [
        532,
        438
      ]
    ],
    [
      [
        531,
        439
      ]
    ],
    [
      [
        531,
        441
      ]
    ],
    [
      [
        530,
        442
      ]
    ],
    [
      [
        530,
        443
      ]
    ],
    [
      [
        529,
        444
      ]
    ],
    [
      [
        529,
        449
      ]
    ],
    [
      [
        528,
        450
      ]
    ],
    [
      [
        528,
        451
      ]
    ],
    [
      [
        527,
        452
      ]
    ],
    [
      [
        527,
        454
      ]
    ],
    [
      [
        526,
        455
      ]
    ],
    [
      [
        526,
        457
      ]
    ],
    [
      [
        525,
        458
      ]
    ],
    [
      [
        525,
        461
      ]
    ],
    [
      [
        524,
        462
      ]
    ],
    [
      [
        524,
        465
      ]
    ],
    [
      [
        523,
        466
      ]
    ],
    [
      [
        523,
        468
      ]
    ],
    [
      [
        522,
        469
      ]
    ],
    [
      [
        522,
        472
      ]
    ],
    [
      [
        521,
        473
      ]
    ],
    [
      [
        521,
        474
      ]
    ],
    [
      [
        520,
        475
      ]
    ],
    [
      [
        520,
        479
      ]
    ],
    [
      [
        519,
        480
      ]
    ],
    [
      [
        519,
        481
      ]
    ],
    [
      [
        518,
        482
      ]
    ],
    [
      [
        518,
        485
      ]
    ],
    [
      [
        517,
        486
      ]
    ],
    [
      [
        517,
        487
      ]
    ],
    [
      [
        516,
        488
      ]
    ],
    [
      [
        516,
        489
      ]
    ],
    [
      [
        515,
        490
      ]
    ],
    [
      [
        515,
        494
      ]
    ],
    [
      [
        514,
        495
      ]
    ],
    [
      [
        514,
        499
      ]
    ],
    [
      [
        513,
        500
      ]
    ],
    [
      [
        513,
        501
      ]
    ],
    [
      [
        512,
        502
      ]
    ],
    [
      [
        512,
        504
      ]
    ],
    [
      [
        511,
        505
      ]
    ],
    [
      [
        511,
        507
      ]
    ],
    [
      [
        510,
        508
      ]
    ],
    [
      [
        510,
        510
      ]
    ],
    [
      [
        508,
        512
      ]
    ],
    [
      [
        508,
        518
      ]
    ],
    [
      [
        507,
        519
      ]
    ],
    [
      [
        507,
        520
      ]
    ],
    [
      [
        506,
        521
      ]
    ],
    [
      [
        506,
        524
      ]
    ],
    [
      [
        505,
        525
      ]
    ],
    [
      [
        505,
        528
      ]
    ],
    [
      [
        504,
        529
      ]
    ],
    [
      [
        504,
        532
      ]
    ],
    [
      [
        502,
        534
      ]
    ],
    [
      [
        502,
        538
      ]
    ],
    [
      [
        501,
        539
      ]
    ],
    [
      [
        501,
        541
      ]
    ],
    [
      [
        500,
        542
      ]
    ],
    [
      [
        500,
        543
      ]
    ],
    [
      [
        498,
        545
      ]
    ],
    [
      [
        498,
        548
      ]
    ],
    [
      [
        497,
        549
      ]
    ],
    [
      [
        497,
        552
      ]
    ],
    [
      [
        496,
        553
      ]
    ],
    [
      [
        496,
        556
      ]
    ],
    [
      [
        495,
        557
      ]
    ],
    [
      [
        472,
        557
      ]
    ],
    [
      [
        471,
        558
      ]
    ],
    [
      [
        470,
        558
      ]
    ],
    [
      [
        468,
        560
      ]
    ],
    [
      [
        468,
        561
      ]
    ],
    [
      [
        466,
        563
      ]
    ],
    [
      [
        466,
        568
      ]
    ],
    [
      [
        465,
        569
      ]
    ],
    [
      [
        465,
        572
      ]
    ],
    [
      [
        464,
        573
      ]
    ],
    [
      [
        464,
        575
      ]
    ],
    [
      [
        463,
        576
      ]
    ],
    [
      [
        463,
        578
      ]
    ],
    [
      [
        462,
        579
      ]
    ],
    [
      [
        462,
        582
      ]
    ],
    [
      [
        461,
        583
      ]
    ],
    [
      [
        461,
        584
      ]
    ],
    [
      [
        460,
        585
      ]
    ],
    [
      [
        460,
        588
      ]
    ],
    [
      [
        459,
        589
      ]
    ],
    [
      [
        459,
        590
      ]
    ],
    [
      [
        458,
        591
      ]
    ],
    [
      [
        458,
        594
      ]
    ],
    [
      [
        457,
        595
      ]
    ],
    [
      [
        457,
        597
      ]
    ],
    [
      [
        456,
        598
      ]
    ],
    [
      [
        456,
        600
      ]
    ],
    [
      [
        455,
        601
      ]
    ],
    [
      [
        455,
        604
      ]
    ],
    [
      [
        454,
        605
      ]
    ],
    [
      [
        454,
        607
      ]
    ],
    [
      [
        453,
        608
      ]
    ],
    [
      [
        453,
        610
      ]
    ],
    [
      [
        452,
        611
      ]
    ],
    [
      [
        452,
        613
      ]
    ],
    [
      [
        451,
        614
      ]
    ],
    [
      [
        451,
        616
      ]
    ],
    [
      [
        450,
        617
      ]
    ],
    [
      [
        450,
        622
      ]
    ],
    [
      [
        449,
        623
      ]
    ],
    [
      [
        449,
        624
      ]
    ],
    [
      [
        448,
        625
      ]
    ],
    [
      [
        448,
        627
      ]
    ],
    [
      [
        447,
        628
      ]
    ],
    [
      [
        447,
        633
      ]
    ],
    [
      [
        446,
        634
      ]
    ],
    [
      [
        446,
        636
      ]
    ],
    [
      [
        444,
        638
      ]
    ],
    [
      [
        444,
        641
      ]
    ],
    [
      [
        443,
        642
      ]
    ],
    [
      [
        443,
        645
      ]
    ],
    [
      [
        442,
        646
      ]
    ],
    [
      [
        442,
        647
      ]
    ],
    [
      [
        441,
        648
      ]
    ],
    [
      [
        441,
        652
      ]
    ],
    [
      [
        440,
        653
      ]
    ],
    [
      [
        440,
        655
      ]
    ],
    [
      [
        439,
        656
      ]
    ],
    [
      [
        439,
        659
      ]
    ],
    [
      [
        438,
        660
      ]
    ],
    [
      [
        438,
        662
      ]
    ],
    [
      [
        437,
        663
      ]
    ],
    [
      [
        437,
        665
      ]
    ],
    [
      [
        436,
        666
      ]
    ],
    [
      [
        436,
        670
      ]
    ],
    [
      [
        435,
        671
      ]
    ],
    [
      [
        435,
        673
      ]
    ],
    [
      [
        434,
        674
      ]
    ],
    [
      [
        434,
        678
      ]
    ],
    [
      [
        433,
        679
      ]
    ],
    [
      [
        433,
        681
      ]
    ],
    [
      [
        432,
        682
      ]
    ],
    [
      [
        432,
        684
      ]
    ],
    [
      [
        431,
        685
      ]
    ],
    [
      [
        431,
        689
      ]
    ],
    [
      [
        430,
        690
      ]
    ],
    [
      [
        430,
        700
      ]
    ],
    [
      [
        431,
        701
      ]
    ],
    [
      [
        431,
        704
      ]
    ],
    [
      [
        432,
        705
      ]
    ],
    [
      [
        432,
        707
      ]
    ],
    [
      [
        433,
        708
      ]
    ],
    [
      [
        433,
        709
      ]
    ],
    [
      [
        434,
        710
      ]
    ],
    [
      [
        434,
        711
      ]
    ],
    [
      [
        435,
        712
      ]
    ],
    [
      [
        435,
        713
      ]
    ],
    [
      [
        436,
        713
      ]
    ],
    [
      [
        438,
        715
      ]
    ],
    [
      [
        438,
        719
      ]
    ],
    [
      [
        441,
        722
      ]
    ],
    [
      [
        442,
        722
      ]
    ],
    [
      [
        443,
        723
      ]
    ],
    [
      [
        443,
        727
      ]
    ],
    [
      [
        458,
        727
      ]
    ],
    [
      [
        459,
        728
      ]
    ],
    [
      [
        465,
        728
      ]
    ],
    [
      [
        467,
        730
      ]
    ],
    [
      [
        468,
        730
      ]
    ],
    [
      [
        469,
        731
      ]
    ],
    [
      [
        469,
        735
      ]
    ],
    [
      [
        472,
        738
      ]
    ],
    [
      [
        490,
        738
      ]
    ],
    [
      [
        491,
        739
      ]
    ],
    [
      [
        492,
        739
      ]
    ],
    [
      [
        493,
        740
      ]
    ],
    [
      [
        497,
        740
      ]
    ],
    [
      [
        499,
        742
      ]
    ],
    [
      [
        504,
        742
      ]
    ],
    [
      [
        505,
        743
      ]
    ],
    [
      [
        506,
        743
      ]
    ],
    [
      [
        507,
        744
      ]
    ],
    [
      [
        509,
        744
      ]
    ],
    [
      [
        510,
        745
      ]
    ],
    [
      [
        511,
        745
      ]
    ],
    [
      [
        512,
        746
      ]
    ],
    [
      [
        513,
        746
      ]
    ],
    [
      [
        514,
        747
      ]
    ],
    [
      [
        517,
        747
      ]
    ],
    [
      [
        518,
        748
      ]
    ],
    [
      [
        520,
        748
      ]
    ],
    [
      [
        521,
        749
      ]
    ],
    [
      [
        523,
        749
      ]
    ],
    [
      [
        524,
        750
      ]
    ],
    [
      [
        525,
        750
      ]
    ],
    [
      [
        526,
        751
      ]
    ],
    [
      [
        528,
        751
      ]
    ],
    [
      [
        529,
        752
      ]
    ],
    [
      [
        529,
        755
      ]
    ],
    [
      [
        530,
        756
      ]
    ],
    [
      [
        532,
        756
      ]
    ],
    [
      [
        535,
        759
      ]
    ],
    [
      [
        537,
        759
      ]
    ],
    [
      [
        538,
        760
      ]
    ],
    [
      [
        542,
        760
      ]
    ],
    [
      [
        543,
        761
      ]
    ],
    [
      [
        545,
        761
      ]
    ],
    [
      [
        546,
        762
      ]
    ],
    [
      [
        549,
        762
      ]
    ],
    [
      [
        550,
        763
      ]
    ],
    [
      [
        552,
        763
      ]
    ],
    [
      [
        554,
        765
      ]
    ],
    [
      [
        558,
        765
      ]
    ],
    [
      [
        559,
        766
      ]
    ],
    [
      [
        561,
        766
      ]
    ],
    [
      [
        562,
        767
      ]
    ],
    [
      [
        565,
        767
      ]
    ],
    [
      [
        566,
        768
      ]
    ],
    [
      [
        595,
        768
      ]
    ],
    [
      [
        596,
        769
      ]
    ],
    [
      [
        596,
        771
      ]
    ],
    [
      [
        600,
        771
      ]
    ],
    [
      [
        602,
        773
      ]
    ],
    [
      [
        604,
        773
      ]
    ],
    [
      [
        605,
        774
      ]
    ],
    [
      [
        607,
        774
      ]
    ],
    [
      [
        608,
        775
      ]
    ],
    [
      [
        610,
        775
      ]
    ],
    [
      [
        611,
        776
      ]
    ],
    [
      [
        613,
        776
      ]
    ],
    [
      [
        614,
        777
      ]
    ],
    [
      [
        617,
        777
      ]
    ],
    [
      [
        618,
        778
      ]
    ],
    [
      [
        619,
        778
      ]
    ],
    [
      [
        620,
        779
      ]
    ],
    [
      [
        621,
        779
      ]
    ],
    [
      [
        622,
        780
      ]
    ],
    [
      [
        623,
        780
      ]
    ],
    [
      [
        624,
        781
      ]
    ],
    [
      [
        626,
        781
      ]
    ],
    [
      [
        627,
        782
      ]
    ],
    [
      [
        630,
        782
      ]
    ],
    [
      [
        631,
        783
      ]
    ],
    [
      [
        632,
        783
      ]
    ],
    [
      [
        633,
        784
      ]
    ],
    [
      [
        636,
        784
      ]
    ],
    [
      [
        637,
        785
      ]
    ],
    [
      [
        641,
        785
      ]
    ],
    [
      [
        642,
        786
      ]
    ],
    [
      [
        644,
        786
      ]
    ],
    [
      [
        645,
        787
      ]
    ],
    [
      [
        646,
        787
      ]
    ],
    [
      [
        647,
        788
      ]
    ],
    [
      [
        650,
        788
      ]
    ],
    [
      [
        652,
        790
      ]
    ],
    [
      [
        654,
        790
      ]
    ],
    [
      [
        655,
        791
      ]
    ],
    [
      [
        659,
        791
      ]
    ],
    [
      [
        660,
        792
      ]
    ],
    [
      [
        662,
        792
      ]
    ],
    [
      [
        663,
        793
      ]
    ],
    [
      [
        664,
        793
      ]
    ],
    [
      [
        665,
        794
      ]
    ],
    [
      [
        668,
        794
      ]
    ],
    [
      [
        669,
        795
      ]
    ],
    [
      [
        670,
        795
      ]
    ],
    [
      [
        671,
        796
      ]
    ],
    [
      [
        672,
        796
      ]
    ],
    [
      [
        673,
        797
      ]
    ],
    [
      [
        674,
        797
      ]
    ],
    [
      [
        675,
        798
      ]
    ],
    [
      [
        676,
        798
      ]
    ],
    [
      [
        677,
        799
      ]
    ],
    [
      [
        679,
        799
      ]
    ],
    [
      [
        680,
        800
      ]
    ],
    [
      [
        683,
        800
      ]
    ],
    [
      [
        684,
        801
      ]
    ],
    [
      [
        688,
        801
      ]
    ],
    [
      [
        689,
        802
      ]
    ],
    [
      [
        690,
        802
      ]
    ],
    [
      [
        691,
        803
      ]
    ],
    [
      [
        695,
        803
      ]
    ],
    [
      [
        696,
        804
      ]
    ],
    [
      [
        696,
        805
      ]
    ],
    [
      [
        699,
        805
      ]
    ],
    [
      [
        700,
        806
      ]
    ],
    [
      [
        702,
        806
      ]
    ],
    [
      [
        703,
        807
      ]
    ],
    [
      [
        705,
        807
      ]
    ],
    [
      [
        707,
        809
      ]
    ],
    [
      [
        719,
        809
      ]
    ],
    [
      [
        720,
        810
      ]
    ],
    [
      [
        720,
        813
      ]
    ],
    [
      [
        723,
        813
      ]
    ],
    [
      [
        724,
        814
      ]
    ],
    [
      [
        725,
        814
      ]
    ],
    [
      [
        726,
        815
      ]
    ],
    [
      [
        728,
        815
      ]
    ],
    [
      [
        729,
        816
      ]
    ],
    [
      [
        731,
        816
      ]
    ],
    [
      [
        732,
        817
      ]
    ],
    [
      [
        736,
        817
      ]
    ],
    [
      [
        737,
        818
      ]
    ],
    [
      [
        740,
        818
      ]
    ],
    [
      [
        742,
        820
      ]
    ],
    [
      [
        745,
        820
      ]
    ],
    [
      [
        746,
        821
      ]
    ],
    [
      [
        748,
        821
      ]
    ],
    [
      [
        749,
        822
      ]
    ],
    [
      [
        751,
        822
      ]
    ],
    [
      [
        752,
        823
      ]
    ],
    [
      [
        754,
        823
      ]
    ],
    [
      [
        755,
        824
      ]
    ],
    [
      [
        758,
        824
      ]
    ],
    [
      [
        760,
        826
      ]
    ],
    [
      [
        763,
        826
      ]
    ],
    [
      [
        764,
        827
      ]
    ],
    [
      [
        765,
        827
      ]
    ],
    [
      [
        766,
        828
      ]
    ],
    [
      [
        766,
        831
      ]
    ],
    [
      [
        768,
        831
      ]
    ],
    [
      [
        769,
        832
      ]
    ],
    [
      [
        771,
        832
      ]
    ],
    [
      [
        772,
        833
      ]
    ],
    [
      [
        774,
        833
      ]
    ],
    [
      [
        776,
        835
      ]
    ],
    [
      [
        781,
        835
      ]
    ],
    [
      [
        782,
        836
      ]
    ],
    [
      [
        785,
        836
      ]
    ],
    [
      [
        786,
        837
      ]
    ],
    [
      [
        788,
        837
      ]
    ],
    [
      [
        789,
        838
      ]
    ],
    [
      [
        790,
        838
      ]
    ],
    [
      [
        791,
        839
      ]
    ],
    [
      [
        792,
        839
      ]
    ],
    [
      [
        793,
        840
      ]
    ],
    [
      [
        794,
        840
      ]
    ],
    [
      [
        795,
        841
      ]
    ],
    [
      [
        799,
        841
      ]
    ],
    [
      [
        801,
        843
      ]
    ],
    [
      [
        801,
        844
      ]
    ],
    [
      [
        808,
        844
      ]
    ],
    [
      [
        809,
        845
      ]
    ],
    [
      [
        812,
        845
      ]
    ],
    [
      [
        814,
        847
      ]
    ],
    [
      [
        815,
        847
      ]
    ],
    [
      [
        816,
        848
      ]
    ],
    [
      [
        817,
        848
      ]
    ],
    [
      [
        818,
        849
      ]
    ],
    [
      [
        823,
        849
      ]
    ],
    [
      [
        824,
        850
      ]
    ],
    [
      [
        826,
        850
      ]
    ],
    [
      [
        827,
        851
      ]
    ],
    [
      [
        829,
        851
      ]
    ],
    [
      [
        830,
        852
      ]
    ],
    [
      [
        831,
        852
      ]
    ],
    [
      [
        832,
        853
      ]
    ],
    [
      [
        832,
        854
      ]
    ],
    [
      [
        838,
        854
      ]
    ],
    [
      [
        839,
        855
      ]
    ],
    [
      [
        840,
        855
      ]
    ],
    [
      [
        841,
        856
      ]
    ],
    [
      [
        843,
        856
      ]
    ],
    [
      [
        844,
        857
      ]
    ],
    [
      [
        846,
        857
      ]
    ],
    [
      [
        847,
        858
      ]
    ],
    [
      [
        849,
        858
      ]
    ],
    [
      [
        850,
        859
      ]
    ],
    [
      [
        851,
        859
      ]
    ],
    [
      [
        852,
        860
      ]
    ],
    [
      [
        857,
        860
      ]
    ],
    [
      [
        858,
        861
      ]
    ],
    [
      [
        858,
        862
      ]
    ],
    [
      [
        862,
        862
      ]
    ],
    [
      [
        863,
        863
      ]
    ],
    [
      [
        864,
        863
      ]
    ],
    [
      [
        865,
        864
      ]
    ],
    [
      [
        868,
        864
      ]
    ],
    [
      [
        869,
        865
      ]
    ],
    [
      [
        872,
        865
      ]
    ],
    [
      [
        873,
        866
      ]
    ],
    [
      [
        875,
        866
      ]
    ],
    [
      [
        876,
        867
      ]
    ],
    [
      [
        877,
        867
      ]
    ],
    [
      [
        878,
        868
      ]
    ],
    [
      [
        884,
        868
      ]
    ],
    [
      [
        885,
        869
      ]
    ],
    [
      [
        886,
        869
      ]
    ],
    [
      [
        888,
        871
      ]
    ],
    [
      [
        892,
        871
      ]
    ],
    [
      [
        894,
        873
      ]
    ],
    [
      [
        897,
        873
      ]
    ],
    [
      [
        898,
        874
      ]
    ],
    [
      [
        900,
        874
      ]
    ],
    [
      [
        902,
        876
      ]
    ],
    [
      [
        920,
        876
      ]
    ],
    [
      [
        921,
        877
      ]
    ],
    [
      [
        924,
        877
      ]
    ],
    [
      [
        926,
        879
      ]
    ],
    [
      [
        932,
        879
      ]
    ],
    [
      [
        933,
        880
      ]
    ],
    [
      [
        933,
        886
      ]
    ],
    [
      [
        935,
        886
      ]
    ],
    [
      [
        936,
        887
      ]
    ],
    [
      [
        939,
        887
      ]
    ],
    [
      [
        940,
        888
      ]
    ],
    [
      [
        944,
        888
      ]
    ],
    [
      [
        945,
        889
      ]
    ],
    [
      [
        945,
        890
      ]
    ],
    [
      [
        950,
        890
      ]
    ],
    [
      [
        951,
        891
      ]
    ],
    [
      [
        956,
        891
      ]
    ],
    [
      [
        958,
        893
      ]
    ],
    [
      [
        960,
        893
      ]
    ],
    [
      [
        961,
        894
      ]
    ],
    [
      [
        967,
        894
      ]
    ],
    [
      [
        968,
        895
      ]
    ],
    [
      [
        972,
        895
      ]
    ],
    [
      [
        973,
        896
      ]
    ],
    [
      [
        973,
        897
      ]
    ],
    [
      [
        974,
        897
      ]
    ],
    [
      [
        975,
        898
      ]
    ],
    [
      [
        976,
        898
      ]
    ],
    [
      [
        977,
        899
      ]
    ],
    [
      [
        980,
        899
      ]
    ],
    [
      [
        981,
        900
      ]
    ],
    [
      [
        983,
        900
      ]
    ],
    [
      [
        984,
        901
      ]
    ],
    [
      [
        987,
        901
      ]
    ],
    [
      [
        988,
        902
      ]
    ],
    [
      [
        988,
        903
      ]
    ],
    [
      [
        994,
        903
      ]
    ],
    [
      [
        995,
        904
      ]
    ],
    [
      [
        998,
        904
      ]
    ],
    [
      [
        999,
        905
      ]
    ],
    [
      [
        1002,
        905
      ]
    ],
    [
      [
        1003,
        906
      ]
    ],
    [
      [
        1004,
        906
      ]
    ],
    [
      [
        1006,
        908
      ]
    ],
    [
      [
        1011,
        908
      ]
    ],
    [
      [
        1012,
        909
      ]
    ],
    [
      [
        1013,
        909
      ]
    ],
    [
      [
        1014,
        910
      ]
    ],
    [
      [
        1016,
        910
      ]
    ],
    [
      [
        1017,
        911
      ]
    ],
    [
      [
        1021,
        911
      ]
    ],
    [
      [
        1022,
        912
      ]
    ],
    [
      [
        1026,
        912
      ]
    ],
    [
      [
        1028,
        914
      ]
    ],
    [
      [
        1030,
        914
      ]
    ],
    [
      [
        1031,
        915
      ]
    ],
    [
      [
        1036,
        915
      ]
    ],
    [
      [
        1038,
        917
      ]
    ],
    [
      [
        1040,
        917
      ]
    ],
    [
      [
        1041,
        918
      ]
    ],
    [
      [
        1044,
        918
      ]
    ],
    [
      [
        1045,
        919
      ]
    ],
    [
      [
        1048,
        919
      ]
    ],
    [
      [
        1049,
        920
      ]
    ],
    [
      [
        1050,
        920
      ]
    ],
    [
      [
        1051,
        921
      ]
    ],
    [
      [
        1073,
        921
      ]
    ],
    [
      [
        1074,
        922
      ]
    ],
    [
      [
        1074,
        928
      ]
    ],
    [
      [
        1076,
        930
      ]
    ],
    [
      [
        1076,
        931
      ]
    ],
    [
      [
        1077,
        932
      ]
    ],
    [
      [
        1083,
        932
      ]
    ],
    [
      [
        1084,
        933
      ]
    ],
    [
      [
        1084,
        934
      ]
    ],
    [
      [
        1091,
        934
      ]
    ],
    [
      [
        1091,
        933
      ]
    ],
    [
      [
        1092,
        932
      ]
    ],
    [
      [
        1092,
        922
      ]
    ],
    [
      [
        1093,
        921
      ]
    ],
    [
      [
        1119,
        921
      ]
    ],
    [
      [
        1120,
        922
      ]
    ],
    [
      [
        1142,
        922
      ]
    ],
    [
      [
        1143,
        921
      ]
    ],
    [
      [
        1163,
        921
      ]
    ],
    [
      [
        1164,
        922
      ]
    ],
    [
      [
        1164,
        923
      ]
    ],
    [
      [
        1165,
        924
      ]
    ],
    [
      [
        1165,
        930
      ]
    ],
    [
      [
        1166,
        931
      ]
    ],
    [
      [
        1166,
        932
      ]
    ],
    [
      [
        1170,
        936
      ]
    ],
    [
      [
        1171,
        936
      ]
    ],
    [
      [
        1173,
        938
      ]
    ],
    [
      [
        1173,
        940
      ]
    ],
    [
      [
        1174,
        940
      ]
    ],
    [
      [
        1175,
        941
      ]
    ],
    [
      [
        1175,
        943
      ]
    ],
    [
      [
        1176,
        944
      ]
    ],
    [
      [
        1177,
        944
      ]
    ],
    [
      [
        1178,
        945
      ]
    ],
    [
      [
        1179,
        945
      ]
    ],
    [
      [
        1180,
        946
      ]
    ],
    [
      [
        1181,
        946
      ]
    ],
    [
      [
        1182,
        947
      ]
    ],
    [
      [
        1182,
        955
      ]
    ],
    [
      [
        1183,
        956
      ]
    ],
    [
      [
        1184,
        956
      ]
    ],
    [
      [
        1185,
        957
      ]
    ],
    [
      [
        1186,
        957
      ]
    ],
    [
      [
        1187,
        958
      ]
    ],
    [
      [
        1191,
        958
      ]
    ],
    [
      [
        1194,
        961
      ]
    ],
    [
      [
        1196,
        961
      ]
    ],
    [
      [
        1198,
        963
      ]
    ],
    [
      [
        1198,
        965
      ]
    ],
    [
      [
        1209,
        965
      ]
    ],
    [
      [
        1210,
        964
      ]
    ],
    [
      [
        1211,
        964
      ]
    ],
    [
      [
        1212,
        963
      ]
    ],
    [
      [
        1212,
        962
      ]
    ],
    [
      [
        1213,
        961
      ]
    ],
    [
      [
        1216,
        961
      ]
    ],
    [
      [
        1217,
        960
      ]
    ],
    [
      [
        1218,
        960
      ]
    ],
    [
      [
        1219,
        959
      ]
    ],
    [
      [
        1223,
        959
      ]
    ],
    [
      [
        1223,
        958
      ]
    ],
    [
      [
        1224,
        957
      ]
    ],
    [
      [
        1225,
        957
      ]
    ],
    [
      [
        1226,
        956
      ]
    ],
    [
      [
        1227,
        956
      ]
    ],
    [
      [
        1230,
        953
      ]
    ],
    [
      [
        1230,
        952
      ]
    ],
    [
      [
        1231,
        951
      ]
    ],
    [
      [
        1231,
        950
      ]
    ],
    [
      [
        1232,
        949
      ]
    ],
    [
      [
        1232,
        947
      ]
    ],
    [
      [
        1233,
        946
      ]
    ],
    [
      [
        1233,
        944
      ]
    ],
    [
      [
        1234,
        943
      ]
    ],
    [
      [
        1234,
        940
      ]
    ],
    [
      [
        1236,
        938
      ]
    ],
    [
      [
        1236,
        937
      ]
    ],
    [
      [
        1237,
        936
      ]
    ],
    [
      [
        1237,
        933
      ]
    ],
    [
      [
        1238,
        932
      ]
    ],
    [
      [
        1238,
        931
      ]
    ],
    [
      [
        1239,
        930
      ]
    ],
    [
      [
        1239,
        929
      ]
    ],
    [
      [
        1240,
        928
      ]
    ],
    [
      [
        1240,
        927
      ]
    ],
    [
      [
        1241,
        926
      ]
    ],
    [
      [
        1241,
        923
      ]
    ],
    [
      [
        1242,
        922
      ]
    ],
    [
      [
        1242,
        921
      ]
    ],
    [
      [
        1243,
        920
      ]
    ],
    [
      [
        1243,
        919
      ]
    ],
    [
      [
        1244,
        918
      ]
    ],
    [
      [
        1245,
        918
      ]
    ],
    [
      [
        1245,
        912
      ]
    ],
    [
      [
        1246,
        911
      ]
    ],
    [
      [
        1246,
        907
      ]
    ],
    [
      [
        1247,
        906
      ]
    ],
    [
      [
        1247,
        905
      ]
    ],
    [
      [
        1249,
        903
      ]
    ],
    [
      [
        1249,
        900
      ]
    ],
    [
      [
        1250,
        899
      ]
    ],
    [
      [
        1250,
        897
      ]
    ],
    [
      [
        1251,
        896
      ]
    ],
    [
      [
        1251,
        893
      ]
    ],
    [
      [
        1254,
        890
      ]
    ],
    [
      [
        1254,
        889
      ]
    ],
    [
      [
        1255,
        888
      ]
    ],
    [
      [
        1255,
        885
      ]
    ],
    [
      [
        1256,
        884
      ]
    ],
    [
      [
        1256,
        882
      ]
    ],
    [
      [
        1257,
        881
      ]
    ],
    [
      [
        1257,
        880
      ]
    ],
    [
      [
        1258,
        879
      ]
    ],
    [
      [
        1258,
        877
      ]
    ],
    [
      [
        1259,
        876
      ]
    ],
    [
      [
        1259,
        874
      ]
    ],
    [
      [
        1260,
        873
      ]
    ],
    [
      [
        1260,
        869
      ]
    ],
    [
      [
        1261,
        868
      ]
    ],
    [
      [
        1261,
        867
      ]
    ],
    [
      [
        1262,
        866
      ]
    ],
    [
      [
        1262,
        865
      ]
    ],
    [
      [
        1263,
        864
      ]
    ],
    [
      [
        1263,
        862
      ]
    ],
    [
      [
        1264,
        861
      ]
    ],
    [
      [
        1264,
        859
      ]
    ],
    [
      [
        1265,
        858
      ]
    ],
    [
      [
        1265,
        855
      ]
    ],
    [
      [
        1266,
        854
      ]
    ],
    [
      [
        1266,
        853
      ]
    ],
    [
      [
        1267,
        852
      ]
    ],
    [
      [
        1267,
        851
      ]
    ],
    [
      [
        1268,
        850
      ]
    ],
    [
      [
        1268,
        848
      ]
    ],
    [
      [
        1269,
        847
      ]
    ],
    [
      [
        1269,
        845
      ]
    ],
    [
      [
        1270,
        844
      ]
    ],
    [
      [
        1270,
        842
      ]
    ],
    [
      [
        1271,
        841
      ]
    ],
    [
      [
        1271,
        840
      ]
    ],
    [
      [
        1272,
        839
      ]
    ],
    [
      [
        1272,
        837
      ]
    ],
    [
      [
        1273,
        836
      ]
    ],
    [
      [
        1273,
        835
      ]
    ],
    [
      [
        1277,
        831
      ]
    ],
    [
      [
        1277,
        830
      ]
    ],
    [
      [
        1278,
        829
      ]
    ],
    [
      [
        1278,
        826
      ]
    ],
    [
      [
        1279,
        825
      ]
    ],
    [
      [
        1279,
        818
      ]
    ],
    [
      [
        1280,
        817
      ]
    ],
    [
      [
        1282,
        817
      ]
    ],
    [
      [
        1283,
        816
      ]
    ],
    [
      [
        1283,
        814
      ]
    ],
    [
      [
        1284,
        813
      ]
    ],
    [
      [
        1285,
        813
      ]
    ],
    [
      [
        1287,
        811
      ]
    ],
    [
      [
        1287,
        809
      ]
    ],
    [
      [
        1289,
        807
      ]
    ],
    [
      [
        1289,
        806
      ]
    ],
    [
      [
        1290,
        805
      ]
    ],
    [
      [
        1290,
        802
      ]
    ],
    [
      [
        1291,
        801
      ]
    ],
    [
      [
        1291,
        800
      ]
    ],
    [
      [
        1293,
        798
      ]
    ],
    [
      [
        1293,
        795
      ]
    ],
    [
      [
        1294,
        794
      ]
    ],
    [
      [
        1294,
        792
      ]
    ],
    [
      [
        1295,
        791
      ]
    ],
    [
      [
        1295,
        789
      ]
    ],
    [
      [
        1296,
        788
      ]
    ],
    [
      [
        1296,
        787
      ]
    ],
    [
      [
        1297,
        786
      ]
    ],
    [
      [
        1297,
        784
      ]
    ],
    [
      [
        1298,
        783
      ]
    ],
    [
      [
        1298,
        781
      ]
    ],
    [
      [
        1299,
        780
      ]
    ],
    [
      [
        1299,
        779
      ]
    ],
    [
      [
        1300,
        778
      ]
    ],
    [
      [
        1300,
        776
      ]
    ],
    [
      [
        1301,
        775
      ]
    ],
    [
      [
        1301,
        774
      ]
    ],
    [
      [
        1302,
        773
      ]
    ],
    [
      [
        1302,
        772
      ]
    ],
    [
      [
        1303,
        771
      ]
    ],
    [
      [
        1303,
        769
      ]
    ],
    [
      [
        1304,
        768
      ]
    ],
    [
      [
        1304,
        767
      ]
    ],
    [
      [
        1305,
        766
      ]
    ],
    [
      [
        1305,
        764
      ]
    ],
    [
      [
        1306,
        763
      ]
    ],
    [
      [
        1306,
        760
      ]
    ],
    [
      [
        1307,
        759
      ]
    ],
    [
      [
        1307,
        757
      ]
    ],
    [
      [
        1309,
        755
      ]
    ],
    [
      [
        1309,
        752
      ]
    ],
    [
      [
        1310,
        751
      ]
    ],
    [
      [
        1310,
        750
      ]
    ],
    [
      [
        1311,
        749
      ]
    ],
    [
      [
        1311,
        747
      ]
    ],
    [
      [
        1312,
        746
      ]
    ],
    [
      [
        1312,
        744
      ]
    ],
    [
      [
        1314,
        742
      ]
    ],
    [
      [
        1314,
        739
      ]
    ],
    [
      [
        1315,
        738
      ]
    ],
    [
      [
        1315,
        736
      ]
    ],
    [
      [
        1316,
        735
      ]
    ],
    [
      [
        1316,
        733
      ]
    ],
    [
      [
        1318,
        731
      ]
    ],
    [
      [
        1318,
        728
      ]
    ],
    [
      [
        1319,
        727
      ]
    ],
    [
      [
        1319,
        726
      ]
    ],
    [
      [
        1320,
        725
      ]
    ],
    [
      [
        1320,
        723
      ]
    ],
    [
      [
        1321,
        722
      ]
    ],
    [
      [
        1321,
        721
      ]
    ],
    [
      [
        1322,
        720
      ]
    ],
    [
      [
        1322,
        717
      ]
    ],
    [
      [
        1323,
        716
      ]
    ],
    [
      [
        1323,
        715
      ]
    ],
    [
      [
        1324,
        714
      ]
    ],
    [
      [
        1324,
        711
      ]
    ],
    [
      [
        1325,
        710
      ]
    ],
    [
      [
        1325,
        709
      ]
    ],
    [
      [
        1327,
        707
      ]
    ],
    [
      [
        1327,
        705
      ]
    ],
    [
      [
        1328,
        704
      ]
    ],
    [
      [
        1328,
        702
      ]
    ],
    [
      [
        1329,
        701
      ]
    ],
    [
      [
        1329,
        700
      ]
    ],
    [
      [
        1330,
        699
      ]
    ],
    [
      [
        1330,
        697
      ]
    ],
    [
      [
        1331,
        696
      ]
    ],
    [
      [
        1331,
        694
      ]
    ],
    [
      [
        1332,
        693
      ]
    ],
    [
      [
        1332,
        691
      ]
    ],
    [
      [
        1333,
        690
      ]
    ],
    [
      [
        1333,
        689
      ]
    ],
    [
      [
        1334,
        688
      ]
    ],
    [
      [
        1334,
        686
      ]
    ],
    [
      [
        1335,
        685
      ]
    ],
    [
      [
        1335,
        684
      ]
    ],
    [
      [
        1336,
        683
      ]
    ],
    [
      [
        1336,
        682
      ]
    ],
    [
      [
        1337,
        681
      ]
    ],
    [
      [
        1337,
        679
      ]
    ],
    [
      [
        1338,
        678
      ]
    ],
    [
      [
        1338,
        675
      ]
    ],
    [
      [
        1339,
        674
      ]
    ],
    [
      [
        1339,
        673
      ]
    ],
    [
      [
        1340,
        672
      ]
    ],
    [
      [
        1340,
        671
      ]
    ],
    [
      [
        1341,
        670
      ]
    ],
    [
      [
        1341,
        666
      ]
    ],
    [
      [
        1342,
        665
      ]
    ],
    [
      [
        1342,
        664
      ]
    ],
    [
      [
        1343,
        663
      ]
    ],
    [
      [
        1343,
        660
      ]
    ],
    [
      [
        1345,
        658
      ]
    ],
    [
      [
        1345,
        657
      ]
    ],
    [
      [
        1346,
        656
      ]
    ],
    [
      [
        1346,
        654
      ]
    ],
    [
      [
        1347,
        653
      ]
    ],
    [
      [
        1347,
        651
      ]
    ],
    [
      [
        1348,
        650
      ]
    ],
    [
      [
        1348,
        645
      ]
    ],
    [
      [
        1350,
        643
      ]
    ],
    [
      [
        1351,
        643
      ]
    ],
    [
      [
        1351,
        640
      ]
    ],
    [
      [
        1352,
        639
      ]
    ],
    [
      [
        1352,
        637
      ]
    ],
    [
      [
        1354,
        635
      ]
    ],
    [
      [
        1354,
        630
      ]
    ],
    [
      [
        1356,
        628
      ]
    ],
    [
      [
        1356,
        627
      ]
    ],
    [
      [
        1357,
        626
      ]
    ],
    [
      [
        1358,
        626
      ]
    ],
    [
      [
        1358,
        622
      ]
    ],
    [
      [
        1359,
        621
      ]
    ],
    [
      [
        1359,
        620
      ]
    ],
    [
      [
        1360,
        619
      ]
    ],
    [
      [
        1360,
        612
      ]
    ],
    [
      [
        1362,
        610
      ]
    ],
    [
      [
        1362,
        604
      ]
    ],
    [
      [
        1341,
        604
      ]
    ],
    [
      [
        1340,
        603
      ]
    ],
    [
      [
        1340,
        585
      ]
    ],
    [
      [
        1341,
        584
      ]
    ],
    [
      [
        1341,
        582
      ]
    ],
    [
      [
        1342,
        581
      ]
    ],
    [
      [
        1342,
        580
      ]
    ],
    [
      [
        1344,
        578
      ]
    ],
    [
      [
        1365,
        578
      ]
    ],
    [
      [
        1366,
        577
      ]
    ],
    [
      [
        1368,
        577
      ]
    ],
    [
      [
        1368,
        573
      ]
    ],
    [
      [
        1369,
        572
      ]
    ],
    [
      [
        1371,
        572
      ]
    ],
    [
      [
        1371,
        565
      ]
    ],
    [
      [
        1370,
        565
      ]
    ],
    [
      [
        1368,
        563
      ]
    ],
    [
      [
        1368,
        543
      ]
    ],
    [
      [
        1369,
        542
      ]
    ],
    [
      [
        1369,
        539
      ]
    ],
    [
      [
        1370,
        538
      ]
    ],
    [
      [
        1370,
        536
      ]
    ],
    [
      [
        1371,
        535
      ]
    ],
    [
      [
        1371,
        533
      ]
    ],
    [
      [
        1373,
        531
      ]
    ],
    [
      [
        1373,
        530
      ]
    ],
    [
      [
        1374,
        529
      ]
    ],
    [
      [
        1374,
        526
      ]
    ],
    [
      [
        1375,
        525
      ]
    ],
    [
      [
        1375,
        524
      ]
    ],
    [
      [
        1376,
        523
      ]
    ],
    [
      [
        1376,
        521
      ]
    ],
    [
      [
        1377,
        520
      ]
    ],
    [
      [
        1377,
        519
      ]
    ],
    [
      [
        1378,
        518
      ]
    ],
    [
      [
        1378,
        516
      ]
    ],
    [
      [
        1379,
        515
      ]
    ],
    [
      [
        1379,
        512
      ]
    ],
    [
      [
        1380,
        511
      ]
    ],
    [
      [
        1380,
        510
      ]
    ],
    [
      [
        1381,
        509
      ]
    ],
    [
      [
        1381,
        506
      ]
    ],
    [
      [
        1382,
        505
      ]
    ],
    [
      [
        1382,
        504
      ]
    ],
    [
      [
        1383,
        503
      ]
    ],
    [
      [
        1383,
        502
      ]
    ],
    [
      [
        1384,
        501
      ]
    ],
    [
      [
        1384,
        498
      ]
    ],
    [
      [
        1385,
        497
      ]
    ],
    [
      [
        1385,
        495
      ]
    ],
    [
      [
        1386,
        494
      ]
    ],
    [
      [
        1386,
        491
      ]
    ],
    [
      [
        1387,
        490
      ]
    ],
    [
      [
        1387,
        488
      ]
    ],
    [
      [
        1388,
        487
      ]
    ],
    [
      [
        1388,
        484
      ]
    ],
    [
      [
        1389,
        483
      ]
    ],
    [
      [
        1389,
        477
      ]
    ],
    [
      [
        1390,
        476
      ]
    ],
    [
      [
        1390,
        475
      ]
    ],
    [
      [
        1391,
        474
      ]
    ],
    [
      [
        1391,
        469
      ]
    ],
    [
      [
        1392,
        468
      ]
    ],
    [
      [
        1392,
        445
      ]
    ],
    [
      [
        1391,
        444
      ]
    ],
    [
      [
        1391,
        431
      ]
    ],
    [
      [
        1390,
        430
      ]
    ],
    [
      [
        1390,
        410
      ]
    ],
    [
      [
        1391,
        409
      ]
    ],
    [
      [
        1407,
        409
      ]
    ],
    [
      [
        1408,
        408
      ]
    ],
    [
      [
        1408,
        397
      ]
    ],
    [
      [
        1407,
        396
      ]
    ],
    [
      [
        1407,
        394
      ]
    ],
    [
      [
        1405,
        392
      ]
    ],
    [
      [
        1405,
        391
      ]
    ],
    [
      [
        1403,
        389
      ]
    ],
    [
      [
        1403,
        386
      ]
    ],
    [
      [
        1401,
        384
      ]
    ],
    [
      [
        1401,
        383
      ]
    ],
    [
      [
        1400,
        382
      ]
    ],
    [
      [
        1400,
        380
      ]
    ],
    [
      [
        1399,
        379
      ]
    ],
    [
      [
        1399,
        378
      ]
    ],
    [
      [
        1398,
        377
      ]
    ],
    [
      [
        1398,
        374
      ]
    ],
    [
      [
        1396,
        372
      ]
    ],
    [
      [
        1396,
        370
      ]
    ],
    [
      [
        1395,
        369
      ]
    ],
    [
      [
        1395,
        366
      ]
    ],
    [
      [
        1394,
        365
      ]
    ],
    [
      [
        1394,
        364
      ]
    ],
    [
      [
        1392,
        362
      ]
    ],
    [
      [
        1392,
        361
      ]
    ],
    [
      [
        1391,
        361
      ]
    ],
    [
      [
        1389,
        359
      ]
    ],
    [
      [
        1389,
        357
      ]
    ],
    [
      [
        1388,
        356
      ]
    ],
    [
      [
        1388,
        355
      ]
    ],
    [
      [
        1382,
        355
      ]
    ],
    [
      [
        1382,
        361
      ]
    ],
    [
      [
        1381,
        362
      ]
    ],
    [
      [
        1363,
        362
      ]
    ],
    [
      [
        1361,
        360
      ]
    ],
    [
      [
        1361,
        359
      ]
    ],
    [
      [
        1359,
        357
      ]
    ],
    [
      [
        1359,
        340
      ]
    ],
    [
      [
        1360,
        339
      ]
    ],
    [
      [
        1381,
        339
      ]
    ],
    [
      [
        1381,
        337
      ]
    ],
    [
      [
        1383,
        335
      ]
    ],
    [
      [
        1383,
        326
      ]
    ],
    [
      [
        1382,
        325
      ]
    ],
    [
      [
        1382,
        324
      ]
    ],
    [
      [
        1380,
        324
      ]
    ],
    [
      [
        1376,
        320
      ]
    ],
    [
      [
        1375,
        320
      ]
    ],
    [
      [
        1374,
        319
      ]
    ],
    [
      [
        1373,
        319
      ]
    ],
    [
      [
        1372,
        318
      ]
    ],
    [
      [
        1371,
        318
      ]
    ],
    [
      [
        1370,
        317
      ]
    ],
    [
      [
        1369,
        317
      ]
    ],
    [
      [
        1368,
        316
      ]
    ],
    [
      [
        1367,
        316
      ]
    ],
    [
      [
        1366,
        315
      ]
    ],
    [
      [
        1365,
        315
      ]
    ],
    [
      [
        1362,
        312
      ]
    ],
    [
      [
        1361,
        312
      ]
    ],
    [
      [
        1360,
        311
      ]
    ],
    [
      [
        1358,
        311
      ]
    ],
    [
      [
        1356,
        309
      ]
    ],
    [
      [
        1354,
        309
      ]
    ],
    [
      [
        1353,
        308
      ]
    ],
    [
      [
        1350,
        308
      ]
    ],
    [
      [
        1349,
        307
      ]
    ],
    [
      [
        1349,
        305
      ]
    ],
    [
      [
        1347,
        305
      ]
    ],
    [
      [
        1346,
        304
      ]
    ],
    [
      [
        1332,
        304
      ]
    ],
    [
      [
        1331,
        303
      ]
    ],
    [
      [
        1330,
        303
      ]
    ],
    [
      [
        1329,
        302
      ]
    ],
    [
      [
        1327,
        302
      ]
    ],
    [
      [
        1326,
        301
      ]
    ],
    [
      [
        1324,
        301
      ]
    ],
    [
      [
        1323,
        300
      ]
    ],
    [
      [
        1321,
        300
      ]
    ],
    [
      [
        1320,
        299
      ]
    ],
    [
      [
        1318,
        299
      ]
    ],
    [
      [
        1317,
        298
      ]
    ],
    [
      [
        1315,
        298
      ]
    ],
    [
      [
        1314,
        297
      ]
    ],
    [
      [
        1313,
        297
      ]
    ],
    [
      [
        1312,
        296
      ]
    ],
    [
      [
        1309,
        296
      ]
    ],
    [
      [
        1308,
        295
      ]
    ],
    [
      [
        1307,
        295
      ]
    ],
    [
      [
        1306,
        294
      ]
    ],
    [
      [
        1302,
        294
      ]
    ],
    [
      [
        1301,
        293
      ]
    ],
    [
      [
        1300,
        293
      ]
    ],
    [
      [
        1299,
        292
      ]
    ],
    [
      [
        1299,
        289
      ]
    ],
    [
      [
        1298,
        288
      ]
    ],
    [
      [
        1297,
        288
      ]
    ],
    [
      [
        1296,
        287
      ]
    ],
    [
      [
        1279,
        287
      ]
    ],
    [
      [
        1278,
        286
      ]
    ],
    [
      [
        1277,
        286
      ]
    ],
    [
      [
        1276,
        285
      ]
    ],
    [
      [
        1275,
        285
      ]
    ],
    [
      [
        1274,
        284
      ]
    ],
    [
      [
        1271,
        284
      ]
    ],
    [
      [
        1270,
        283
      ]
    ],
    [
      [
        1269,
        283
      ]
    ],
    [
      [
        1268,
        282
      ]
    ],
    [
      [
        1265,
        282
      ]
    ],
    [
      [
        1263,
        280
      ]
    ],
    [
      [
        1261,
        280
      ]
    ],
    [
      [
        1260,
        279
      ]
    ],
    [
      [
        1258,
        279
      ]
    ],
    [
      [
        1257,
        278
      ]
    ],
    [
      [
        1253,
        278
      ]
    ],
    [
      [
        1251,
        276
      ]
    ],
    [
      [
        1250,
        276
      ]
    ],
    [
      [
        1249,
        275
      ]
    ],
    [
      [
        1247,
        275
      ]
    ],
    [
      [
        1246,
        274
      ]
    ],
    [
      [
        1244,
        274
      ]
    ],
    [
      [
        1243,
        273
      ]
    ],
    [
      [
        1242,
        273
      ]
    ],
    [
      [
        1241,
        272
      ]
    ],
    [
      [
        1238,
        272
      ]
    ],
    [
      [
        1237,
        271
      ]
    ],
    [
      [
        1236,
        271
      ]
    ],
    [
      [
        1235,
        270
      ]
    ],
    [
      [
        1232,
        270
      ]
    ],
    [
      [
        1231,
        269
      ]
    ],
    [
      [
        1230,
        269
      ]
    ],
    [
      [
        1229,
        268
      ]
    ],
    [
      [
        1228,
        268
      ]
    ],
    [
      [
        1227,
        267
      ]
    ],
    [
      [
        1227,
        265
      ]
    ],
    [
      [
        1226,
        265
      ]
    ],
    [
      [
        1225,
        264
      ]
    ],
    [
      [
        1221,
        264
      ]
    ],
    [
      [
        1220,
        263
      ]
    ],
    [
      [
        1219,
        263
      ]
    ],
    [
      [
        1218,
        262
      ]
    ],
    [
      [
        1215,
        262
      ]
    ],
    [
      [
        1214,
        261
      ]
    ],
    [
      [
        1201,
        261
      ]
    ],
    [
      [
        1199,
        259
      ]
    ],
    [
      [
        1196,
        259
      ]
    ],
    [
      [
        1195,
        258
      ]
    ],
    [
      [
        1189,
        258
      ]
    ],
    [
      [
        1188,
        257
      ]
    ],
    [
      [
        1174,
        257
      ]
    ],
    [
      [
        1173,
        256
      ]
    ],
    [
      [
        1173,
        254
      ]
    ],
    [
      [
        1172,
        253
      ]
    ],
    [
      [
        1172,
        248
      ]
    ],
    [
      [
        1171,
        247
      ]
    ],
    [
      [
        1167,
        247
      ]
    ],
    [
      [
        1166,
        246
      ]
    ],
    [
      [
        1163,
        246
      ]
    ],
    [
      [
        1161,
        244
      ]
    ],
    [
      [
        1161,
        238
      ]
    ],
    [
      [
        1160,
        237
      ]
    ],
    [
      [
        1156,
        237
      ]
    ],
    [
      [
        1155,
        236
      ]
    ],
    [
      [
        1154,
        236
      ]
    ],
    [
      [
        1153,
        235
      ]
    ],
    [
      [
        1151,
        235
      ]
    ],
    [
      [
        1150,
        234
      ]
    ],
    [
      [
        1148,
        234
      ]
    ],
    [
      [
        1146,
        232
      ]
    ],
    [
      [
        1144,
        232
      ]
    ],
    [
      [
        1143,
        231
      ]
    ],
    [
      [
        1141,
        231
      ]
    ],
    [
      [
        1139,
        229
      ]
    ],
    [
      [
        1138,
        229
      ]
    ],
    [
      [
        1136,
        227
      ]
    ],
    [
      [
        1135,
        227
      ]
    ],
    [
      [
        1134,
        226
      ]
    ],
    [
      [
        1133,
        226
      ]
    ],
    [
      [
        1132,
        225
      ]
    ],
    [
      [
        1126,
        225
      ]
    ],
    [
      [
        1125,
        226
      ]
    ],
    [
      [
        1106,
        226
      ]
    ],
    [
      [
        1105,
        225
      ]
    ],
    [
      [
        1104,
        225
      ]
    ],
    [
      [
        1103,
        224
      ]
    ],
    [
      [
        1101,
        224
      ]
    ],
    [
      [
        1100,
        223
      ]
    ],
    [
      [
        1096,
        223
      ]
    ],
    [
      [
        1095,
        222
      ]
    ],
    [
      [
        1093,
        222
      ]
    ],
    [
      [
        1091,
        220
      ]
    ],
    [
      [
        1085,
        220
      ]
    ],
    [
      [
        1084,
        219
      ]
    ],
    [
      [
        1083,
        219
      ]
    ],
    [
      [
        1082,
        218
      ]
    ],
    [
      [
        1081,
        218
      ]
    ],
    [
      [
        1080,
        217
      ]
    ],
    [
      [
        1074,
        217
      ]
    ],
    [
      [
        1073,
        216
      ]
    ],
    [
      [
        1072,
        216
      ]
    ],
    [
      [
        1071,
        215
      ]
    ],
    [
      [
        1069,
        215
      ]
    ],
    [
      [
        1068,
        214
      ]
    ],
    [
      [
        1052,
        214
      ]
    ],
    [
      [
        1051,
        213
      ]
    ],
    [
      [
        1050,
        213
      ]
    ],
    [
      [
        1048,
        211
      ]
    ],
    [
      [
        1045,
        211
      ]
    ],
    [
      [
        1044,
        210
      ]
    ],
    [
      [
        1042,
        210
      ]
    ],
    [
      [
        1041,
        209
      ]
    ],
    [
      [
        1039,
        209
      ]
    ],
    [
      [
        1038,
        208
      ]
    ],
    [
      [
        1037,
        208
      ]
    ],
    [
      [
        1036,
        207
      ]
    ],
    [
      [
        1034,
        207
      ]
    ],
    [
      [
        1033,
        206
      ]
    ],
    [
      [
        1030,
        206
      ]
    ],
    [
      [
        1028,
        204
      ]
    ],
    [
      [
        1028,
        200
      ]
    ],
    [
      [
        1025,
        200
      ]
    ],
    [
      [
        1024,
        199
      ]
    ],
    [
      [
        1021,
        199
      ]
    ],
    [
      [
        1020,
        198
      ]
    ],
    [
      [
        1019,
        198
      ]
    ],
    [
      [
        1018,
        197
      ]
    ],
    [
      [
        1015,
        197
      ]
    ],
    [
      [
        1014,
        196
      ]
    ],
    [
      [
        1014,
        195
      ]
    ],
    [
      [
        1012,
        195
      ]
    ],
    [
      [
        1011,
        194
      ]
    ],
    [
      [
        1007,
        194
      ]
    ],
    [
      [
        1005,
        192
      ]
    ],
    [
      [
        1002,
        192
      ]
    ],
    [
      [
        1001,
        191
      ]
    ],
    [
      [
        1000,
        191
      ]
    ],
    [
      [
        999,
        190
      ]
    ],
    [
      [
        997,
        190
      ]
    ],
    [
      [
        995,
        188
      ]
    ],
    [
      [
        980,
        188
      ]
    ],
    [
      [
        979,
        187
      ]
    ],
    [
      [
        978,
        187
      ]
    ],
    [
      [
        977,
        186
      ]
    ],
    [
      [
        977,
        183
      ]
    ],
    [
      [
        976,
        183
      ]
    ],
    [
      [
        975,
        182
      ]
    ],
    [
      [
        973,
        182
      ]
    ],
    [
      [
        972,
        181
      ]
    ],
    [
      [
        971,
        181
      ]
    ],
    [
      [
        970,
        180
      ]
    ],
    [
      [
        968,
        180
      ]
    ],
    [
      [
        966,
        178
      ]
    ],
    [
      [
        961,
        178
      ]
    ],
    [
      [
        960,
        177
      ]
    ],
    [
      [
        958,
        177
      ]
    ],
    [
      [
        956,
        175
      ]
    ],
    [
      [
        953,
        175
      ]
    ],
    [
      [
        952,
        174
      ]
    ],
    [
      [
        951,
        174
      ]
    ],
    [
      [
        950,
        173
      ]
    ],
    [
      [
        947,
        173
      ]
    ],
    [
      [
        946,
        172
      ]
    ],
    [
      [
        945,
        172
      ]
    ],
    [
      [
        944,
        171
      ]
    ],
    [
      [
        941,
        171
      ]
    ],
    [
      [
        939,
        169
      ]
    ],
    [
      [
        928,
        169
      ]
    ],
    [
      [
        927,
        168
      ]
    ],
    [
      [
        927,
        165
      ]
    ],
    [
      [
        926,
        165
      ]
    ],
    [
      [
        925,
        164
      ]
    ],
    [
      [
        923,
        164
      ]
    ],
    [
      [
        922,
        163
      ]
    ],
    [
      [
        920,
        163
      ]
    ],
    [
      [
        919,
        162
      ]
    ],
    [
      [
        917,
        162
      ]
    ],
    [
      [
        915,
        160
      ]
    ],
    [
      [
        910,
        160
      ]
    ],
    [
      [
        909,
        159
      ]
    ],
    [
      [
        908,
        159
      ]
    ],
    [
      [
        907,
        158
      ]
    ],
    [
      [
        905,
        158
      ]
    ],
    [
      [
        904,
        157
      ]
    ],
    [
      [
        902,
        157
      ]
    ],
    [
      [
        901,
        156
      ]
    ],
    [
      [
        897,
        156
      ]
    ],
    [
      [
        896,
        155
      ]
    ],
    [
      [
        896,
        154
      ]
    ],
    [
      [
        895,
        154
      ]
    ],
    [
      [
        894,
        153
      ]
    ],
    [
      [
        889,
        153
      ]
    ],
    [
      [
        888,
        152
      ]
    ],
    [
      [
        886,
        152
      ]
    ],
    [
      [
        885,
        151
      ]
    ],
    [
      [
        884,
        151
      ]
    ],
    [
      [
        883,
        150
      ]
    ],
    [
      [
        881,
        150
      ]
    ],
    [
      [
        879,
        148
      ]
    ],
    [
      [
        876,
        148
      ]
    ],
    [
      [
        875,
        147
      ]
    ],
    [
      [
        873,
        147
      ]
    ],
    [
      [
        871,
        145
      ]
    ],
    [
      [
        870,
        145
      ]
    ],
    [
      [
        869,
        144
      ]
    ],
    [
      [
        868,
        144
      ]
    ],
    [
      [
        867,
        143
      ]
    ],
    [
      [
        863,
        143
      ]
    ],
    [
      [
        862,
        142
      ]
    ],
    [
      [
        859,
        142
      ]
    ],
    [
      [
        858,
        141
      ]
    ],
    [
      [
        856,
        141
      ]
    ],
    [
      [
        855,
        140
      ]
    ],
    [
      [
        854,
        140
      ]
    ],
    [
      [
        853,
        139
      ]
    ],
    [
      [
        850,
        139
      ]
    ],
    [
      [
        849,
        138
      ]
    ],
    [
      [
        847,
        138
      ]
    ],
    [
      [
        846,
        137
      ]
    ],
    [
      [
        844,
        137
      ]
    ],
    [
      [
        843,
        136
      ]
    ],
    [
      [
        840,
        136
      ]
    ],
    [
      [
        838,
        134
      ]
    ],
    [
      [
        837,
        134
      ]
    ],
    [
      [
        836,
        133
      ]
    ],
    [
      [
        834,
        133
      ]
    ],
    [
      [
        833,
        132
      ]
    ],
    [
      [
        829,
        132
      ]
    ],
    [
      [
        827,
        130
      ]
    ],
    [
      [
        825,
        130
      ]
    ],
    [
      [
        824,
        129
      ]
    ],
    [
      [
        823,
        129
      ]
    ],
    [
      [
        822,
        128
      ]
    ],
    [
      [
        819,
        128
      ]
    ],
    [
      [
        818,
        127
      ]
    ],
    [
      [
        817,
        127
      ]
    ],
    [
      [
        816,
        126
      ]
    ],
    [
      [
        811,
        126
      ]
    ],
    [
      [
        808,
        123
      ]
    ],
    [
      [
        805,
        123
      ]
    ],
    [
      [
        804,
        122
      ]
    ],
    [
      [
        802,
        122
      ]
    ],
    [
      [
        801,
        121
      ]
    ],
    [
      [
        796,
        121
      ]
    ],
    [
      [
        795,
        120
      ]
    ],
    [
      [
        794,
        120
      ]
    ],
    [
      [
        792,
        118
      ]
    ],
    [
      [
        788,
        118
      ]
    ],
    [
      [
        787,
        117
      ]
    ],
    [
      [
        786,
        117
      ]
    ],
    [
      [
        785,
        116
      ]
    ],
    [
      [
        784,
        116
      ]
    ],
    [
      [
        783,
        115
      ]
    ],
    [
      [
        781,
        115
      ]
    ],
    [
      [
        780,
        114
      ]
    ],
    [
      [
        776,
        114
      ]
    ],
    [
      [
        775,
        113
      ]
    ],
    [
      [
        773,
        113
      ]
    ],
    [
      [
        772,
        112
      ]
    ],
    [
      [
        769,
        112
      ]
    ],
    [
      [
        768,
        111
      ]
    ],
    [
      [
        765,
        111
      ]
    ],
    [
      [
        763,
        109
      ]
    ],
    [
      [
        762,
        109
      ]
    ],
    [
      [
        761,
        108
      ]
    ],
    [
      [
        757,
        108
      ]
    ],
    [
      [
        755,
        106
      ]
    ],
    [
      [
        754,
        106
      ]
    ],
    [
      [
        753,
        105
      ]
    ],
    [
      [
        749,
        105
      ]
    ],
    [
      [
        748,
        104
      ]
    ],
    [
      [
        745,
        104
      ]
    ],
    [
      [
        744,
        103
      ]
    ],
    [
      [
        735,
        103
      ]
    ],
    [
      [
        732,
        100
      ]
    ],
    [
      [
        730,
        100
      ]
    ],
    [
      [
        729,
        99
      ]
    ],
    [
      [
        724,
        99
      ]
    ],
    [
      [
        723,
        98
      ]
    ],
    [
      [
        722,
        98
      ]
    ],
    [
      [
        721,
        97
      ]
    ],
    [
      [
        711,
        97
      ]
    ],
    [
      [
        709,
        95
      ]
    ],
    [
      [
        703,
        95
      ]
    ],
    [
      [
        702,
        94
      ]
    ]
  ],
  "segment_square_corners": [
    [
      400.86114501953125,
      716.8650512695312
    ],
    [
      610.1913452148438,
      58.96992492675781
    ],
    [
      1453.08447265625,
      327.16314697265625
    ],
    [
      1243.75439453125,
      985.0582885742188
    ]
  ],
  "phrases": [
    "box",
    "tangerine",
    "tangerine",
    "tangerine",
    "tangerine"
  ],
  "selected_bbox": [
    0.47449469566345215,
    0.4878092110157013,
    0.49994850158691406,
    0.791286289691925
  ]
}