{
  "timestamp": 1761056159.7634442,
  "session_id": "session_20251021_211452_51253c84",
  "supplier_id": "",
  "qr_data": "695991",
  "qr_items": {
    "tangerine": 4
  },
  "qr_corners": [
    [
      1005.0,
      789.0
    ],
    [
      1070.0,
      855.0
    ],
    [
      1004.0,
      917.0
    ],
    [
      935.0,
      853.0
    ]
  ],
  "segment_corners": [
    [
      [
        912,
        36
      ]
    ],
    [
      [
        911,
        37
      ]
    ],
    [
      [
        910,
        37
      ]
    ],
    [
      [
        905,
        42
      ]
    ],
    [
      [
        904,
        42
      ]
    ],
    [
      [
        904,
        45
      ]
    ],
    [
      [
        903,
        46
      ]
    ],
    [
      [
        899,
        46
      ]
    ],
    [
      [
        898,
        47
      ]
    ],
    [
      [
        894,
        47
      ]
    ],
    [
      [
        892,
        49
      ]
    ],
    [
      [
        891,
        49
      ]
    ],
    [
      [
        891,
        63
      ]
    ],
    [
      [
        890,
        64
      ]
    ],
    [
      [
        873,
        64
      ]
    ],
    [
      [
        872,
        63
      ]
    ],
    [
      [
        836,
        63
      ]
    ],
    [
      [
        835,
        64
      ]
    ],
    [
      [
        831,
        64
      ]
    ],
    [
      [
        830,
        65
      ]
    ],
    [
      [
        828,
        65
      ]
    ],
    [
      [
        827,
        66
      ]
    ],
    [
      [
        823,
        66
      ]
    ],
    [
      [
        822,
        67
      ]
    ],
    [
      [
        820,
        67
      ]
    ],
    [
      [
        819,
        68
      ]
    ],
    [
      [
        817,
        68
      ]
    ],
    [
      [
        816,
        69
      ]
    ],
    [
      [
        814,
        69
      ]
    ],
    [
      [
        813,
        70
      ]
    ],
    [
      [
        808,
        70
      ]
    ],
    [
      [
        805,
        73
      ]
    ],
    [
      [
        802,
        73
      ]
    ],
    [
      [
        801,
        74
      ]
    ],
    [
      [
        799,
        74
      ]
    ],
    [
      [
        798,
        75
      ]
    ],
    [
      [
        797,
        75
      ]
    ],
    [
      [
        796,
        76
      ]
    ],
    [
      [
        795,
        76
      ]
    ],
    [
      [
        794,
        77
      ]
    ],
    [
      [
        793,
        77
      ]
    ],
    [
      [
        792,
        78
      ]
    ],
    [
      [
        790,
        78
      ]
    ],
    [
      [
        785,
        83
      ]
    ],
    [
      [
        784,
        83
      ]
    ],
    [
      [
        783,
        84
      ]
    ],
    [
      [
        782,
        84
      ]
    ],
    [
      [
        779,
        87
      ]
    ],
    [
      [
        778,
        87
      ]
    ],
    [
      [
        775,
        90
      ]
    ],
    [
      [
        774,
        90
      ]
    ],
    [
      [
        772,
        92
      ]
    ],
    [
      [
        772,
        93
      ]
    ],
    [
      [
        768,
        97
      ]
    ],
    [
      [
        740,
        97
      ]
    ],
    [
      [
        740,
        98
      ]
    ],
    [
      [
        739,
        99
      ]
    ],
    [
      [
        739,
        105
      ]
    ],
    [
      [
        742,
        108
      ]
    ],
    [
      [
        742,
        109
      ]
    ],
    [
      [
        743,
        109
      ]
    ],
    [
      [
        744,
        110
      ]
    ],
    [
      [
        744,
        127
      ]
    ],
    [
      [
        743,
        128
      ]
    ],
    [
      [
        742,
        128
      ]
    ],
    [
      [
        739,
        131
      ]
    ],
    [
      [
        739,
        132
      ]
    ],
    [
      [
        737,
        134
      ]
    ],
    [
      [
        737,
        135
      ]
    ],
    [
      [
        735,
        137
      ]
    ],
    [
      [
        734,
        137
      ]
    ],
    [
      [
        727,
        144
      ]
    ],
    [
      [
        727,
        145
      ]
    ],
    [
      [
        725,
        147
      ]
    ],
    [
      [
        725,
        148
      ]
    ],
    [
      [
        724,
        149
      ]
    ],
    [
      [
        723,
        149
      ]
    ],
    [
      [
        718,
        154
      ]
    ],
    [
      [
        701,
        154
      ]
    ],
    [
      [
        700,
        153
      ]
    ],
    [
      [
        700,
        152
      ]
    ],
    [
      [
        699,
        151
      ]
    ],
    [
      [
        699,
        149
      ]
    ],
    [
      [
        698,
        148
      ]
    ],
    [
      [
        698,
        147
      ]
    ],
    [
      [
        692,
        147
      ]
    ],
    [
      [
        692,
        154
      ]
    ],
    [
      [
        693,
        155
      ]
    ],
    [
      [
        693,
        158
      ]
    ],
    [
      [
        694,
        159
      ]
    ],
    [
      [
        694,
        160
      ]
    ],
    [
      [
        695,
        160
      ]
    ],
    [
      [
        697,
        162
      ]
    ],
    [
      [
        698,
        162
      ]
    ],
    [
      [
        700,
        164
      ]
    ],
    [
      [
        701,
        164
      ]
    ],
    [
      [
        704,
        167
      ]
    ],
    [
      [
        704,
        186
      ]
    ],
    [
      [
        690,
        200
      ]
    ],
    [
      [
        689,
        200
      ]
    ],
    [
      [
        689,
        201
      ]
    ],
    [
      [
        657,
        233
      ]
    ],
    [
      [
        657,
        234
      ]
    ],
    [
      [
        656,
        235
      ]
    ],
    [
      [
        655,
        235
      ]
    ],
    [
      [
        650,
        240
      ]
    ],
    [
      [
        650,
        241
      ]
    ],
    [
      [
        630,
        261
      ]
    ],
    [
      [
        630,
        262
      ]
    ],
    [
      [
        621,
        271
      ]
    ],
    [
      [
        621,
        272
      ]
    ],
    [
      [
        620,
        273
      ]
    ],
    [
      [
        619,
        273
      ]
    ],
    [
      [
        618,
        274
      ]
    ],
    [
      [
        617,
        274
      ]
    ],
    [
      [
        615,
        276
      ]
    ],
    [
      [
        615,
        277
      ]
    ],
    [
      [
        613,
        279
      ]
    ],
    [
      [
        612,
        279
      ]
    ],
    [
      [
        612,
        280
      ]
    ],
    [
      [
        610,
        282
      ]
    ],
    [
      [
        610,
        283
      ]
    ],
    [
      [
        606,
        287
      ]
    ],
    [
      [
        605,
        287
      ]
    ],
    [
      [
        601,
        291
      ]
    ],
    [
      [
        600,
        291
      ]
    ],
    [
      [
        598,
        293
      ]
    ],
    [
      [
        598,
        294
      ]
    ],
    [
      [
        593,
        299
      ]
    ],
    [
      [
        593,
        300
      ]
    ],
    [
      [
        586,
        307
      ]
    ],
    [
      [
        585,
        307
      ]
    ],
    [
      [
        585,
        308
      ]
    ],
    [
      [
        570,
        323
      ]
    ],
    [
      [
        569,
        323
      ]
    ],
    [
      [
        568,
        324
      ]
    ],
    [
      [
        568,
        325
      ]
    ],
    [
      [
        566,
        327
      ]
    ],
    [
      [
        566,
        328
      ]
    ],
    [
      [
        562,
        332
      ]
    ],
    [
      [
        561,
        332
      ]
    ],
    [
      [
        557,
        336
      ]
    ],
    [
      [
        557,
        337
      ]
    ],
    [
      [
        542,
        352
      ]
    ],
    [
      [
        542,
        353
      ]
    ],
    [
      [
        541,
        354
      ]
    ],
    [
      [
        524,
        354
      ]
    ],
    [
      [
        523,
        353
      ]
    ],
    [
      [
        516,
        353
      ]
    ],
    [
      [
        516,
        354
      ]
    ],
    [
      [
        515,
        355
      ]
    ],
    [
      [
        512,
        355
      ]
    ],
    [
      [
        512,
        357
      ]
    ],
    [
      [
        511,
        358
      ]
    ],
    [
      [
        498,
        358
      ]
    ],
    [
      [
        495,
        361
      ]
    ],
    [
      [
        495,
        362
      ]
    ],
    [
      [
        473,
        384
      ]
    ],
    [
      [
        473,
        385
      ]
    ],
    [
      [
        471,
        387
      ]
    ],
    [
      [
        470,
        387
      ]
    ],
    [
      [
        470,
        388
      ]
    ],
    [
      [
        468,
        390
      ]
    ],
    [
      [
        467,
        390
      ]
    ],
    [
      [
        465,
        392
      ]
    ],
    [
      [
        465,
        393
      ]
    ],
    [
      [
        452,
        406
      ]
    ],
    [
      [
        452,
        407
      ]
    ],
    [
      [
        448,
        411
      ]
    ],
    [
      [
        447,
        411
      ]
    ],
    [
      [
        447,
        412
      ]
    ],
    [
      [
        445,
        414
      ]
    ],
    [
      [
        444,
        414
      ]
    ],
    [
      [
        443,
        415
      ]
    ],
    [
      [
        443,
        416
      ]
    ],
    [
      [
        436,
        423
      ]
    ],
    [
      [
        436,
        424
      ]
    ],
    [
      [
        427,
        433
      ]
    ],
    [
      [
        427,
        434
      ]
    ],
    [
      [
        410,
        451
      ]
    ],
    [
      [
        410,
        452
      ]
    ],
    [
      [
        408,
        454
      ]
    ],
    [
      [
        407,
        454
      ]
    ],
    [
      [
        407,
        455
      ]
    ],
    [
      [
        405,
        457
      ]
    ],
    [
      [
        405,
        458
      ]
    ],
    [
      [
        404,
        459
      ]
    ],
    [
      [
        404,
        463
      ]
    ],
    [
      [
        403,
        464
      ]
    ],
    [
      [
        403,
        466
      ]
    ],
    [
      [
        402,
        467
      ]
    ],
    [
      [
        402,
        482
      ]
    ],
    [
      [
        403,
        483
      ]
    ],
    [
      [
        403,
        484
      ]
    ],
    [
      [
        404,
        485
      ]
    ],
    [
      [
        404,
        487
      ]
    ],
    [
      [
        406,
        489
      ]
    ],
    [
      [
        406,
        496
      ]
    ],
    [
      [
        410,
        500
      ]
    ],
    [
      [
        410,
        501
      ]
    ],
    [
      [
        414,
        505
      ]
    ],
    [
      [
        414,
        506
      ]
    ],
    [
      [
        452,
        544
      ]
    ],
    [
      [
        453,
        544
      ]
    ],
    [
      [
        454,
        545
      ]
    ],
    [
      [
        454,
        550
      ]
    ],
    [
      [
        465,
        561
      ]
    ],
    [
      [
        465,
        563
      ]
    ],
    [
      [
        466,
        564
      ]
    ],
    [
      [
        466,
        570
      ]
    ],
    [
      [
        468,
        572
      ]
    ],
    [
      [
        468,
        573
      ]
    ],
    [
      [
        470,
        575
      ]
    ],
    [
      [
        492,
        575
      ]
    ],
    [
      [
        493,
        576
      ]
    ],
    [
      [
        493,
        580
      ]
    ],
    [
      [
        497,
        584
      ]
    ],
    [
      [
        497,
        591
      ]
    ],
    [
      [
        500,
        591
      ]
    ],
    [
      [
        501,
        592
      ]
    ],
    [
      [
        502,
        592
      ]
    ],
    [
      [
        503,
        593
      ]
    ],
    [
      [
        518,
        593
      ]
    ],
    [
      [
        519,
        594
      ]
    ],
    [
      [
        519,
        603
      ]
    ],
    [
      [
        523,
        603
      ]
    ],
    [
      [
        526,
        606
      ]
    ],
    [
      [
        533,
        606
      ]
    ],
    [
      [
        535,
        604
      ]
    ],
    [
      [
        535,
        599
      ]
    ],
    [
      [
        536,
        598
      ]
    ],
    [
      [
        553,
        598
      ]
    ],
    [
      [
        560,
        605
      ]
    ],
    [
      [
        561,
        605
      ]
    ],
    [
      [
        563,
        607
      ]
    ],
    [
      [
        563,
        608
      ]
    ],
    [
      [
        564,
        608
      ]
    ],
    [
      [
        565,
        609
      ]
    ],
    [
      [
        565,
        610
      ]
    ],
    [
      [
        571,
        616
      ]
    ],
    [
      [
        572,
        616
      ]
    ],
    [
      [
        577,
        621
      ]
    ],
    [
      [
        577,
        622
      ]
    ],
    [
      [
        587,
        632
      ]
    ],
    [
      [
        588,
        632
      ]
    ],
    [
      [
        591,
        635
      ]
    ],
    [
      [
        591,
        636
      ]
    ],
    [
      [
        593,
        638
      ]
    ],
    [
      [
        593,
        639
      ]
    ],
    [
      [
        594,
        639
      ]
    ],
    [
      [
        595,
        640
      ]
    ],
    [
      [
        596,
        640
      ]
    ],
    [
      [
        608,
        652
      ]
    ],
    [
      [
        609,
        652
      ]
    ],
    [
      [
        610,
        653
      ]
    ],
    [
      [
        610,
        654
      ]
    ],
    [
      [
        619,
        663
      ]
    ],
    [
      [
        619,
        680
      ]
    ],
    [
      [
        618,
        681
      ]
    ],
    [
      [
        612,
        681
      ]
    ],
    [
      [
        612,
        687
      ]
    ],
    [
      [
        614,
        689
      ]
    ],
    [
      [
        614,
        690
      ]
    ],
    [
      [
        615,
        691
      ]
    ],
    [
      [
        615,
        692
      ]
    ],
    [
      [
        619,
        696
      ]
    ],
    [
      [
        620,
        696
      ]
    ],
    [
      [
        627,
        703
      ]
    ],
    [
      [
        627,
        704
      ]
    ],
    [
      [
        633,
        710
      ]
    ],
    [
      [
        633,
        711
      ]
    ],
    [
      [
        638,
        711
      ]
    ],
    [
      [
        645,
        718
      ]
    ],
    [
      [
        646,
        718
      ]
    ],
    [
      [
        648,
        720
      ]
    ],
    [
      [
        648,
        721
      ]
    ],
    [
      [
        654,
        727
      ]
    ],
    [
      [
        655,
        727
      ]
    ],
    [
      [
        656,
        728
      ]
    ],
    [
      [
        656,
        729
      ]
    ],
    [
      [
        657,
        729
      ]
    ],
    [
      [
        659,
        731
      ]
    ],
    [
      [
        659,
        732
      ]
    ],
    [
      [
        665,
        738
      ]
    ],
    [
      [
        666,
        738
      ]
    ],
    [
      [
        670,
        742
      ]
    ],
    [
      [
        671,
        742
      ]
    ],
    [
      [
        675,
        746
      ]
    ],
    [
      [
        702,
        746
      ]
    ],
    [
      [
        704,
        748
      ]
    ],
    [
      [
        704,
        750
      ]
    ],
    [
      [
        706,
        752
      ]
    ],
    [
      [
        706,
        776
      ]
    ],
    [
      [
        705,
        777
      ]
    ],
    [
      [
        700,
        777
      ]
    ],
    [
      [
        700,
        783
      ]
    ],
    [
      [
        703,
        786
      ]
    ],
    [
      [
        704,
        786
      ]
    ],
    [
      [
        707,
        789
      ]
    ],
    [
      [
        708,
        789
      ]
    ],
    [
      [
        712,
        793
      ]
    ],
    [
      [
        712,
        794
      ]
    ],
    [
      [
        713,
        794
      ]
    ],
    [
      [
        714,
        795
      ]
    ],
    [
      [
        714,
        796
      ]
    ],
    [
      [
        715,
        797
      ]
    ],
    [
      [
        716,
        797
      ]
    ],
    [
      [
        718,
        799
      ]
    ],
    [
      [
        718,
        800
      ]
    ],
    [
      [
        719,
        801
      ]
    ],
    [
      [
        720,
        801
      ]
    ],
    [
      [
        722,
        803
      ]
    ],
    [
      [
        723,
        803
      ]
    ],
    [
      [
        730,
        810
      ]
    ],
    [
      [
        731,
        810
      ]
    ],
    [
      [
        734,
        813
      ]
    ],
    [
      [
        735,
        813
      ]
    ],
    [
      [
        737,
        815
      ]
    ],
    [
      [
        737,
        816
      ]
    ],
    [
      [
        742,
        821
      ]
    ],
    [
      [
        742,
        822
      ]
    ],
    [
      [
        744,
        822
      ]
    ],
    [
      [
        746,
        824
      ]
    ],
    [
      [
        746,
        825
      ]
    ],
    [
      [
        747,
        826
      ]
    ],
    [
      [
        748,
        826
      ]
    ],
    [
      [
        749,
        827
      ]
    ],
    [
      [
        749,
        828
      ]
    ],
    [
      [
        752,
        831
      ]
    ],
    [
      [
        753,
        831
      ]
    ],
    [
      [
        760,
        838
      ]
    ],
    [
      [
        761,
        838
      ]
    ],
    [
      [
        764,
        841
      ]
    ],
    [
      [
        764,
        842
      ]
    ],
    [
      [
        768,
        846
      ]
    ],
    [
      [
        769,
        846
      ]
    ],
    [
      [
        776,
        853
      ]
    ],
    [
      [
        777,
        853
      ]
    ],
    [
      [
        779,
        855
      ]
    ],
    [
      [
        779,
        856
      ]
    ],
    [
      [
        780,
        856
      ]
    ],
    [
      [
        790,
        866
      ]
    ],
    [
      [
        790,
        867
      ]
    ],
    [
      [
        791,
        868
      ]
    ],
    [
      [
        792,
        868
      ]
    ],
    [
      [
        793,
        869
      ]
    ],
    [
      [
        793,
        870
      ]
    ],
    [
      [
        794,
        870
      ]
    ],
    [
      [
        795,
        871
      ]
    ],
    [
      [
        796,
        871
      ]
    ],
    [
      [
        805,
        880
      ]
    ],
    [
      [
        806,
        880
      ]
    ],
    [
      [
        808,
        882
      ]
    ],
    [
      [
        808,
        883
      ]
    ],
    [
      [
        814,
        883
      ]
    ],
    [
      [
        814,
        866
      ]
    ],
    [
      [
        815,
        865
      ]
    ],
    [
      [
        832,
        865
      ]
    ],
    [
      [
        833,
        866
      ]
    ],
    [
      [
        833,
        867
      ]
    ],
    [
      [
        837,
        871
      ]
    ],
    [
      [
        838,
        871
      ]
    ],
    [
      [
        843,
        876
      ]
    ],
    [
      [
        844,
        876
      ]
    ],
    [
      [
        849,
        881
      ]
    ],
    [
      [
        849,
        882
      ]
    ],
    [
      [
        850,
        883
      ]
    ],
    [
      [
        851,
        883
      ]
    ],
    [
      [
        855,
        887
      ]
    ],
    [
      [
        856,
        887
      ]
    ],
    [
      [
        858,
        889
      ]
    ],
    [
      [
        858,
        890
      ]
    ],
    [
      [
        859,
        891
      ]
    ],
    [
      [
        860,
        891
      ]
    ],
    [
      [
        862,
        893
      ]
    ],
    [
      [
        862,
        894
      ]
    ],
    [
      [
        863,
        894
      ]
    ],
    [
      [
        864,
        895
      ]
    ],
    [
      [
        864,
        896
      ]
    ],
    [
      [
        865,
        896
      ]
    ],
    [
      [
        867,
        898
      ]
    ],
    [
      [
        868,
        898
      ]
    ],
    [
      [
        872,
        902
      ]
    ],
    [
      [
        872,
        903
      ]
    ],
    [
      [
        874,
        905
      ]
    ],
    [
      [
        875,
        905
      ]
    ],
    [
      [
        876,
        906
      ]
    ],
    [
      [
        877,
        906
      ]
    ],
    [
      [
        883,
        912
      ]
    ],
    [
      [
        883,
        913
      ]
    ],
    [
      [
        884,
        913
      ]
    ],
    [
      [
        886,
        915
      ]
    ],
    [
      [
        887,
        915
      ]
    ],
    [
      [
        892,
        920
      ]
    ],
    [
      [
        892,
        921
      ]
    ],
    [
      [
        898,
        927
      ]
    ],
    [
      [
        899,
        927
      ]
    ],
    [
      [
        900,
        928
      ]
    ],
    [
      [
        900,
        945
      ]
    ],
    [
      [
        899,
        946
      ]
    ],
    [
      [
        896,
        946
      ]
    ],
    [
      [
        896,
        952
      ]
    ],
    [
      [
        898,
        954
      ]
    ],
    [
      [
        898,
        955
      ]
    ],
    [
      [
        900,
        957
      ]
    ],
    [
      [
        901,
        957
      ]
    ],
    [
      [
        907,
        963
      ]
    ],
    [
      [
        908,
        963
      ]
    ],
    [
      [
        913,
        968
      ]
    ],
    [
      [
        914,
        968
      ]
    ],
    [
      [
        922,
        976
      ]
    ],
    [
      [
        923,
        976
      ]
    ],
    [
      [
        929,
        982
      ]
    ],
    [
      [
        930,
        982
      ]
    ],
    [
      [
        935,
        987
      ]
    ],
    [
      [
        936,
        987
      ]
    ],
    [
      [
        939,
        990
      ]
    ],
    [
      [
        945,
        990
      ]
    ],
    [
      [
        945,
        980
      ]
    ],
    [
      [
        946,
        979
      ]
    ],
    [
      [
        971,
        979
      ]
    ],
    [
      [
        972,
        980
      ]
    ],
    [
      [
        972,
        985
      ]
    ],
    [
      [
        975,
        985
      ]
    ],
    [
      [
        976,
        986
      ]
    ],
    [
      [
        976,
        1004
      ]
    ],
    [
      [
        982,
        1010
      ]
    ],
    [
      [
        982,
        1021
      ]
    ],
    [
      [
        986,
        1021
      ]
    ],
    [
      [
        987,
        1022
      ]
    ],
    [
      [
        987,
        1023
      ]
    ],
    [
      [
        989,
        1023
      ]
    ],
    [
      [
        990,
        1024
      ]
    ],
    [
      [
        990,
        1027
      ]
    ],
    [
      [
        996,
        1027
      ]
    ],
    [
      [
        997,
        1028
      ]
    ],
    [
      [
        997,
        1039
      ]
    ],
    [
      [
        998,
        1040
      ]
    ],
    [
      [
        1001,
        1040
      ]
    ],
    [
      [
        1002,
        1041
      ]
    ],
    [
      [
        1010,
        1041
      ]
    ],
    [
      [
        1011,
        1040
      ]
    ],
    [
      [
        1015,
        1040
      ]
    ],
    [
      [
        1017,
        1038
      ]
    ],
    [
      [
        1018,
        1038
      ]
    ],
    [
      [
        1020,
        1036
      ]
    ],
    [
      [
        1021,
        1036
      ]
    ],
    [
      [
        1024,
        1033
      ]
    ],
    [
      [
        1024,
        1032
      ]
    ],
    [
      [
        1026,
        1030
      ]
    ],
    [
      [
        1027,
        1030
      ]
    ],
    [
      [
        1028,
        1029
      ]
    ],
    [
      [
        1029,
        1029
      ]
    ],
    [
      [
        1035,
        1023
      ]
    ],
    [
      [
        1035,
        1022
      ]
    ],
    [
      [
        1039,
        1018
      ]
    ],
    [
      [
        1040,
        1018
      ]
    ],
    [
      [
        1042,
        1016
      ]
    ],
    [
      [
        1042,
        1015
      ]
    ],
    [
      [
        1044,
        1013
      ]
    ],
    [
      [
        1045,
        1013
      ]
    ],
    [
      [
        1050,
        1008
      ]
    ],
    [
      [
        1050,
        1007
      ]
    ],
    [
      [
        1051,
        1006
      ]
    ],
    [
      [
        1052,
        1006
      ]
    ],
    [
      [
        1061,
        997
      ]
    ],
    [
      [
        1062,
        997
      ]
    ],
    [
      [
        1062,
        996
      ]
    ],
    [
      [
        1065,
        993
      ]
    ],
    [
      [
        1066,
        993
      ]
    ],
    [
      [
        1071,
        988
      ]
    ],
    [
      [
        1072,
        988
      ]
    ],
    [
      [
        1075,
        985
      ]
    ],
    [
      [
        1075,
        984
      ]
    ],
    [
      [
        1088,
        971
      ]
    ],
    [
      [
        1088,
        970
      ]
    ],
    [
      [
        1090,
        968
      ]
    ],
    [
      [
        1091,
        968
      ]
    ],
    [
      [
        1100,
        959
      ]
    ],
    [
      [
        1101,
        959
      ]
    ],
    [
      [
        1103,
        957
      ]
    ],
    [
      [
        1104,
        957
      ]
    ],
    [
      [
        1106,
        955
      ]
    ],
    [
      [
        1107,
        955
      ]
    ],
    [
      [
        1107,
        954
      ]
    ],
    [
      [
        1108,
        953
      ]
    ],
    [
      [
        1110,
        953
      ]
    ],
    [
      [
        1111,
        952
      ]
    ],
    [
      [
        1111,
        951
      ]
    ],
    [
      [
        1112,
        950
      ]
    ],
    [
      [
        1113,
        950
      ]
    ],
    [
      [
        1114,
        949
      ]
    ],
    [
      [
        1114,
        947
      ]
    ],
    [
      [
        1115,
        946
      ]
    ],
    [
      [
        1115,
        936
      ]
    ],
    [
      [
        1116,
        935
      ]
    ],
    [
      [
        1132,
        935
      ]
    ],
    [
      [
        1133,
        934
      ]
    ],
    [
      [
        1134,
        934
      ]
    ],
    [
      [
        1145,
        923
      ]
    ],
    [
      [
        1146,
        923
      ]
    ],
    [
      [
        1147,
        922
      ]
    ],
    [
      [
        1147,
        921
      ]
    ],
    [
      [
        1149,
        919
      ]
    ],
    [
      [
        1150,
        919
      ]
    ],
    [
      [
        1154,
        915
      ]
    ],
    [
      [
        1155,
        915
      ]
    ],
    [
      [
        1155,
        914
      ]
    ],
    [
      [
        1157,
        912
      ]
    ],
    [
      [
        1158,
        912
      ]
    ],
    [
      [
        1166,
        904
      ]
    ],
    [
      [
        1167,
        904
      ]
    ],
    [
      [
        1168,
        903
      ]
    ],
    [
      [
        1168,
        902
      ]
    ],
    [
      [
        1173,
        897
      ]
    ],
    [
      [
        1174,
        897
      ]
    ],
    [
      [
        1174,
        896
      ]
    ],
    [
      [
        1177,
        893
      ]
    ],
    [
      [
        1178,
        893
      ]
    ],
    [
      [
        1179,
        892
      ]
    ],
    [
      [
        1179,
        891
      ]
    ],
    [
      [
        1180,
        890
      ]
    ],
    [
      [
        1181,
        890
      ]
    ],
    [
      [
        1188,
        883
      ]
    ],
    [
      [
        1188,
        882
      ]
    ],
    [
      [
        1189,
        881
      ]
    ],
    [
      [
        1190,
        881
      ]
    ],
    [
      [
        1192,
        879
      ]
    ],
    [
      [
        1193,
        879
      ]
    ],
    [
      [
        1198,
        874
      ]
    ],
    [
      [
        1199,
        874
      ]
    ],
    [
      [
        1200,
        873
      ]
    ],
    [
      [
        1201,
        873
      ]
    ],
    [
      [
        1202,
        872
      ]
    ],
    [
      [
        1202,
        871
      ]
    ],
    [
      [
        1203,
        870
      ]
    ],
    [
      [
        1203,
        869
      ]
    ],
    [
      [
        1204,
        868
      ]
    ],
    [
      [
        1205,
        868
      ]
    ],
    [
      [
        1212,
        861
      ]
    ],
    [
      [
        1212,
        860
      ]
    ],
    [
      [
        1213,
        859
      ]
    ],
    [
      [
        1214,
        859
      ]
    ],
    [
      [
        1215,
        858
      ]
    ],
    [
      [
        1215,
        857
      ]
    ],
    [
      [
        1221,
        851
      ]
    ],
    [
      [
        1222,
        851
      ]
    ],
    [
      [
        1224,
        849
      ]
    ],
    [
      [
        1225,
        849
      ]
    ],
    [
      [
        1225,
        848
      ]
    ],
    [
      [
        1227,
        846
      ]
    ],
    [
      [
        1228,
        846
      ]
    ],
    [
      [
        1228,
        845
      ]
    ],
    [
      [
        1229,
        844
      ]
    ],
    [
      [
        1230,
        844
      ]
    ],
    [
      [
        1236,
        838
      ]
    ],
    [
      [
        1236,
        836
      ]
    ],
    [
      [
        1237,
        835
      ]
    ],
    [
      [
        1239,
        835
      ]
    ],
    [
      [
        1245,
        829
      ]
    ],
    [
      [
        1246,
        829
      ]
    ],
    [
      [
        1247,
        828
      ]
    ],
    [
      [
        1247,
        827
      ]
    ],
    [
      [
        1254,
        820
      ]
    ],
    [
      [
        1255,
        820
      ]
    ],
    [
      [
        1267,
        808
      ]
    ],
    [
      [
        1268,
        808
      ]
    ],
    [
      [
        1268,
        807
      ]
    ],
    [
      [
        1269,
        806
      ]
    ],
    [
      [
        1270,
        806
      ]
    ],
    [
      [
        1274,
        802
      ]
    ],
    [
      [
        1274,
        801
      ]
    ],
    [
      [
        1275,
        800
      ]
    ],
    [
      [
        1276,
        800
      ]
    ],
    [
      [
        1278,
        798
      ]
    ],
    [
      [
        1278,
        797
      ]
    ],
    [
      [
        1279,
        796
      ]
    ],
    [
      [
        1280,
        796
      ]
    ],
    [
      [
        1286,
        790
      ]
    ],
    [
      [
        1287,
        790
      ]
    ],
    [
      [
        1288,
        789
      ]
    ],
    [
      [
        1289,
        789
      ]
    ],
    [
      [
        1294,
        784
      ]
    ],
    [
      [
        1294,
        783
      ]
    ],
    [
      [
        1295,
        782
      ]
    ],
    [
      [
        1295,
        781
      ]
    ],
    [
      [
        1297,
        779
      ]
    ],
    [
      [
        1298,
        779
      ]
    ],
    [
      [
        1303,
        774
      ]
    ],
    [
      [
        1303,
        763
      ]
    ],
    [
      [
        1304,
        762
      ]
    ],
    [
      [
        1310,
        762
      ]
    ],
    [
      [
        1310,
        751
      ]
    ],
    [
      [
        1313,
        748
      ]
    ],
    [
      [
        1314,
        748
      ]
    ],
    [
      [
        1317,
        745
      ]
    ],
    [
      [
        1317,
        744
      ]
    ],
    [
      [
        1322,
        739
      ]
    ],
    [
      [
        1323,
        739
      ]
    ],
    [
      [
        1329,
        733
      ]
    ],
    [
      [
        1330,
        733
      ]
    ],
    [
      [
        1330,
        732
      ]
    ],
    [
      [
        1334,
        728
      ]
    ],
    [
      [
        1334,
        727
      ]
    ],
    [
      [
        1335,
        726
      ]
    ],
    [
      [
        1336,
        726
      ]
    ],
    [
      [
        1340,
        722
      ]
    ],
    [
      [
        1340,
        721
      ]
    ],
    [
      [
        1342,
        719
      ]
    ],
    [
      [
        1342,
        714
      ]
    ],
    [
      [
        1343,
        713
      ]
    ],
    [
      [
        1345,
        713
      ]
    ],
    [
      [
        1345,
        711
      ]
    ],
    [
      [
        1352,
        704
      ]
    ],
    [
      [
        1353,
        704
      ]
    ],
    [
      [
        1356,
        701
      ]
    ],
    [
      [
        1356,
        700
      ]
    ],
    [
      [
        1362,
        694
      ]
    ],
    [
      [
        1362,
        693
      ]
    ],
    [
      [
        1363,
        692
      ]
    ],
    [
      [
        1363,
        691
      ]
    ],
    [
      [
        1371,
        683
      ]
    ],
    [
      [
        1371,
        682
      ]
    ],
    [
      [
        1372,
        681
      ]
    ],
    [
      [
        1372,
        680
      ]
    ],
    [
      [
        1374,
        678
      ]
    ],
    [
      [
        1374,
        677
      ]
    ],
    [
      [
        1376,
        675
      ]
    ],
    [
      [
        1376,
        674
      ]
    ],
    [
      [
        1377,
        673
      ]
    ],
    [
      [
        1377,
        671
      ]
    ],
    [
      [
        1379,
        669
      ]
    ],
    [
      [
        1379,
        668
      ]
    ],
    [
      [
        1380,
        667
      ]
    ],
    [
      [
        1380,
        666
      ]
    ],
    [
      [
        1381,
        665
      ]
    ],
    [
      [
        1381,
        664
      ]
    ],
    [
      [
        1382,
        663
      ]
    ],
    [
      [
        1382,
        655
      ]
    ],
    [
      [
        1383,
        654
      ]
    ],
    [
      [
        1383,
        653
      ]
    ],
    [
      [
        1384,
        652
      ]
    ],
    [
      [
        1384,
        650
      ]
    ],
    [
      [
        1385,
        649
      ]
    ],
    [
      [
        1385,
        648
      ]
    ],
    [
      [
        1386,
        647
      ]
    ],
    [
      [
        1386,
        645
      ]
    ],
    [
      [
        1387,
        644
      ]
    ],
    [
      [
        1387,
        642
      ]
    ],
    [
      [
        1388,
        641
      ]
    ],
    [
      [
        1388,
        638
      ]
    ],
    [
      [
        1389,
        637
      ]
    ],
    [
      [
        1389,
        635
      ]
    ],
    [
      [
        1391,
        633
      ]
    ],
    [
      [
        1391,
        625
      ]
    ],
    [
      [
        1392,
        624
      ]
    ],
    [
      [
        1392,
        623
      ]
    ],
    [
      [
        1393,
        622
      ]
    ],
    [
      [
        1407,
        622
      ]
    ],
    [
      [
        1407,
        621
      ]
    ],
    [
      [
        1408,
        620
      ]
    ],
    [
      [
        1412,
        620
      ]
    ],
    [
      [
        1412,
        619
      ]
    ],
    [
      [
        1414,
        617
      ]
    ],
    [
      [
        1414,
        611
      ]
    ],
    [
      [
        1411,
        611
      ]
    ],
    [
      [
        1410,
        610
      ]
    ],
    [
      [
        1410,
        575
      ]
    ],
    [
      [
        1411,
        574
      ]
    ],
    [
      [
        1412,
        574
      ]
    ],
    [
      [
        1413,
        573
      ]
    ],
    [
      [
        1413,
        567
      ]
    ],
    [
      [
        1414,
        566
      ]
    ],
    [
      [
        1414,
        565
      ]
    ],
    [
      [
        1416,
        563
      ]
    ],
    [
      [
        1416,
        560
      ]
    ],
    [
      [
        1417,
        559
      ]
    ],
    [
      [
        1417,
        558
      ]
    ],
    [
      [
        1418,
        557
      ]
    ],
    [
      [
        1419,
        557
      ]
    ],
    [
      [
        1420,
        556
      ]
    ],
    [
      [
        1422,
        556
      ]
    ],
    [
      [
        1422,
        555
      ]
    ],
    [
      [
        1423,
        554
      ]
    ],
    [
      [
        1423,
        548
      ]
    ],
    [
      [
        1422,
        547
      ]
    ],
    [
      [
        1422,
        544
      ]
    ],
    [
      [
        1421,
        543
      ]
    ],
    [
      [
        1421,
        542
      ]
    ],
    [
      [
        1419,
        540
      ]
    ],
    [
      [
        1419,
        539
      ]
    ],
    [
      [
        1418,
        538
      ]
    ],
    [
      [
        1418,
        536
      ]
    ],
    [
      [
        1413,
        531
      ]
    ],
    [
      [
        1413,
        530
      ]
    ],
    [
      [
        1411,
        528
      ]
    ],
    [
      [
        1411,
        527
      ]
    ],
    [
      [
        1408,
        524
      ]
    ],
    [
      [
        1408,
        523
      ]
    ],
    [
      [
        1407,
        522
      ]
    ],
    [
      [
        1407,
        521
      ]
    ],
    [
      [
        1404,
        518
      ]
    ],
    [
      [
        1404,
        517
      ]
    ],
    [
      [
        1400,
        513
      ]
    ],
    [
      [
        1400,
        512
      ]
    ],
    [
      [
        1399,
        512
      ]
    ],
    [
      [
        1398,
        511
      ]
    ],
    [
      [
        1398,
        510
      ]
    ],
    [
      [
        1397,
        510
      ]
    ],
    [
      [
        1395,
        508
      ]
    ],
    [
      [
        1395,
        507
      ]
    ],
    [
      [
        1389,
        501
      ]
    ],
    [
      [
        1388,
        501
      ]
    ],
    [
      [
        1387,
        500
      ]
    ],
    [
      [
        1387,
        498
      ]
    ],
    [
      [
        1379,
        490
      ]
    ],
    [
      [
        1379,
        489
      ]
    ],
    [
      [
        1376,
        486
      ]
    ],
    [
      [
        1375,
        486
      ]
    ],
    [
      [
        1366,
        477
      ]
    ],
    [
      [
        1366,
        476
      ]
    ],
    [
      [
        1365,
        476
      ]
    ],
    [
      [
        1360,
        471
      ]
    ],
    [
      [
        1360,
        470
      ]
    ],
    [
      [
        1359,
        470
      ]
    ],
    [
      [
        1355,
        466
      ]
    ],
    [
      [
        1354,
        466
      ]
    ],
    [
      [
        1352,
        464
      ]
    ],
    [
      [
        1352,
        462
      ]
    ],
    [
      [
        1351,
        461
      ]
    ],
    [
      [
        1350,
        461
      ]
    ],
    [
      [
        1348,
        459
      ]
    ],
    [
      [
        1348,
        458
      ]
    ],
    [
      [
        1347,
        457
      ]
    ],
    [
      [
        1346,
        457
      ]
    ],
    [
      [
        1345,
        456
      ]
    ],
    [
      [
        1345,
        455
      ]
    ],
    [
      [
        1344,
        454
      ]
    ],
    [
      [
        1343,
        454
      ]
    ],
    [
      [
        1340,
        451
      ]
    ],
    [
      [
        1340,
        450
      ]
    ],
    [
      [
        1320,
        430
      ]
    ],
    [
      [
        1319,
        430
      ]
    ],
    [
      [
        1317,
        428
      ]
    ],
    [
      [
        1317,
        427
      ]
    ],
    [
      [
        1315,
        425
      ]
    ],
    [
      [
        1314,
        425
      ]
    ],
    [
      [
        1304,
        415
      ]
    ],
    [
      [
        1304,
        414
      ]
    ],
    [
      [
        1301,
        414
      ]
    ],
    [
      [
        1299,
        412
      ]
    ],
    [
      [
        1299,
        410
      ]
    ],
    [
      [
        1296,
        407
      ]
    ],
    [
      [
        1295,
        407
      ]
    ],
    [
      [
        1294,
        406
      ]
    ],
    [
      [
        1293,
        406
      ]
    ],
    [
      [
        1291,
        404
      ]
    ],
    [
      [
        1291,
        403
      ]
    ],
    [
      [
        1290,
        402
      ]
    ],
    [
      [
        1288,
        402
      ]
    ],
    [
      [
        1284,
        398
      ]
    ],
    [
      [
        1284,
        397
      ]
    ],
    [
      [
        1267,
        380
      ]
    ],
    [
      [
        1267,
        379
      ]
    ],
    [
      [
        1266,
        378
      ]
    ],
    [
      [
        1266,
        377
      ]
    ],
    [
      [
        1263,
        374
      ]
    ],
    [
      [
        1261,
        374
      ]
    ],
    [
      [
        1260,
        373
      ]
    ],
    [
      [
        1260,
        372
      ]
    ],
    [
      [
        1256,
        368
      ]
    ],
    [
      [
        1256,
        367
      ]
    ],
    [
      [
        1255,
        366
      ]
    ],
    [
      [
        1253,
        366
      ]
    ],
    [
      [
        1251,
        364
      ]
    ],
    [
      [
        1251,
        363
      ]
    ],
    [
      [
        1248,
        360
      ]
    ],
    [
      [
        1248,
        359
      ]
    ],
    [
      [
        1242,
        353
      ]
    ],
    [
      [
        1241,
        353
      ]
    ],
    [
      [
        1238,
        350
      ]
    ],
    [
      [
        1237,
        350
      ]
    ],
    [
      [
        1235,
        348
      ]
    ],
    [
      [
        1235,
        347
      ]
    ],
    [
      [
        1230,
        342
      ]
    ],
    [
      [
        1229,
        342
      ]
    ],
    [
      [
        1227,
        340
      ]
    ],
    [
      [
        1227,
        339
      ]
    ],
    [
      [
        1226,
        339
      ]
    ],
    [
      [
        1224,
        337
      ]
    ],
    [
      [
        1223,
        337
      ]
    ],
    [
      [
        1220,
        334
      ]
    ],
    [
      [
        1220,
        333
      ]
    ],
    [
      [
        1219,
        332
      ]
    ],
    [
      [
        1219,
        331
      ]
    ],
    [
      [
        1214,
        326
      ]
    ],
    [
      [
        1213,
        326
      ]
    ],
    [
      [
        1205,
        318
      ]
    ],
    [
      [
        1204,
        318
      ]
    ],
    [
      [
        1203,
        317
      ]
    ],
    [
      [
        1197,
        317
      ]
    ],
    [
      [
        1197,
        320
      ]
    ],
    [
      [
        1196,
        321
      ]
    ],
    [
      [
        1179,
        321
      ]
    ],
    [
      [
        1178,
        320
      ]
    ],
    [
      [
        1178,
        319
      ]
    ],
    [
      [
        1177,
        318
      ]
    ],
    [
      [
        1177,
        316
      ]
    ],
    [
      [
        1173,
        312
      ]
    ],
    [
      [
        1171,
        312
      ]
    ],
    [
      [
        1169,
        310
      ]
    ],
    [
      [
        1169,
        308
      ]
    ],
    [
      [
        1168,
        307
      ]
    ],
    [
      [
        1167,
        307
      ]
    ],
    [
      [
        1149,
        289
      ]
    ],
    [
      [
        1149,
        288
      ]
    ],
    [
      [
        1143,
        282
      ]
    ],
    [
      [
        1143,
        281
      ]
    ],
    [
      [
        1142,
        280
      ]
    ],
    [
      [
        1141,
        280
      ]
    ],
    [
      [
        1138,
        277
      ]
    ],
    [
      [
        1138,
        276
      ]
    ],
    [
      [
        1137,
        276
      ]
    ],
    [
      [
        1134,
        273
      ]
    ],
    [
      [
        1134,
        272
      ]
    ],
    [
      [
        1133,
        272
      ]
    ],
    [
      [
        1127,
        266
      ]
    ],
    [
      [
        1127,
        265
      ]
    ],
    [
      [
        1123,
        261
      ]
    ],
    [
      [
        1122,
        261
      ]
    ],
    [
      [
        1120,
        259
      ]
    ],
    [
      [
        1120,
        258
      ]
    ],
    [
      [
        1119,
        258
      ]
    ],
    [
      [
        1112,
        251
      ]
    ],
    [
      [
        1112,
        250
      ]
    ],
    [
      [
        1108,
        246
      ]
    ],
    [
      [
        1108,
        229
      ]
    ],
    [
      [
        1109,
        228
      ]
    ],
    [
      [
        1113,
        228
      ]
    ],
    [
      [
        1113,
        221
      ]
    ],
    [
      [
        1112,
        221
      ]
    ],
    [
      [
        1110,
        219
      ]
    ],
    [
      [
        1109,
        219
      ]
    ],
    [
      [
        1107,
        217
      ]
    ],
    [
      [
        1107,
        216
      ]
    ],
    [
      [
        1104,
        213
      ]
    ],
    [
      [
        1103,
        213
      ]
    ],
    [
      [
        1102,
        212
      ]
    ],
    [
      [
        1102,
        211
      ]
    ],
    [
      [
        1101,
        210
      ]
    ],
    [
      [
        1100,
        210
      ]
    ],
    [
      [
        1097,
        207
      ]
    ],
    [
      [
        1097,
        206
      ]
    ],
    [
      [
        1096,
        205
      ]
    ],
    [
      [
        1095,
        205
      ]
    ],
    [
      [
        1089,
        199
      ]
    ],
    [
      [
        1089,
        198
      ]
    ],
    [
      [
        1087,
        196
      ]
    ],
    [
      [
        1086,
        196
      ]
    ],
    [
      [
        1084,
        194
      ]
    ],
    [
      [
        1084,
        193
      ]
    ],
    [
      [
        1082,
        191
      ]
    ],
    [
      [
        1082,
        190
      ]
    ],
    [
      [
        1081,
        190
      ]
    ],
    [
      [
        1075,
        184
      ]
    ],
    [
      [
        1074,
        184
      ]
    ],
    [
      [
        1073,
        183
      ]
    ],
    [
      [
        1073,
        182
      ]
    ],
    [
      [
        1072,
        181
      ]
    ],
    [
      [
        1071,
        181
      ]
    ],
    [
      [
        1070,
        180
      ]
    ],
    [
      [
        1070,
        179
      ]
    ],
    [
      [
        1067,
        176
      ]
    ],
    [
      [
        1067,
        175
      ]
    ],
    [
      [
        1066,
        175
      ]
    ],
    [
      [
        1056,
        165
      ]
    ],
    [
      [
        1056,
        164
      ]
    ],
    [
      [
        1055,
        163
      ]
    ],
    [
      [
        1055,
        162
      ]
    ],
    [
      [
        1054,
        161
      ]
    ],
    [
      [
        1053,
        161
      ]
    ],
    [
      [
        1041,
        149
      ]
    ],
    [
      [
        1041,
        148
      ]
    ],
    [
      [
        1040,
        147
      ]
    ],
    [
      [
        1039,
        147
      ]
    ],
    [
      [
        1036,
        144
      ]
    ],
    [
      [
        1036,
        143
      ]
    ],
    [
      [
        1007,
        114
      ]
    ],
    [
      [
        1007,
        113
      ]
    ],
    [
      [
        1003,
        109
      ]
    ],
    [
      [
        1003,
        108
      ]
    ],
    [
      [
        1002,
        107
      ]
    ],
    [
      [
        1001,
        107
      ]
    ],
    [
      [
        1000,
        106
      ]
    ],
    [
      [
        994,
        106
      ]
    ],
    [
      [
        992,
        104
      ]
    ],
    [
      [
        991,
        104
      ]
    ],
    [
      [
        990,
        103
      ]
    ],
    [
      [
        990,
        102
      ]
    ],
    [
      [
        989,
        101
      ]
    ],
    [
      [
        988,
        101
      ]
    ],
    [
      [
        987,
        100
      ]
    ],
    [
      [
        987,
        99
      ]
    ],
    [
      [
        985,
        97
      ]
    ],
    [
      [
        980,
        97
      ]
    ],
    [
      [
        974,
        91
      ]
    ],
    [
      [
        974,
        90
      ]
    ],
    [
      [
        973,
        89
      ]
    ],
    [
      [
        972,
        89
      ]
    ],
    [
      [
        968,
        85
      ]
    ],
    [
      [
        967,
        85
      ]
    ],
    [
      [
        963,
        81
      ]
    ],
    [
      [
        963,
        80
      ]
    ],
    [
      [
        960,
        77
      ]
    ],
    [
      [
        960,
        76
      ]
    ],
    [
      [
        955,
        71
      ]
    ],
    [
      [
        955,
        70
      ]
    ],
    [
      [
        953,
        70
      ]
    ],
    [
      [
        951,
        68
      ]
    ],
    [
      [
        951,
        65
      ]
    ],
    [
      [
        950,
        64
      ]
    ],
    [
      [
        949,
        64
      ]
    ],
    [
      [
        948,
        63
      ]
    ],
    [
      [
        948,
        62
      ]
    ],
    [
      [
        946,
        60
      ]
    ],
    [
      [
        946,
        57
      ]
    ],
    [
      [
        942,
        57
      ]
    ],
    [
      [
        940,
        55
      ]
    ],
    [
      [
        939,
        55
      ]
    ],
    [
      [
        937,
        53
      ]
    ],
    [
      [
        936,
        53
      ]
    ],
    [
      [
        934,
        51
      ]
    ],
    [
      [
        933,
        51
      ]
    ],
    [
      [
        932,
        50
      ]
    ],
    [
      [
        927,
        50
      ]
    ],
    [
      [
        926,
        49
      ]
    ],
    [
      [
        925,
        49
      ]
    ],
    [
      [
        922,
        46
      ]
    ],
    [
      [
        920,
        46
      ]
    ],
    [
      [
        919,
        45
      ]
    ],
    [
      [
        919,
        38
      ]
    ],
    [
      [
        918,
        37
      ]
    ],
    [
      [
        918,
        36
      ]
    ]
  ],
  "segment_square_corners": [
    [
      375.7249755859375,
      487.40850830078125
    ],
    [
      855.5687866210938,
      0.0
    ],
    [
      1496.303466796875,
      566.2595825195312
    ],
    [
      1016.4596557617188,
      1079.0
    ]
  ],
  "phrases": [
    "box",
    "tangerine",
    "tangerine",
    "tangerine",
    "tangerine"
  ],
  "selected_bbox": [
    0.4745718538761139,
    0.4982958436012268,
    0.5295175909996033,
    0.9163427948951721
  ]
}