{
  "timestamp": 1761056102.788996,
  "session_id": "session_20251021_211452_51253c84",
  "supplier_id": "",
  "qr_data": "695991",
  "qr_items": {
    "tangerine": 4
  },
  "qr_corners": [
    [
      826.0,
      325.0
    ],
    [
      753.5827026367188,
      258.5826721191406
    ],
    [
      819.4359741210938,
      185.0464630126953
    ],
    [
      892.0,
      254.0
    ]
  ],
  "segment_corners": [
    [
      [
        809,
        0
      ]
    ],
    [
      [
        809,
        9
      ]
    ],
    [
      [
        806,
        12
      ]
    ],
    [
      [
        806,
        19
      ]
    ],
    [
      [
        805,
        20
      ]
    ],
    [
      [
        803,
        20
      ]
    ],
    [
      [
        796,
        27
      ]
    ],
    [
      [
        796,
        28
      ]
    ],
    [
      [
        795,
        29
      ]
    ],
    [
      [
        794,
        29
      ]
    ],
    [
      [
        794,
        30
      ]
    ],
    [
      [
        789,
        35
      ]
    ],
    [
      [
        789,
        36
      ]
    ],
    [
      [
        788,
        37
      ]
    ],
    [
      [
        787,
        37
      ]
    ],
    [
      [
        786,
        38
      ]
    ],
    [
      [
        786,
        39
      ]
    ],
    [
      [
        781,
        44
      ]
    ],
    [
      [
        781,
        45
      ]
    ],
    [
      [
        780,
        46
      ]
    ],
    [
      [
        779,
        46
      ]
    ],
    [
      [
        777,
        48
      ]
    ],
    [
      [
        777,
        49
      ]
    ],
    [
      [
        770,
        56
      ]
    ],
    [
      [
        770,
        57
      ]
    ],
    [
      [
        769,
        58
      ]
    ],
    [
      [
        769,
        59
      ]
    ],
    [
      [
        768,
        60
      ]
    ],
    [
      [
        767,
        60
      ]
    ],
    [
      [
        767,
        61
      ]
    ],
    [
      [
        763,
        65
      ]
    ],
    [
      [
        763,
        66
      ]
    ],
    [
      [
        759,
        70
      ]
    ],
    [
      [
        756,
        70
      ]
    ],
    [
      [
        756,
        73
      ]
    ],
    [
      [
        753,
        76
      ]
    ],
    [
      [
        753,
        86
      ]
    ],
    [
      [
        752,
        87
      ]
    ],
    [
      [
        742,
        87
      ]
    ],
    [
      [
        742,
        88
      ]
    ],
    [
      [
        740,
        90
      ]
    ],
    [
      [
        740,
        91
      ]
    ],
    [
      [
        739,
        92
      ]
    ],
    [
      [
        739,
        93
      ]
    ],
    [
      [
        731,
        101
      ]
    ],
    [
      [
        731,
        103
      ]
    ],
    [
      [
        726,
        108
      ]
    ],
    [
      [
        726,
        109
      ]
    ],
    [
      [
        724,
        111
      ]
    ],
    [
      [
        723,
        111
      ]
    ],
    [
      [
        722,
        112
      ]
    ],
    [
      [
        722,
        113
      ]
    ],
    [
      [
        716,
        119
      ]
    ],
    [
      [
        716,
        120
      ]
    ],
    [
      [
        713,
        123
      ]
    ],
    [
      [
        713,
        124
      ]
    ],
    [
      [
        712,
        125
      ]
    ],
    [
      [
        711,
        125
      ]
    ],
    [
      [
        709,
        127
      ]
    ],
    [
      [
        709,
        133
      ]
    ],
    [
      [
        708,
        134
      ]
    ],
    [
      [
        705,
        134
      ]
    ],
    [
      [
        705,
        136
      ]
    ],
    [
      [
        704,
        137
      ]
    ],
    [
      [
        704,
        147
      ]
    ],
    [
      [
        705,
        147
      ]
    ],
    [
      [
        706,
        148
      ]
    ],
    [
      [
        706,
        149
      ]
    ],
    [
      [
        707,
        150
      ]
    ],
    [
      [
        710,
        150
      ]
    ],
    [
      [
        711,
        151
      ]
    ],
    [
      [
        711,
        168
      ]
    ],
    [
      [
        708,
        171
      ]
    ],
    [
      [
        708,
        172
      ]
    ],
    [
      [
        702,
        178
      ]
    ],
    [
      [
        702,
        179
      ]
    ],
    [
      [
        690,
        191
      ]
    ],
    [
      [
        690,
        193
      ]
    ],
    [
      [
        688,
        195
      ]
    ],
    [
      [
        688,
        196
      ]
    ],
    [
      [
        686,
        198
      ]
    ],
    [
      [
        685,
        198
      ]
    ],
    [
      [
        684,
        199
      ]
    ],
    [
      [
        684,
        200
      ]
    ],
    [
      [
        677,
        207
      ]
    ],
    [
      [
        677,
        208
      ]
    ],
    [
      [
        673,
        212
      ]
    ],
    [
      [
        672,
        212
      ]
    ],
    [
      [
        670,
        214
      ]
    ],
    [
      [
        669,
        214
      ]
    ],
    [
      [
        669,
        215
      ]
    ],
    [
      [
        668,
        216
      ]
    ],
    [
      [
        666,
        216
      ]
    ],
    [
      [
        665,
        217
      ]
    ],
    [
      [
        665,
        228
      ]
    ],
    [
      [
        663,
        230
      ]
    ],
    [
      [
        662,
        230
      ]
    ],
    [
      [
        662,
        231
      ]
    ],
    [
      [
        660,
        233
      ]
    ],
    [
      [
        660,
        234
      ]
    ],
    [
      [
        659,
        235
      ]
    ],
    [
      [
        658,
        235
      ]
    ],
    [
      [
        656,
        237
      ]
    ],
    [
      [
        656,
        238
      ]
    ],
    [
      [
        654,
        240
      ]
    ],
    [
      [
        648,
        240
      ]
    ],
    [
      [
        646,
        242
      ]
    ],
    [
      [
        646,
        243
      ]
    ],
    [
      [
        645,
        244
      ]
    ],
    [
      [
        645,
        245
      ]
    ],
    [
      [
        642,
        248
      ]
    ],
    [
      [
        641,
        248
      ]
    ],
    [
      [
        640,
        249
      ]
    ],
    [
      [
        639,
        249
      ]
    ],
    [
      [
        638,
        250
      ]
    ],
    [
      [
        638,
        252
      ]
    ],
    [
      [
        631,
        259
      ]
    ],
    [
      [
        631,
        260
      ]
    ],
    [
      [
        630,
        261
      ]
    ],
    [
      [
        630,
        262
      ]
    ],
    [
      [
        625,
        267
      ]
    ],
    [
      [
        625,
        268
      ]
    ],
    [
      [
        624,
        269
      ]
    ],
    [
      [
        623,
        269
      ]
    ],
    [
      [
        621,
        271
      ]
    ],
    [
      [
        621,
        272
      ]
    ],
    [
      [
        618,
        275
      ]
    ],
    [
      [
        617,
        275
      ]
    ],
    [
      [
        617,
        276
      ]
    ],
    [
      [
        609,
        284
      ]
    ],
    [
      [
        609,
        285
      ]
    ],
    [
      [
        603,
        291
      ]
    ],
    [
      [
        603,
        292
      ]
    ],
    [
      [
        599,
        296
      ]
    ],
    [
      [
        599,
        297
      ]
    ],
    [
      [
        593,
        303
      ]
    ],
    [
      [
        593,
        304
      ]
    ],
    [
      [
        591,
        306
      ]
    ],
    [
      [
        590,
        306
      ]
    ],
    [
      [
        590,
        307
      ]
    ],
    [
      [
        589,
        308
      ]
    ],
    [
      [
        589,
        309
      ]
    ],
    [
      [
        588,
        310
      ]
    ],
    [
      [
        587,
        310
      ]
    ],
    [
      [
        587,
        311
      ]
    ],
    [
      [
        581,
        317
      ]
    ],
    [
      [
        581,
        318
      ]
    ],
    [
      [
        579,
        320
      ]
    ],
    [
      [
        578,
        320
      ]
    ],
    [
      [
        577,
        321
      ]
    ],
    [
      [
        577,
        322
      ]
    ],
    [
      [
        574,
        325
      ]
    ],
    [
      [
        574,
        326
      ]
    ],
    [
      [
        567,
        333
      ]
    ],
    [
      [
        567,
        334
      ]
    ],
    [
      [
        566,
        335
      ]
    ],
    [
      [
        565,
        335
      ]
    ],
    [
      [
        562,
        338
      ]
    ],
    [
      [
        545,
        338
      ]
    ],
    [
      [
        544,
        337
      ]
    ],
    [
      [
        544,
        316
      ]
    ],
    [
      [
        543,
        315
      ]
    ],
    [
      [
        543,
        313
      ]
    ],
    [
      [
        537,
        313
      ]
    ],
    [
      [
        534,
        316
      ]
    ],
    [
      [
        534,
        317
      ]
    ],
    [
      [
        529,
        322
      ]
    ],
    [
      [
        529,
        324
      ]
    ],
    [
      [
        527,
        326
      ]
    ],
    [
      [
        522,
        326
      ]
    ],
    [
      [
        522,
        327
      ]
    ],
    [
      [
        519,
        330
      ]
    ],
    [
      [
        519,
        331
      ]
    ],
    [
      [
        517,
        333
      ]
    ],
    [
      [
        517,
        336
      ]
    ],
    [
      [
        512,
        341
      ]
    ],
    [
      [
        509,
        341
      ]
    ],
    [
      [
        508,
        342
      ]
    ],
    [
      [
        508,
        348
      ]
    ],
    [
      [
        509,
        348
      ]
    ],
    [
      [
        510,
        349
      ]
    ],
    [
      [
        510,
        350
      ]
    ],
    [
      [
        513,
        350
      ]
    ],
    [
      [
        514,
        351
      ]
    ],
    [
      [
        514,
        352
      ]
    ],
    [
      [
        515,
        353
      ]
    ],
    [
      [
        515,
        370
      ]
    ],
    [
      [
        509,
        376
      ]
    ],
    [
      [
        509,
        377
      ]
    ],
    [
      [
        507,
        379
      ]
    ],
    [
      [
        507,
        380
      ]
    ],
    [
      [
        501,
        386
      ]
    ],
    [
      [
        501,
        387
      ]
    ],
    [
      [
        500,
        388
      ]
    ],
    [
      [
        499,
        388
      ]
    ],
    [
      [
        499,
        389
      ]
    ],
    [
      [
        496,
        392
      ]
    ],
    [
      [
        496,
        393
      ]
    ],
    [
      [
        494,
        395
      ]
    ],
    [
      [
        494,
        396
      ]
    ],
    [
      [
        493,
        397
      ]
    ],
    [
      [
        488,
        397
      ]
    ],
    [
      [
        488,
        402
      ]
    ],
    [
      [
        484,
        406
      ]
    ],
    [
      [
        484,
        407
      ]
    ],
    [
      [
        481,
        410
      ]
    ],
    [
      [
        480,
        410
      ]
    ],
    [
      [
        480,
        412
      ]
    ],
    [
      [
        479,
        413
      ]
    ],
    [
      [
        478,
        413
      ]
    ],
    [
      [
        478,
        414
      ]
    ],
    [
      [
        476,
        416
      ]
    ],
    [
      [
        476,
        417
      ]
    ],
    [
      [
        474,
        419
      ]
    ],
    [
      [
        474,
        420
      ]
    ],
    [
      [
        472,
        422
      ]
    ],
    [
      [
        472,
        423
      ]
    ],
    [
      [
        471,
        424
      ]
    ],
    [
      [
        471,
        425
      ]
    ],
    [
      [
        469,
        427
      ]
    ],
    [
      [
        469,
        428
      ]
    ],
    [
      [
        468,
        429
      ]
    ],
    [
      [
        468,
        430
      ]
    ],
    [
      [
        467,
        431
      ]
    ],
    [
      [
        467,
        432
      ]
    ],
    [
      [
        466,
        433
      ]
    ],
    [
      [
        466,
        434
      ]
    ],
    [
      [
        465,
        435
      ]
    ],
    [
      [
        465,
        436
      ]
    ],
    [
      [
        463,
        438
      ]
    ],
    [
      [
        463,
        440
      ]
    ],
    [
      [
        462,
        441
      ]
    ],
    [
      [
        462,
        443
      ]
    ],
    [
      [
        461,
        444
      ]
    ],
    [
      [
        461,
        445
      ]
    ],
    [
      [
        460,
        446
      ]
    ],
    [
      [
        460,
        448
      ]
    ],
    [
      [
        459,
        449
      ]
    ],
    [
      [
        459,
        453
      ]
    ],
    [
      [
        458,
        454
      ]
    ],
    [
      [
        458,
        459
      ]
    ],
    [
      [
        457,
        460
      ]
    ],
    [
      [
        457,
        463
      ]
    ],
    [
      [
        456,
        464
      ]
    ],
    [
      [
        456,
        467
      ]
    ],
    [
      [
        455,
        468
      ]
    ],
    [
      [
        455,
        473
      ]
    ],
    [
      [
        454,
        474
      ]
    ],
    [
      [
        454,
        513
      ]
    ],
    [
      [
        455,
        514
      ]
    ],
    [
      [
        455,
        522
      ]
    ],
    [
      [
        456,
        523
      ]
    ],
    [
      [
        456,
        541
      ]
    ],
    [
      [
        455,
        542
      ]
    ],
    [
      [
        438,
        542
      ]
    ],
    [
      [
        437,
        543
      ]
    ],
    [
      [
        436,
        543
      ]
    ],
    [
      [
        433,
        546
      ]
    ],
    [
      [
        432,
        546
      ]
    ],
    [
      [
        431,
        547
      ]
    ],
    [
      [
        431,
        554
      ]
    ],
    [
      [
        432,
        555
      ]
    ],
    [
      [
        435,
        555
      ]
    ],
    [
      [
        436,
        556
      ]
    ],
    [
      [
        436,
        562
      ]
    ],
    [
      [
        437,
        562
      ]
    ],
    [
      [
        439,
        564
      ]
    ],
    [
      [
        439,
        565
      ]
    ],
    [
      [
        444,
        570
      ]
    ],
    [
      [
        444,
        571
      ]
    ],
    [
      [
        445,
        572
      ]
    ],
    [
      [
        445,
        578
      ]
    ],
    [
      [
        447,
        580
      ]
    ],
    [
      [
        447,
        581
      ]
    ],
    [
      [
        448,
        582
      ]
    ],
    [
      [
        453,
        582
      ]
    ],
    [
      [
        466,
        595
      ]
    ],
    [
      [
        467,
        595
      ]
    ],
    [
      [
        470,
        598
      ]
    ],
    [
      [
        470,
        599
      ]
    ],
    [
      [
        472,
        599
      ]
    ],
    [
      [
        473,
        600
      ]
    ],
    [
      [
        473,
        602
      ]
    ],
    [
      [
        476,
        602
      ]
    ],
    [
      [
        477,
        603
      ]
    ],
    [
      [
        477,
        607
      ]
    ],
    [
      [
        480,
        607
      ]
    ],
    [
      [
        481,
        608
      ]
    ],
    [
      [
        481,
        611
      ]
    ],
    [
      [
        485,
        611
      ]
    ],
    [
      [
        486,
        612
      ]
    ],
    [
      [
        486,
        616
      ]
    ],
    [
      [
        492,
        622
      ]
    ],
    [
      [
        492,
        623
      ]
    ],
    [
      [
        493,
        623
      ]
    ],
    [
      [
        494,
        624
      ]
    ],
    [
      [
        499,
        624
      ]
    ],
    [
      [
        502,
        627
      ]
    ],
    [
      [
        503,
        627
      ]
    ],
    [
      [
        504,
        628
      ]
    ],
    [
      [
        525,
        628
      ]
    ],
    [
      [
        528,
        631
      ]
    ],
    [
      [
        529,
        631
      ]
    ],
    [
      [
        533,
        635
      ]
    ],
    [
      [
        534,
        635
      ]
    ],
    [
      [
        535,
        636
      ]
    ],
    [
      [
        535,
        637
      ]
    ],
    [
      [
        538,
        640
      ]
    ],
    [
      [
        538,
        641
      ]
    ],
    [
      [
        539,
        642
      ]
    ],
    [
      [
        540,
        642
      ]
    ],
    [
      [
        541,
        643
      ]
    ],
    [
      [
        541,
        645
      ]
    ],
    [
      [
        543,
        647
      ]
    ],
    [
      [
        544,
        647
      ]
    ],
    [
      [
        546,
        649
      ]
    ],
    [
      [
        546,
        650
      ]
    ],
    [
      [
        549,
        653
      ]
    ],
    [
      [
        549,
        670
      ]
    ],
    [
      [
        550,
        671
      ]
    ],
    [
      [
        551,
        671
      ]
    ],
    [
      [
        553,
        673
      ]
    ],
    [
      [
        554,
        673
      ]
    ],
    [
      [
        561,
        680
      ]
    ],
    [
      [
        562,
        680
      ]
    ],
    [
      [
        566,
        684
      ]
    ],
    [
      [
        567,
        684
      ]
    ],
    [
      [
        568,
        685
      ]
    ],
    [
      [
        568,
        686
      ]
    ],
    [
      [
        570,
        688
      ]
    ],
    [
      [
        572,
        688
      ]
    ],
    [
      [
        577,
        693
      ]
    ],
    [
      [
        578,
        693
      ]
    ],
    [
      [
        580,
        695
      ]
    ],
    [
      [
        580,
        696
      ]
    ],
    [
      [
        581,
        696
      ]
    ],
    [
      [
        585,
        700
      ]
    ],
    [
      [
        586,
        700
      ]
    ],
    [
      [
        588,
        702
      ]
    ],
    [
      [
        589,
        702
      ]
    ],
    [
      [
        590,
        703
      ]
    ],
    [
      [
        591,
        703
      ]
    ],
    [
      [
        594,
        706
      ]
    ],
    [
      [
        594,
        707
      ]
    ],
    [
      [
        595,
        707
      ]
    ],
    [
      [
        597,
        709
      ]
    ],
    [
      [
        597,
        710
      ]
    ],
    [
      [
        598,
        711
      ]
    ],
    [
      [
        600,
        711
      ]
    ],
    [
      [
        609,
        720
      ]
    ],
    [
      [
        610,
        720
      ]
    ],
    [
      [
        611,
        721
      ]
    ],
    [
      [
        611,
        722
      ]
    ],
    [
      [
        612,
        722
      ]
    ],
    [
      [
        620,
        730
      ]
    ],
    [
      [
        621,
        730
      ]
    ],
    [
      [
        625,
        734
      ]
    ],
    [
      [
        626,
        734
      ]
    ],
    [
      [
        630,
        738
      ]
    ],
    [
      [
        631,
        738
      ]
    ],
    [
      [
        633,
        740
      ]
    ],
    [
      [
        633,
        741
      ]
    ],
    [
      [
        634,
        742
      ]
    ],
    [
      [
        635,
        742
      ]
    ],
    [
      [
        636,
        743
      ]
    ],
    [
      [
        636,
        744
      ]
    ],
    [
      [
        637,
        745
      ]
    ],
    [
      [
        638,
        745
      ]
    ],
    [
      [
        639,
        746
      ]
    ],
    [
      [
        640,
        746
      ]
    ],
    [
      [
        645,
        751
      ]
    ],
    [
      [
        646,
        751
      ]
    ],
    [
      [
        647,
        752
      ]
    ],
    [
      [
        647,
        753
      ]
    ],
    [
      [
        648,
        754
      ]
    ],
    [
      [
        649,
        754
      ]
    ],
    [
      [
        651,
        756
      ]
    ],
    [
      [
        652,
        756
      ]
    ],
    [
      [
        656,
        760
      ]
    ],
    [
      [
        657,
        760
      ]
    ],
    [
      [
        664,
        767
      ]
    ],
    [
      [
        664,
        768
      ]
    ],
    [
      [
        665,
        768
      ]
    ],
    [
      [
        667,
        770
      ]
    ],
    [
      [
        669,
        770
      ]
    ],
    [
      [
        670,
        771
      ]
    ],
    [
      [
        671,
        771
      ]
    ],
    [
      [
        672,
        772
      ]
    ],
    [
      [
        680,
        772
      ]
    ],
    [
      [
        682,
        774
      ]
    ],
    [
      [
        682,
        775
      ]
    ],
    [
      [
        683,
        776
      ]
    ],
    [
      [
        684,
        776
      ]
    ],
    [
      [
        685,
        777
      ]
    ],
    [
      [
        685,
        782
      ]
    ],
    [
      [
        686,
        783
      ]
    ],
    [
      [
        686,
        784
      ]
    ],
    [
      [
        687,
        785
      ]
    ],
    [
      [
        688,
        785
      ]
    ],
    [
      [
        699,
        796
      ]
    ],
    [
      [
        700,
        796
      ]
    ],
    [
      [
        701,
        797
      ]
    ],
    [
      [
        701,
        798
      ]
    ],
    [
      [
        702,
        798
      ]
    ],
    [
      [
        705,
        801
      ]
    ],
    [
      [
        705,
        802
      ]
    ],
    [
      [
        706,
        803
      ]
    ],
    [
      [
        707,
        803
      ]
    ],
    [
      [
        708,
        804
      ]
    ],
    [
      [
        709,
        804
      ]
    ],
    [
      [
        710,
        805
      ]
    ],
    [
      [
        710,
        806
      ]
    ],
    [
      [
        715,
        811
      ]
    ],
    [
      [
        716,
        811
      ]
    ],
    [
      [
        718,
        813
      ]
    ],
    [
      [
        718,
        814
      ]
    ],
    [
      [
        719,
        814
      ]
    ],
    [
      [
        723,
        818
      ]
    ],
    [
      [
        724,
        818
      ]
    ],
    [
      [
        738,
        832
      ]
    ],
    [
      [
        739,
        832
      ]
    ],
    [
      [
        745,
        838
      ]
    ],
    [
      [
        746,
        838
      ]
    ],
    [
      [
        752,
        844
      ]
    ],
    [
      [
        753,
        844
      ]
    ],
    [
      [
        760,
        851
      ]
    ],
    [
      [
        761,
        851
      ]
    ],
    [
      [
        764,
        854
      ]
    ],
    [
      [
        765,
        854
      ]
    ],
    [
      [
        766,
        855
      ]
    ],
    [
      [
        766,
        856
      ]
    ],
    [
      [
        768,
        856
      ]
    ],
    [
      [
        769,
        857
      ]
    ],
    [
      [
        769,
        858
      ]
    ],
    [
      [
        771,
        860
      ]
    ],
    [
      [
        771,
        861
      ]
    ],
    [
      [
        775,
        865
      ]
    ],
    [
      [
        776,
        865
      ]
    ],
    [
      [
        779,
        868
      ]
    ],
    [
      [
        780,
        868
      ]
    ],
    [
      [
        784,
        872
      ]
    ],
    [
      [
        784,
        878
      ]
    ],
    [
      [
        791,
        878
      ]
    ],
    [
      [
        792,
        879
      ]
    ],
    [
      [
        793,
        879
      ]
    ],
    [
      [
        798,
        884
      ]
    ],
    [
      [
        799,
        884
      ]
    ],
    [
      [
        800,
        885
      ]
    ],
    [
      [
        804,
        885
      ]
    ],
    [
      [
        805,
        886
      ]
    ],
    [
      [
        805,
        891
      ]
    ],
    [
      [
        806,
        892
      ]
    ],
    [
      [
        807,
        892
      ]
    ],
    [
      [
        810,
        895
      ]
    ],
    [
      [
        811,
        895
      ]
    ],
    [
      [
        813,
        897
      ]
    ],
    [
      [
        813,
        899
      ]
    ],
    [
      [
        814,
        900
      ]
    ],
    [
      [
        816,
        900
      ]
    ],
    [
      [
        820,
        904
      ]
    ],
    [
      [
        821,
        904
      ]
    ],
    [
      [
        826,
        909
      ]
    ],
    [
      [
        827,
        909
      ]
    ],
    [
      [
        838,
        920
      ]
    ],
    [
      [
        839,
        920
      ]
    ],
    [
      [
        843,
        924
      ]
    ],
    [
      [
        843,
        925
      ]
    ],
    [
      [
        844,
        926
      ]
    ],
    [
      [
        845,
        926
      ]
    ],
    [
      [
        848,
        929
      ]
    ],
    [
      [
        849,
        929
      ]
    ],
    [
      [
        851,
        931
      ]
    ],
    [
      [
        852,
        931
      ]
    ],
    [
      [
        854,
        933
      ]
    ],
    [
      [
        854,
        934
      ]
    ],
    [
      [
        855,
        935
      ]
    ],
    [
      [
        856,
        935
      ]
    ],
    [
      [
        857,
        936
      ]
    ],
    [
      [
        857,
        937
      ]
    ],
    [
      [
        859,
        939
      ]
    ],
    [
      [
        859,
        941
      ]
    ],
    [
      [
        860,
        942
      ]
    ],
    [
      [
        860,
        943
      ]
    ],
    [
      [
        861,
        944
      ]
    ],
    [
      [
        861,
        945
      ]
    ],
    [
      [
        862,
        946
      ]
    ],
    [
      [
        862,
        949
      ]
    ],
    [
      [
        869,
        949
      ]
    ],
    [
      [
        869,
        942
      ]
    ],
    [
      [
        868,
        941
      ]
    ],
    [
      [
        868,
        939
      ]
    ],
    [
      [
        866,
        937
      ]
    ],
    [
      [
        866,
        920
      ]
    ],
    [
      [
        867,
        919
      ]
    ],
    [
      [
        884,
        919
      ]
    ],
    [
      [
        886,
        921
      ]
    ],
    [
      [
        887,
        921
      ]
    ],
    [
      [
        889,
        923
      ]
    ],
    [
      [
        893,
        923
      ]
    ],
    [
      [
        896,
        926
      ]
    ],
    [
      [
        899,
        926
      ]
    ],
    [
      [
        900,
        927
      ]
    ],
    [
      [
        900,
        928
      ]
    ],
    [
      [
        901,
        929
      ]
    ],
    [
      [
        903,
        929
      ]
    ],
    [
      [
        906,
        932
      ]
    ],
    [
      [
        908,
        932
      ]
    ],
    [
      [
        909,
        933
      ]
    ],
    [
      [
        909,
        935
      ]
    ],
    [
      [
        910,
        935
      ]
    ],
    [
      [
        913,
        938
      ]
    ],
    [
      [
        915,
        938
      ]
    ],
    [
      [
        916,
        939
      ]
    ],
    [
      [
        916,
        940
      ]
    ],
    [
      [
        917,
        940
      ]
    ],
    [
      [
        918,
        941
      ]
    ],
    [
      [
        918,
        942
      ]
    ],
    [
      [
        920,
        944
      ]
    ],
    [
      [
        921,
        944
      ]
    ],
    [
      [
        922,
        945
      ]
    ],
    [
      [
        922,
        946
      ]
    ],
    [
      [
        924,
        948
      ]
    ],
    [
      [
        925,
        948
      ]
    ],
    [
      [
        929,
        952
      ]
    ],
    [
      [
        930,
        952
      ]
    ],
    [
      [
        934,
        956
      ]
    ],
    [
      [
        935,
        956
      ]
    ],
    [
      [
        937,
        958
      ]
    ],
    [
      [
        938,
        958
      ]
    ],
    [
      [
        939,
        959
      ]
    ],
    [
      [
        939,
        979
      ]
    ],
    [
      [
        940,
        980
      ]
    ],
    [
      [
        942,
        980
      ]
    ],
    [
      [
        943,
        981
      ]
    ],
    [
      [
        945,
        981
      ]
    ],
    [
      [
        947,
        983
      ]
    ],
    [
      [
        947,
        984
      ]
    ],
    [
      [
        948,
        985
      ]
    ],
    [
      [
        948,
        988
      ]
    ],
    [
      [
        954,
        988
      ]
    ],
    [
      [
        955,
        987
      ]
    ],
    [
      [
        997,
        987
      ]
    ],
    [
      [
        998,
        988
      ]
    ],
    [
      [
        1019,
        988
      ]
    ],
    [
      [
        1020,
        987
      ]
    ],
    [
      [
        1026,
        987
      ]
    ],
    [
      [
        1027,
        986
      ]
    ],
    [
      [
        1030,
        986
      ]
    ],
    [
      [
        1031,
        985
      ]
    ],
    [
      [
        1037,
        985
      ]
    ],
    [
      [
        1038,
        984
      ]
    ],
    [
      [
        1041,
        984
      ]
    ],
    [
      [
        1042,
        983
      ]
    ],
    [
      [
        1044,
        983
      ]
    ],
    [
      [
        1045,
        982
      ]
    ],
    [
      [
        1047,
        982
      ]
    ],
    [
      [
        1048,
        981
      ]
    ],
    [
      [
        1062,
        981
      ]
    ],
    [
      [
        1063,
        980
      ]
    ],
    [
      [
        1065,
        980
      ]
    ],
    [
      [
        1066,
        979
      ]
    ],
    [
      [
        1077,
        979
      ]
    ],
    [
      [
        1077,
        978
      ]
    ],
    [
      [
        1078,
        977
      ]
    ],
    [
      [
        1080,
        977
      ]
    ],
    [
      [
        1081,
        976
      ]
    ],
    [
      [
        1082,
        976
      ]
    ],
    [
      [
        1083,
        975
      ]
    ],
    [
      [
        1083,
        974
      ]
    ],
    [
      [
        1086,
        971
      ]
    ],
    [
      [
        1087,
        971
      ]
    ],
    [
      [
        1091,
        967
      ]
    ],
    [
      [
        1092,
        967
      ]
    ],
    [
      [
        1092,
        960
      ]
    ],
    [
      [
        1094,
        958
      ]
    ],
    [
      [
        1095,
        958
      ]
    ],
    [
      [
        1098,
        955
      ]
    ],
    [
      [
        1098,
        954
      ]
    ],
    [
      [
        1099,
        953
      ]
    ],
    [
      [
        1100,
        953
      ]
    ],
    [
      [
        1100,
        951
      ]
    ],
    [
      [
        1102,
        949
      ]
    ],
    [
      [
        1103,
        949
      ]
    ],
    [
      [
        1104,
        948
      ]
    ],
    [
      [
        1104,
        947
      ]
    ],
    [
      [
        1116,
        935
      ]
    ],
    [
      [
        1117,
        935
      ]
    ],
    [
      [
        1117,
        933
      ]
    ],
    [
      [
        1118,
        932
      ]
    ],
    [
      [
        1119,
        932
      ]
    ],
    [
      [
        1124,
        927
      ]
    ],
    [
      [
        1125,
        927
      ]
    ],
    [
      [
        1127,
        925
      ]
    ],
    [
      [
        1127,
        923
      ]
    ],
    [
      [
        1132,
        918
      ]
    ],
    [
      [
        1134,
        918
      ]
    ],
    [
      [
        1135,
        917
      ]
    ],
    [
      [
        1136,
        917
      ]
    ],
    [
      [
        1137,
        916
      ]
    ],
    [
      [
        1138,
        916
      ]
    ],
    [
      [
        1139,
        915
      ]
    ],
    [
      [
        1139,
        914
      ]
    ],
    [
      [
        1141,
        912
      ]
    ],
    [
      [
        1143,
        912
      ]
    ],
    [
      [
        1146,
        909
      ]
    ],
    [
      [
        1147,
        909
      ]
    ],
    [
      [
        1152,
        904
      ]
    ],
    [
      [
        1152,
        903
      ]
    ],
    [
      [
        1155,
        900
      ]
    ],
    [
      [
        1156,
        900
      ]
    ],
    [
      [
        1157,
        899
      ]
    ],
    [
      [
        1159,
        899
      ]
    ],
    [
      [
        1161,
        897
      ]
    ],
    [
      [
        1161,
        896
      ]
    ],
    [
      [
        1163,
        894
      ]
    ],
    [
      [
        1164,
        894
      ]
    ],
    [
      [
        1165,
        893
      ]
    ],
    [
      [
        1165,
        880
      ]
    ],
    [
      [
        1175,
        870
      ]
    ],
    [
      [
        1183,
        870
      ]
    ],
    [
      [
        1184,
        869
      ]
    ],
    [
      [
        1185,
        869
      ]
    ],
    [
      [
        1186,
        868
      ]
    ],
    [
      [
        1207,
        868
      ]
    ],
    [
      [
        1209,
        866
      ]
    ],
    [
      [
        1209,
        865
      ]
    ],
    [
      [
        1211,
        863
      ]
    ],
    [
      [
        1211,
        862
      ]
    ],
    [
      [
        1214,
        859
      ]
    ],
    [
      [
        1215,
        859
      ]
    ],
    [
      [
        1221,
        853
      ]
    ],
    [
      [
        1221,
        852
      ]
    ],
    [
      [
        1222,
        851
      ]
    ],
    [
      [
        1223,
        851
      ]
    ],
    [
      [
        1235,
        839
      ]
    ],
    [
      [
        1235,
        838
      ]
    ],
    [
      [
        1244,
        829
      ]
    ],
    [
      [
        1245,
        829
      ]
    ],
    [
      [
        1248,
        826
      ]
    ],
    [
      [
        1248,
        825
      ]
    ],
    [
      [
        1249,
        824
      ]
    ],
    [
      [
        1250,
        824
      ]
    ],
    [
      [
        1261,
        813
      ]
    ],
    [
      [
        1261,
        812
      ]
    ],
    [
      [
        1262,
        811
      ]
    ],
    [
      [
        1263,
        811
      ]
    ],
    [
      [
        1264,
        810
      ]
    ],
    [
      [
        1264,
        809
      ]
    ],
    [
      [
        1265,
        808
      ]
    ],
    [
      [
        1266,
        808
      ]
    ],
    [
      [
        1274,
        800
      ]
    ],
    [
      [
        1274,
        799
      ]
    ],
    [
      [
        1277,
        796
      ]
    ],
    [
      [
        1280,
        796
      ]
    ],
    [
      [
        1280,
        793
      ]
    ],
    [
      [
        1291,
        782
      ]
    ],
    [
      [
        1297,
        782
      ]
    ],
    [
      [
        1298,
        781
      ]
    ],
    [
      [
        1298,
        775
      ]
    ],
    [
      [
        1300,
        773
      ]
    ],
    [
      [
        1300,
        772
      ]
    ],
    [
      [
        1301,
        771
      ]
    ],
    [
      [
        1303,
        771
      ]
    ],
    [
      [
        1307,
        767
      ]
    ],
    [
      [
        1307,
        766
      ]
    ],
    [
      [
        1310,
        763
      ]
    ],
    [
      [
        1311,
        763
      ]
    ],
    [
      [
        1311,
        762
      ]
    ],
    [
      [
        1321,
        752
      ]
    ],
    [
      [
        1321,
        751
      ]
    ],
    [
      [
        1322,
        750
      ]
    ],
    [
      [
        1323,
        750
      ]
    ],
    [
      [
        1324,
        749
      ]
    ],
    [
      [
        1324,
        748
      ]
    ],
    [
      [
        1325,
        747
      ]
    ],
    [
      [
        1326,
        747
      ]
    ],
    [
      [
        1326,
        746
      ]
    ],
    [
      [
        1331,
        741
      ]
    ],
    [
      [
        1332,
        741
      ]
    ],
    [
      [
        1335,
        738
      ]
    ],
    [
      [
        1335,
        737
      ]
    ],
    [
      [
        1336,
        736
      ]
    ],
    [
      [
        1336,
        734
      ]
    ],
    [
      [
        1337,
        733
      ]
    ],
    [
      [
        1337,
        720
      ]
    ],
    [
      [
        1338,
        719
      ]
    ],
    [
      [
        1340,
        719
      ]
    ],
    [
      [
        1341,
        718
      ]
    ],
    [
      [
        1348,
        718
      ]
    ],
    [
      [
        1349,
        717
      ]
    ],
    [
      [
        1350,
        717
      ]
    ],
    [
      [
        1351,
        716
      ]
    ],
    [
      [
        1352,
        716
      ]
    ],
    [
      [
        1352,
        714
      ]
    ],
    [
      [
        1353,
        713
      ]
    ],
    [
      [
        1353,
        711
      ]
    ],
    [
      [
        1360,
        704
      ]
    ],
    [
      [
        1361,
        704
      ]
    ],
    [
      [
        1362,
        703
      ]
    ],
    [
      [
        1363,
        703
      ]
    ],
    [
      [
        1364,
        702
      ]
    ],
    [
      [
        1364,
        699
      ]
    ],
    [
      [
        1365,
        698
      ]
    ],
    [
      [
        1366,
        698
      ]
    ],
    [
      [
        1371,
        693
      ]
    ],
    [
      [
        1372,
        693
      ]
    ],
    [
      [
        1373,
        692
      ]
    ],
    [
      [
        1374,
        692
      ]
    ],
    [
      [
        1378,
        688
      ]
    ],
    [
      [
        1379,
        688
      ]
    ],
    [
      [
        1380,
        687
      ]
    ],
    [
      [
        1381,
        687
      ]
    ],
    [
      [
        1384,
        684
      ]
    ],
    [
      [
        1384,
        683
      ]
    ],
    [
      [
        1385,
        682
      ]
    ],
    [
      [
        1385,
        681
      ]
    ],
    [
      [
        1389,
        677
      ]
    ],
    [
      [
        1391,
        677
      ]
    ],
    [
      [
        1391,
        676
      ]
    ],
    [
      [
        1393,
        674
      ]
    ],
    [
      [
        1393,
        673
      ]
    ],
    [
      [
        1397,
        669
      ]
    ],
    [
      [
        1397,
        668
      ]
    ],
    [
      [
        1411,
        654
      ]
    ],
    [
      [
        1411,
        652
      ]
    ],
    [
      [
        1413,
        650
      ]
    ],
    [
      [
        1414,
        650
      ]
    ],
    [
      [
        1424,
        640
      ]
    ],
    [
      [
        1425,
        640
      ]
    ],
    [
      [
        1425,
        639
      ]
    ],
    [
      [
        1429,
        635
      ]
    ],
    [
      [
        1429,
        634
      ]
    ],
    [
      [
        1432,
        631
      ]
    ],
    [
      [
        1433,
        631
      ]
    ],
    [
      [
        1433,
        630
      ]
    ],
    [
      [
        1437,
        626
      ]
    ],
    [
      [
        1438,
        626
      ]
    ],
    [
      [
        1445,
        619
      ]
    ],
    [
      [
        1445,
        618
      ]
    ],
    [
      [
        1446,
        617
      ]
    ],
    [
      [
        1446,
        615
      ]
    ],
    [
      [
        1447,
        614
      ]
    ],
    [
      [
        1447,
        604
      ]
    ],
    [
      [
        1448,
        603
      ]
    ],
    [
      [
        1448,
        596
      ]
    ],
    [
      [
        1449,
        595
      ]
    ],
    [
      [
        1450,
        595
      ]
    ],
    [
      [
        1450,
        588
      ]
    ],
    [
      [
        1449,
        587
      ]
    ],
    [
      [
        1445,
        587
      ]
    ],
    [
      [
        1440,
        582
      ]
    ],
    [
      [
        1440,
        581
      ]
    ],
    [
      [
        1439,
        580
      ]
    ],
    [
      [
        1439,
        579
      ]
    ],
    [
      [
        1438,
        578
      ]
    ],
    [
      [
        1437,
        578
      ]
    ],
    [
      [
        1436,
        577
      ]
    ],
    [
      [
        1436,
        576
      ]
    ],
    [
      [
        1434,
        574
      ]
    ],
    [
      [
        1433,
        574
      ]
    ],
    [
      [
        1431,
        572
      ]
    ],
    [
      [
        1431,
        571
      ]
    ],
    [
      [
        1430,
        570
      ]
    ],
    [
      [
        1430,
        569
      ]
    ],
    [
      [
        1428,
        567
      ]
    ],
    [
      [
        1427,
        567
      ]
    ],
    [
      [
        1419,
        559
      ]
    ],
    [
      [
        1419,
        558
      ]
    ],
    [
      [
        1418,
        558
      ]
    ],
    [
      [
        1417,
        557
      ]
    ],
    [
      [
        1416,
        557
      ]
    ],
    [
      [
        1415,
        556
      ]
    ],
    [
      [
        1415,
        554
      ]
    ],
    [
      [
        1413,
        554
      ]
    ],
    [
      [
        1409,
        550
      ]
    ],
    [
      [
        1409,
        548
      ]
    ],
    [
      [
        1408,
        548
      ]
    ],
    [
      [
        1405,
        545
      ]
    ],
    [
      [
        1405,
        544
      ]
    ],
    [
      [
        1404,
        544
      ]
    ],
    [
      [
        1403,
        543
      ]
    ],
    [
      [
        1403,
        539
      ]
    ],
    [
      [
        1402,
        538
      ]
    ],
    [
      [
        1401,
        538
      ]
    ],
    [
      [
        1400,
        537
      ]
    ],
    [
      [
        1399,
        537
      ]
    ],
    [
      [
        1398,
        536
      ]
    ],
    [
      [
        1396,
        536
      ]
    ],
    [
      [
        1392,
        532
      ]
    ],
    [
      [
        1392,
        531
      ]
    ],
    [
      [
        1389,
        528
      ]
    ],
    [
      [
        1389,
        527
      ]
    ],
    [
      [
        1388,
        526
      ]
    ],
    [
      [
        1387,
        526
      ]
    ],
    [
      [
        1385,
        524
      ]
    ],
    [
      [
        1384,
        524
      ]
    ],
    [
      [
        1382,
        522
      ]
    ],
    [
      [
        1381,
        522
      ]
    ],
    [
      [
        1380,
        521
      ]
    ],
    [
      [
        1379,
        521
      ]
    ],
    [
      [
        1378,
        520
      ]
    ],
    [
      [
        1378,
        519
      ]
    ],
    [
      [
        1377,
        518
      ]
    ],
    [
      [
        1377,
        517
      ]
    ],
    [
      [
        1376,
        517
      ]
    ],
    [
      [
        1371,
        512
      ]
    ],
    [
      [
        1371,
        509
      ]
    ],
    [
      [
        1370,
        508
      ]
    ],
    [
      [
        1369,
        508
      ]
    ],
    [
      [
        1368,
        507
      ]
    ],
    [
      [
        1367,
        507
      ]
    ],
    [
      [
        1366,
        506
      ]
    ],
    [
      [
        1365,
        506
      ]
    ],
    [
      [
        1364,
        505
      ]
    ],
    [
      [
        1364,
        504
      ]
    ],
    [
      [
        1358,
        504
      ]
    ],
    [
      [
        1357,
        503
      ]
    ],
    [
      [
        1357,
        475
      ]
    ],
    [
      [
        1356,
        474
      ]
    ],
    [
      [
        1355,
        474
      ]
    ],
    [
      [
        1353,
        472
      ]
    ],
    [
      [
        1352,
        472
      ]
    ],
    [
      [
        1350,
        470
      ]
    ],
    [
      [
        1349,
        470
      ]
    ],
    [
      [
        1348,
        469
      ]
    ],
    [
      [
        1348,
        468
      ]
    ],
    [
      [
        1347,
        468
      ]
    ],
    [
      [
        1339,
        460
      ]
    ],
    [
      [
        1339,
        459
      ]
    ],
    [
      [
        1337,
        457
      ]
    ],
    [
      [
        1337,
        456
      ]
    ],
    [
      [
        1335,
        454
      ]
    ],
    [
      [
        1333,
        454
      ]
    ],
    [
      [
        1331,
        452
      ]
    ],
    [
      [
        1331,
        451
      ]
    ],
    [
      [
        1330,
        451
      ]
    ],
    [
      [
        1328,
        449
      ]
    ],
    [
      [
        1328,
        448
      ]
    ],
    [
      [
        1327,
        448
      ]
    ],
    [
      [
        1324,
        445
      ]
    ],
    [
      [
        1324,
        444
      ]
    ],
    [
      [
        1318,
        438
      ]
    ],
    [
      [
        1317,
        438
      ]
    ],
    [
      [
        1315,
        436
      ]
    ],
    [
      [
        1315,
        435
      ]
    ],
    [
      [
        1312,
        432
      ]
    ],
    [
      [
        1311,
        432
      ]
    ],
    [
      [
        1310,
        431
      ]
    ],
    [
      [
        1309,
        431
      ]
    ],
    [
      [
        1307,
        429
      ]
    ],
    [
      [
        1307,
        428
      ]
    ],
    [
      [
        1305,
        426
      ]
    ],
    [
      [
        1305,
        425
      ]
    ],
    [
      [
        1304,
        425
      ]
    ],
    [
      [
        1298,
        419
      ]
    ],
    [
      [
        1298,
        418
      ]
    ],
    [
      [
        1296,
        416
      ]
    ],
    [
      [
        1295,
        416
      ]
    ],
    [
      [
        1293,
        414
      ]
    ],
    [
      [
        1292,
        414
      ]
    ],
    [
      [
        1290,
        412
      ]
    ],
    [
      [
        1290,
        411
      ]
    ],
    [
      [
        1286,
        407
      ]
    ],
    [
      [
        1285,
        407
      ]
    ],
    [
      [
        1274,
        396
      ]
    ],
    [
      [
        1273,
        396
      ]
    ],
    [
      [
        1252,
        375
      ]
    ],
    [
      [
        1251,
        375
      ]
    ],
    [
      [
        1250,
        374
      ]
    ],
    [
      [
        1250,
        373
      ]
    ],
    [
      [
        1247,
        370
      ]
    ],
    [
      [
        1246,
        370
      ]
    ],
    [
      [
        1240,
        364
      ]
    ],
    [
      [
        1239,
        364
      ]
    ],
    [
      [
        1236,
        361
      ]
    ],
    [
      [
        1236,
        360
      ]
    ],
    [
      [
        1235,
        360
      ]
    ],
    [
      [
        1224,
        349
      ]
    ],
    [
      [
        1223,
        349
      ]
    ],
    [
      [
        1222,
        348
      ]
    ],
    [
      [
        1222,
        347
      ]
    ],
    [
      [
        1209,
        334
      ]
    ],
    [
      [
        1209,
        333
      ]
    ],
    [
      [
        1208,
        332
      ]
    ],
    [
      [
        1207,
        332
      ]
    ],
    [
      [
        1205,
        330
      ]
    ],
    [
      [
        1204,
        330
      ]
    ],
    [
      [
        1203,
        329
      ]
    ],
    [
      [
        1203,
        327
      ]
    ],
    [
      [
        1202,
        327
      ]
    ],
    [
      [
        1200,
        325
      ]
    ],
    [
      [
        1193,
        325
      ]
    ],
    [
      [
        1193,
        334
      ]
    ],
    [
      [
        1192,
        335
      ]
    ],
    [
      [
        1170,
        335
      ]
    ],
    [
      [
        1168,
        333
      ]
    ],
    [
      [
        1168,
        332
      ]
    ],
    [
      [
        1167,
        332
      ]
    ],
    [
      [
        1161,
        326
      ]
    ],
    [
      [
        1160,
        326
      ]
    ],
    [
      [
        1159,
        325
      ]
    ],
    [
      [
        1158,
        325
      ]
    ],
    [
      [
        1157,
        324
      ]
    ],
    [
      [
        1157,
        323
      ]
    ],
    [
      [
        1156,
        322
      ]
    ],
    [
      [
        1156,
        321
      ]
    ],
    [
      [
        1155,
        320
      ]
    ],
    [
      [
        1154,
        320
      ]
    ],
    [
      [
        1151,
        317
      ]
    ],
    [
      [
        1151,
        316
      ]
    ],
    [
      [
        1146,
        311
      ]
    ],
    [
      [
        1146,
        305
      ]
    ],
    [
      [
        1145,
        305
      ]
    ],
    [
      [
        1144,
        304
      ]
    ],
    [
      [
        1144,
        303
      ]
    ],
    [
      [
        1143,
        303
      ]
    ],
    [
      [
        1142,
        302
      ]
    ],
    [
      [
        1142,
        300
      ]
    ],
    [
      [
        1141,
        300
      ]
    ],
    [
      [
        1137,
        296
      ]
    ],
    [
      [
        1136,
        296
      ]
    ],
    [
      [
        1135,
        295
      ]
    ],
    [
      [
        1134,
        295
      ]
    ],
    [
      [
        1131,
        292
      ]
    ],
    [
      [
        1131,
        291
      ]
    ],
    [
      [
        1130,
        290
      ]
    ],
    [
      [
        1130,
        289
      ]
    ],
    [
      [
        1128,
        289
      ]
    ],
    [
      [
        1127,
        288
      ]
    ],
    [
      [
        1126,
        288
      ]
    ],
    [
      [
        1125,
        287
      ]
    ],
    [
      [
        1125,
        286
      ]
    ],
    [
      [
        1112,
        273
      ]
    ],
    [
      [
        1112,
        272
      ]
    ],
    [
      [
        1111,
        272
      ]
    ],
    [
      [
        1110,
        271
      ]
    ],
    [
      [
        1110,
        266
      ]
    ],
    [
      [
        1109,
        266
      ]
    ],
    [
      [
        1104,
        261
      ]
    ],
    [
      [
        1104,
        260
      ]
    ],
    [
      [
        1101,
        257
      ]
    ],
    [
      [
        1100,
        257
      ]
    ],
    [
      [
        1098,
        255
      ]
    ],
    [
      [
        1097,
        255
      ]
    ],
    [
      [
        1096,
        254
      ]
    ],
    [
      [
        1096,
        253
      ]
    ],
    [
      [
        1092,
        249
      ]
    ],
    [
      [
        1092,
        245
      ]
    ],
    [
      [
        1091,
        244
      ]
    ],
    [
      [
        1091,
        242
      ]
    ],
    [
      [
        1090,
        241
      ]
    ],
    [
      [
        1082,
        241
      ]
    ],
    [
      [
        1075,
        234
      ]
    ],
    [
      [
        1074,
        234
      ]
    ],
    [
      [
        1073,
        233
      ]
    ],
    [
      [
        1072,
        233
      ]
    ],
    [
      [
        1071,
        232
      ]
    ],
    [
      [
        1068,
        232
      ]
    ],
    [
      [
        1058,
        222
      ]
    ],
    [
      [
        1058,
        221
      ]
    ],
    [
      [
        1056,
        221
      ]
    ],
    [
      [
        1055,
        220
      ]
    ],
    [
      [
        1054,
        220
      ]
    ],
    [
      [
        1053,
        219
      ]
    ],
    [
      [
        1053,
        218
      ]
    ],
    [
      [
        1052,
        218
      ]
    ],
    [
      [
        1051,
        217
      ]
    ],
    [
      [
        1051,
        216
      ]
    ],
    [
      [
        1050,
        216
      ]
    ],
    [
      [
        1049,
        215
      ]
    ],
    [
      [
        1049,
        214
      ]
    ],
    [
      [
        1048,
        214
      ]
    ],
    [
      [
        1043,
        209
      ]
    ],
    [
      [
        1042,
        209
      ]
    ],
    [
      [
        1040,
        207
      ]
    ],
    [
      [
        1040,
        206
      ]
    ],
    [
      [
        1038,
        206
      ]
    ],
    [
      [
        1037,
        205
      ]
    ],
    [
      [
        1037,
        203
      ]
    ],
    [
      [
        1034,
        200
      ]
    ],
    [
      [
        1033,
        200
      ]
    ],
    [
      [
        1032,
        199
      ]
    ],
    [
      [
        1032,
        198
      ]
    ],
    [
      [
        1031,
        197
      ]
    ],
    [
      [
        1025,
        197
      ]
    ],
    [
      [
        1025,
        200
      ]
    ],
    [
      [
        1024,
        201
      ]
    ],
    [
      [
        1024,
        218
      ]
    ],
    [
      [
        1023,
        219
      ]
    ],
    [
      [
        1006,
        219
      ]
    ],
    [
      [
        1003,
        216
      ]
    ],
    [
      [
        1003,
        215
      ]
    ],
    [
      [
        1002,
        215
      ]
    ],
    [
      [
        999,
        212
      ]
    ],
    [
      [
        999,
        211
      ]
    ],
    [
      [
        997,
        211
      ]
    ],
    [
      [
        992,
        206
      ]
    ],
    [
      [
        992,
        196
      ]
    ],
    [
      [
        991,
        195
      ]
    ],
    [
      [
        991,
        189
      ]
    ],
    [
      [
        990,
        189
      ]
    ],
    [
      [
        989,
        188
      ]
    ],
    [
      [
        989,
        170
      ]
    ],
    [
      [
        990,
        169
      ]
    ],
    [
      [
        997,
        169
      ]
    ],
    [
      [
        997,
        168
      ]
    ],
    [
      [
        998,
        167
      ]
    ],
    [
      [
        998,
        161
      ]
    ],
    [
      [
        996,
        159
      ]
    ],
    [
      [
        996,
        156
      ]
    ],
    [
      [
        995,
        155
      ]
    ],
    [
      [
        995,
        153
      ]
    ],
    [
      [
        991,
        149
      ]
    ],
    [
      [
        985,
        149
      ]
    ],
    [
      [
        979,
        143
      ]
    ],
    [
      [
        978,
        143
      ]
    ],
    [
      [
        975,
        140
      ]
    ],
    [
      [
        975,
        139
      ]
    ],
    [
      [
        973,
        137
      ]
    ],
    [
      [
        972,
        137
      ]
    ],
    [
      [
        966,
        131
      ]
    ],
    [
      [
        965,
        131
      ]
    ],
    [
      [
        963,
        129
      ]
    ],
    [
      [
        963,
        128
      ]
    ],
    [
      [
        962,
        128
      ]
    ],
    [
      [
        960,
        126
      ]
    ],
    [
      [
        959,
        126
      ]
    ],
    [
      [
        958,
        125
      ]
    ],
    [
      [
        945,
        125
      ]
    ],
    [
      [
        944,
        124
      ]
    ],
    [
      [
        944,
        109
      ]
    ],
    [
      [
        942,
        109
      ]
    ],
    [
      [
        940,
        107
      ]
    ],
    [
      [
        940,
        106
      ]
    ],
    [
      [
        933,
        99
      ]
    ],
    [
      [
        933,
        95
      ]
    ],
    [
      [
        932,
        94
      ]
    ],
    [
      [
        932,
        93
      ]
    ],
    [
      [
        929,
        90
      ]
    ],
    [
      [
        923,
        90
      ]
    ],
    [
      [
        922,
        89
      ]
    ],
    [
      [
        921,
        89
      ]
    ],
    [
      [
        917,
        85
      ]
    ],
    [
      [
        916,
        85
      ]
    ],
    [
      [
        915,
        84
      ]
    ],
    [
      [
        915,
        83
      ]
    ],
    [
      [
        914,
        82
      ]
    ],
    [
      [
        913,
        82
      ]
    ],
    [
      [
        908,
        77
      ]
    ],
    [
      [
        907,
        77
      ]
    ],
    [
      [
        906,
        76
      ]
    ],
    [
      [
        906,
        72
      ]
    ],
    [
      [
        905,
        71
      ]
    ],
    [
      [
        905,
        69
      ]
    ],
    [
      [
        904,
        69
      ]
    ],
    [
      [
        903,
        68
      ]
    ],
    [
      [
        903,
        67
      ]
    ],
    [
      [
        902,
        67
      ]
    ],
    [
      [
        901,
        66
      ]
    ],
    [
      [
        900,
        66
      ]
    ],
    [
      [
        898,
        64
      ]
    ],
    [
      [
        898,
        63
      ]
    ],
    [
      [
        897,
        63
      ]
    ],
    [
      [
        896,
        62
      ]
    ],
    [
      [
        895,
        62
      ]
    ],
    [
      [
        894,
        61
      ]
    ],
    [
      [
        890,
        61
      ]
    ],
    [
      [
        886,
        57
      ]
    ],
    [
      [
        885,
        57
      ]
    ],
    [
      [
        880,
        52
      ]
    ],
    [
      [
        879,
        52
      ]
    ],
    [
      [
        873,
        46
      ]
    ],
    [
      [
        872,
        46
      ]
    ],
    [
      [
        869,
        43
      ]
    ],
    [
      [
        869,
        42
      ]
    ],
    [
      [
        868,
        42
      ]
    ],
    [
      [
        861,
        35
      ]
    ],
    [
      [
        860,
        35
      ]
    ],
    [
      [
        857,
        32
      ]
    ],
    [
      [
        857,
        20
      ]
    ],
    [
      [
        856,
        20
      ]
    ],
    [
      [
        851,
        15
      ]
    ],
    [
      [
        850,
        15
      ]
    ],
    [
      [
        849,
        14
      ]
    ],
    [
      [
        848,
        14
      ]
    ],
    [
      [
        844,
        10
      ]
    ],
    [
      [
        844,
        0
      ]
    ]
  ],
  "segment_square_corners": [
    [
      355.81689453125,
      499.4264221191406
    ],
    [
      824.8050537109375,
      0.0
    ],
    [
      1481.6510009765625,
      578.6092529296875
    ],
    [
      1012.662841796875,
      1079.0
    ]
  ],
  "phrases": [
    "box",
    "tangerine",
    "tangerine",
    "tangerine",
    "tangerine"
  ],
  "selected_bbox": [
    0.4898325204849243,
    0.46409571170806885,
    0.525700569152832,
    0.8977177739143372
  ]
}