{
  "timestamp": 1761056122.6908052,
  "session_id": "session_20251021_211452_51253c84",
  "supplier_id": "",
  "qr_data": "695991",
  "qr_items": {
    "tangerine": 4
  },
  "qr_corners": [
    [
      1044.0,
      772.0
    ],
    [
      1120.0,
      827.0
    ],
    [
      1062.0,
      900.0
    ],
    [
      986.0,
      847.0
    ]
  ],
  "segment_corners": [
    [
      [
        825,
        47
      ]
    ],
    [
      [
        824,
        48
      ]
    ],
    [
      [
        824,
        49
      ]
    ],
    [
      [
        822,
        51
      ]
    ],
    [
      [
        822,
        52
      ]
    ],
    [
      [
        821,
        53
      ]
    ],
    [
      [
        821,
        55
      ]
    ],
    [
      [
        819,
        57
      ]
    ],
    [
      [
        818,
        57
      ]
    ],
    [
      [
        817,
        58
      ]
    ],
    [
      [
        816,
        58
      ]
    ],
    [
      [
        815,
        59
      ]
    ],
    [
      [
        813,
        59
      ]
    ],
    [
      [
        812,
        60
      ]
    ],
    [
      [
        811,
        60
      ]
    ],
    [
      [
        810,
        61
      ]
    ],
    [
      [
        809,
        61
      ]
    ],
    [
      [
        809,
        78
      ]
    ],
    [
      [
        808,
        79
      ]
    ],
    [
      [
        798,
        79
      ]
    ],
    [
      [
        797,
        80
      ]
    ],
    [
      [
        783,
        80
      ]
    ],
    [
      [
        782,
        81
      ]
    ],
    [
      [
        774,
        81
      ]
    ],
    [
      [
        772,
        83
      ]
    ],
    [
      [
        767,
        83
      ]
    ],
    [
      [
        766,
        84
      ]
    ],
    [
      [
        761,
        84
      ]
    ],
    [
      [
        760,
        85
      ]
    ],
    [
      [
        758,
        85
      ]
    ],
    [
      [
        757,
        86
      ]
    ],
    [
      [
        756,
        86
      ]
    ],
    [
      [
        755,
        87
      ]
    ],
    [
      [
        752,
        87
      ]
    ],
    [
      [
        750,
        89
      ]
    ],
    [
      [
        748,
        89
      ]
    ],
    [
      [
        747,
        90
      ]
    ],
    [
      [
        746,
        90
      ]
    ],
    [
      [
        745,
        91
      ]
    ],
    [
      [
        744,
        91
      ]
    ],
    [
      [
        742,
        93
      ]
    ],
    [
      [
        736,
        93
      ]
    ],
    [
      [
        730,
        99
      ]
    ],
    [
      [
        729,
        99
      ]
    ],
    [
      [
        728,
        100
      ]
    ],
    [
      [
        727,
        100
      ]
    ],
    [
      [
        725,
        102
      ]
    ],
    [
      [
        722,
        102
      ]
    ],
    [
      [
        719,
        105
      ]
    ],
    [
      [
        718,
        105
      ]
    ],
    [
      [
        718,
        108
      ]
    ],
    [
      [
        716,
        110
      ]
    ],
    [
      [
        714,
        110
      ]
    ],
    [
      [
        703,
        121
      ]
    ],
    [
      [
        702,
        121
      ]
    ],
    [
      [
        699,
        124
      ]
    ],
    [
      [
        699,
        126
      ]
    ],
    [
      [
        697,
        128
      ]
    ],
    [
      [
        696,
        128
      ]
    ],
    [
      [
        695,
        129
      ]
    ],
    [
      [
        695,
        130
      ]
    ],
    [
      [
        693,
        132
      ]
    ],
    [
      [
        693,
        133
      ]
    ],
    [
      [
        691,
        135
      ]
    ],
    [
      [
        668,
        135
      ]
    ],
    [
      [
        668,
        145
      ]
    ],
    [
      [
        669,
        145
      ]
    ],
    [
      [
        670,
        146
      ]
    ],
    [
      [
        671,
        146
      ]
    ],
    [
      [
        674,
        149
      ]
    ],
    [
      [
        674,
        167
      ]
    ],
    [
      [
        673,
        168
      ]
    ],
    [
      [
        673,
        169
      ]
    ],
    [
      [
        672,
        170
      ]
    ],
    [
      [
        672,
        171
      ]
    ],
    [
      [
        670,
        173
      ]
    ],
    [
      [
        670,
        174
      ]
    ],
    [
      [
        669,
        175
      ]
    ],
    [
      [
        669,
        176
      ]
    ],
    [
      [
        668,
        177
      ]
    ],
    [
      [
        668,
        178
      ]
    ],
    [
      [
        663,
        183
      ]
    ],
    [
      [
        663,
        184
      ]
    ],
    [
      [
        662,
        185
      ]
    ],
    [
      [
        662,
        186
      ]
    ],
    [
      [
        658,
        190
      ]
    ],
    [
      [
        658,
        191
      ]
    ],
    [
      [
        657,
        192
      ]
    ],
    [
      [
        640,
        192
      ]
    ],
    [
      [
        639,
        191
      ]
    ],
    [
      [
        638,
        191
      ]
    ],
    [
      [
        637,
        190
      ]
    ],
    [
      [
        625,
        190
      ]
    ],
    [
      [
        622,
        193
      ]
    ],
    [
      [
        622,
        200
      ]
    ],
    [
      [
        623,
        201
      ]
    ],
    [
      [
        623,
        203
      ]
    ],
    [
      [
        624,
        204
      ]
    ],
    [
      [
        624,
        205
      ]
    ],
    [
      [
        625,
        206
      ]
    ],
    [
      [
        625,
        207
      ]
    ],
    [
      [
        627,
        209
      ]
    ],
    [
      [
        628,
        209
      ]
    ],
    [
      [
        629,
        210
      ]
    ],
    [
      [
        629,
        211
      ]
    ],
    [
      [
        630,
        211
      ]
    ],
    [
      [
        631,
        212
      ]
    ],
    [
      [
        633,
        212
      ]
    ],
    [
      [
        634,
        213
      ]
    ],
    [
      [
        638,
        213
      ]
    ],
    [
      [
        639,
        214
      ]
    ],
    [
      [
        639,
        215
      ]
    ],
    [
      [
        643,
        215
      ]
    ],
    [
      [
        644,
        216
      ]
    ],
    [
      [
        644,
        233
      ]
    ],
    [
      [
        640,
        237
      ]
    ],
    [
      [
        640,
        238
      ]
    ],
    [
      [
        638,
        240
      ]
    ],
    [
      [
        638,
        241
      ]
    ],
    [
      [
        637,
        242
      ]
    ],
    [
      [
        637,
        243
      ]
    ],
    [
      [
        634,
        246
      ]
    ],
    [
      [
        634,
        247
      ]
    ],
    [
      [
        633,
        248
      ]
    ],
    [
      [
        633,
        249
      ]
    ],
    [
      [
        631,
        251
      ]
    ],
    [
      [
        631,
        252
      ]
    ],
    [
      [
        629,
        254
      ]
    ],
    [
      [
        624,
        254
      ]
    ],
    [
      [
        624,
        255
      ]
    ],
    [
      [
        623,
        256
      ]
    ],
    [
      [
        622,
        256
      ]
    ],
    [
      [
        621,
        257
      ]
    ],
    [
      [
        621,
        258
      ]
    ],
    [
      [
        620,
        259
      ]
    ],
    [
      [
        620,
        267
      ]
    ],
    [
      [
        619,
        268
      ]
    ],
    [
      [
        619,
        269
      ]
    ],
    [
      [
        616,
        272
      ]
    ],
    [
      [
        616,
        273
      ]
    ],
    [
      [
        614,
        275
      ]
    ],
    [
      [
        614,
        277
      ]
    ],
    [
      [
        613,
        278
      ]
    ],
    [
      [
        613,
        279
      ]
    ],
    [
      [
        609,
        283
      ]
    ],
    [
      [
        609,
        284
      ]
    ],
    [
      [
        607,
        286
      ]
    ],
    [
      [
        607,
        287
      ]
    ],
    [
      [
        605,
        289
      ]
    ],
    [
      [
        605,
        291
      ]
    ],
    [
      [
        604,
        292
      ]
    ],
    [
      [
        603,
        292
      ]
    ],
    [
      [
        603,
        293
      ]
    ],
    [
      [
        600,
        296
      ]
    ],
    [
      [
        600,
        297
      ]
    ],
    [
      [
        599,
        298
      ]
    ],
    [
      [
        599,
        299
      ]
    ],
    [
      [
        598,
        300
      ]
    ],
    [
      [
        598,
        301
      ]
    ],
    [
      [
        594,
        305
      ]
    ],
    [
      [
        594,
        306
      ]
    ],
    [
      [
        592,
        308
      ]
    ],
    [
      [
        592,
        309
      ]
    ],
    [
      [
        590,
        311
      ]
    ],
    [
      [
        590,
        312
      ]
    ],
    [
      [
        589,
        313
      ]
    ],
    [
      [
        589,
        314
      ]
    ],
    [
      [
        586,
        317
      ]
    ],
    [
      [
        586,
        318
      ]
    ],
    [
      [
        584,
        320
      ]
    ],
    [
      [
        584,
        321
      ]
    ],
    [
      [
        582,
        323
      ]
    ],
    [
      [
        582,
        324
      ]
    ],
    [
      [
        577,
        329
      ]
    ],
    [
      [
        577,
        331
      ]
    ],
    [
      [
        576,
        332
      ]
    ],
    [
      [
        576,
        333
      ]
    ],
    [
      [
        575,
        334
      ]
    ],
    [
      [
        575,
        335
      ]
    ],
    [
      [
        571,
        339
      ]
    ],
    [
      [
        571,
        340
      ]
    ],
    [
      [
        569,
        342
      ]
    ],
    [
      [
        569,
        343
      ]
    ],
    [
      [
        567,
        345
      ]
    ],
    [
      [
        567,
        346
      ]
    ],
    [
      [
        566,
        347
      ]
    ],
    [
      [
        566,
        349
      ]
    ],
    [
      [
        562,
        353
      ]
    ],
    [
      [
        562,
        354
      ]
    ],
    [
      [
        560,
        356
      ]
    ],
    [
      [
        560,
        357
      ]
    ],
    [
      [
        558,
        359
      ]
    ],
    [
      [
        558,
        360
      ]
    ],
    [
      [
        555,
        363
      ]
    ],
    [
      [
        555,
        364
      ]
    ],
    [
      [
        552,
        367
      ]
    ],
    [
      [
        552,
        368
      ]
    ],
    [
      [
        550,
        370
      ]
    ],
    [
      [
        550,
        372
      ]
    ],
    [
      [
        549,
        373
      ]
    ],
    [
      [
        548,
        373
      ]
    ],
    [
      [
        548,
        374
      ]
    ],
    [
      [
        546,
        376
      ]
    ],
    [
      [
        546,
        377
      ]
    ],
    [
      [
        545,
        378
      ]
    ],
    [
      [
        545,
        379
      ]
    ],
    [
      [
        540,
        384
      ]
    ],
    [
      [
        540,
        385
      ]
    ],
    [
      [
        539,
        386
      ]
    ],
    [
      [
        539,
        387
      ]
    ],
    [
      [
        537,
        389
      ]
    ],
    [
      [
        537,
        390
      ]
    ],
    [
      [
        534,
        393
      ]
    ],
    [
      [
        534,
        396
      ]
    ],
    [
      [
        532,
        398
      ]
    ],
    [
      [
        531,
        398
      ]
    ],
    [
      [
        530,
        399
      ]
    ],
    [
      [
        530,
        400
      ]
    ],
    [
      [
        528,
        402
      ]
    ],
    [
      [
        528,
        403
      ]
    ],
    [
      [
        527,
        404
      ]
    ],
    [
      [
        527,
        405
      ]
    ],
    [
      [
        524,
        408
      ]
    ],
    [
      [
        524,
        409
      ]
    ],
    [
      [
        520,
        413
      ]
    ],
    [
      [
        520,
        415
      ]
    ],
    [
      [
        516,
        419
      ]
    ],
    [
      [
        516,
        421
      ]
    ],
    [
      [
        513,
        424
      ]
    ],
    [
      [
        513,
        425
      ]
    ],
    [
      [
        512,
        426
      ]
    ],
    [
      [
        501,
        426
      ]
    ],
    [
      [
        500,
        427
      ]
    ],
    [
      [
        493,
        427
      ]
    ],
    [
      [
        493,
        428
      ]
    ],
    [
      [
        492,
        429
      ]
    ],
    [
      [
        477,
        429
      ]
    ],
    [
      [
        475,
        431
      ]
    ],
    [
      [
        475,
        432
      ]
    ],
    [
      [
        474,
        433
      ]
    ],
    [
      [
        474,
        434
      ]
    ],
    [
      [
        473,
        435
      ]
    ],
    [
      [
        473,
        436
      ]
    ],
    [
      [
        471,
        438
      ]
    ],
    [
      [
        471,
        439
      ]
    ],
    [
      [
        469,
        441
      ]
    ],
    [
      [
        469,
        442
      ]
    ],
    [
      [
        467,
        444
      ]
    ],
    [
      [
        467,
        445
      ]
    ],
    [
      [
        465,
        447
      ]
    ],
    [
      [
        465,
        448
      ]
    ],
    [
      [
        464,
        449
      ]
    ],
    [
      [
        464,
        450
      ]
    ],
    [
      [
        461,
        453
      ]
    ],
    [
      [
        461,
        454
      ]
    ],
    [
      [
        458,
        457
      ]
    ],
    [
      [
        458,
        458
      ]
    ],
    [
      [
        457,
        459
      ]
    ],
    [
      [
        457,
        460
      ]
    ],
    [
      [
        454,
        463
      ]
    ],
    [
      [
        454,
        465
      ]
    ],
    [
      [
        449,
        470
      ]
    ],
    [
      [
        449,
        471
      ]
    ],
    [
      [
        448,
        472
      ]
    ],
    [
      [
        448,
        473
      ]
    ],
    [
      [
        447,
        474
      ]
    ],
    [
      [
        447,
        475
      ]
    ],
    [
      [
        444,
        478
      ]
    ],
    [
      [
        444,
        479
      ]
    ],
    [
      [
        443,
        480
      ]
    ],
    [
      [
        443,
        481
      ]
    ],
    [
      [
        441,
        483
      ]
    ],
    [
      [
        441,
        484
      ]
    ],
    [
      [
        439,
        486
      ]
    ],
    [
      [
        439,
        487
      ]
    ],
    [
      [
        438,
        488
      ]
    ],
    [
      [
        438,
        489
      ]
    ],
    [
      [
        436,
        491
      ]
    ],
    [
      [
        436,
        492
      ]
    ],
    [
      [
        434,
        494
      ]
    ],
    [
      [
        434,
        495
      ]
    ],
    [
      [
        432,
        497
      ]
    ],
    [
      [
        432,
        498
      ]
    ],
    [
      [
        429,
        501
      ]
    ],
    [
      [
        429,
        502
      ]
    ],
    [
      [
        428,
        503
      ]
    ],
    [
      [
        428,
        504
      ]
    ],
    [
      [
        426,
        506
      ]
    ],
    [
      [
        426,
        508
      ]
    ],
    [
      [
        425,
        509
      ]
    ],
    [
      [
        424,
        509
      ]
    ],
    [
      [
        423,
        510
      ]
    ],
    [
      [
        423,
        511
      ]
    ],
    [
      [
        422,
        512
      ]
    ],
    [
      [
        422,
        513
      ]
    ],
    [
      [
        420,
        515
      ]
    ],
    [
      [
        420,
        516
      ]
    ],
    [
      [
        418,
        518
      ]
    ],
    [
      [
        418,
        519
      ]
    ],
    [
      [
        417,
        520
      ]
    ],
    [
      [
        417,
        521
      ]
    ],
    [
      [
        416,
        522
      ]
    ],
    [
      [
        416,
        523
      ]
    ],
    [
      [
        413,
        526
      ]
    ],
    [
      [
        413,
        527
      ]
    ],
    [
      [
        412,
        528
      ]
    ],
    [
      [
        412,
        529
      ]
    ],
    [
      [
        410,
        531
      ]
    ],
    [
      [
        410,
        532
      ]
    ],
    [
      [
        409,
        533
      ]
    ],
    [
      [
        409,
        534
      ]
    ],
    [
      [
        405,
        538
      ]
    ],
    [
      [
        405,
        539
      ]
    ],
    [
      [
        403,
        541
      ]
    ],
    [
      [
        403,
        544
      ]
    ],
    [
      [
        402,
        545
      ]
    ],
    [
      [
        402,
        548
      ]
    ],
    [
      [
        401,
        549
      ]
    ],
    [
      [
        401,
        565
      ]
    ],
    [
      [
        402,
        566
      ]
    ],
    [
      [
        402,
        569
      ]
    ],
    [
      [
        403,
        570
      ]
    ],
    [
      [
        403,
        571
      ]
    ],
    [
      [
        404,
        572
      ]
    ],
    [
      [
        404,
        582
      ]
    ],
    [
      [
        406,
        584
      ]
    ],
    [
      [
        406,
        585
      ]
    ],
    [
      [
        407,
        586
      ]
    ],
    [
      [
        408,
        586
      ]
    ],
    [
      [
        411,
        589
      ]
    ],
    [
      [
        412,
        589
      ]
    ],
    [
      [
        415,
        592
      ]
    ],
    [
      [
        416,
        592
      ]
    ],
    [
      [
        419,
        595
      ]
    ],
    [
      [
        424,
        595
      ]
    ],
    [
      [
        426,
        597
      ]
    ],
    [
      [
        427,
        597
      ]
    ],
    [
      [
        428,
        598
      ]
    ],
    [
      [
        429,
        598
      ]
    ],
    [
      [
        434,
        603
      ]
    ],
    [
      [
        436,
        603
      ]
    ],
    [
      [
        441,
        608
      ]
    ],
    [
      [
        442,
        608
      ]
    ],
    [
      [
        444,
        610
      ]
    ],
    [
      [
        445,
        610
      ]
    ],
    [
      [
        447,
        612
      ]
    ],
    [
      [
        448,
        612
      ]
    ],
    [
      [
        451,
        615
      ]
    ],
    [
      [
        452,
        615
      ]
    ],
    [
      [
        453,
        616
      ]
    ],
    [
      [
        454,
        616
      ]
    ],
    [
      [
        456,
        618
      ]
    ],
    [
      [
        457,
        618
      ]
    ],
    [
      [
        461,
        622
      ]
    ],
    [
      [
        462,
        622
      ]
    ],
    [
      [
        463,
        623
      ]
    ],
    [
      [
        464,
        623
      ]
    ],
    [
      [
        465,
        624
      ]
    ],
    [
      [
        465,
        628
      ]
    ],
    [
      [
        467,
        630
      ]
    ],
    [
      [
        468,
        630
      ]
    ],
    [
      [
        469,
        631
      ]
    ],
    [
      [
        470,
        631
      ]
    ],
    [
      [
        473,
        634
      ]
    ],
    [
      [
        473,
        635
      ]
    ],
    [
      [
        476,
        635
      ]
    ],
    [
      [
        478,
        637
      ]
    ],
    [
      [
        478,
        643
      ]
    ],
    [
      [
        479,
        644
      ]
    ],
    [
      [
        479,
        645
      ]
    ],
    [
      [
        480,
        646
      ]
    ],
    [
      [
        481,
        646
      ]
    ],
    [
      [
        484,
        649
      ]
    ],
    [
      [
        484,
        650
      ]
    ],
    [
      [
        485,
        651
      ]
    ],
    [
      [
        503,
        651
      ]
    ],
    [
      [
        506,
        654
      ]
    ],
    [
      [
        507,
        654
      ]
    ],
    [
      [
        509,
        656
      ]
    ],
    [
      [
        510,
        656
      ]
    ],
    [
      [
        512,
        658
      ]
    ],
    [
      [
        513,
        658
      ]
    ],
    [
      [
        514,
        659
      ]
    ],
    [
      [
        515,
        659
      ]
    ],
    [
      [
        517,
        661
      ]
    ],
    [
      [
        535,
        661
      ]
    ],
    [
      [
        536,
        662
      ]
    ],
    [
      [
        536,
        663
      ]
    ],
    [
      [
        538,
        663
      ]
    ],
    [
      [
        539,
        664
      ]
    ],
    [
      [
        539,
        666
      ]
    ],
    [
      [
        541,
        668
      ]
    ],
    [
      [
        541,
        693
      ]
    ],
    [
      [
        543,
        695
      ]
    ],
    [
      [
        544,
        695
      ]
    ],
    [
      [
        547,
        698
      ]
    ],
    [
      [
        554,
        698
      ]
    ],
    [
      [
        554,
        697
      ]
    ],
    [
      [
        556,
        695
      ]
    ],
    [
      [
        573,
        695
      ]
    ],
    [
      [
        574,
        696
      ]
    ],
    [
      [
        575,
        696
      ]
    ],
    [
      [
        578,
        699
      ]
    ],
    [
      [
        579,
        699
      ]
    ],
    [
      [
        580,
        700
      ]
    ],
    [
      [
        581,
        700
      ]
    ],
    [
      [
        582,
        701
      ]
    ],
    [
      [
        582,
        702
      ]
    ],
    [
      [
        585,
        705
      ]
    ],
    [
      [
        586,
        705
      ]
    ],
    [
      [
        588,
        707
      ]
    ],
    [
      [
        590,
        707
      ]
    ],
    [
      [
        595,
        712
      ]
    ],
    [
      [
        596,
        712
      ]
    ],
    [
      [
        597,
        713
      ]
    ],
    [
      [
        598,
        713
      ]
    ],
    [
      [
        599,
        714
      ]
    ],
    [
      [
        600,
        714
      ]
    ],
    [
      [
        604,
        718
      ]
    ],
    [
      [
        605,
        718
      ]
    ],
    [
      [
        607,
        720
      ]
    ],
    [
      [
        608,
        720
      ]
    ],
    [
      [
        609,
        721
      ]
    ],
    [
      [
        610,
        721
      ]
    ],
    [
      [
        615,
        726
      ]
    ],
    [
      [
        616,
        726
      ]
    ],
    [
      [
        617,
        727
      ]
    ],
    [
      [
        620,
        727
      ]
    ],
    [
      [
        621,
        728
      ]
    ],
    [
      [
        621,
        730
      ]
    ],
    [
      [
        622,
        730
      ]
    ],
    [
      [
        624,
        732
      ]
    ],
    [
      [
        626,
        732
      ]
    ],
    [
      [
        627,
        733
      ]
    ],
    [
      [
        628,
        733
      ]
    ],
    [
      [
        630,
        735
      ]
    ],
    [
      [
        631,
        735
      ]
    ],
    [
      [
        632,
        736
      ]
    ],
    [
      [
        632,
        737
      ]
    ],
    [
      [
        633,
        738
      ]
    ],
    [
      [
        633,
        739
      ]
    ],
    [
      [
        634,
        739
      ]
    ],
    [
      [
        635,
        740
      ]
    ],
    [
      [
        637,
        740
      ]
    ],
    [
      [
        640,
        743
      ]
    ],
    [
      [
        641,
        743
      ]
    ],
    [
      [
        642,
        744
      ]
    ],
    [
      [
        643,
        744
      ]
    ],
    [
      [
        647,
        748
      ]
    ],
    [
      [
        649,
        748
      ]
    ],
    [
      [
        650,
        749
      ]
    ],
    [
      [
        650,
        750
      ]
    ],
    [
      [
        652,
        752
      ]
    ],
    [
      [
        655,
        752
      ]
    ],
    [
      [
        658,
        755
      ]
    ],
    [
      [
        658,
        757
      ]
    ],
    [
      [
        661,
        757
      ]
    ],
    [
      [
        662,
        758
      ]
    ],
    [
      [
        663,
        758
      ]
    ],
    [
      [
        664,
        759
      ]
    ],
    [
      [
        665,
        759
      ]
    ],
    [
      [
        668,
        762
      ]
    ],
    [
      [
        668,
        763
      ]
    ],
    [
      [
        669,
        764
      ]
    ],
    [
      [
        670,
        764
      ]
    ],
    [
      [
        671,
        765
      ]
    ],
    [
      [
        672,
        765
      ]
    ],
    [
      [
        673,
        766
      ]
    ],
    [
      [
        674,
        766
      ]
    ],
    [
      [
        676,
        768
      ]
    ],
    [
      [
        676,
        769
      ]
    ],
    [
      [
        677,
        769
      ]
    ],
    [
      [
        680,
        772
      ]
    ],
    [
      [
        681,
        772
      ]
    ],
    [
      [
        685,
        776
      ]
    ],
    [
      [
        686,
        776
      ]
    ],
    [
      [
        690,
        780
      ]
    ],
    [
      [
        690,
        781
      ]
    ],
    [
      [
        692,
        783
      ]
    ],
    [
      [
        693,
        783
      ]
    ],
    [
      [
        694,
        784
      ]
    ],
    [
      [
        696,
        784
      ]
    ],
    [
      [
        697,
        785
      ]
    ],
    [
      [
        700,
        785
      ]
    ],
    [
      [
        703,
        788
      ]
    ],
    [
      [
        705,
        788
      ]
    ],
    [
      [
        706,
        789
      ]
    ],
    [
      [
        707,
        789
      ]
    ],
    [
      [
        711,
        793
      ]
    ],
    [
      [
        711,
        794
      ]
    ],
    [
      [
        713,
        794
      ]
    ],
    [
      [
        714,
        795
      ]
    ],
    [
      [
        716,
        795
      ]
    ],
    [
      [
        723,
        802
      ]
    ],
    [
      [
        725,
        802
      ]
    ],
    [
      [
        726,
        803
      ]
    ],
    [
      [
        735,
        803
      ]
    ],
    [
      [
        739,
        807
      ]
    ],
    [
      [
        740,
        807
      ]
    ],
    [
      [
        741,
        808
      ]
    ],
    [
      [
        742,
        808
      ]
    ],
    [
      [
        744,
        810
      ]
    ],
    [
      [
        745,
        810
      ]
    ],
    [
      [
        748,
        813
      ]
    ],
    [
      [
        749,
        813
      ]
    ],
    [
      [
        753,
        817
      ]
    ],
    [
      [
        755,
        817
      ]
    ],
    [
      [
        758,
        820
      ]
    ],
    [
      [
        760,
        820
      ]
    ],
    [
      [
        762,
        822
      ]
    ],
    [
      [
        763,
        822
      ]
    ],
    [
      [
        765,
        824
      ]
    ],
    [
      [
        766,
        824
      ]
    ],
    [
      [
        767,
        825
      ]
    ],
    [
      [
        768,
        825
      ]
    ],
    [
      [
        771,
        828
      ]
    ],
    [
      [
        772,
        828
      ]
    ],
    [
      [
        775,
        831
      ]
    ],
    [
      [
        817,
        831
      ]
    ],
    [
      [
        818,
        832
      ]
    ],
    [
      [
        818,
        848
      ]
    ],
    [
      [
        819,
        849
      ]
    ],
    [
      [
        820,
        849
      ]
    ],
    [
      [
        823,
        852
      ]
    ],
    [
      [
        825,
        852
      ]
    ],
    [
      [
        829,
        856
      ]
    ],
    [
      [
        829,
        857
      ]
    ],
    [
      [
        831,
        859
      ]
    ],
    [
      [
        837,
        859
      ]
    ],
    [
      [
        837,
        857
      ]
    ],
    [
      [
        838,
        856
      ]
    ],
    [
      [
        855,
        856
      ]
    ],
    [
      [
        856,
        857
      ]
    ],
    [
      [
        857,
        857
      ]
    ],
    [
      [
        860,
        860
      ]
    ],
    [
      [
        860,
        864
      ]
    ],
    [
      [
        862,
        866
      ]
    ],
    [
      [
        863,
        866
      ]
    ],
    [
      [
        864,
        867
      ]
    ],
    [
      [
        865,
        867
      ]
    ],
    [
      [
        868,
        870
      ]
    ],
    [
      [
        869,
        870
      ]
    ],
    [
      [
        870,
        871
      ]
    ],
    [
      [
        871,
        871
      ]
    ],
    [
      [
        874,
        874
      ]
    ],
    [
      [
        875,
        874
      ]
    ],
    [
      [
        876,
        875
      ]
    ],
    [
      [
        886,
        875
      ]
    ],
    [
      [
        891,
        880
      ]
    ],
    [
      [
        892,
        880
      ]
    ],
    [
      [
        893,
        881
      ]
    ],
    [
      [
        894,
        881
      ]
    ],
    [
      [
        895,
        882
      ]
    ],
    [
      [
        896,
        882
      ]
    ],
    [
      [
        897,
        883
      ]
    ],
    [
      [
        898,
        883
      ]
    ],
    [
      [
        901,
        886
      ]
    ],
    [
      [
        902,
        886
      ]
    ],
    [
      [
        904,
        888
      ]
    ],
    [
      [
        905,
        888
      ]
    ],
    [
      [
        906,
        889
      ]
    ],
    [
      [
        907,
        889
      ]
    ],
    [
      [
        911,
        893
      ]
    ],
    [
      [
        912,
        893
      ]
    ],
    [
      [
        914,
        895
      ]
    ],
    [
      [
        915,
        895
      ]
    ],
    [
      [
        918,
        898
      ]
    ],
    [
      [
        919,
        898
      ]
    ],
    [
      [
        920,
        899
      ]
    ],
    [
      [
        921,
        899
      ]
    ],
    [
      [
        923,
        901
      ]
    ],
    [
      [
        924,
        901
      ]
    ],
    [
      [
        925,
        902
      ]
    ],
    [
      [
        926,
        902
      ]
    ],
    [
      [
        927,
        903
      ]
    ],
    [
      [
        928,
        903
      ]
    ],
    [
      [
        931,
        906
      ]
    ],
    [
      [
        932,
        906
      ]
    ],
    [
      [
        934,
        908
      ]
    ],
    [
      [
        935,
        908
      ]
    ],
    [
      [
        936,
        909
      ]
    ],
    [
      [
        937,
        909
      ]
    ],
    [
      [
        938,
        910
      ]
    ],
    [
      [
        939,
        910
      ]
    ],
    [
      [
        941,
        912
      ]
    ],
    [
      [
        942,
        912
      ]
    ],
    [
      [
        944,
        914
      ]
    ],
    [
      [
        945,
        914
      ]
    ],
    [
      [
        947,
        916
      ]
    ],
    [
      [
        947,
        917
      ]
    ],
    [
      [
        948,
        917
      ]
    ],
    [
      [
        949,
        918
      ]
    ],
    [
      [
        950,
        918
      ]
    ],
    [
      [
        951,
        919
      ]
    ],
    [
      [
        952,
        919
      ]
    ],
    [
      [
        954,
        921
      ]
    ],
    [
      [
        956,
        921
      ]
    ],
    [
      [
        957,
        922
      ]
    ],
    [
      [
        958,
        922
      ]
    ],
    [
      [
        961,
        925
      ]
    ],
    [
      [
        962,
        925
      ]
    ],
    [
      [
        963,
        926
      ]
    ],
    [
      [
        964,
        926
      ]
    ],
    [
      [
        965,
        927
      ]
    ],
    [
      [
        966,
        927
      ]
    ],
    [
      [
        967,
        928
      ]
    ],
    [
      [
        967,
        945
      ]
    ],
    [
      [
        966,
        946
      ]
    ],
    [
      [
        966,
        953
      ]
    ],
    [
      [
        967,
        953
      ]
    ],
    [
      [
        968,
        954
      ]
    ],
    [
      [
        969,
        954
      ]
    ],
    [
      [
        971,
        956
      ]
    ],
    [
      [
        973,
        956
      ]
    ],
    [
      [
        975,
        958
      ]
    ],
    [
      [
        976,
        958
      ]
    ],
    [
      [
        979,
        961
      ]
    ],
    [
      [
        980,
        961
      ]
    ],
    [
      [
        982,
        963
      ]
    ],
    [
      [
        983,
        963
      ]
    ],
    [
      [
        984,
        964
      ]
    ],
    [
      [
        986,
        964
      ]
    ],
    [
      [
        988,
        966
      ]
    ],
    [
      [
        989,
        966
      ]
    ],
    [
      [
        990,
        967
      ]
    ],
    [
      [
        991,
        967
      ]
    ],
    [
      [
        993,
        969
      ]
    ],
    [
      [
        994,
        969
      ]
    ],
    [
      [
        996,
        971
      ]
    ],
    [
      [
        998,
        971
      ]
    ],
    [
      [
        999,
        972
      ]
    ],
    [
      [
        1000,
        972
      ]
    ],
    [
      [
        1001,
        973
      ]
    ],
    [
      [
        1002,
        973
      ]
    ],
    [
      [
        1004,
        975
      ]
    ],
    [
      [
        1006,
        975
      ]
    ],
    [
      [
        1008,
        977
      ]
    ],
    [
      [
        1008,
        978
      ]
    ],
    [
      [
        1013,
        983
      ]
    ],
    [
      [
        1013,
        986
      ]
    ],
    [
      [
        1020,
        986
      ]
    ],
    [
      [
        1020,
        968
      ]
    ],
    [
      [
        1021,
        967
      ]
    ],
    [
      [
        1041,
        967
      ]
    ],
    [
      [
        1042,
        968
      ]
    ],
    [
      [
        1042,
        970
      ]
    ],
    [
      [
        1043,
        971
      ]
    ],
    [
      [
        1043,
        980
      ]
    ],
    [
      [
        1044,
        980
      ]
    ],
    [
      [
        1046,
        982
      ]
    ],
    [
      [
        1046,
        986
      ]
    ],
    [
      [
        1047,
        987
      ]
    ],
    [
      [
        1047,
        989
      ]
    ],
    [
      [
        1048,
        990
      ]
    ],
    [
      [
        1048,
        991
      ]
    ],
    [
      [
        1049,
        992
      ]
    ],
    [
      [
        1049,
        995
      ]
    ],
    [
      [
        1054,
        1000
      ]
    ],
    [
      [
        1056,
        1000
      ]
    ],
    [
      [
        1058,
        1002
      ]
    ],
    [
      [
        1058,
        1003
      ]
    ],
    [
      [
        1059,
        1003
      ]
    ],
    [
      [
        1060,
        1004
      ]
    ],
    [
      [
        1060,
        1005
      ]
    ],
    [
      [
        1061,
        1006
      ]
    ],
    [
      [
        1061,
        1008
      ]
    ],
    [
      [
        1062,
        1008
      ]
    ],
    [
      [
        1063,
        1009
      ]
    ],
    [
      [
        1066,
        1009
      ]
    ],
    [
      [
        1067,
        1010
      ]
    ],
    [
      [
        1074,
        1010
      ]
    ],
    [
      [
        1075,
        1011
      ]
    ],
    [
      [
        1075,
        1021
      ]
    ],
    [
      [
        1077,
        1021
      ]
    ],
    [
      [
        1078,
        1022
      ]
    ],
    [
      [
        1082,
        1022
      ]
    ],
    [
      [
        1083,
        1023
      ]
    ],
    [
      [
        1089,
        1023
      ]
    ],
    [
      [
        1089,
        1020
      ]
    ],
    [
      [
        1090,
        1019
      ]
    ],
    [
      [
        1099,
        1019
      ]
    ],
    [
      [
        1099,
        1018
      ]
    ],
    [
      [
        1101,
        1016
      ]
    ],
    [
      [
        1102,
        1016
      ]
    ],
    [
      [
        1105,
        1013
      ]
    ],
    [
      [
        1105,
        1012
      ]
    ],
    [
      [
        1108,
        1009
      ]
    ],
    [
      [
        1108,
        1008
      ]
    ],
    [
      [
        1109,
        1007
      ]
    ],
    [
      [
        1109,
        1006
      ]
    ],
    [
      [
        1114,
        1001
      ]
    ],
    [
      [
        1114,
        1000
      ]
    ],
    [
      [
        1115,
        999
      ]
    ],
    [
      [
        1115,
        998
      ]
    ],
    [
      [
        1116,
        997
      ]
    ],
    [
      [
        1116,
        996
      ]
    ],
    [
      [
        1117,
        995
      ]
    ],
    [
      [
        1118,
        995
      ]
    ],
    [
      [
        1119,
        994
      ]
    ],
    [
      [
        1119,
        993
      ]
    ],
    [
      [
        1122,
        990
      ]
    ],
    [
      [
        1122,
        989
      ]
    ],
    [
      [
        1126,
        985
      ]
    ],
    [
      [
        1126,
        983
      ]
    ],
    [
      [
        1129,
        980
      ]
    ],
    [
      [
        1129,
        979
      ]
    ],
    [
      [
        1132,
        976
      ]
    ],
    [
      [
        1132,
        975
      ]
    ],
    [
      [
        1133,
        974
      ]
    ],
    [
      [
        1134,
        974
      ]
    ],
    [
      [
        1134,
        973
      ]
    ],
    [
      [
        1135,
        972
      ]
    ],
    [
      [
        1135,
        971
      ]
    ],
    [
      [
        1138,
        968
      ]
    ],
    [
      [
        1138,
        967
      ]
    ],
    [
      [
        1139,
        966
      ]
    ],
    [
      [
        1139,
        965
      ]
    ],
    [
      [
        1143,
        961
      ]
    ],
    [
      [
        1143,
        959
      ]
    ],
    [
      [
        1145,
        957
      ]
    ],
    [
      [
        1146,
        957
      ]
    ],
    [
      [
        1146,
        956
      ]
    ],
    [
      [
        1149,
        953
      ]
    ],
    [
      [
        1149,
        952
      ]
    ],
    [
      [
        1153,
        948
      ]
    ],
    [
      [
        1153,
        947
      ]
    ],
    [
      [
        1155,
        945
      ]
    ],
    [
      [
        1155,
        944
      ]
    ],
    [
      [
        1159,
        940
      ]
    ],
    [
      [
        1159,
        939
      ]
    ],
    [
      [
        1161,
        937
      ]
    ],
    [
      [
        1161,
        936
      ]
    ],
    [
      [
        1163,
        934
      ]
    ],
    [
      [
        1163,
        933
      ]
    ],
    [
      [
        1165,
        931
      ]
    ],
    [
      [
        1165,
        930
      ]
    ],
    [
      [
        1166,
        929
      ]
    ],
    [
      [
        1166,
        928
      ]
    ],
    [
      [
        1172,
        922
      ]
    ],
    [
      [
        1172,
        921
      ]
    ],
    [
      [
        1175,
        918
      ]
    ],
    [
      [
        1175,
        917
      ]
    ],
    [
      [
        1176,
        916
      ]
    ],
    [
      [
        1177,
        916
      ]
    ],
    [
      [
        1177,
        915
      ]
    ],
    [
      [
        1178,
        914
      ]
    ],
    [
      [
        1179,
        914
      ]
    ],
    [
      [
        1180,
        913
      ]
    ],
    [
      [
        1180,
        912
      ]
    ],
    [
      [
        1181,
        911
      ]
    ],
    [
      [
        1181,
        905
      ]
    ],
    [
      [
        1182,
        904
      ]
    ],
    [
      [
        1185,
        904
      ]
    ],
    [
      [
        1186,
        903
      ]
    ],
    [
      [
        1189,
        903
      ]
    ],
    [
      [
        1190,
        902
      ]
    ],
    [
      [
        1190,
        901
      ]
    ],
    [
      [
        1191,
        900
      ]
    ],
    [
      [
        1193,
        900
      ]
    ],
    [
      [
        1194,
        899
      ]
    ],
    [
      [
        1195,
        899
      ]
    ],
    [
      [
        1196,
        898
      ]
    ],
    [
      [
        1196,
        897
      ]
    ],
    [
      [
        1200,
        893
      ]
    ],
    [
      [
        1200,
        891
      ]
    ],
    [
      [
        1206,
        885
      ]
    ],
    [
      [
        1206,
        884
      ]
    ],
    [
      [
        1209,
        881
      ]
    ],
    [
      [
        1209,
        880
      ]
    ],
    [
      [
        1211,
        878
      ]
    ],
    [
      [
        1211,
        877
      ]
    ],
    [
      [
        1215,
        873
      ]
    ],
    [
      [
        1215,
        872
      ]
    ],
    [
      [
        1217,
        870
      ]
    ],
    [
      [
        1217,
        869
      ]
    ],
    [
      [
        1218,
        868
      ]
    ],
    [
      [
        1218,
        867
      ]
    ],
    [
      [
        1220,
        865
      ]
    ],
    [
      [
        1221,
        865
      ]
    ],
    [
      [
        1222,
        864
      ]
    ],
    [
      [
        1222,
        863
      ]
    ],
    [
      [
        1225,
        860
      ]
    ],
    [
      [
        1225,
        859
      ]
    ],
    [
      [
        1227,
        857
      ]
    ],
    [
      [
        1227,
        856
      ]
    ],
    [
      [
        1229,
        854
      ]
    ],
    [
      [
        1229,
        853
      ]
    ],
    [
      [
        1230,
        852
      ]
    ],
    [
      [
        1231,
        852
      ]
    ],
    [
      [
        1231,
        851
      ]
    ],
    [
      [
        1235,
        847
      ]
    ],
    [
      [
        1235,
        846
      ]
    ],
    [
      [
        1236,
        845
      ]
    ],
    [
      [
        1236,
        844
      ]
    ],
    [
      [
        1241,
        839
      ]
    ],
    [
      [
        1241,
        838
      ]
    ],
    [
      [
        1245,
        834
      ]
    ],
    [
      [
        1245,
        833
      ]
    ],
    [
      [
        1248,
        830
      ]
    ],
    [
      [
        1248,
        829
      ]
    ],
    [
      [
        1252,
        825
      ]
    ],
    [
      [
        1252,
        824
      ]
    ],
    [
      [
        1254,
        822
      ]
    ],
    [
      [
        1254,
        821
      ]
    ],
    [
      [
        1256,
        819
      ]
    ],
    [
      [
        1256,
        818
      ]
    ],
    [
      [
        1259,
        815
      ]
    ],
    [
      [
        1259,
        813
      ]
    ],
    [
      [
        1260,
        812
      ]
    ],
    [
      [
        1261,
        812
      ]
    ],
    [
      [
        1261,
        811
      ]
    ],
    [
      [
        1262,
        810
      ]
    ],
    [
      [
        1263,
        810
      ]
    ],
    [
      [
        1264,
        809
      ]
    ],
    [
      [
        1264,
        808
      ]
    ],
    [
      [
        1266,
        806
      ]
    ],
    [
      [
        1266,
        805
      ]
    ],
    [
      [
        1270,
        801
      ]
    ],
    [
      [
        1270,
        800
      ]
    ],
    [
      [
        1274,
        796
      ]
    ],
    [
      [
        1274,
        795
      ]
    ],
    [
      [
        1276,
        793
      ]
    ],
    [
      [
        1276,
        792
      ]
    ],
    [
      [
        1278,
        790
      ]
    ],
    [
      [
        1280,
        790
      ]
    ],
    [
      [
        1280,
        787
      ]
    ],
    [
      [
        1281,
        786
      ]
    ],
    [
      [
        1281,
        785
      ]
    ],
    [
      [
        1283,
        783
      ]
    ],
    [
      [
        1283,
        781
      ]
    ],
    [
      [
        1284,
        780
      ]
    ],
    [
      [
        1286,
        780
      ]
    ],
    [
      [
        1286,
        779
      ]
    ],
    [
      [
        1289,
        776
      ]
    ],
    [
      [
        1289,
        775
      ]
    ],
    [
      [
        1290,
        774
      ]
    ],
    [
      [
        1290,
        773
      ]
    ],
    [
      [
        1294,
        769
      ]
    ],
    [
      [
        1294,
        768
      ]
    ],
    [
      [
        1298,
        764
      ]
    ],
    [
      [
        1298,
        763
      ]
    ],
    [
      [
        1302,
        759
      ]
    ],
    [
      [
        1302,
        757
      ]
    ],
    [
      [
        1306,
        753
      ]
    ],
    [
      [
        1306,
        752
      ]
    ],
    [
      [
        1307,
        751
      ]
    ],
    [
      [
        1308,
        751
      ]
    ],
    [
      [
        1311,
        748
      ]
    ],
    [
      [
        1311,
        742
      ]
    ],
    [
      [
        1308,
        742
      ]
    ],
    [
      [
        1307,
        741
      ]
    ],
    [
      [
        1307,
        724
      ]
    ],
    [
      [
        1311,
        720
      ]
    ],
    [
      [
        1311,
        719
      ]
    ],
    [
      [
        1314,
        716
      ]
    ],
    [
      [
        1314,
        715
      ]
    ],
    [
      [
        1315,
        714
      ]
    ],
    [
      [
        1315,
        713
      ]
    ],
    [
      [
        1317,
        711
      ]
    ],
    [
      [
        1317,
        710
      ]
    ],
    [
      [
        1322,
        705
      ]
    ],
    [
      [
        1322,
        704
      ]
    ],
    [
      [
        1329,
        697
      ]
    ],
    [
      [
        1329,
        695
      ]
    ],
    [
      [
        1330,
        694
      ]
    ],
    [
      [
        1330,
        693
      ]
    ],
    [
      [
        1332,
        691
      ]
    ],
    [
      [
        1333,
        691
      ]
    ],
    [
      [
        1333,
        690
      ]
    ],
    [
      [
        1334,
        689
      ]
    ],
    [
      [
        1336,
        689
      ]
    ],
    [
      [
        1336,
        683
      ]
    ],
    [
      [
        1341,
        678
      ]
    ],
    [
      [
        1341,
        677
      ]
    ],
    [
      [
        1343,
        675
      ]
    ],
    [
      [
        1343,
        674
      ]
    ],
    [
      [
        1344,
        673
      ]
    ],
    [
      [
        1344,
        672
      ]
    ],
    [
      [
        1350,
        666
      ]
    ],
    [
      [
        1350,
        665
      ]
    ],
    [
      [
        1351,
        664
      ]
    ],
    [
      [
        1351,
        663
      ]
    ],
    [
      [
        1354,
        660
      ]
    ],
    [
      [
        1354,
        659
      ]
    ],
    [
      [
        1359,
        654
      ]
    ],
    [
      [
        1359,
        653
      ]
    ],
    [
      [
        1362,
        650
      ]
    ],
    [
      [
        1362,
        649
      ]
    ],
    [
      [
        1366,
        645
      ]
    ],
    [
      [
        1366,
        644
      ]
    ],
    [
      [
        1368,
        642
      ]
    ],
    [
      [
        1368,
        641
      ]
    ],
    [
      [
        1370,
        639
      ]
    ],
    [
      [
        1370,
        638
      ]
    ],
    [
      [
        1375,
        633
      ]
    ],
    [
      [
        1375,
        632
      ]
    ],
    [
      [
        1377,
        630
      ]
    ],
    [
      [
        1377,
        629
      ]
    ],
    [
      [
        1380,
        626
      ]
    ],
    [
      [
        1380,
        625
      ]
    ],
    [
      [
        1382,
        623
      ]
    ],
    [
      [
        1382,
        622
      ]
    ],
    [
      [
        1383,
        621
      ]
    ],
    [
      [
        1383,
        620
      ]
    ],
    [
      [
        1384,
        619
      ]
    ],
    [
      [
        1384,
        618
      ]
    ],
    [
      [
        1385,
        617
      ]
    ],
    [
      [
        1385,
        616
      ]
    ],
    [
      [
        1386,
        615
      ]
    ],
    [
      [
        1386,
        614
      ]
    ],
    [
      [
        1387,
        613
      ]
    ],
    [
      [
        1387,
        612
      ]
    ],
    [
      [
        1389,
        610
      ]
    ],
    [
      [
        1389,
        608
      ]
    ],
    [
      [
        1390,
        607
      ]
    ],
    [
      [
        1390,
        606
      ]
    ],
    [
      [
        1391,
        605
      ]
    ],
    [
      [
        1391,
        604
      ]
    ],
    [
      [
        1392,
        603
      ]
    ],
    [
      [
        1392,
        602
      ]
    ],
    [
      [
        1393,
        601
      ]
    ],
    [
      [
        1393,
        599
      ]
    ],
    [
      [
        1394,
        598
      ]
    ],
    [
      [
        1394,
        595
      ]
    ],
    [
      [
        1395,
        594
      ]
    ],
    [
      [
        1395,
        589
      ]
    ],
    [
      [
        1396,
        588
      ]
    ],
    [
      [
        1396,
        587
      ]
    ],
    [
      [
        1397,
        586
      ]
    ],
    [
      [
        1397,
        577
      ]
    ],
    [
      [
        1398,
        576
      ]
    ],
    [
      [
        1398,
        574
      ]
    ],
    [
      [
        1399,
        573
      ]
    ],
    [
      [
        1399,
        571
      ]
    ],
    [
      [
        1400,
        570
      ]
    ],
    [
      [
        1400,
        561
      ]
    ],
    [
      [
        1401,
        560
      ]
    ],
    [
      [
        1401,
        530
      ]
    ],
    [
      [
        1400,
        529
      ]
    ],
    [
      [
        1400,
        522
      ]
    ],
    [
      [
        1399,
        521
      ]
    ],
    [
      [
        1399,
        515
      ]
    ],
    [
      [
        1398,
        514
      ]
    ],
    [
      [
        1398,
        510
      ]
    ],
    [
      [
        1397,
        509
      ]
    ],
    [
      [
        1397,
        507
      ]
    ],
    [
      [
        1396,
        506
      ]
    ],
    [
      [
        1396,
        505
      ]
    ],
    [
      [
        1395,
        504
      ]
    ],
    [
      [
        1395,
        500
      ]
    ],
    [
      [
        1394,
        499
      ]
    ],
    [
      [
        1394,
        498
      ]
    ],
    [
      [
        1393,
        497
      ]
    ],
    [
      [
        1393,
        495
      ]
    ],
    [
      [
        1392,
        494
      ]
    ],
    [
      [
        1392,
        476
      ]
    ],
    [
      [
        1393,
        475
      ]
    ],
    [
      [
        1418,
        475
      ]
    ],
    [
      [
        1419,
        474
      ]
    ],
    [
      [
        1420,
        474
      ]
    ],
    [
      [
        1420,
        473
      ]
    ],
    [
      [
        1422,
        471
      ]
    ],
    [
      [
        1422,
        465
      ]
    ],
    [
      [
        1420,
        463
      ]
    ],
    [
      [
        1420,
        462
      ]
    ],
    [
      [
        1409,
        451
      ]
    ],
    [
      [
        1409,
        450
      ]
    ],
    [
      [
        1408,
        449
      ]
    ],
    [
      [
        1407,
        449
      ]
    ],
    [
      [
        1406,
        448
      ]
    ],
    [
      [
        1406,
        447
      ]
    ],
    [
      [
        1405,
        447
      ]
    ],
    [
      [
        1398,
        440
      ]
    ],
    [
      [
        1398,
        439
      ]
    ],
    [
      [
        1396,
        437
      ]
    ],
    [
      [
        1395,
        437
      ]
    ],
    [
      [
        1391,
        433
      ]
    ],
    [
      [
        1390,
        433
      ]
    ],
    [
      [
        1388,
        431
      ]
    ],
    [
      [
        1387,
        431
      ]
    ],
    [
      [
        1385,
        429
      ]
    ],
    [
      [
        1384,
        429
      ]
    ],
    [
      [
        1382,
        427
      ]
    ],
    [
      [
        1381,
        427
      ]
    ],
    [
      [
        1377,
        423
      ]
    ],
    [
      [
        1376,
        423
      ]
    ],
    [
      [
        1375,
        422
      ]
    ],
    [
      [
        1374,
        422
      ]
    ],
    [
      [
        1366,
        414
      ]
    ],
    [
      [
        1365,
        414
      ]
    ],
    [
      [
        1364,
        413
      ]
    ],
    [
      [
        1363,
        413
      ]
    ],
    [
      [
        1361,
        411
      ]
    ],
    [
      [
        1360,
        411
      ]
    ],
    [
      [
        1357,
        408
      ]
    ],
    [
      [
        1356,
        408
      ]
    ],
    [
      [
        1355,
        407
      ]
    ],
    [
      [
        1354,
        407
      ]
    ],
    [
      [
        1353,
        406
      ]
    ],
    [
      [
        1352,
        406
      ]
    ],
    [
      [
        1347,
        401
      ]
    ],
    [
      [
        1346,
        401
      ]
    ],
    [
      [
        1340,
        395
      ]
    ],
    [
      [
        1339,
        395
      ]
    ],
    [
      [
        1338,
        394
      ]
    ],
    [
      [
        1337,
        394
      ]
    ],
    [
      [
        1335,
        392
      ]
    ],
    [
      [
        1333,
        392
      ]
    ],
    [
      [
        1328,
        387
      ]
    ],
    [
      [
        1326,
        387
      ]
    ],
    [
      [
        1323,
        384
      ]
    ],
    [
      [
        1322,
        384
      ]
    ],
    [
      [
        1321,
        383
      ]
    ],
    [
      [
        1320,
        383
      ]
    ],
    [
      [
        1318,
        381
      ]
    ],
    [
      [
        1318,
        380
      ]
    ],
    [
      [
        1316,
        378
      ]
    ],
    [
      [
        1315,
        378
      ]
    ],
    [
      [
        1314,
        377
      ]
    ],
    [
      [
        1313,
        377
      ]
    ],
    [
      [
        1312,
        376
      ]
    ],
    [
      [
        1311,
        376
      ]
    ],
    [
      [
        1310,
        375
      ]
    ],
    [
      [
        1309,
        375
      ]
    ],
    [
      [
        1307,
        373
      ]
    ],
    [
      [
        1307,
        372
      ]
    ],
    [
      [
        1306,
        372
      ]
    ],
    [
      [
        1304,
        370
      ]
    ],
    [
      [
        1303,
        370
      ]
    ],
    [
      [
        1302,
        369
      ]
    ],
    [
      [
        1301,
        369
      ]
    ],
    [
      [
        1299,
        367
      ]
    ],
    [
      [
        1299,
        366
      ]
    ],
    [
      [
        1298,
        366
      ]
    ],
    [
      [
        1297,
        365
      ]
    ],
    [
      [
        1296,
        365
      ]
    ],
    [
      [
        1295,
        364
      ]
    ],
    [
      [
        1294,
        364
      ]
    ],
    [
      [
        1292,
        362
      ]
    ],
    [
      [
        1291,
        362
      ]
    ],
    [
      [
        1288,
        359
      ]
    ],
    [
      [
        1287,
        359
      ]
    ],
    [
      [
        1286,
        358
      ]
    ],
    [
      [
        1285,
        358
      ]
    ],
    [
      [
        1284,
        357
      ]
    ],
    [
      [
        1283,
        357
      ]
    ],
    [
      [
        1281,
        355
      ]
    ],
    [
      [
        1280,
        355
      ]
    ],
    [
      [
        1278,
        353
      ]
    ],
    [
      [
        1277,
        353
      ]
    ],
    [
      [
        1276,
        352
      ]
    ],
    [
      [
        1275,
        352
      ]
    ],
    [
      [
        1272,
        349
      ]
    ],
    [
      [
        1271,
        349
      ]
    ],
    [
      [
        1268,
        346
      ]
    ],
    [
      [
        1267,
        346
      ]
    ],
    [
      [
        1266,
        345
      ]
    ],
    [
      [
        1264,
        345
      ]
    ],
    [
      [
        1263,
        344
      ]
    ],
    [
      [
        1262,
        344
      ]
    ],
    [
      [
        1260,
        342
      ]
    ],
    [
      [
        1259,
        342
      ]
    ],
    [
      [
        1256,
        339
      ]
    ],
    [
      [
        1255,
        339
      ]
    ],
    [
      [
        1254,
        338
      ]
    ],
    [
      [
        1253,
        338
      ]
    ],
    [
      [
        1250,
        335
      ]
    ],
    [
      [
        1249,
        335
      ]
    ],
    [
      [
        1246,
        332
      ]
    ],
    [
      [
        1246,
        331
      ]
    ],
    [
      [
        1245,
        330
      ]
    ],
    [
      [
        1244,
        330
      ]
    ],
    [
      [
        1243,
        329
      ]
    ],
    [
      [
        1242,
        329
      ]
    ],
    [
      [
        1240,
        327
      ]
    ],
    [
      [
        1239,
        327
      ]
    ],
    [
      [
        1238,
        326
      ]
    ],
    [
      [
        1237,
        326
      ]
    ],
    [
      [
        1235,
        324
      ]
    ],
    [
      [
        1235,
        323
      ]
    ],
    [
      [
        1234,
        322
      ]
    ],
    [
      [
        1233,
        322
      ]
    ],
    [
      [
        1231,
        320
      ]
    ],
    [
      [
        1229,
        320
      ]
    ],
    [
      [
        1226,
        317
      ]
    ],
    [
      [
        1225,
        317
      ]
    ],
    [
      [
        1221,
        313
      ]
    ],
    [
      [
        1220,
        313
      ]
    ],
    [
      [
        1216,
        309
      ]
    ],
    [
      [
        1215,
        309
      ]
    ],
    [
      [
        1214,
        308
      ]
    ],
    [
      [
        1212,
        308
      ]
    ],
    [
      [
        1209,
        305
      ]
    ],
    [
      [
        1208,
        305
      ]
    ],
    [
      [
        1206,
        303
      ]
    ],
    [
      [
        1205,
        303
      ]
    ],
    [
      [
        1204,
        302
      ]
    ],
    [
      [
        1203,
        302
      ]
    ],
    [
      [
        1200,
        299
      ]
    ],
    [
      [
        1199,
        299
      ]
    ],
    [
      [
        1197,
        297
      ]
    ],
    [
      [
        1196,
        297
      ]
    ],
    [
      [
        1192,
        293
      ]
    ],
    [
      [
        1191,
        293
      ]
    ],
    [
      [
        1188,
        290
      ]
    ],
    [
      [
        1187,
        290
      ]
    ],
    [
      [
        1186,
        289
      ]
    ],
    [
      [
        1185,
        289
      ]
    ],
    [
      [
        1182,
        286
      ]
    ],
    [
      [
        1181,
        286
      ]
    ],
    [
      [
        1174,
        279
      ]
    ],
    [
      [
        1172,
        279
      ]
    ],
    [
      [
        1170,
        277
      ]
    ],
    [
      [
        1164,
        277
      ]
    ],
    [
      [
        1164,
        285
      ]
    ],
    [
      [
        1163,
        286
      ]
    ],
    [
      [
        1146,
        286
      ]
    ],
    [
      [
        1145,
        285
      ]
    ],
    [
      [
        1145,
        270
      ]
    ],
    [
      [
        1144,
        269
      ]
    ],
    [
      [
        1144,
        264
      ]
    ],
    [
      [
        1143,
        264
      ]
    ],
    [
      [
        1140,
        261
      ]
    ],
    [
      [
        1140,
        258
      ]
    ],
    [
      [
        1139,
        258
      ]
    ],
    [
      [
        1138,
        257
      ]
    ],
    [
      [
        1137,
        257
      ]
    ],
    [
      [
        1135,
        255
      ]
    ],
    [
      [
        1135,
        254
      ]
    ],
    [
      [
        1134,
        254
      ]
    ],
    [
      [
        1132,
        252
      ]
    ],
    [
      [
        1125,
        252
      ]
    ],
    [
      [
        1124,
        251
      ]
    ],
    [
      [
        1124,
        249
      ]
    ],
    [
      [
        1121,
        249
      ]
    ],
    [
      [
        1118,
        246
      ]
    ],
    [
      [
        1117,
        246
      ]
    ],
    [
      [
        1112,
        241
      ]
    ],
    [
      [
        1111,
        241
      ]
    ],
    [
      [
        1109,
        239
      ]
    ],
    [
      [
        1108,
        239
      ]
    ],
    [
      [
        1106,
        237
      ]
    ],
    [
      [
        1105,
        237
      ]
    ],
    [
      [
        1100,
        232
      ]
    ],
    [
      [
        1099,
        232
      ]
    ],
    [
      [
        1096,
        229
      ]
    ],
    [
      [
        1095,
        229
      ]
    ],
    [
      [
        1094,
        228
      ]
    ],
    [
      [
        1093,
        228
      ]
    ],
    [
      [
        1090,
        225
      ]
    ],
    [
      [
        1089,
        225
      ]
    ],
    [
      [
        1087,
        223
      ]
    ],
    [
      [
        1086,
        223
      ]
    ],
    [
      [
        1084,
        221
      ]
    ],
    [
      [
        1083,
        221
      ]
    ],
    [
      [
        1081,
        219
      ]
    ],
    [
      [
        1080,
        219
      ]
    ],
    [
      [
        1077,
        216
      ]
    ],
    [
      [
        1076,
        216
      ]
    ],
    [
      [
        1074,
        214
      ]
    ],
    [
      [
        1074,
        209
      ]
    ],
    [
      [
        1073,
        208
      ]
    ],
    [
      [
        1072,
        208
      ]
    ],
    [
      [
        1071,
        207
      ]
    ],
    [
      [
        1071,
        206
      ]
    ],
    [
      [
        1070,
        206
      ]
    ],
    [
      [
        1069,
        205
      ]
    ],
    [
      [
        1067,
        205
      ]
    ],
    [
      [
        1062,
        200
      ]
    ],
    [
      [
        1060,
        200
      ]
    ],
    [
      [
        1059,
        199
      ]
    ],
    [
      [
        1040,
        199
      ]
    ],
    [
      [
        1039,
        198
      ]
    ],
    [
      [
        1039,
        186
      ]
    ],
    [
      [
        1036,
        186
      ]
    ],
    [
      [
        1035,
        185
      ]
    ],
    [
      [
        1034,
        185
      ]
    ],
    [
      [
        1030,
        181
      ]
    ],
    [
      [
        1029,
        181
      ]
    ],
    [
      [
        1026,
        178
      ]
    ],
    [
      [
        1025,
        178
      ]
    ],
    [
      [
        1023,
        176
      ]
    ],
    [
      [
        1022,
        176
      ]
    ],
    [
      [
        1020,
        174
      ]
    ],
    [
      [
        1019,
        174
      ]
    ],
    [
      [
        1016,
        171
      ]
    ],
    [
      [
        1015,
        171
      ]
    ],
    [
      [
        1011,
        167
      ]
    ],
    [
      [
        1010,
        167
      ]
    ],
    [
      [
        1009,
        166
      ]
    ],
    [
      [
        1009,
        162
      ]
    ],
    [
      [
        1008,
        162
      ]
    ],
    [
      [
        1006,
        160
      ]
    ],
    [
      [
        1005,
        160
      ]
    ],
    [
      [
        1003,
        158
      ]
    ],
    [
      [
        1003,
        157
      ]
    ],
    [
      [
        1002,
        157
      ]
    ],
    [
      [
        1001,
        156
      ]
    ],
    [
      [
        1000,
        156
      ]
    ],
    [
      [
        998,
        154
      ]
    ],
    [
      [
        997,
        154
      ]
    ],
    [
      [
        994,
        151
      ]
    ],
    [
      [
        993,
        151
      ]
    ],
    [
      [
        989,
        147
      ]
    ],
    [
      [
        983,
        147
      ]
    ],
    [
      [
        982,
        146
      ]
    ],
    [
      [
        982,
        143
      ]
    ],
    [
      [
        978,
        139
      ]
    ],
    [
      [
        977,
        139
      ]
    ],
    [
      [
        974,
        136
      ]
    ],
    [
      [
        973,
        136
      ]
    ],
    [
      [
        971,
        134
      ]
    ],
    [
      [
        970,
        134
      ]
    ],
    [
      [
        966,
        130
      ]
    ],
    [
      [
        965,
        130
      ]
    ],
    [
      [
        961,
        126
      ]
    ],
    [
      [
        960,
        126
      ]
    ],
    [
      [
        959,
        125
      ]
    ],
    [
      [
        958,
        125
      ]
    ],
    [
      [
        955,
        122
      ]
    ],
    [
      [
        953,
        122
      ]
    ],
    [
      [
        951,
        120
      ]
    ],
    [
      [
        951,
        119
      ]
    ],
    [
      [
        949,
        119
      ]
    ],
    [
      [
        948,
        118
      ]
    ],
    [
      [
        948,
        117
      ]
    ],
    [
      [
        947,
        117
      ]
    ],
    [
      [
        945,
        115
      ]
    ],
    [
      [
        944,
        115
      ]
    ],
    [
      [
        939,
        110
      ]
    ],
    [
      [
        938,
        110
      ]
    ],
    [
      [
        937,
        109
      ]
    ],
    [
      [
        936,
        109
      ]
    ],
    [
      [
        933,
        106
      ]
    ],
    [
      [
        932,
        106
      ]
    ],
    [
      [
        928,
        102
      ]
    ],
    [
      [
        926,
        102
      ]
    ],
    [
      [
        925,
        101
      ]
    ],
    [
      [
        924,
        101
      ]
    ],
    [
      [
        923,
        100
      ]
    ],
    [
      [
        923,
        99
      ]
    ],
    [
      [
        922,
        99
      ]
    ],
    [
      [
        918,
        95
      ]
    ],
    [
      [
        917,
        95
      ]
    ],
    [
      [
        915,
        93
      ]
    ],
    [
      [
        914,
        93
      ]
    ],
    [
      [
        912,
        91
      ]
    ],
    [
      [
        911,
        91
      ]
    ],
    [
      [
        910,
        90
      ]
    ],
    [
      [
        909,
        90
      ]
    ],
    [
      [
        905,
        86
      ]
    ],
    [
      [
        904,
        86
      ]
    ],
    [
      [
        903,
        85
      ]
    ],
    [
      [
        902,
        85
      ]
    ],
    [
      [
        901,
        84
      ]
    ],
    [
      [
        900,
        84
      ]
    ],
    [
      [
        898,
        82
      ]
    ],
    [
      [
        897,
        82
      ]
    ],
    [
      [
        893,
        78
      ]
    ],
    [
      [
        892,
        78
      ]
    ],
    [
      [
        890,
        76
      ]
    ],
    [
      [
        889,
        76
      ]
    ],
    [
      [
        888,
        75
      ]
    ],
    [
      [
        887,
        75
      ]
    ],
    [
      [
        886,
        74
      ]
    ],
    [
      [
        885,
        74
      ]
    ],
    [
      [
        883,
        72
      ]
    ],
    [
      [
        882,
        72
      ]
    ],
    [
      [
        881,
        71
      ]
    ],
    [
      [
        881,
        70
      ]
    ],
    [
      [
        880,
        70
      ]
    ],
    [
      [
        879,
        69
      ]
    ],
    [
      [
        877,
        69
      ]
    ],
    [
      [
        873,
        65
      ]
    ],
    [
      [
        872,
        65
      ]
    ],
    [
      [
        871,
        64
      ]
    ],
    [
      [
        869,
        64
      ]
    ],
    [
      [
        868,
        63
      ]
    ],
    [
      [
        867,
        63
      ]
    ],
    [
      [
        863,
        59
      ]
    ],
    [
      [
        861,
        59
      ]
    ],
    [
      [
        859,
        57
      ]
    ],
    [
      [
        858,
        57
      ]
    ],
    [
      [
        857,
        56
      ]
    ],
    [
      [
        855,
        56
      ]
    ],
    [
      [
        854,
        55
      ]
    ],
    [
      [
        852,
        55
      ]
    ],
    [
      [
        851,
        54
      ]
    ],
    [
      [
        851,
        53
      ]
    ],
    [
      [
        850,
        52
      ]
    ],
    [
      [
        848,
        52
      ]
    ],
    [
      [
        847,
        51
      ]
    ],
    [
      [
        846,
        51
      ]
    ],
    [
      [
        845,
        50
      ]
    ],
    [
      [
        844,
        50
      ]
    ],
    [
      [
        843,
        49
      ]
    ],
    [
      [
        842,
        49
      ]
    ],
    [
      [
        840,
        47
      ]
    ]
  ],
  "segment_square_corners": [
    [
      373.07720947265625,
      588.5486450195312
    ],
    [
      750.9207153320312,
      0.0
    ],
    [
      1494.6484375,
      456.17523193359375
    ],
    [
      1116.804931640625,
      1056.5841064453125
    ]
  ],
  "phrases": [
    "box",
    "tangerine",
    "tangerine",
    "tangerine",
    "tangerine"
  ],
  "selected_bbox": [
    0.4734146296977997,
    0.4929552674293518,
    0.5279370546340942,
    0.8917638063430786
  ]
}