{
  "timestamp": 1761056200.4451168,
  "session_id": "session_20251021_211452_51253c84",
  "supplier_id": "",
  "qr_data": "695991",
  "qr_items": {
    "tangerine": 4
  },
  "qr_corners": [
    [
      1122.0,
      704.0
    ],
    [
      1215.0,
      725.0
    ],
    [
      1194.0,
      814.0
    ],
    [
      1100.0,
      797.0
    ]
  ],
  "segment_corners": [
    [
      [
        634,
        129
      ]
    ],
    [
      [
        633,
        130
      ]
    ],
    [
      [
        632,
        130
      ]
    ],
    [
      [
        632,
        131
      ]
    ],
    [
      [
        631,
        132
      ]
    ],
    [
      [
        631,
        137
      ]
    ],
    [
      [
        630,
        138
      ]
    ],
    [
      [
        630,
        147
      ]
    ],
    [
      [
        631,
        147
      ]
    ],
    [
      [
        632,
        148
      ]
    ],
    [
      [
        639,
        148
      ]
    ],
    [
      [
        640,
        149
      ]
    ],
    [
      [
        640,
        166
      ]
    ],
    [
      [
        639,
        167
      ]
    ],
    [
      [
        636,
        167
      ]
    ],
    [
      [
        635,
        168
      ]
    ],
    [
      [
        631,
        168
      ]
    ],
    [
      [
        630,
        169
      ]
    ],
    [
      [
        629,
        169
      ]
    ],
    [
      [
        628,
        170
      ]
    ],
    [
      [
        625,
        170
      ]
    ],
    [
      [
        623,
        172
      ]
    ],
    [
      [
        619,
        172
      ]
    ],
    [
      [
        617,
        174
      ]
    ],
    [
      [
        616,
        174
      ]
    ],
    [
      [
        615,
        175
      ]
    ],
    [
      [
        614,
        175
      ]
    ],
    [
      [
        612,
        177
      ]
    ],
    [
      [
        611,
        177
      ]
    ],
    [
      [
        610,
        178
      ]
    ],
    [
      [
        606,
        178
      ]
    ],
    [
      [
        606,
        180
      ]
    ],
    [
      [
        604,
        182
      ]
    ],
    [
      [
        602,
        182
      ]
    ],
    [
      [
        599,
        185
      ]
    ],
    [
      [
        598,
        185
      ]
    ],
    [
      [
        595,
        188
      ]
    ],
    [
      [
        594,
        188
      ]
    ],
    [
      [
        592,
        190
      ]
    ],
    [
      [
        591,
        190
      ]
    ],
    [
      [
        586,
        195
      ]
    ],
    [
      [
        585,
        195
      ]
    ],
    [
      [
        578,
        202
      ]
    ],
    [
      [
        578,
        203
      ]
    ],
    [
      [
        574,
        207
      ]
    ],
    [
      [
        574,
        208
      ]
    ],
    [
      [
        571,
        211
      ]
    ],
    [
      [
        571,
        212
      ]
    ],
    [
      [
        568,
        215
      ]
    ],
    [
      [
        568,
        216
      ]
    ],
    [
      [
        566,
        218
      ]
    ],
    [
      [
        566,
        220
      ]
    ],
    [
      [
        565,
        221
      ]
    ],
    [
      [
        565,
        223
      ]
    ],
    [
      [
        561,
        227
      ]
    ],
    [
      [
        561,
        229
      ]
    ],
    [
      [
        559,
        231
      ]
    ],
    [
      [
        558,
        231
      ]
    ],
    [
      [
        556,
        233
      ]
    ],
    [
      [
        556,
        234
      ]
    ],
    [
      [
        554,
        236
      ]
    ],
    [
      [
        554,
        238
      ]
    ],
    [
      [
        553,
        239
      ]
    ],
    [
      [
        553,
        240
      ]
    ],
    [
      [
        552,
        241
      ]
    ],
    [
      [
        552,
        244
      ]
    ],
    [
      [
        551,
        245
      ]
    ],
    [
      [
        551,
        248
      ]
    ],
    [
      [
        550,
        249
      ]
    ],
    [
      [
        550,
        250
      ]
    ],
    [
      [
        549,
        251
      ]
    ],
    [
      [
        549,
        252
      ]
    ],
    [
      [
        548,
        253
      ]
    ],
    [
      [
        548,
        257
      ]
    ],
    [
      [
        546,
        259
      ]
    ],
    [
      [
        546,
        265
      ]
    ],
    [
      [
        545,
        266
      ]
    ],
    [
      [
        545,
        270
      ]
    ],
    [
      [
        544,
        271
      ]
    ],
    [
      [
        544,
        278
      ]
    ],
    [
      [
        543,
        279
      ]
    ],
    [
      [
        543,
        283
      ]
    ],
    [
      [
        542,
        284
      ]
    ],
    [
      [
        542,
        294
      ]
    ],
    [
      [
        541,
        295
      ]
    ],
    [
      [
        541,
        302
      ]
    ],
    [
      [
        539,
        304
      ]
    ],
    [
      [
        539,
        311
      ]
    ],
    [
      [
        543,
        311
      ]
    ],
    [
      [
        544,
        312
      ]
    ],
    [
      [
        544,
        314
      ]
    ],
    [
      [
        547,
        314
      ]
    ],
    [
      [
        548,
        315
      ]
    ],
    [
      [
        548,
        337
      ]
    ],
    [
      [
        547,
        338
      ]
    ],
    [
      [
        547,
        344
      ]
    ],
    [
      [
        546,
        345
      ]
    ],
    [
      [
        511,
        345
      ]
    ],
    [
      [
        511,
        347
      ]
    ],
    [
      [
        510,
        348
      ]
    ],
    [
      [
        510,
        354
      ]
    ],
    [
      [
        512,
        354
      ]
    ],
    [
      [
        513,
        355
      ]
    ],
    [
      [
        514,
        355
      ]
    ],
    [
      [
        515,
        356
      ]
    ],
    [
      [
        516,
        356
      ]
    ],
    [
      [
        518,
        358
      ]
    ],
    [
      [
        518,
        378
      ]
    ],
    [
      [
        517,
        379
      ]
    ],
    [
      [
        517,
        387
      ]
    ],
    [
      [
        516,
        388
      ]
    ],
    [
      [
        516,
        400
      ]
    ],
    [
      [
        533,
        400
      ]
    ],
    [
      [
        534,
        401
      ]
    ],
    [
      [
        534,
        425
      ]
    ],
    [
      [
        533,
        426
      ]
    ],
    [
      [
        533,
        432
      ]
    ],
    [
      [
        532,
        433
      ]
    ],
    [
      [
        532,
        436
      ]
    ],
    [
      [
        531,
        437
      ]
    ],
    [
      [
        531,
        438
      ]
    ],
    [
      [
        530,
        439
      ]
    ],
    [
      [
        530,
        443
      ]
    ],
    [
      [
        529,
        444
      ]
    ],
    [
      [
        529,
        455
      ]
    ],
    [
      [
        528,
        456
      ]
    ],
    [
      [
        528,
        461
      ]
    ],
    [
      [
        526,
        463
      ]
    ],
    [
      [
        526,
        472
      ]
    ],
    [
      [
        525,
        473
      ]
    ],
    [
      [
        525,
        478
      ]
    ],
    [
      [
        524,
        479
      ]
    ],
    [
      [
        524,
        480
      ]
    ],
    [
      [
        523,
        481
      ]
    ],
    [
      [
        523,
        489
      ]
    ],
    [
      [
        522,
        490
      ]
    ],
    [
      [
        522,
        495
      ]
    ],
    [
      [
        521,
        496
      ]
    ],
    [
      [
        521,
        502
      ]
    ],
    [
      [
        520,
        503
      ]
    ],
    [
      [
        520,
        504
      ]
    ],
    [
      [
        519,
        505
      ]
    ],
    [
      [
        519,
        510
      ]
    ],
    [
      [
        517,
        512
      ]
    ],
    [
      [
        517,
        526
      ]
    ],
    [
      [
        516,
        527
      ]
    ],
    [
      [
        516,
        528
      ]
    ],
    [
      [
        515,
        529
      ]
    ],
    [
      [
        515,
        536
      ]
    ],
    [
      [
        514,
        537
      ]
    ],
    [
      [
        514,
        541
      ]
    ],
    [
      [
        513,
        542
      ]
    ],
    [
      [
        513,
        547
      ]
    ],
    [
      [
        512,
        548
      ]
    ],
    [
      [
        512,
        555
      ]
    ],
    [
      [
        511,
        556
      ]
    ],
    [
      [
        511,
        559
      ]
    ],
    [
      [
        510,
        560
      ]
    ],
    [
      [
        510,
        569
      ]
    ],
    [
      [
        509,
        570
      ]
    ],
    [
      [
        509,
        573
      ]
    ],
    [
      [
        508,
        574
      ]
    ],
    [
      [
        507,
        574
      ]
    ],
    [
      [
        507,
        585
      ]
    ],
    [
      [
        506,
        586
      ]
    ],
    [
      [
        506,
        597
      ]
    ],
    [
      [
        505,
        598
      ]
    ],
    [
      [
        505,
        600
      ]
    ],
    [
      [
        504,
        601
      ]
    ],
    [
      [
        504,
        608
      ]
    ],
    [
      [
        502,
        610
      ]
    ],
    [
      [
        502,
        614
      ]
    ],
    [
      [
        501,
        615
      ]
    ],
    [
      [
        480,
        615
      ]
    ],
    [
      [
        477,
        618
      ]
    ],
    [
      [
        477,
        620
      ]
    ],
    [
      [
        475,
        622
      ]
    ],
    [
      [
        475,
        632
      ]
    ],
    [
      [
        474,
        633
      ]
    ],
    [
      [
        474,
        641
      ]
    ],
    [
      [
        473,
        642
      ]
    ],
    [
      [
        473,
        643
      ]
    ],
    [
      [
        472,
        644
      ]
    ],
    [
      [
        472,
        652
      ]
    ],
    [
      [
        471,
        653
      ]
    ],
    [
      [
        471,
        658
      ]
    ],
    [
      [
        470,
        659
      ]
    ],
    [
      [
        470,
        663
      ]
    ],
    [
      [
        469,
        664
      ]
    ],
    [
      [
        469,
        668
      ]
    ],
    [
      [
        468,
        669
      ]
    ],
    [
      [
        468,
        678
      ]
    ],
    [
      [
        467,
        679
      ]
    ],
    [
      [
        467,
        682
      ]
    ],
    [
      [
        466,
        683
      ]
    ],
    [
      [
        466,
        690
      ]
    ],
    [
      [
        465,
        691
      ]
    ],
    [
      [
        465,
        694
      ]
    ],
    [
      [
        464,
        695
      ]
    ],
    [
      [
        464,
        700
      ]
    ],
    [
      [
        463,
        701
      ]
    ],
    [
      [
        463,
        712
      ]
    ],
    [
      [
        462,
        713
      ]
    ],
    [
      [
        462,
        719
      ]
    ],
    [
      [
        461,
        720
      ]
    ],
    [
      [
        461,
        724
      ]
    ],
    [
      [
        460,
        725
      ]
    ],
    [
      [
        460,
        735
      ]
    ],
    [
      [
        459,
        736
      ]
    ],
    [
      [
        459,
        740
      ]
    ],
    [
      [
        458,
        741
      ]
    ],
    [
      [
        458,
        749
      ]
    ],
    [
      [
        457,
        750
      ]
    ],
    [
      [
        457,
        764
      ]
    ],
    [
      [
        456,
        765
      ]
    ],
    [
      [
        456,
        771
      ]
    ],
    [
      [
        457,
        772
      ]
    ],
    [
      [
        464,
        772
      ]
    ],
    [
      [
        465,
        773
      ]
    ],
    [
      [
        465,
        777
      ]
    ],
    [
      [
        469,
        781
      ]
    ],
    [
      [
        486,
        781
      ]
    ],
    [
      [
        487,
        782
      ]
    ],
    [
      [
        487,
        787
      ]
    ],
    [
      [
        500,
        787
      ]
    ],
    [
      [
        501,
        788
      ]
    ],
    [
      [
        504,
        788
      ]
    ],
    [
      [
        505,
        789
      ]
    ],
    [
      [
        509,
        789
      ]
    ],
    [
      [
        510,
        790
      ]
    ],
    [
      [
        516,
        790
      ]
    ],
    [
      [
        517,
        791
      ]
    ],
    [
      [
        519,
        791
      ]
    ],
    [
      [
        520,
        792
      ]
    ],
    [
      [
        524,
        792
      ]
    ],
    [
      [
        525,
        793
      ]
    ],
    [
      [
        529,
        793
      ]
    ],
    [
      [
        530,
        794
      ]
    ],
    [
      [
        535,
        794
      ]
    ],
    [
      [
        536,
        795
      ]
    ],
    [
      [
        541,
        795
      ]
    ],
    [
      [
        542,
        796
      ]
    ],
    [
      [
        543,
        796
      ]
    ],
    [
      [
        544,
        797
      ]
    ],
    [
      [
        547,
        797
      ]
    ],
    [
      [
        548,
        798
      ]
    ],
    [
      [
        553,
        798
      ]
    ],
    [
      [
        554,
        799
      ]
    ],
    [
      [
        558,
        799
      ]
    ],
    [
      [
        559,
        800
      ]
    ],
    [
      [
        563,
        800
      ]
    ],
    [
      [
        564,
        801
      ]
    ],
    [
      [
        567,
        801
      ]
    ],
    [
      [
        568,
        802
      ]
    ],
    [
      [
        573,
        802
      ]
    ],
    [
      [
        574,
        803
      ]
    ],
    [
      [
        577,
        803
      ]
    ],
    [
      [
        578,
        804
      ]
    ],
    [
      [
        581,
        804
      ]
    ],
    [
      [
        582,
        805
      ]
    ],
    [
      [
        588,
        805
      ]
    ],
    [
      [
        589,
        806
      ]
    ],
    [
      [
        591,
        806
      ]
    ],
    [
      [
        592,
        807
      ]
    ],
    [
      [
        595,
        807
      ]
    ],
    [
      [
        596,
        808
      ]
    ],
    [
      [
        600,
        808
      ]
    ],
    [
      [
        601,
        809
      ]
    ],
    [
      [
        609,
        809
      ]
    ],
    [
      [
        610,
        808
      ]
    ],
    [
      [
        612,
        808
      ]
    ],
    [
      [
        613,
        807
      ]
    ],
    [
      [
        614,
        807
      ]
    ],
    [
      [
        614,
        789
      ]
    ],
    [
      [
        615,
        788
      ]
    ],
    [
      [
        634,
        788
      ]
    ],
    [
      [
        635,
        789
      ]
    ],
    [
      [
        637,
        789
      ]
    ],
    [
      [
        638,
        790
      ]
    ],
    [
      [
        641,
        790
      ]
    ],
    [
      [
        642,
        791
      ]
    ],
    [
      [
        647,
        791
      ]
    ],
    [
      [
        648,
        792
      ]
    ],
    [
      [
        651,
        792
      ]
    ],
    [
      [
        652,
        793
      ]
    ],
    [
      [
        657,
        793
      ]
    ],
    [
      [
        658,
        794
      ]
    ],
    [
      [
        665,
        794
      ]
    ],
    [
      [
        666,
        795
      ]
    ],
    [
      [
        668,
        795
      ]
    ],
    [
      [
        669,
        796
      ]
    ],
    [
      [
        670,
        796
      ]
    ],
    [
      [
        671,
        797
      ]
    ],
    [
      [
        677,
        797
      ]
    ],
    [
      [
        678,
        798
      ]
    ],
    [
      [
        681,
        798
      ]
    ],
    [
      [
        683,
        800
      ]
    ],
    [
      [
        692,
        800
      ]
    ],
    [
      [
        693,
        801
      ]
    ],
    [
      [
        694,
        801
      ]
    ],
    [
      [
        695,
        802
      ]
    ],
    [
      [
        698,
        802
      ]
    ],
    [
      [
        699,
        803
      ]
    ],
    [
      [
        708,
        803
      ]
    ],
    [
      [
        710,
        805
      ]
    ],
    [
      [
        715,
        805
      ]
    ],
    [
      [
        716,
        806
      ]
    ],
    [
      [
        725,
        806
      ]
    ],
    [
      [
        726,
        807
      ]
    ],
    [
      [
        728,
        807
      ]
    ],
    [
      [
        729,
        808
      ]
    ],
    [
      [
        733,
        808
      ]
    ],
    [
      [
        734,
        809
      ]
    ],
    [
      [
        740,
        809
      ]
    ],
    [
      [
        741,
        810
      ]
    ],
    [
      [
        748,
        810
      ]
    ],
    [
      [
        749,
        811
      ]
    ],
    [
      [
        752,
        811
      ]
    ],
    [
      [
        753,
        812
      ]
    ],
    [
      [
        756,
        812
      ]
    ],
    [
      [
        758,
        814
      ]
    ],
    [
      [
        765,
        814
      ]
    ],
    [
      [
        766,
        815
      ]
    ],
    [
      [
        768,
        815
      ]
    ],
    [
      [
        769,
        816
      ]
    ],
    [
      [
        771,
        816
      ]
    ],
    [
      [
        772,
        817
      ]
    ],
    [
      [
        772,
        839
      ]
    ],
    [
      [
        775,
        839
      ]
    ],
    [
      [
        776,
        840
      ]
    ],
    [
      [
        779,
        840
      ]
    ],
    [
      [
        780,
        841
      ]
    ],
    [
      [
        787,
        841
      ]
    ],
    [
      [
        788,
        842
      ]
    ],
    [
      [
        790,
        842
      ]
    ],
    [
      [
        791,
        843
      ]
    ],
    [
      [
        793,
        843
      ]
    ],
    [
      [
        794,
        844
      ]
    ],
    [
      [
        805,
        844
      ]
    ],
    [
      [
        806,
        845
      ]
    ],
    [
      [
        807,
        845
      ]
    ],
    [
      [
        808,
        846
      ]
    ],
    [
      [
        815,
        846
      ]
    ],
    [
      [
        816,
        847
      ]
    ],
    [
      [
        819,
        847
      ]
    ],
    [
      [
        820,
        848
      ]
    ],
    [
      [
        825,
        848
      ]
    ],
    [
      [
        826,
        849
      ]
    ],
    [
      [
        830,
        849
      ]
    ],
    [
      [
        831,
        850
      ]
    ],
    [
      [
        837,
        850
      ]
    ],
    [
      [
        838,
        851
      ]
    ],
    [
      [
        841,
        851
      ]
    ],
    [
      [
        842,
        852
      ]
    ],
    [
      [
        845,
        852
      ]
    ],
    [
      [
        846,
        853
      ]
    ],
    [
      [
        848,
        853
      ]
    ],
    [
      [
        849,
        854
      ]
    ],
    [
      [
        856,
        854
      ]
    ],
    [
      [
        857,
        855
      ]
    ],
    [
      [
        859,
        855
      ]
    ],
    [
      [
        860,
        856
      ]
    ],
    [
      [
        868,
        856
      ]
    ],
    [
      [
        869,
        857
      ]
    ],
    [
      [
        871,
        857
      ]
    ],
    [
      [
        872,
        858
      ]
    ],
    [
      [
        878,
        858
      ]
    ],
    [
      [
        879,
        859
      ]
    ],
    [
      [
        885,
        859
      ]
    ],
    [
      [
        886,
        860
      ]
    ],
    [
      [
        888,
        860
      ]
    ],
    [
      [
        889,
        861
      ]
    ],
    [
      [
        897,
        861
      ]
    ],
    [
      [
        899,
        863
      ]
    ],
    [
      [
        906,
        863
      ]
    ],
    [
      [
        907,
        864
      ]
    ],
    [
      [
        913,
        864
      ]
    ],
    [
      [
        914,
        865
      ]
    ],
    [
      [
        918,
        865
      ]
    ],
    [
      [
        919,
        866
      ]
    ],
    [
      [
        921,
        866
      ]
    ],
    [
      [
        922,
        867
      ]
    ],
    [
      [
        927,
        867
      ]
    ],
    [
      [
        928,
        868
      ]
    ],
    [
      [
        929,
        868
      ]
    ],
    [
      [
        930,
        869
      ]
    ],
    [
      [
        940,
        869
      ]
    ],
    [
      [
        941,
        870
      ]
    ],
    [
      [
        945,
        870
      ]
    ],
    [
      [
        946,
        871
      ]
    ],
    [
      [
        946,
        873
      ]
    ],
    [
      [
        947,
        873
      ]
    ],
    [
      [
        948,
        874
      ]
    ],
    [
      [
        950,
        874
      ]
    ],
    [
      [
        952,
        876
      ]
    ],
    [
      [
        965,
        876
      ]
    ],
    [
      [
        966,
        877
      ]
    ],
    [
      [
        970,
        877
      ]
    ],
    [
      [
        971,
        878
      ]
    ],
    [
      [
        990,
        878
      ]
    ],
    [
      [
        991,
        879
      ]
    ],
    [
      [
        999,
        879
      ]
    ],
    [
      [
        1000,
        880
      ]
    ],
    [
      [
        1001,
        880
      ]
    ],
    [
      [
        1002,
        881
      ]
    ],
    [
      [
        1004,
        881
      ]
    ],
    [
      [
        1005,
        882
      ]
    ],
    [
      [
        1005,
        885
      ]
    ],
    [
      [
        1006,
        885
      ]
    ],
    [
      [
        1007,
        886
      ]
    ],
    [
      [
        1021,
        886
      ]
    ],
    [
      [
        1022,
        887
      ]
    ],
    [
      [
        1026,
        887
      ]
    ],
    [
      [
        1027,
        888
      ]
    ],
    [
      [
        1031,
        888
      ]
    ],
    [
      [
        1032,
        889
      ]
    ],
    [
      [
        1033,
        889
      ]
    ],
    [
      [
        1035,
        891
      ]
    ],
    [
      [
        1044,
        891
      ]
    ],
    [
      [
        1045,
        892
      ]
    ],
    [
      [
        1047,
        892
      ]
    ],
    [
      [
        1048,
        893
      ]
    ],
    [
      [
        1050,
        893
      ]
    ],
    [
      [
        1051,
        894
      ]
    ],
    [
      [
        1066,
        894
      ]
    ],
    [
      [
        1067,
        895
      ]
    ],
    [
      [
        1073,
        895
      ]
    ],
    [
      [
        1074,
        896
      ]
    ],
    [
      [
        1096,
        896
      ]
    ],
    [
      [
        1097,
        897
      ]
    ],
    [
      [
        1122,
        897
      ]
    ],
    [
      [
        1123,
        898
      ]
    ],
    [
      [
        1123,
        903
      ]
    ],
    [
      [
        1125,
        905
      ]
    ],
    [
      [
        1125,
        906
      ]
    ],
    [
      [
        1126,
        907
      ]
    ],
    [
      [
        1126,
        908
      ]
    ],
    [
      [
        1130,
        908
      ]
    ],
    [
      [
        1131,
        909
      ]
    ],
    [
      [
        1132,
        909
      ]
    ],
    [
      [
        1133,
        910
      ]
    ],
    [
      [
        1133,
        912
      ]
    ],
    [
      [
        1135,
        912
      ]
    ],
    [
      [
        1136,
        913
      ]
    ],
    [
      [
        1142,
        913
      ]
    ],
    [
      [
        1143,
        914
      ]
    ],
    [
      [
        1144,
        914
      ]
    ],
    [
      [
        1145,
        915
      ]
    ],
    [
      [
        1154,
        915
      ]
    ],
    [
      [
        1155,
        916
      ]
    ],
    [
      [
        1175,
        916
      ]
    ],
    [
      [
        1176,
        917
      ]
    ],
    [
      [
        1176,
        919
      ]
    ],
    [
      [
        1177,
        920
      ]
    ],
    [
      [
        1191,
        920
      ]
    ],
    [
      [
        1192,
        921
      ]
    ],
    [
      [
        1193,
        921
      ]
    ],
    [
      [
        1195,
        923
      ]
    ],
    [
      [
        1210,
        923
      ]
    ],
    [
      [
        1211,
        924
      ]
    ],
    [
      [
        1213,
        924
      ]
    ],
    [
      [
        1214,
        925
      ]
    ],
    [
      [
        1219,
        925
      ]
    ],
    [
      [
        1220,
        926
      ]
    ],
    [
      [
        1231,
        926
      ]
    ],
    [
      [
        1232,
        927
      ]
    ],
    [
      [
        1240,
        927
      ]
    ],
    [
      [
        1241,
        928
      ]
    ],
    [
      [
        1241,
        929
      ]
    ],
    [
      [
        1249,
        929
      ]
    ],
    [
      [
        1250,
        928
      ]
    ],
    [
      [
        1259,
        928
      ]
    ],
    [
      [
        1259,
        926
      ]
    ],
    [
      [
        1260,
        925
      ]
    ],
    [
      [
        1260,
        924
      ]
    ],
    [
      [
        1262,
        922
      ]
    ],
    [
      [
        1271,
        922
      ]
    ],
    [
      [
        1277,
        916
      ]
    ],
    [
      [
        1278,
        916
      ]
    ],
    [
      [
        1282,
        912
      ]
    ],
    [
      [
        1282,
        910
      ]
    ],
    [
      [
        1284,
        908
      ]
    ],
    [
      [
        1284,
        907
      ]
    ],
    [
      [
        1285,
        906
      ]
    ],
    [
      [
        1285,
        902
      ]
    ],
    [
      [
        1286,
        901
      ]
    ],
    [
      [
        1286,
        896
      ]
    ],
    [
      [
        1287,
        895
      ]
    ],
    [
      [
        1287,
        893
      ]
    ],
    [
      [
        1288,
        892
      ]
    ],
    [
      [
        1288,
        891
      ]
    ],
    [
      [
        1289,
        890
      ]
    ],
    [
      [
        1289,
        886
      ]
    ],
    [
      [
        1290,
        885
      ]
    ],
    [
      [
        1290,
        884
      ]
    ],
    [
      [
        1291,
        883
      ]
    ],
    [
      [
        1291,
        880
      ]
    ],
    [
      [
        1292,
        879
      ]
    ],
    [
      [
        1293,
        879
      ]
    ],
    [
      [
        1293,
        876
      ]
    ],
    [
      [
        1294,
        875
      ]
    ],
    [
      [
        1294,
        862
      ]
    ],
    [
      [
        1295,
        861
      ]
    ],
    [
      [
        1295,
        858
      ]
    ],
    [
      [
        1296,
        857
      ]
    ],
    [
      [
        1296,
        856
      ]
    ],
    [
      [
        1297,
        855
      ]
    ],
    [
      [
        1298,
        855
      ]
    ],
    [
      [
        1298,
        844
      ]
    ],
    [
      [
        1300,
        842
      ]
    ],
    [
      [
        1300,
        835
      ]
    ],
    [
      [
        1301,
        834
      ]
    ],
    [
      [
        1301,
        829
      ]
    ],
    [
      [
        1302,
        828
      ]
    ],
    [
      [
        1302,
        824
      ]
    ],
    [
      [
        1303,
        823
      ]
    ],
    [
      [
        1303,
        818
      ]
    ],
    [
      [
        1304,
        817
      ]
    ],
    [
      [
        1304,
        814
      ]
    ],
    [
      [
        1305,
        813
      ]
    ],
    [
      [
        1305,
        807
      ]
    ],
    [
      [
        1306,
        806
      ]
    ],
    [
      [
        1306,
        803
      ]
    ],
    [
      [
        1307,
        802
      ]
    ],
    [
      [
        1307,
        800
      ]
    ],
    [
      [
        1308,
        799
      ]
    ],
    [
      [
        1308,
        796
      ]
    ],
    [
      [
        1309,
        795
      ]
    ],
    [
      [
        1309,
        794
      ]
    ],
    [
      [
        1310,
        793
      ]
    ],
    [
      [
        1310,
        787
      ]
    ],
    [
      [
        1312,
        785
      ]
    ],
    [
      [
        1313,
        785
      ]
    ],
    [
      [
        1313,
        780
      ]
    ],
    [
      [
        1314,
        779
      ]
    ],
    [
      [
        1314,
        777
      ]
    ],
    [
      [
        1315,
        776
      ]
    ],
    [
      [
        1315,
        766
      ]
    ],
    [
      [
        1316,
        765
      ]
    ],
    [
      [
        1318,
        765
      ]
    ],
    [
      [
        1320,
        763
      ]
    ],
    [
      [
        1320,
        762
      ]
    ],
    [
      [
        1321,
        761
      ]
    ],
    [
      [
        1321,
        758
      ]
    ],
    [
      [
        1322,
        757
      ]
    ],
    [
      [
        1322,
        755
      ]
    ],
    [
      [
        1323,
        754
      ]
    ],
    [
      [
        1323,
        753
      ]
    ],
    [
      [
        1324,
        752
      ]
    ],
    [
      [
        1324,
        746
      ]
    ],
    [
      [
        1325,
        745
      ]
    ],
    [
      [
        1325,
        743
      ]
    ],
    [
      [
        1326,
        742
      ]
    ],
    [
      [
        1326,
        741
      ]
    ],
    [
      [
        1327,
        740
      ]
    ],
    [
      [
        1327,
        733
      ]
    ],
    [
      [
        1328,
        732
      ]
    ],
    [
      [
        1328,
        729
      ]
    ],
    [
      [
        1329,
        728
      ]
    ],
    [
      [
        1329,
        724
      ]
    ],
    [
      [
        1330,
        723
      ]
    ],
    [
      [
        1330,
        719
      ]
    ],
    [
      [
        1331,
        718
      ]
    ],
    [
      [
        1331,
        717
      ]
    ],
    [
      [
        1332,
        716
      ]
    ],
    [
      [
        1332,
        713
      ]
    ],
    [
      [
        1333,
        712
      ]
    ],
    [
      [
        1333,
        707
      ]
    ],
    [
      [
        1334,
        706
      ]
    ],
    [
      [
        1334,
        704
      ]
    ],
    [
      [
        1335,
        703
      ]
    ],
    [
      [
        1335,
        698
      ]
    ],
    [
      [
        1337,
        696
      ]
    ],
    [
      [
        1337,
        691
      ]
    ],
    [
      [
        1338,
        690
      ]
    ],
    [
      [
        1338,
        686
      ]
    ],
    [
      [
        1339,
        685
      ]
    ],
    [
      [
        1339,
        682
      ]
    ],
    [
      [
        1340,
        681
      ]
    ],
    [
      [
        1340,
        677
      ]
    ],
    [
      [
        1341,
        676
      ]
    ],
    [
      [
        1341,
        674
      ]
    ],
    [
      [
        1342,
        673
      ]
    ],
    [
      [
        1342,
        666
      ]
    ],
    [
      [
        1328,
        666
      ]
    ],
    [
      [
        1327,
        665
      ]
    ],
    [
      [
        1327,
        660
      ]
    ],
    [
      [
        1323,
        660
      ]
    ],
    [
      [
        1322,
        659
      ]
    ],
    [
      [
        1322,
        622
      ]
    ],
    [
      [
        1323,
        621
      ]
    ],
    [
      [
        1323,
        617
      ]
    ],
    [
      [
        1324,
        616
      ]
    ],
    [
      [
        1324,
        612
      ]
    ],
    [
      [
        1325,
        611
      ]
    ],
    [
      [
        1325,
        608
      ]
    ],
    [
      [
        1326,
        607
      ]
    ],
    [
      [
        1326,
        602
      ]
    ],
    [
      [
        1327,
        601
      ]
    ],
    [
      [
        1327,
        597
      ]
    ],
    [
      [
        1328,
        596
      ]
    ],
    [
      [
        1328,
        594
      ]
    ],
    [
      [
        1329,
        593
      ]
    ],
    [
      [
        1329,
        589
      ]
    ],
    [
      [
        1330,
        588
      ]
    ],
    [
      [
        1330,
        584
      ]
    ],
    [
      [
        1331,
        583
      ]
    ],
    [
      [
        1331,
        581
      ]
    ],
    [
      [
        1332,
        580
      ]
    ],
    [
      [
        1332,
        576
      ]
    ],
    [
      [
        1333,
        575
      ]
    ],
    [
      [
        1333,
        571
      ]
    ],
    [
      [
        1334,
        570
      ]
    ],
    [
      [
        1334,
        568
      ]
    ],
    [
      [
        1335,
        567
      ]
    ],
    [
      [
        1335,
        563
      ]
    ],
    [
      [
        1336,
        562
      ]
    ],
    [
      [
        1336,
        557
      ]
    ],
    [
      [
        1337,
        556
      ]
    ],
    [
      [
        1337,
        553
      ]
    ],
    [
      [
        1338,
        552
      ]
    ],
    [
      [
        1338,
        547
      ]
    ],
    [
      [
        1339,
        546
      ]
    ],
    [
      [
        1339,
        542
      ]
    ],
    [
      [
        1340,
        541
      ]
    ],
    [
      [
        1340,
        537
      ]
    ],
    [
      [
        1341,
        536
      ]
    ],
    [
      [
        1341,
        533
      ]
    ],
    [
      [
        1342,
        532
      ]
    ],
    [
      [
        1342,
        530
      ]
    ],
    [
      [
        1343,
        529
      ]
    ],
    [
      [
        1343,
        524
      ]
    ],
    [
      [
        1344,
        523
      ]
    ],
    [
      [
        1344,
        522
      ]
    ],
    [
      [
        1345,
        521
      ]
    ],
    [
      [
        1365,
        521
      ]
    ],
    [
      [
        1366,
        520
      ]
    ],
    [
      [
        1385,
        520
      ]
    ],
    [
      [
        1386,
        519
      ]
    ],
    [
      [
        1387,
        519
      ]
    ],
    [
      [
        1387,
        518
      ]
    ],
    [
      [
        1388,
        517
      ]
    ],
    [
      [
        1388,
        507
      ]
    ],
    [
      [
        1387,
        506
      ]
    ],
    [
      [
        1387,
        505
      ]
    ],
    [
      [
        1385,
        503
      ]
    ],
    [
      [
        1384,
        503
      ]
    ],
    [
      [
        1383,
        502
      ]
    ],
    [
      [
        1366,
        502
      ]
    ],
    [
      [
        1365,
        501
      ]
    ],
    [
      [
        1365,
        482
      ]
    ],
    [
      [
        1366,
        481
      ]
    ],
    [
      [
        1366,
        476
      ]
    ],
    [
      [
        1367,
        475
      ]
    ],
    [
      [
        1367,
        470
      ]
    ],
    [
      [
        1368,
        469
      ]
    ],
    [
      [
        1368,
        467
      ]
    ],
    [
      [
        1369,
        466
      ]
    ],
    [
      [
        1369,
        465
      ]
    ],
    [
      [
        1370,
        464
      ]
    ],
    [
      [
        1370,
        461
      ]
    ],
    [
      [
        1371,
        460
      ]
    ],
    [
      [
        1371,
        458
      ]
    ],
    [
      [
        1372,
        457
      ]
    ],
    [
      [
        1372,
        453
      ]
    ],
    [
      [
        1373,
        452
      ]
    ],
    [
      [
        1395,
        452
      ]
    ],
    [
      [
        1395,
        438
      ]
    ],
    [
      [
        1394,
        437
      ]
    ],
    [
      [
        1394,
        436
      ]
    ],
    [
      [
        1392,
        436
      ]
    ],
    [
      [
        1391,
        435
      ]
    ],
    [
      [
        1385,
        435
      ]
    ],
    [
      [
        1384,
        434
      ]
    ],
    [
      [
        1382,
        434
      ]
    ],
    [
      [
        1381,
        433
      ]
    ],
    [
      [
        1381,
        429
      ]
    ],
    [
      [
        1380,
        429
      ]
    ],
    [
      [
        1379,
        428
      ]
    ],
    [
      [
        1379,
        427
      ]
    ],
    [
      [
        1378,
        426
      ]
    ],
    [
      [
        1378,
        391
      ]
    ],
    [
      [
        1377,
        390
      ]
    ],
    [
      [
        1377,
        384
      ]
    ],
    [
      [
        1376,
        383
      ]
    ],
    [
      [
        1376,
        382
      ]
    ],
    [
      [
        1375,
        381
      ]
    ],
    [
      [
        1375,
        378
      ]
    ],
    [
      [
        1374,
        377
      ]
    ],
    [
      [
        1374,
        369
      ]
    ],
    [
      [
        1373,
        368
      ]
    ],
    [
      [
        1373,
        364
      ]
    ],
    [
      [
        1372,
        363
      ]
    ],
    [
      [
        1372,
        362
      ]
    ],
    [
      [
        1371,
        361
      ]
    ],
    [
      [
        1371,
        358
      ]
    ],
    [
      [
        1370,
        357
      ]
    ],
    [
      [
        1370,
        355
      ]
    ],
    [
      [
        1369,
        354
      ]
    ],
    [
      [
        1369,
        353
      ]
    ],
    [
      [
        1368,
        352
      ]
    ],
    [
      [
        1368,
        349
      ]
    ],
    [
      [
        1367,
        348
      ]
    ],
    [
      [
        1367,
        346
      ]
    ],
    [
      [
        1365,
        344
      ]
    ],
    [
      [
        1365,
        342
      ]
    ],
    [
      [
        1362,
        339
      ]
    ],
    [
      [
        1362,
        337
      ]
    ],
    [
      [
        1361,
        336
      ]
    ],
    [
      [
        1361,
        335
      ]
    ],
    [
      [
        1359,
        333
      ]
    ],
    [
      [
        1359,
        332
      ]
    ],
    [
      [
        1357,
        330
      ]
    ],
    [
      [
        1357,
        328
      ]
    ],
    [
      [
        1354,
        325
      ]
    ],
    [
      [
        1354,
        324
      ]
    ],
    [
      [
        1353,
        323
      ]
    ],
    [
      [
        1353,
        322
      ]
    ],
    [
      [
        1350,
        319
      ]
    ],
    [
      [
        1350,
        312
      ]
    ],
    [
      [
        1349,
        311
      ]
    ],
    [
      [
        1343,
        311
      ]
    ],
    [
      [
        1342,
        310
      ]
    ],
    [
      [
        1342,
        309
      ]
    ],
    [
      [
        1340,
        307
      ]
    ],
    [
      [
        1340,
        290
      ]
    ],
    [
      [
        1342,
        288
      ]
    ],
    [
      [
        1349,
        288
      ]
    ],
    [
      [
        1349,
        287
      ]
    ],
    [
      [
        1350,
        286
      ]
    ],
    [
      [
        1351,
        286
      ]
    ],
    [
      [
        1352,
        285
      ]
    ],
    [
      [
        1352,
        266
      ]
    ],
    [
      [
        1350,
        264
      ]
    ],
    [
      [
        1349,
        264
      ]
    ],
    [
      [
        1348,
        263
      ]
    ],
    [
      [
        1347,
        263
      ]
    ],
    [
      [
        1346,
        262
      ]
    ],
    [
      [
        1343,
        262
      ]
    ],
    [
      [
        1342,
        261
      ]
    ],
    [
      [
        1341,
        261
      ]
    ],
    [
      [
        1339,
        259
      ]
    ],
    [
      [
        1338,
        259
      ]
    ],
    [
      [
        1337,
        258
      ]
    ],
    [
      [
        1336,
        258
      ]
    ],
    [
      [
        1335,
        257
      ]
    ],
    [
      [
        1334,
        257
      ]
    ],
    [
      [
        1333,
        256
      ]
    ],
    [
      [
        1332,
        256
      ]
    ],
    [
      [
        1331,
        255
      ]
    ],
    [
      [
        1315,
        255
      ]
    ],
    [
      [
        1314,
        254
      ]
    ],
    [
      [
        1312,
        254
      ]
    ],
    [
      [
        1311,
        253
      ]
    ],
    [
      [
        1309,
        253
      ]
    ],
    [
      [
        1308,
        252
      ]
    ],
    [
      [
        1306,
        252
      ]
    ],
    [
      [
        1305,
        251
      ]
    ],
    [
      [
        1305,
        250
      ]
    ],
    [
      [
        1303,
        248
      ]
    ],
    [
      [
        1298,
        248
      ]
    ],
    [
      [
        1297,
        247
      ]
    ],
    [
      [
        1295,
        247
      ]
    ],
    [
      [
        1294,
        246
      ]
    ],
    [
      [
        1283,
        246
      ]
    ],
    [
      [
        1282,
        245
      ]
    ],
    [
      [
        1282,
        244
      ]
    ],
    [
      [
        1281,
        243
      ]
    ],
    [
      [
        1277,
        243
      ]
    ],
    [
      [
        1276,
        242
      ]
    ],
    [
      [
        1245,
        242
      ]
    ],
    [
      [
        1244,
        241
      ]
    ],
    [
      [
        1241,
        241
      ]
    ],
    [
      [
        1240,
        240
      ]
    ],
    [
      [
        1237,
        240
      ]
    ],
    [
      [
        1235,
        238
      ]
    ],
    [
      [
        1235,
        236
      ]
    ],
    [
      [
        1234,
        235
      ]
    ],
    [
      [
        1233,
        235
      ]
    ],
    [
      [
        1232,
        234
      ]
    ],
    [
      [
        1224,
        234
      ]
    ],
    [
      [
        1223,
        233
      ]
    ],
    [
      [
        1221,
        233
      ]
    ],
    [
      [
        1220,
        232
      ]
    ],
    [
      [
        1216,
        232
      ]
    ],
    [
      [
        1215,
        231
      ]
    ],
    [
      [
        1214,
        231
      ]
    ],
    [
      [
        1213,
        230
      ]
    ],
    [
      [
        1205,
        230
      ]
    ],
    [
      [
        1204,
        229
      ]
    ],
    [
      [
        1201,
        229
      ]
    ],
    [
      [
        1200,
        228
      ]
    ],
    [
      [
        1196,
        228
      ]
    ],
    [
      [
        1195,
        227
      ]
    ],
    [
      [
        1189,
        227
      ]
    ],
    [
      [
        1188,
        226
      ]
    ],
    [
      [
        1184,
        226
      ]
    ],
    [
      [
        1183,
        225
      ]
    ],
    [
      [
        1179,
        225
      ]
    ],
    [
      [
        1178,
        224
      ]
    ],
    [
      [
        1172,
        224
      ]
    ],
    [
      [
        1171,
        223
      ]
    ],
    [
      [
        1168,
        223
      ]
    ],
    [
      [
        1167,
        222
      ]
    ],
    [
      [
        1157,
        222
      ]
    ],
    [
      [
        1156,
        221
      ]
    ],
    [
      [
        1144,
        221
      ]
    ],
    [
      [
        1143,
        220
      ]
    ],
    [
      [
        1143,
        219
      ]
    ],
    [
      [
        1136,
        219
      ]
    ],
    [
      [
        1135,
        218
      ]
    ],
    [
      [
        1134,
        218
      ]
    ],
    [
      [
        1133,
        217
      ]
    ],
    [
      [
        1130,
        217
      ]
    ],
    [
      [
        1129,
        216
      ]
    ],
    [
      [
        1128,
        216
      ]
    ],
    [
      [
        1127,
        215
      ]
    ],
    [
      [
        1122,
        215
      ]
    ],
    [
      [
        1121,
        214
      ]
    ],
    [
      [
        1114,
        214
      ]
    ],
    [
      [
        1113,
        213
      ]
    ],
    [
      [
        1109,
        213
      ]
    ],
    [
      [
        1107,
        211
      ]
    ],
    [
      [
        1105,
        211
      ]
    ],
    [
      [
        1104,
        210
      ]
    ],
    [
      [
        1096,
        210
      ]
    ],
    [
      [
        1095,
        209
      ]
    ],
    [
      [
        1095,
        208
      ]
    ],
    [
      [
        1092,
        208
      ]
    ],
    [
      [
        1091,
        207
      ]
    ],
    [
      [
        1091,
        206
      ]
    ],
    [
      [
        1069,
        206
      ]
    ],
    [
      [
        1068,
        205
      ]
    ],
    [
      [
        1065,
        205
      ]
    ],
    [
      [
        1064,
        204
      ]
    ],
    [
      [
        1061,
        204
      ]
    ],
    [
      [
        1060,
        203
      ]
    ],
    [
      [
        1058,
        203
      ]
    ],
    [
      [
        1057,
        202
      ]
    ],
    [
      [
        1052,
        202
      ]
    ],
    [
      [
        1051,
        201
      ]
    ],
    [
      [
        1043,
        201
      ]
    ],
    [
      [
        1042,
        200
      ]
    ],
    [
      [
        1041,
        200
      ]
    ],
    [
      [
        1040,
        199
      ]
    ],
    [
      [
        1038,
        199
      ]
    ],
    [
      [
        1037,
        198
      ]
    ],
    [
      [
        1028,
        198
      ]
    ],
    [
      [
        1028,
        199
      ]
    ],
    [
      [
        1027,
        200
      ]
    ],
    [
      [
        988,
        200
      ]
    ],
    [
      [
        987,
        199
      ]
    ],
    [
      [
        987,
        194
      ]
    ],
    [
      [
        981,
        194
      ]
    ],
    [
      [
        980,
        193
      ]
    ],
    [
      [
        978,
        193
      ]
    ],
    [
      [
        977,
        192
      ]
    ],
    [
      [
        975,
        192
      ]
    ],
    [
      [
        974,
        191
      ]
    ],
    [
      [
        971,
        191
      ]
    ],
    [
      [
        970,
        190
      ]
    ],
    [
      [
        964,
        190
      ]
    ],
    [
      [
        963,
        189
      ]
    ],
    [
      [
        962,
        189
      ]
    ],
    [
      [
        961,
        188
      ]
    ],
    [
      [
        961,
        185
      ]
    ],
    [
      [
        959,
        185
      ]
    ],
    [
      [
        958,
        184
      ]
    ],
    [
      [
        957,
        184
      ]
    ],
    [
      [
        955,
        182
      ]
    ],
    [
      [
        944,
        182
      ]
    ],
    [
      [
        943,
        181
      ]
    ],
    [
      [
        939,
        181
      ]
    ],
    [
      [
        938,
        180
      ]
    ],
    [
      [
        932,
        180
      ]
    ],
    [
      [
        930,
        178
      ]
    ],
    [
      [
        928,
        178
      ]
    ],
    [
      [
        927,
        177
      ]
    ],
    [
      [
        922,
        177
      ]
    ],
    [
      [
        921,
        176
      ]
    ],
    [
      [
        916,
        176
      ]
    ],
    [
      [
        915,
        175
      ]
    ],
    [
      [
        913,
        175
      ]
    ],
    [
      [
        912,
        174
      ]
    ],
    [
      [
        907,
        174
      ]
    ],
    [
      [
        906,
        173
      ]
    ],
    [
      [
        898,
        173
      ]
    ],
    [
      [
        897,
        172
      ]
    ],
    [
      [
        895,
        172
      ]
    ],
    [
      [
        894,
        171
      ]
    ],
    [
      [
        889,
        171
      ]
    ],
    [
      [
        888,
        170
      ]
    ],
    [
      [
        885,
        170
      ]
    ],
    [
      [
        883,
        168
      ]
    ],
    [
      [
        880,
        168
      ]
    ],
    [
      [
        879,
        167
      ]
    ],
    [
      [
        871,
        167
      ]
    ],
    [
      [
        870,
        166
      ]
    ],
    [
      [
        866,
        166
      ]
    ],
    [
      [
        864,
        164
      ]
    ],
    [
      [
        863,
        164
      ]
    ],
    [
      [
        862,
        163
      ]
    ],
    [
      [
        862,
        161
      ]
    ],
    [
      [
        842,
        161
      ]
    ],
    [
      [
        841,
        160
      ]
    ],
    [
      [
        833,
        160
      ]
    ],
    [
      [
        832,
        159
      ]
    ],
    [
      [
        827,
        159
      ]
    ],
    [
      [
        826,
        158
      ]
    ],
    [
      [
        825,
        158
      ]
    ],
    [
      [
        824,
        157
      ]
    ],
    [
      [
        822,
        157
      ]
    ],
    [
      [
        821,
        156
      ]
    ],
    [
      [
        812,
        156
      ]
    ],
    [
      [
        811,
        155
      ]
    ],
    [
      [
        808,
        155
      ]
    ],
    [
      [
        807,
        154
      ]
    ],
    [
      [
        803,
        154
      ]
    ],
    [
      [
        802,
        153
      ]
    ],
    [
      [
        800,
        153
      ]
    ],
    [
      [
        799,
        152
      ]
    ],
    [
      [
        794,
        152
      ]
    ],
    [
      [
        793,
        151
      ]
    ],
    [
      [
        792,
        151
      ]
    ],
    [
      [
        791,
        150
      ]
    ],
    [
      [
        788,
        150
      ]
    ],
    [
      [
        787,
        149
      ]
    ],
    [
      [
        779,
        149
      ]
    ],
    [
      [
        778,
        148
      ]
    ],
    [
      [
        777,
        148
      ]
    ],
    [
      [
        776,
        147
      ]
    ],
    [
      [
        774,
        147
      ]
    ],
    [
      [
        773,
        146
      ]
    ],
    [
      [
        766,
        146
      ]
    ],
    [
      [
        765,
        145
      ]
    ],
    [
      [
        760,
        145
      ]
    ],
    [
      [
        759,
        144
      ]
    ],
    [
      [
        751,
        144
      ]
    ],
    [
      [
        750,
        143
      ]
    ],
    [
      [
        746,
        143
      ]
    ],
    [
      [
        745,
        142
      ]
    ],
    [
      [
        743,
        142
      ]
    ],
    [
      [
        742,
        141
      ]
    ],
    [
      [
        740,
        141
      ]
    ],
    [
      [
        739,
        140
      ]
    ],
    [
      [
        729,
        140
      ]
    ],
    [
      [
        729,
        151
      ]
    ],
    [
      [
        728,
        152
      ]
    ],
    [
      [
        706,
        152
      ]
    ],
    [
      [
        705,
        151
      ]
    ],
    [
      [
        705,
        148
      ]
    ],
    [
      [
        703,
        148
      ]
    ],
    [
      [
        702,
        147
      ]
    ],
    [
      [
        698,
        147
      ]
    ],
    [
      [
        697,
        146
      ]
    ],
    [
      [
        691,
        146
      ]
    ],
    [
      [
        690,
        145
      ]
    ],
    [
      [
        689,
        145
      ]
    ],
    [
      [
        688,
        144
      ]
    ],
    [
      [
        688,
        132
      ]
    ],
    [
      [
        686,
        132
      ]
    ],
    [
      [
        685,
        131
      ]
    ],
    [
      [
        677,
        131
      ]
    ],
    [
      [
        675,
        129
      ]
    ]
  ],
  "segment_square_corners": [
    [
      426.8769836425781,
      775.3043823242188
    ],
    [
      557.885009765625,
      101.84087371826172
    ],
    [
      1435.54833984375,
      272.57171630859375
    ],
    [
      1304.540283203125,
      946.0352172851562
    ]
  ],
  "phrases": [
    "box",
    "tangerine",
    "tangerine",
    "tangerine",
    "tangerine"
  ],
  "selected_bbox": [
    0.4786660373210907,
    0.48895958065986633,
    0.47982797026634216,
    0.7281361222267151
  ]
}