{
  "timestamp": 1761056175.7677226,
  "session_id": "session_20251021_211452_51253c84",
  "supplier_id": "",
  "qr_data": "",
  "qr_items": {},
  "qr_corners": [
    [
      958.0,
      309.0
    ],
    [
      930.0,
      216.0
    ],
    [
      1025.25048828125,
      186.43948364257812
    ],
    [
      1051.0,
      283.0
    ]
  ],
  "segment_corners": [
    [
      [
        1083,
        17
      ]
    ],
    [
      [
        1082,
        18
      ]
    ],
    [
      [
        1081,
        18
      ]
    ],
    [
      [
        1081,
        21
      ]
    ],
    [
      [
        1080,
        22
      ]
    ],
    [
      [
        1079,
        22
      ]
    ],
    [
      [
        1078,
        23
      ]
    ],
    [
      [
        1077,
        23
      ]
    ],
    [
      [
        1074,
        26
      ]
    ],
    [
      [
        1073,
        26
      ]
    ],
    [
      [
        1073,
        29
      ]
    ],
    [
      [
        1072,
        30
      ]
    ],
    [
      [
        1064,
        30
      ]
    ],
    [
      [
        1064,
        31
      ]
    ],
    [
      [
        1063,
        32
      ]
    ],
    [
      [
        1060,
        32
      ]
    ],
    [
      [
        1059,
        33
      ]
    ],
    [
      [
        1058,
        33
      ]
    ],
    [
      [
        1057,
        34
      ]
    ],
    [
      [
        1054,
        34
      ]
    ],
    [
      [
        1053,
        35
      ]
    ],
    [
      [
        1049,
        35
      ]
    ],
    [
      [
        1049,
        43
      ]
    ],
    [
      [
        1048,
        44
      ]
    ],
    [
      [
        1046,
        44
      ]
    ],
    [
      [
        1045,
        45
      ]
    ],
    [
      [
        1044,
        45
      ]
    ],
    [
      [
        1043,
        46
      ]
    ],
    [
      [
        1041,
        46
      ]
    ],
    [
      [
        1040,
        47
      ]
    ],
    [
      [
        1037,
        47
      ]
    ],
    [
      [
        1036,
        48
      ]
    ],
    [
      [
        1034,
        48
      ]
    ],
    [
      [
        1033,
        49
      ]
    ],
    [
      [
        1032,
        49
      ]
    ],
    [
      [
        1031,
        50
      ]
    ],
    [
      [
        1030,
        50
      ]
    ],
    [
      [
        1029,
        51
      ]
    ],
    [
      [
        1026,
        51
      ]
    ],
    [
      [
        1025,
        52
      ]
    ],
    [
      [
        1023,
        52
      ]
    ],
    [
      [
        1022,
        53
      ]
    ],
    [
      [
        1021,
        53
      ]
    ],
    [
      [
        1020,
        54
      ]
    ],
    [
      [
        1018,
        54
      ]
    ],
    [
      [
        1017,
        55
      ]
    ],
    [
      [
        1014,
        55
      ]
    ],
    [
      [
        1013,
        56
      ]
    ],
    [
      [
        1012,
        56
      ]
    ],
    [
      [
        1011,
        57
      ]
    ],
    [
      [
        1007,
        57
      ]
    ],
    [
      [
        1006,
        58
      ]
    ],
    [
      [
        1005,
        58
      ]
    ],
    [
      [
        1004,
        59
      ]
    ],
    [
      [
        1002,
        59
      ]
    ],
    [
      [
        1001,
        60
      ]
    ],
    [
      [
        999,
        60
      ]
    ],
    [
      [
        998,
        61
      ]
    ],
    [
      [
        993,
        61
      ]
    ],
    [
      [
        993,
        62
      ]
    ],
    [
      [
        992,
        63
      ]
    ],
    [
      [
        991,
        63
      ]
    ],
    [
      [
        991,
        64
      ]
    ],
    [
      [
        990,
        65
      ]
    ],
    [
      [
        983,
        65
      ]
    ],
    [
      [
        981,
        67
      ]
    ],
    [
      [
        950,
        67
      ]
    ],
    [
      [
        950,
        68
      ]
    ],
    [
      [
        949,
        69
      ]
    ],
    [
      [
        941,
        69
      ]
    ],
    [
      [
        941,
        70
      ]
    ],
    [
      [
        940,
        71
      ]
    ],
    [
      [
        937,
        71
      ]
    ],
    [
      [
        934,
        74
      ]
    ],
    [
      [
        929,
        74
      ]
    ],
    [
      [
        928,
        75
      ]
    ],
    [
      [
        927,
        75
      ]
    ],
    [
      [
        926,
        76
      ]
    ],
    [
      [
        921,
        76
      ]
    ],
    [
      [
        920,
        77
      ]
    ],
    [
      [
        917,
        77
      ]
    ],
    [
      [
        916,
        78
      ]
    ],
    [
      [
        914,
        78
      ]
    ],
    [
      [
        913,
        79
      ]
    ],
    [
      [
        910,
        79
      ]
    ],
    [
      [
        908,
        81
      ]
    ],
    [
      [
        904,
        81
      ]
    ],
    [
      [
        903,
        82
      ]
    ],
    [
      [
        900,
        82
      ]
    ],
    [
      [
        899,
        83
      ]
    ],
    [
      [
        897,
        83
      ]
    ],
    [
      [
        896,
        84
      ]
    ],
    [
      [
        892,
        84
      ]
    ],
    [
      [
        891,
        85
      ]
    ],
    [
      [
        890,
        85
      ]
    ],
    [
      [
        888,
        87
      ]
    ],
    [
      [
        886,
        87
      ]
    ],
    [
      [
        885,
        88
      ]
    ],
    [
      [
        879,
        88
      ]
    ],
    [
      [
        877,
        90
      ]
    ],
    [
      [
        877,
        96
      ]
    ],
    [
      [
        892,
        96
      ]
    ],
    [
      [
        893,
        97
      ]
    ],
    [
      [
        893,
        106
      ]
    ],
    [
      [
        894,
        106
      ]
    ],
    [
      [
        895,
        107
      ]
    ],
    [
      [
        895,
        125
      ]
    ],
    [
      [
        893,
        127
      ]
    ],
    [
      [
        891,
        127
      ]
    ],
    [
      [
        890,
        128
      ]
    ],
    [
      [
        887,
        128
      ]
    ],
    [
      [
        886,
        129
      ]
    ],
    [
      [
        883,
        129
      ]
    ],
    [
      [
        882,
        130
      ]
    ],
    [
      [
        881,
        130
      ]
    ],
    [
      [
        880,
        131
      ]
    ],
    [
      [
        879,
        131
      ]
    ],
    [
      [
        878,
        132
      ]
    ],
    [
      [
        875,
        132
      ]
    ],
    [
      [
        874,
        133
      ]
    ],
    [
      [
        871,
        133
      ]
    ],
    [
      [
        870,
        134
      ]
    ],
    [
      [
        869,
        134
      ]
    ],
    [
      [
        868,
        135
      ]
    ],
    [
      [
        861,
        135
      ]
    ],
    [
      [
        861,
        136
      ]
    ],
    [
      [
        859,
        138
      ]
    ],
    [
      [
        858,
        138
      ]
    ],
    [
      [
        857,
        139
      ]
    ],
    [
      [
        856,
        139
      ]
    ],
    [
      [
        855,
        140
      ]
    ],
    [
      [
        851,
        140
      ]
    ],
    [
      [
        850,
        141
      ]
    ],
    [
      [
        848,
        141
      ]
    ],
    [
      [
        847,
        142
      ]
    ],
    [
      [
        846,
        142
      ]
    ],
    [
      [
        845,
        143
      ]
    ],
    [
      [
        841,
        143
      ]
    ],
    [
      [
        840,
        144
      ]
    ],
    [
      [
        838,
        144
      ]
    ],
    [
      [
        837,
        145
      ]
    ],
    [
      [
        834,
        145
      ]
    ],
    [
      [
        833,
        146
      ]
    ],
    [
      [
        829,
        146
      ]
    ],
    [
      [
        828,
        147
      ]
    ],
    [
      [
        827,
        147
      ]
    ],
    [
      [
        826,
        148
      ]
    ],
    [
      [
        823,
        148
      ]
    ],
    [
      [
        822,
        149
      ]
    ],
    [
      [
        821,
        149
      ]
    ],
    [
      [
        819,
        151
      ]
    ],
    [
      [
        815,
        151
      ]
    ],
    [
      [
        814,
        152
      ]
    ],
    [
      [
        813,
        152
      ]
    ],
    [
      [
        812,
        153
      ]
    ],
    [
      [
        810,
        153
      ]
    ],
    [
      [
        809,
        154
      ]
    ],
    [
      [
        807,
        154
      ]
    ],
    [
      [
        806,
        155
      ]
    ],
    [
      [
        804,
        155
      ]
    ],
    [
      [
        803,
        156
      ]
    ],
    [
      [
        800,
        156
      ]
    ],
    [
      [
        799,
        157
      ]
    ],
    [
      [
        798,
        157
      ]
    ],
    [
      [
        797,
        158
      ]
    ],
    [
      [
        795,
        158
      ]
    ],
    [
      [
        794,
        159
      ]
    ],
    [
      [
        791,
        159
      ]
    ],
    [
      [
        789,
        161
      ]
    ],
    [
      [
        785,
        161
      ]
    ],
    [
      [
        784,
        162
      ]
    ],
    [
      [
        782,
        162
      ]
    ],
    [
      [
        780,
        164
      ]
    ],
    [
      [
        775,
        164
      ]
    ],
    [
      [
        774,
        165
      ]
    ],
    [
      [
        772,
        165
      ]
    ],
    [
      [
        771,
        166
      ]
    ],
    [
      [
        768,
        166
      ]
    ],
    [
      [
        767,
        167
      ]
    ],
    [
      [
        766,
        167
      ]
    ],
    [
      [
        765,
        168
      ]
    ],
    [
      [
        762,
        168
      ]
    ],
    [
      [
        761,
        169
      ]
    ],
    [
      [
        760,
        169
      ]
    ],
    [
      [
        759,
        170
      ]
    ],
    [
      [
        757,
        170
      ]
    ],
    [
      [
        756,
        171
      ]
    ],
    [
      [
        755,
        171
      ]
    ],
    [
      [
        754,
        172
      ]
    ],
    [
      [
        751,
        172
      ]
    ],
    [
      [
        750,
        173
      ]
    ],
    [
      [
        749,
        173
      ]
    ],
    [
      [
        748,
        174
      ]
    ],
    [
      [
        746,
        174
      ]
    ],
    [
      [
        745,
        175
      ]
    ],
    [
      [
        744,
        175
      ]
    ],
    [
      [
        743,
        176
      ]
    ],
    [
      [
        739,
        176
      ]
    ],
    [
      [
        738,
        177
      ]
    ],
    [
      [
        737,
        177
      ]
    ],
    [
      [
        736,
        178
      ]
    ],
    [
      [
        733,
        178
      ]
    ],
    [
      [
        732,
        179
      ]
    ],
    [
      [
        729,
        179
      ]
    ],
    [
      [
        728,
        180
      ]
    ],
    [
      [
        726,
        180
      ]
    ],
    [
      [
        725,
        181
      ]
    ],
    [
      [
        724,
        181
      ]
    ],
    [
      [
        723,
        182
      ]
    ],
    [
      [
        721,
        182
      ]
    ],
    [
      [
        720,
        183
      ]
    ],
    [
      [
        718,
        183
      ]
    ],
    [
      [
        717,
        184
      ]
    ],
    [
      [
        715,
        184
      ]
    ],
    [
      [
        714,
        185
      ]
    ],
    [
      [
        712,
        185
      ]
    ],
    [
      [
        711,
        186
      ]
    ],
    [
      [
        708,
        186
      ]
    ],
    [
      [
        707,
        187
      ]
    ],
    [
      [
        706,
        187
      ]
    ],
    [
      [
        705,
        188
      ]
    ],
    [
      [
        703,
        188
      ]
    ],
    [
      [
        702,
        189
      ]
    ],
    [
      [
        685,
        189
      ]
    ],
    [
      [
        684,
        188
      ]
    ],
    [
      [
        684,
        187
      ]
    ],
    [
      [
        682,
        185
      ]
    ],
    [
      [
        681,
        185
      ]
    ],
    [
      [
        679,
        183
      ]
    ],
    [
      [
        652,
        183
      ]
    ],
    [
      [
        651,
        182
      ]
    ],
    [
      [
        651,
        161
      ]
    ],
    [
      [
        638,
        161
      ]
    ],
    [
      [
        638,
        162
      ]
    ],
    [
      [
        637,
        163
      ]
    ],
    [
      [
        636,
        163
      ]
    ],
    [
      [
        635,
        164
      ]
    ],
    [
      [
        632,
        164
      ]
    ],
    [
      [
        631,
        165
      ]
    ],
    [
      [
        628,
        165
      ]
    ],
    [
      [
        627,
        166
      ]
    ],
    [
      [
        626,
        166
      ]
    ],
    [
      [
        625,
        167
      ]
    ],
    [
      [
        619,
        167
      ]
    ],
    [
      [
        618,
        168
      ]
    ],
    [
      [
        616,
        168
      ]
    ],
    [
      [
        613,
        171
      ]
    ],
    [
      [
        607,
        171
      ]
    ],
    [
      [
        604,
        174
      ]
    ],
    [
      [
        604,
        175
      ]
    ],
    [
      [
        603,
        176
      ]
    ],
    [
      [
        601,
        176
      ]
    ],
    [
      [
        601,
        182
      ]
    ],
    [
      [
        609,
        182
      ]
    ],
    [
      [
        610,
        183
      ]
    ],
    [
      [
        610,
        200
      ]
    ],
    [
      [
        609,
        201
      ]
    ],
    [
      [
        597,
        201
      ]
    ],
    [
      [
        597,
        203
      ]
    ],
    [
      [
        595,
        205
      ]
    ],
    [
      [
        593,
        205
      ]
    ],
    [
      [
        591,
        207
      ]
    ],
    [
      [
        590,
        207
      ]
    ],
    [
      [
        588,
        209
      ]
    ],
    [
      [
        571,
        209
      ]
    ],
    [
      [
        570,
        208
      ]
    ],
    [
      [
        570,
        196
      ]
    ],
    [
      [
        563,
        196
      ]
    ],
    [
      [
        561,
        198
      ]
    ],
    [
      [
        560,
        198
      ]
    ],
    [
      [
        558,
        200
      ]
    ],
    [
      [
        557,
        200
      ]
    ],
    [
      [
        555,
        202
      ]
    ],
    [
      [
        554,
        202
      ]
    ],
    [
      [
        553,
        203
      ]
    ],
    [
      [
        553,
        204
      ]
    ],
    [
      [
        552,
        205
      ]
    ],
    [
      [
        551,
        205
      ]
    ],
    [
      [
        548,
        208
      ]
    ],
    [
      [
        547,
        208
      ]
    ],
    [
      [
        544,
        211
      ]
    ],
    [
      [
        543,
        211
      ]
    ],
    [
      [
        536,
        218
      ]
    ],
    [
      [
        536,
        219
      ]
    ],
    [
      [
        535,
        220
      ]
    ],
    [
      [
        535,
        221
      ]
    ],
    [
      [
        532,
        224
      ]
    ],
    [
      [
        531,
        224
      ]
    ],
    [
      [
        529,
        226
      ]
    ],
    [
      [
        529,
        227
      ]
    ],
    [
      [
        526,
        230
      ]
    ],
    [
      [
        526,
        231
      ]
    ],
    [
      [
        525,
        232
      ]
    ],
    [
      [
        525,
        233
      ]
    ],
    [
      [
        522,
        236
      ]
    ],
    [
      [
        522,
        237
      ]
    ],
    [
      [
        521,
        238
      ]
    ],
    [
      [
        520,
        238
      ]
    ],
    [
      [
        519,
        239
      ]
    ],
    [
      [
        519,
        241
      ]
    ],
    [
      [
        518,
        242
      ]
    ],
    [
      [
        518,
        243
      ]
    ],
    [
      [
        517,
        244
      ]
    ],
    [
      [
        517,
        245
      ]
    ],
    [
      [
        516,
        246
      ]
    ],
    [
      [
        516,
        247
      ]
    ],
    [
      [
        514,
        249
      ]
    ],
    [
      [
        514,
        251
      ]
    ],
    [
      [
        513,
        252
      ]
    ],
    [
      [
        513,
        253
      ]
    ],
    [
      [
        512,
        254
      ]
    ],
    [
      [
        512,
        255
      ]
    ],
    [
      [
        511,
        256
      ]
    ],
    [
      [
        511,
        257
      ]
    ],
    [
      [
        510,
        258
      ]
    ],
    [
      [
        510,
        260
      ]
    ],
    [
      [
        508,
        262
      ]
    ],
    [
      [
        508,
        264
      ]
    ],
    [
      [
        507,
        265
      ]
    ],
    [
      [
        507,
        266
      ]
    ],
    [
      [
        506,
        267
      ]
    ],
    [
      [
        506,
        270
      ]
    ],
    [
      [
        505,
        271
      ]
    ],
    [
      [
        505,
        273
      ]
    ],
    [
      [
        504,
        274
      ]
    ],
    [
      [
        503,
        274
      ]
    ],
    [
      [
        503,
        284
      ]
    ],
    [
      [
        502,
        285
      ]
    ],
    [
      [
        500,
        285
      ]
    ],
    [
      [
        494,
        291
      ]
    ],
    [
      [
        494,
        292
      ]
    ],
    [
      [
        493,
        293
      ]
    ],
    [
      [
        493,
        294
      ]
    ],
    [
      [
        491,
        296
      ]
    ],
    [
      [
        488,
        296
      ]
    ],
    [
      [
        487,
        297
      ]
    ],
    [
      [
        486,
        297
      ]
    ],
    [
      [
        484,
        299
      ]
    ],
    [
      [
        483,
        299
      ]
    ],
    [
      [
        482,
        300
      ]
    ],
    [
      [
        482,
        314
      ]
    ],
    [
      [
        483,
        315
      ]
    ],
    [
      [
        483,
        326
      ]
    ],
    [
      [
        484,
        327
      ]
    ],
    [
      [
        484,
        330
      ]
    ],
    [
      [
        485,
        331
      ]
    ],
    [
      [
        485,
        335
      ]
    ],
    [
      [
        486,
        336
      ]
    ],
    [
      [
        486,
        340
      ]
    ],
    [
      [
        487,
        341
      ]
    ],
    [
      [
        487,
        350
      ]
    ],
    [
      [
        488,
        351
      ]
    ],
    [
      [
        488,
        356
      ]
    ],
    [
      [
        489,
        356
      ]
    ],
    [
      [
        490,
        357
      ]
    ],
    [
      [
        490,
        361
      ]
    ],
    [
      [
        496,
        361
      ]
    ],
    [
      [
        496,
        360
      ]
    ],
    [
      [
        497,
        359
      ]
    ],
    [
      [
        515,
        359
      ]
    ],
    [
      [
        516,
        360
      ]
    ],
    [
      [
        516,
        364
      ]
    ],
    [
      [
        517,
        365
      ]
    ],
    [
      [
        517,
        368
      ]
    ],
    [
      [
        518,
        369
      ]
    ],
    [
      [
        518,
        371
      ]
    ],
    [
      [
        519,
        372
      ]
    ],
    [
      [
        519,
        375
      ]
    ],
    [
      [
        520,
        376
      ]
    ],
    [
      [
        520,
        377
      ]
    ],
    [
      [
        521,
        378
      ]
    ],
    [
      [
        521,
        384
      ]
    ],
    [
      [
        522,
        385
      ]
    ],
    [
      [
        522,
        391
      ]
    ],
    [
      [
        523,
        392
      ]
    ],
    [
      [
        529,
        392
      ]
    ],
    [
      [
        529,
        380
      ]
    ],
    [
      [
        530,
        379
      ]
    ],
    [
      [
        549,
        379
      ]
    ],
    [
      [
        550,
        380
      ]
    ],
    [
      [
        550,
        386
      ]
    ],
    [
      [
        552,
        388
      ]
    ],
    [
      [
        552,
        389
      ]
    ],
    [
      [
        553,
        390
      ]
    ],
    [
      [
        553,
        391
      ]
    ],
    [
      [
        554,
        392
      ]
    ],
    [
      [
        554,
        393
      ]
    ],
    [
      [
        555,
        394
      ]
    ],
    [
      [
        555,
        395
      ]
    ],
    [
      [
        557,
        397
      ]
    ],
    [
      [
        557,
        399
      ]
    ],
    [
      [
        558,
        400
      ]
    ],
    [
      [
        558,
        401
      ]
    ],
    [
      [
        559,
        402
      ]
    ],
    [
      [
        559,
        403
      ]
    ],
    [
      [
        562,
        406
      ]
    ],
    [
      [
        562,
        408
      ]
    ],
    [
      [
        563,
        408
      ]
    ],
    [
      [
        565,
        410
      ]
    ],
    [
      [
        565,
        411
      ]
    ],
    [
      [
        566,
        412
      ]
    ],
    [
      [
        566,
        414
      ]
    ],
    [
      [
        567,
        415
      ]
    ],
    [
      [
        567,
        416
      ]
    ],
    [
      [
        569,
        418
      ]
    ],
    [
      [
        569,
        421
      ]
    ],
    [
      [
        570,
        422
      ]
    ],
    [
      [
        570,
        424
      ]
    ],
    [
      [
        571,
        425
      ]
    ],
    [
      [
        571,
        427
      ]
    ],
    [
      [
        573,
        429
      ]
    ],
    [
      [
        573,
        431
      ]
    ],
    [
      [
        574,
        432
      ]
    ],
    [
      [
        574,
        436
      ]
    ],
    [
      [
        576,
        438
      ]
    ],
    [
      [
        576,
        442
      ]
    ],
    [
      [
        577,
        443
      ]
    ],
    [
      [
        577,
        444
      ]
    ],
    [
      [
        578,
        445
      ]
    ],
    [
      [
        578,
        446
      ]
    ],
    [
      [
        579,
        447
      ]
    ],
    [
      [
        579,
        448
      ]
    ],
    [
      [
        580,
        449
      ]
    ],
    [
      [
        580,
        451
      ]
    ],
    [
      [
        581,
        452
      ]
    ],
    [
      [
        581,
        456
      ]
    ],
    [
      [
        582,
        457
      ]
    ],
    [
      [
        582,
        461
      ]
    ],
    [
      [
        584,
        463
      ]
    ],
    [
      [
        584,
        464
      ]
    ],
    [
      [
        585,
        465
      ]
    ],
    [
      [
        585,
        466
      ]
    ],
    [
      [
        586,
        467
      ]
    ],
    [
      [
        586,
        468
      ]
    ],
    [
      [
        587,
        469
      ]
    ],
    [
      [
        587,
        470
      ]
    ],
    [
      [
        588,
        471
      ]
    ],
    [
      [
        588,
        476
      ]
    ],
    [
      [
        590,
        478
      ]
    ],
    [
      [
        590,
        479
      ]
    ],
    [
      [
        591,
        480
      ]
    ],
    [
      [
        591,
        483
      ]
    ],
    [
      [
        592,
        484
      ]
    ],
    [
      [
        592,
        486
      ]
    ],
    [
      [
        593,
        487
      ]
    ],
    [
      [
        593,
        490
      ]
    ],
    [
      [
        594,
        491
      ]
    ],
    [
      [
        594,
        492
      ]
    ],
    [
      [
        596,
        494
      ]
    ],
    [
      [
        596,
        497
      ]
    ],
    [
      [
        597,
        498
      ]
    ],
    [
      [
        597,
        500
      ]
    ],
    [
      [
        598,
        501
      ]
    ],
    [
      [
        598,
        506
      ]
    ],
    [
      [
        599,
        507
      ]
    ],
    [
      [
        599,
        508
      ]
    ],
    [
      [
        601,
        510
      ]
    ],
    [
      [
        601,
        532
      ]
    ],
    [
      [
        600,
        533
      ]
    ],
    [
      [
        595,
        533
      ]
    ],
    [
      [
        594,
        534
      ]
    ],
    [
      [
        593,
        534
      ]
    ],
    [
      [
        593,
        535
      ]
    ],
    [
      [
        592,
        536
      ]
    ],
    [
      [
        590,
        536
      ]
    ],
    [
      [
        590,
        542
      ]
    ],
    [
      [
        592,
        544
      ]
    ],
    [
      [
        592,
        545
      ]
    ],
    [
      [
        593,
        546
      ]
    ],
    [
      [
        593,
        547
      ]
    ],
    [
      [
        596,
        550
      ]
    ],
    [
      [
        598,
        550
      ]
    ],
    [
      [
        599,
        551
      ]
    ],
    [
      [
        600,
        551
      ]
    ],
    [
      [
        601,
        552
      ]
    ],
    [
      [
        601,
        557
      ]
    ],
    [
      [
        616,
        557
      ]
    ],
    [
      [
        617,
        558
      ]
    ],
    [
      [
        617,
        562
      ]
    ],
    [
      [
        619,
        564
      ]
    ],
    [
      [
        619,
        565
      ]
    ],
    [
      [
        620,
        566
      ]
    ],
    [
      [
        620,
        567
      ]
    ],
    [
      [
        621,
        568
      ]
    ],
    [
      [
        621,
        571
      ]
    ],
    [
      [
        622,
        572
      ]
    ],
    [
      [
        622,
        573
      ]
    ],
    [
      [
        623,
        574
      ]
    ],
    [
      [
        623,
        577
      ]
    ],
    [
      [
        624,
        578
      ]
    ],
    [
      [
        624,
        580
      ]
    ],
    [
      [
        625,
        581
      ]
    ],
    [
      [
        625,
        587
      ]
    ],
    [
      [
        627,
        589
      ]
    ],
    [
      [
        627,
        593
      ]
    ],
    [
      [
        630,
        596
      ]
    ],
    [
      [
        630,
        597
      ]
    ],
    [
      [
        631,
        598
      ]
    ],
    [
      [
        631,
        601
      ]
    ],
    [
      [
        633,
        603
      ]
    ],
    [
      [
        633,
        604
      ]
    ],
    [
      [
        634,
        605
      ]
    ],
    [
      [
        634,
        609
      ]
    ],
    [
      [
        635,
        610
      ]
    ],
    [
      [
        635,
        614
      ]
    ],
    [
      [
        636,
        615
      ]
    ],
    [
      [
        636,
        634
      ]
    ],
    [
      [
        635,
        635
      ]
    ],
    [
      [
        628,
        635
      ]
    ],
    [
      [
        628,
        636
      ]
    ],
    [
      [
        627,
        637
      ]
    ],
    [
      [
        627,
        644
      ]
    ],
    [
      [
        628,
        645
      ]
    ],
    [
      [
        628,
        646
      ]
    ],
    [
      [
        629,
        647
      ]
    ],
    [
      [
        629,
        649
      ]
    ],
    [
      [
        630,
        650
      ]
    ],
    [
      [
        630,
        651
      ]
    ],
    [
      [
        632,
        653
      ]
    ],
    [
      [
        632,
        654
      ]
    ],
    [
      [
        633,
        655
      ]
    ],
    [
      [
        646,
        655
      ]
    ],
    [
      [
        647,
        656
      ]
    ],
    [
      [
        647,
        660
      ]
    ],
    [
      [
        653,
        660
      ]
    ],
    [
      [
        654,
        661
      ]
    ],
    [
      [
        654,
        664
      ]
    ],
    [
      [
        655,
        665
      ]
    ],
    [
      [
        655,
        667
      ]
    ],
    [
      [
        656,
        668
      ]
    ],
    [
      [
        656,
        670
      ]
    ],
    [
      [
        657,
        671
      ]
    ],
    [
      [
        657,
        673
      ]
    ],
    [
      [
        658,
        674
      ]
    ],
    [
      [
        658,
        676
      ]
    ],
    [
      [
        660,
        678
      ]
    ],
    [
      [
        660,
        681
      ]
    ],
    [
      [
        661,
        682
      ]
    ],
    [
      [
        661,
        687
      ]
    ],
    [
      [
        663,
        689
      ]
    ],
    [
      [
        663,
        691
      ]
    ],
    [
      [
        664,
        692
      ]
    ],
    [
      [
        664,
        693
      ]
    ],
    [
      [
        665,
        694
      ]
    ],
    [
      [
        665,
        696
      ]
    ],
    [
      [
        666,
        697
      ]
    ],
    [
      [
        666,
        698
      ]
    ],
    [
      [
        667,
        699
      ]
    ],
    [
      [
        667,
        700
      ]
    ],
    [
      [
        668,
        701
      ]
    ],
    [
      [
        668,
        704
      ]
    ],
    [
      [
        670,
        706
      ]
    ],
    [
      [
        670,
        708
      ]
    ],
    [
      [
        671,
        709
      ]
    ],
    [
      [
        671,
        711
      ]
    ],
    [
      [
        672,
        712
      ]
    ],
    [
      [
        672,
        713
      ]
    ],
    [
      [
        673,
        714
      ]
    ],
    [
      [
        673,
        717
      ]
    ],
    [
      [
        674,
        718
      ]
    ],
    [
      [
        674,
        738
      ]
    ],
    [
      [
        673,
        739
      ]
    ],
    [
      [
        666,
        739
      ]
    ],
    [
      [
        665,
        740
      ]
    ],
    [
      [
        665,
        741
      ]
    ],
    [
      [
        664,
        742
      ]
    ],
    [
      [
        663,
        742
      ]
    ],
    [
      [
        663,
        744
      ]
    ],
    [
      [
        662,
        745
      ]
    ],
    [
      [
        645,
        745
      ]
    ],
    [
      [
        644,
        744
      ]
    ],
    [
      [
        644,
        742
      ]
    ],
    [
      [
        643,
        741
      ]
    ],
    [
      [
        643,
        739
      ]
    ],
    [
      [
        642,
        738
      ]
    ],
    [
      [
        642,
        735
      ]
    ],
    [
      [
        641,
        734
      ]
    ],
    [
      [
        641,
        714
      ]
    ],
    [
      [
        640,
        713
      ]
    ],
    [
      [
        640,
        709
      ]
    ],
    [
      [
        639,
        708
      ]
    ],
    [
      [
        639,
        707
      ]
    ],
    [
      [
        638,
        706
      ]
    ],
    [
      [
        638,
        705
      ]
    ],
    [
      [
        636,
        703
      ]
    ],
    [
      [
        636,
        702
      ]
    ],
    [
      [
        623,
        702
      ]
    ],
    [
      [
        621,
        700
      ]
    ],
    [
      [
        621,
        698
      ]
    ],
    [
      [
        620,
        697
      ]
    ],
    [
      [
        620,
        695
      ]
    ],
    [
      [
        619,
        694
      ]
    ],
    [
      [
        619,
        692
      ]
    ],
    [
      [
        618,
        691
      ]
    ],
    [
      [
        618,
        689
      ]
    ],
    [
      [
        617,
        688
      ]
    ],
    [
      [
        617,
        686
      ]
    ],
    [
      [
        616,
        685
      ]
    ],
    [
      [
        616,
        683
      ]
    ],
    [
      [
        615,
        682
      ]
    ],
    [
      [
        615,
        680
      ]
    ],
    [
      [
        614,
        679
      ]
    ],
    [
      [
        614,
        677
      ]
    ],
    [
      [
        613,
        676
      ]
    ],
    [
      [
        613,
        674
      ]
    ],
    [
      [
        612,
        673
      ]
    ],
    [
      [
        612,
        670
      ]
    ],
    [
      [
        611,
        669
      ]
    ],
    [
      [
        611,
        668
      ]
    ],
    [
      [
        610,
        667
      ]
    ],
    [
      [
        610,
        666
      ]
    ],
    [
      [
        609,
        665
      ]
    ],
    [
      [
        609,
        661
      ]
    ],
    [
      [
        607,
        659
      ]
    ],
    [
      [
        607,
        657
      ]
    ],
    [
      [
        606,
        656
      ]
    ],
    [
      [
        606,
        653
      ]
    ],
    [
      [
        605,
        652
      ]
    ],
    [
      [
        605,
        651
      ]
    ],
    [
      [
        604,
        650
      ]
    ],
    [
      [
        604,
        646
      ]
    ],
    [
      [
        603,
        645
      ]
    ],
    [
      [
        603,
        643
      ]
    ],
    [
      [
        602,
        642
      ]
    ],
    [
      [
        602,
        639
      ]
    ],
    [
      [
        601,
        638
      ]
    ],
    [
      [
        601,
        633
      ]
    ],
    [
      [
        600,
        632
      ]
    ],
    [
      [
        600,
        631
      ]
    ],
    [
      [
        599,
        630
      ]
    ],
    [
      [
        599,
        628
      ]
    ],
    [
      [
        598,
        627
      ]
    ],
    [
      [
        598,
        624
      ]
    ],
    [
      [
        597,
        623
      ]
    ],
    [
      [
        597,
        622
      ]
    ],
    [
      [
        596,
        621
      ]
    ],
    [
      [
        596,
        619
      ]
    ],
    [
      [
        595,
        618
      ]
    ],
    [
      [
        595,
        617
      ]
    ],
    [
      [
        594,
        617
      ]
    ],
    [
      [
        593,
        616
      ]
    ],
    [
      [
        593,
        614
      ]
    ],
    [
      [
        592,
        613
      ]
    ],
    [
      [
        592,
        610
      ]
    ],
    [
      [
        591,
        609
      ]
    ],
    [
      [
        591,
        608
      ]
    ],
    [
      [
        590,
        607
      ]
    ],
    [
      [
        590,
        606
      ]
    ],
    [
      [
        588,
        604
      ]
    ],
    [
      [
        588,
        602
      ]
    ],
    [
      [
        583,
        597
      ]
    ],
    [
      [
        576,
        597
      ]
    ],
    [
      [
        575,
        598
      ]
    ],
    [
      [
        575,
        604
      ]
    ],
    [
      [
        577,
        604
      ]
    ],
    [
      [
        582,
        609
      ]
    ],
    [
      [
        582,
        610
      ]
    ],
    [
      [
        583,
        611
      ]
    ],
    [
      [
        583,
        613
      ]
    ],
    [
      [
        586,
        616
      ]
    ],
    [
      [
        586,
        620
      ]
    ],
    [
      [
        587,
        621
      ]
    ],
    [
      [
        587,
        622
      ]
    ],
    [
      [
        589,
        624
      ]
    ],
    [
      [
        589,
        625
      ]
    ],
    [
      [
        590,
        626
      ]
    ],
    [
      [
        590,
        628
      ]
    ],
    [
      [
        591,
        629
      ]
    ],
    [
      [
        591,
        630
      ]
    ],
    [
      [
        592,
        631
      ]
    ],
    [
      [
        592,
        633
      ]
    ],
    [
      [
        593,
        634
      ]
    ],
    [
      [
        593,
        637
      ]
    ],
    [
      [
        594,
        638
      ]
    ],
    [
      [
        594,
        640
      ]
    ],
    [
      [
        595,
        641
      ]
    ],
    [
      [
        595,
        644
      ]
    ],
    [
      [
        596,
        645
      ]
    ],
    [
      [
        596,
        648
      ]
    ],
    [
      [
        597,
        649
      ]
    ],
    [
      [
        597,
        651
      ]
    ],
    [
      [
        598,
        652
      ]
    ],
    [
      [
        598,
        657
      ]
    ],
    [
      [
        600,
        659
      ]
    ],
    [
      [
        600,
        662
      ]
    ],
    [
      [
        601,
        663
      ]
    ],
    [
      [
        601,
        665
      ]
    ],
    [
      [
        602,
        666
      ]
    ],
    [
      [
        602,
        667
      ]
    ],
    [
      [
        603,
        668
      ]
    ],
    [
      [
        603,
        671
      ]
    ],
    [
      [
        604,
        672
      ]
    ],
    [
      [
        604,
        673
      ]
    ],
    [
      [
        605,
        674
      ]
    ],
    [
      [
        605,
        676
      ]
    ],
    [
      [
        606,
        677
      ]
    ],
    [
      [
        606,
        679
      ]
    ],
    [
      [
        607,
        680
      ]
    ],
    [
      [
        607,
        682
      ]
    ],
    [
      [
        608,
        683
      ]
    ],
    [
      [
        608,
        685
      ]
    ],
    [
      [
        609,
        686
      ]
    ],
    [
      [
        609,
        688
      ]
    ],
    [
      [
        610,
        689
      ]
    ],
    [
      [
        610,
        691
      ]
    ],
    [
      [
        611,
        692
      ]
    ],
    [
      [
        611,
        694
      ]
    ],
    [
      [
        612,
        695
      ]
    ],
    [
      [
        612,
        697
      ]
    ],
    [
      [
        613,
        698
      ]
    ],
    [
      [
        613,
        700
      ]
    ],
    [
      [
        614,
        701
      ]
    ],
    [
      [
        614,
        703
      ]
    ],
    [
      [
        615,
        704
      ]
    ],
    [
      [
        615,
        706
      ]
    ],
    [
      [
        616,
        707
      ]
    ],
    [
      [
        616,
        708
      ]
    ],
    [
      [
        617,
        709
      ]
    ],
    [
      [
        617,
        712
      ]
    ],
    [
      [
        618,
        713
      ]
    ],
    [
      [
        618,
        714
      ]
    ],
    [
      [
        619,
        715
      ]
    ],
    [
      [
        619,
        718
      ]
    ],
    [
      [
        620,
        719
      ]
    ],
    [
      [
        620,
        721
      ]
    ],
    [
      [
        621,
        722
      ]
    ],
    [
      [
        621,
        723
      ]
    ],
    [
      [
        622,
        724
      ]
    ],
    [
      [
        622,
        726
      ]
    ],
    [
      [
        623,
        727
      ]
    ],
    [
      [
        623,
        729
      ]
    ],
    [
      [
        624,
        730
      ]
    ],
    [
      [
        624,
        732
      ]
    ],
    [
      [
        625,
        733
      ]
    ],
    [
      [
        625,
        734
      ]
    ],
    [
      [
        626,
        735
      ]
    ],
    [
      [
        626,
        738
      ]
    ],
    [
      [
        627,
        739
      ]
    ],
    [
      [
        627,
        756
      ]
    ],
    [
      [
        630,
        756
      ]
    ],
    [
      [
        634,
        760
      ]
    ],
    [
      [
        634,
        763
      ]
    ],
    [
      [
        635,
        764
      ]
    ],
    [
      [
        635,
        766
      ]
    ],
    [
      [
        636,
        767
      ]
    ],
    [
      [
        636,
        769
      ]
    ],
    [
      [
        637,
        770
      ]
    ],
    [
      [
        637,
        771
      ]
    ],
    [
      [
        639,
        773
      ]
    ],
    [
      [
        639,
        776
      ]
    ],
    [
      [
        640,
        777
      ]
    ],
    [
      [
        640,
        778
      ]
    ],
    [
      [
        641,
        779
      ]
    ],
    [
      [
        641,
        783
      ]
    ],
    [
      [
        642,
        784
      ]
    ],
    [
      [
        642,
        785
      ]
    ],
    [
      [
        643,
        786
      ]
    ],
    [
      [
        643,
        788
      ]
    ],
    [
      [
        644,
        789
      ]
    ],
    [
      [
        644,
        791
      ]
    ],
    [
      [
        645,
        792
      ]
    ],
    [
      [
        645,
        793
      ]
    ],
    [
      [
        646,
        794
      ]
    ],
    [
      [
        646,
        796
      ]
    ],
    [
      [
        647,
        797
      ]
    ],
    [
      [
        647,
        801
      ]
    ],
    [
      [
        648,
        802
      ]
    ],
    [
      [
        648,
        803
      ]
    ],
    [
      [
        649,
        804
      ]
    ],
    [
      [
        649,
        805
      ]
    ],
    [
      [
        650,
        806
      ]
    ],
    [
      [
        650,
        808
      ]
    ],
    [
      [
        651,
        809
      ]
    ],
    [
      [
        651,
        812
      ]
    ],
    [
      [
        652,
        813
      ]
    ],
    [
      [
        652,
        816
      ]
    ],
    [
      [
        653,
        817
      ]
    ],
    [
      [
        653,
        819
      ]
    ],
    [
      [
        655,
        821
      ]
    ],
    [
      [
        655,
        824
      ]
    ],
    [
      [
        656,
        825
      ]
    ],
    [
      [
        656,
        837
      ]
    ],
    [
      [
        669,
        837
      ]
    ],
    [
      [
        670,
        838
      ]
    ],
    [
      [
        671,
        838
      ]
    ],
    [
      [
        672,
        839
      ]
    ],
    [
      [
        684,
        839
      ]
    ],
    [
      [
        685,
        840
      ]
    ],
    [
      [
        700,
        840
      ]
    ],
    [
      [
        701,
        841
      ]
    ],
    [
      [
        701,
        850
      ]
    ],
    [
      [
        702,
        851
      ]
    ],
    [
      [
        702,
        860
      ]
    ],
    [
      [
        709,
        860
      ]
    ],
    [
      [
        713,
        864
      ]
    ],
    [
      [
        713,
        868
      ]
    ],
    [
      [
        715,
        870
      ]
    ],
    [
      [
        715,
        871
      ]
    ],
    [
      [
        716,
        872
      ]
    ],
    [
      [
        716,
        876
      ]
    ],
    [
      [
        717,
        877
      ]
    ],
    [
      [
        717,
        878
      ]
    ],
    [
      [
        718,
        879
      ]
    ],
    [
      [
        718,
        896
      ]
    ],
    [
      [
        717,
        897
      ]
    ],
    [
      [
        698,
        897
      ]
    ],
    [
      [
        697,
        896
      ]
    ],
    [
      [
        697,
        893
      ]
    ],
    [
      [
        696,
        892
      ]
    ],
    [
      [
        696,
        890
      ]
    ],
    [
      [
        695,
        889
      ]
    ],
    [
      [
        695,
        887
      ]
    ],
    [
      [
        694,
        886
      ]
    ],
    [
      [
        694,
        885
      ]
    ],
    [
      [
        693,
        884
      ]
    ],
    [
      [
        693,
        883
      ]
    ],
    [
      [
        692,
        882
      ]
    ],
    [
      [
        692,
        879
      ]
    ],
    [
      [
        691,
        878
      ]
    ],
    [
      [
        691,
        870
      ]
    ],
    [
      [
        685,
        870
      ]
    ],
    [
      [
        683,
        872
      ]
    ],
    [
      [
        683,
        881
      ]
    ],
    [
      [
        685,
        883
      ]
    ],
    [
      [
        685,
        884
      ]
    ],
    [
      [
        686,
        885
      ]
    ],
    [
      [
        686,
        888
      ]
    ],
    [
      [
        687,
        889
      ]
    ],
    [
      [
        687,
        891
      ]
    ],
    [
      [
        688,
        892
      ]
    ],
    [
      [
        688,
        893
      ]
    ],
    [
      [
        689,
        894
      ]
    ],
    [
      [
        689,
        896
      ]
    ],
    [
      [
        690,
        897
      ]
    ],
    [
      [
        690,
        898
      ]
    ],
    [
      [
        691,
        899
      ]
    ],
    [
      [
        691,
        903
      ]
    ],
    [
      [
        692,
        904
      ]
    ],
    [
      [
        692,
        905
      ]
    ],
    [
      [
        693,
        906
      ]
    ],
    [
      [
        693,
        907
      ]
    ],
    [
      [
        694,
        908
      ]
    ],
    [
      [
        694,
        912
      ]
    ],
    [
      [
        695,
        913
      ]
    ],
    [
      [
        695,
        914
      ]
    ],
    [
      [
        696,
        915
      ]
    ],
    [
      [
        710,
        915
      ]
    ],
    [
      [
        712,
        917
      ]
    ],
    [
      [
        712,
        919
      ]
    ],
    [
      [
        713,
        920
      ]
    ],
    [
      [
        713,
        929
      ]
    ],
    [
      [
        714,
        930
      ]
    ],
    [
      [
        714,
        936
      ]
    ],
    [
      [
        716,
        938
      ]
    ],
    [
      [
        716,
        941
      ]
    ],
    [
      [
        717,
        942
      ]
    ],
    [
      [
        717,
        944
      ]
    ],
    [
      [
        718,
        945
      ]
    ],
    [
      [
        718,
        947
      ]
    ],
    [
      [
        719,
        948
      ]
    ],
    [
      [
        719,
        949
      ]
    ],
    [
      [
        720,
        950
      ]
    ],
    [
      [
        720,
        951
      ]
    ],
    [
      [
        721,
        952
      ]
    ],
    [
      [
        722,
        952
      ]
    ],
    [
      [
        723,
        953
      ]
    ],
    [
      [
        749,
        953
      ]
    ],
    [
      [
        750,
        954
      ]
    ],
    [
      [
        750,
        955
      ]
    ],
    [
      [
        752,
        957
      ]
    ],
    [
      [
        753,
        957
      ]
    ],
    [
      [
        756,
        960
      ]
    ],
    [
      [
        757,
        960
      ]
    ],
    [
      [
        758,
        961
      ]
    ],
    [
      [
        759,
        961
      ]
    ],
    [
      [
        760,
        962
      ]
    ],
    [
      [
        760,
        963
      ]
    ],
    [
      [
        761,
        964
      ]
    ],
    [
      [
        762,
        964
      ]
    ],
    [
      [
        763,
        965
      ]
    ],
    [
      [
        763,
        969
      ]
    ],
    [
      [
        770,
        969
      ]
    ],
    [
      [
        771,
        970
      ]
    ],
    [
      [
        772,
        970
      ]
    ],
    [
      [
        773,
        971
      ]
    ],
    [
      [
        779,
        971
      ]
    ],
    [
      [
        780,
        972
      ]
    ],
    [
      [
        782,
        972
      ]
    ],
    [
      [
        783,
        973
      ]
    ],
    [
      [
        783,
        974
      ]
    ],
    [
      [
        785,
        974
      ]
    ],
    [
      [
        786,
        975
      ]
    ],
    [
      [
        787,
        975
      ]
    ],
    [
      [
        788,
        976
      ]
    ],
    [
      [
        789,
        976
      ]
    ],
    [
      [
        790,
        977
      ]
    ],
    [
      [
        793,
        977
      ]
    ],
    [
      [
        794,
        978
      ]
    ],
    [
      [
        796,
        978
      ]
    ],
    [
      [
        797,
        979
      ]
    ],
    [
      [
        799,
        979
      ]
    ],
    [
      [
        800,
        980
      ]
    ],
    [
      [
        809,
        980
      ]
    ],
    [
      [
        810,
        981
      ]
    ],
    [
      [
        812,
        981
      ]
    ],
    [
      [
        814,
        983
      ]
    ],
    [
      [
        814,
        984
      ]
    ],
    [
      [
        815,
        985
      ]
    ],
    [
      [
        816,
        985
      ]
    ],
    [
      [
        817,
        986
      ]
    ],
    [
      [
        823,
        986
      ]
    ],
    [
      [
        824,
        987
      ]
    ],
    [
      [
        843,
        987
      ]
    ],
    [
      [
        844,
        986
      ]
    ],
    [
      [
        847,
        986
      ]
    ],
    [
      [
        848,
        985
      ]
    ],
    [
      [
        857,
        985
      ]
    ],
    [
      [
        858,
        984
      ]
    ],
    [
      [
        860,
        984
      ]
    ],
    [
      [
        861,
        983
      ]
    ],
    [
      [
        865,
        983
      ]
    ],
    [
      [
        866,
        982
      ]
    ],
    [
      [
        869,
        982
      ]
    ],
    [
      [
        870,
        981
      ]
    ],
    [
      [
        872,
        981
      ]
    ],
    [
      [
        873,
        980
      ]
    ],
    [
      [
        874,
        980
      ]
    ],
    [
      [
        875,
        979
      ]
    ],
    [
      [
        878,
        979
      ]
    ],
    [
      [
        879,
        978
      ]
    ],
    [
      [
        880,
        978
      ]
    ],
    [
      [
        881,
        977
      ]
    ],
    [
      [
        883,
        977
      ]
    ],
    [
      [
        884,
        976
      ]
    ],
    [
      [
        893,
        976
      ]
    ],
    [
      [
        894,
        975
      ]
    ],
    [
      [
        896,
        975
      ]
    ],
    [
      [
        897,
        974
      ]
    ],
    [
      [
        899,
        974
      ]
    ],
    [
      [
        900,
        973
      ]
    ],
    [
      [
        901,
        973
      ]
    ],
    [
      [
        901,
        966
      ]
    ],
    [
      [
        902,
        965
      ]
    ],
    [
      [
        909,
        965
      ]
    ],
    [
      [
        909,
        962
      ]
    ],
    [
      [
        910,
        961
      ]
    ],
    [
      [
        916,
        961
      ]
    ],
    [
      [
        917,
        960
      ]
    ],
    [
      [
        919,
        960
      ]
    ],
    [
      [
        920,
        959
      ]
    ],
    [
      [
        921,
        959
      ]
    ],
    [
      [
        922,
        958
      ]
    ],
    [
      [
        923,
        958
      ]
    ],
    [
      [
        924,
        957
      ]
    ],
    [
      [
        930,
        957
      ]
    ],
    [
      [
        931,
        956
      ]
    ],
    [
      [
        933,
        956
      ]
    ],
    [
      [
        934,
        955
      ]
    ],
    [
      [
        936,
        955
      ]
    ],
    [
      [
        937,
        954
      ]
    ],
    [
      [
        939,
        954
      ]
    ],
    [
      [
        939,
        953
      ]
    ],
    [
      [
        940,
        952
      ]
    ],
    [
      [
        950,
        952
      ]
    ],
    [
      [
        950,
        951
      ]
    ],
    [
      [
        951,
        950
      ]
    ],
    [
      [
        958,
        950
      ]
    ],
    [
      [
        959,
        949
      ]
    ],
    [
      [
        960,
        949
      ]
    ],
    [
      [
        961,
        948
      ]
    ],
    [
      [
        961,
        947
      ]
    ],
    [
      [
        962,
        946
      ]
    ],
    [
      [
        966,
        946
      ]
    ],
    [
      [
        967,
        945
      ]
    ],
    [
      [
        967,
        943
      ]
    ],
    [
      [
        968,
        942
      ]
    ],
    [
      [
        969,
        942
      ]
    ],
    [
      [
        970,
        941
      ]
    ],
    [
      [
        977,
        941
      ]
    ],
    [
      [
        977,
        939
      ]
    ],
    [
      [
        978,
        938
      ]
    ],
    [
      [
        994,
        938
      ]
    ],
    [
      [
        997,
        935
      ]
    ],
    [
      [
        998,
        935
      ]
    ],
    [
      [
        999,
        934
      ]
    ],
    [
      [
        1005,
        934
      ]
    ],
    [
      [
        1006,
        933
      ]
    ],
    [
      [
        1009,
        933
      ]
    ],
    [
      [
        1010,
        932
      ]
    ],
    [
      [
        1013,
        932
      ]
    ],
    [
      [
        1014,
        931
      ]
    ],
    [
      [
        1015,
        931
      ]
    ],
    [
      [
        1016,
        930
      ]
    ],
    [
      [
        1024,
        930
      ]
    ],
    [
      [
        1025,
        929
      ]
    ],
    [
      [
        1028,
        929
      ]
    ],
    [
      [
        1029,
        928
      ]
    ],
    [
      [
        1030,
        928
      ]
    ],
    [
      [
        1031,
        927
      ]
    ],
    [
      [
        1038,
        927
      ]
    ],
    [
      [
        1039,
        926
      ]
    ],
    [
      [
        1040,
        926
      ]
    ],
    [
      [
        1041,
        925
      ]
    ],
    [
      [
        1043,
        925
      ]
    ],
    [
      [
        1044,
        924
      ]
    ],
    [
      [
        1046,
        924
      ]
    ],
    [
      [
        1048,
        922
      ]
    ],
    [
      [
        1049,
        922
      ]
    ],
    [
      [
        1050,
        921
      ]
    ],
    [
      [
        1051,
        921
      ]
    ],
    [
      [
        1052,
        920
      ]
    ],
    [
      [
        1053,
        920
      ]
    ],
    [
      [
        1054,
        919
      ]
    ],
    [
      [
        1064,
        919
      ]
    ],
    [
      [
        1065,
        918
      ]
    ],
    [
      [
        1068,
        918
      ]
    ],
    [
      [
        1069,
        917
      ]
    ],
    [
      [
        1072,
        917
      ]
    ],
    [
      [
        1073,
        916
      ]
    ],
    [
      [
        1075,
        916
      ]
    ],
    [
      [
        1077,
        914
      ]
    ],
    [
      [
        1078,
        914
      ]
    ],
    [
      [
        1080,
        912
      ]
    ],
    [
      [
        1081,
        912
      ]
    ],
    [
      [
        1082,
        911
      ]
    ],
    [
      [
        1107,
        911
      ]
    ],
    [
      [
        1108,
        910
      ]
    ],
    [
      [
        1109,
        910
      ]
    ],
    [
      [
        1110,
        909
      ]
    ],
    [
      [
        1113,
        909
      ]
    ],
    [
      [
        1114,
        908
      ]
    ],
    [
      [
        1115,
        908
      ]
    ],
    [
      [
        1116,
        907
      ]
    ],
    [
      [
        1120,
        907
      ]
    ],
    [
      [
        1120,
        906
      ]
    ],
    [
      [
        1121,
        905
      ]
    ],
    [
      [
        1145,
        905
      ]
    ],
    [
      [
        1146,
        904
      ]
    ],
    [
      [
        1147,
        904
      ]
    ],
    [
      [
        1148,
        903
      ]
    ],
    [
      [
        1149,
        903
      ]
    ],
    [
      [
        1150,
        902
      ]
    ],
    [
      [
        1168,
        902
      ]
    ],
    [
      [
        1169,
        903
      ]
    ],
    [
      [
        1174,
        903
      ]
    ],
    [
      [
        1175,
        904
      ]
    ],
    [
      [
        1181,
        904
      ]
    ],
    [
      [
        1182,
        903
      ]
    ],
    [
      [
        1184,
        903
      ]
    ],
    [
      [
        1185,
        902
      ]
    ],
    [
      [
        1187,
        902
      ]
    ],
    [
      [
        1188,
        901
      ]
    ],
    [
      [
        1188,
        896
      ]
    ],
    [
      [
        1189,
        895
      ]
    ],
    [
      [
        1209,
        895
      ]
    ],
    [
      [
        1213,
        891
      ]
    ],
    [
      [
        1217,
        891
      ]
    ],
    [
      [
        1218,
        890
      ]
    ],
    [
      [
        1226,
        890
      ]
    ],
    [
      [
        1227,
        889
      ]
    ],
    [
      [
        1229,
        889
      ]
    ],
    [
      [
        1231,
        887
      ]
    ],
    [
      [
        1234,
        887
      ]
    ],
    [
      [
        1234,
        875
      ]
    ],
    [
      [
        1236,
        873
      ]
    ],
    [
      [
        1237,
        873
      ]
    ],
    [
      [
        1238,
        872
      ]
    ],
    [
      [
        1239,
        872
      ]
    ],
    [
      [
        1240,
        871
      ]
    ],
    [
      [
        1248,
        871
      ]
    ],
    [
      [
        1248,
        870
      ]
    ],
    [
      [
        1249,
        869
      ]
    ],
    [
      [
        1249,
        867
      ]
    ],
    [
      [
        1250,
        866
      ]
    ],
    [
      [
        1251,
        866
      ]
    ],
    [
      [
        1252,
        865
      ]
    ],
    [
      [
        1252,
        863
      ]
    ],
    [
      [
        1254,
        861
      ]
    ],
    [
      [
        1255,
        861
      ]
    ],
    [
      [
        1256,
        860
      ]
    ],
    [
      [
        1257,
        860
      ]
    ],
    [
      [
        1260,
        857
      ]
    ],
    [
      [
        1261,
        857
      ]
    ],
    [
      [
        1262,
        856
      ]
    ],
    [
      [
        1264,
        856
      ]
    ],
    [
      [
        1264,
        854
      ]
    ],
    [
      [
        1265,
        853
      ]
    ],
    [
      [
        1265,
        852
      ]
    ],
    [
      [
        1267,
        850
      ]
    ],
    [
      [
        1267,
        849
      ]
    ],
    [
      [
        1268,
        848
      ]
    ],
    [
      [
        1286,
        848
      ]
    ],
    [
      [
        1287,
        849
      ]
    ],
    [
      [
        1287,
        854
      ]
    ],
    [
      [
        1288,
        854
      ]
    ],
    [
      [
        1289,
        855
      ]
    ],
    [
      [
        1289,
        857
      ]
    ],
    [
      [
        1290,
        857
      ]
    ],
    [
      [
        1291,
        858
      ]
    ],
    [
      [
        1294,
        858
      ]
    ],
    [
      [
        1295,
        859
      ]
    ],
    [
      [
        1303,
        859
      ]
    ],
    [
      [
        1304,
        858
      ]
    ],
    [
      [
        1326,
        858
      ]
    ],
    [
      [
        1327,
        859
      ]
    ],
    [
      [
        1333,
        859
      ]
    ],
    [
      [
        1334,
        858
      ]
    ],
    [
      [
        1335,
        858
      ]
    ],
    [
      [
        1336,
        857
      ]
    ],
    [
      [
        1337,
        857
      ]
    ],
    [
      [
        1338,
        856
      ]
    ],
    [
      [
        1338,
        855
      ]
    ],
    [
      [
        1339,
        854
      ]
    ],
    [
      [
        1339,
        853
      ]
    ],
    [
      [
        1341,
        851
      ]
    ],
    [
      [
        1343,
        851
      ]
    ],
    [
      [
        1343,
        849
      ]
    ],
    [
      [
        1344,
        848
      ]
    ],
    [
      [
        1344,
        846
      ]
    ],
    [
      [
        1345,
        845
      ]
    ],
    [
      [
        1345,
        842
      ]
    ],
    [
      [
        1346,
        841
      ]
    ],
    [
      [
        1346,
        839
      ]
    ],
    [
      [
        1347,
        838
      ]
    ],
    [
      [
        1347,
        826
      ]
    ],
    [
      [
        1346,
        825
      ]
    ],
    [
      [
        1346,
        824
      ]
    ],
    [
      [
        1344,
        822
      ]
    ],
    [
      [
        1344,
        813
      ]
    ],
    [
      [
        1343,
        812
      ]
    ],
    [
      [
        1343,
        806
      ]
    ],
    [
      [
        1340,
        803
      ]
    ],
    [
      [
        1340,
        800
      ]
    ],
    [
      [
        1338,
        798
      ]
    ],
    [
      [
        1338,
        792
      ]
    ],
    [
      [
        1337,
        791
      ]
    ],
    [
      [
        1337,
        772
      ]
    ],
    [
      [
        1338,
        771
      ]
    ],
    [
      [
        1344,
        771
      ]
    ],
    [
      [
        1344,
        763
      ]
    ],
    [
      [
        1343,
        762
      ]
    ],
    [
      [
        1343,
        760
      ]
    ],
    [
      [
        1342,
        759
      ]
    ],
    [
      [
        1342,
        755
      ]
    ],
    [
      [
        1341,
        754
      ]
    ],
    [
      [
        1341,
        752
      ]
    ],
    [
      [
        1340,
        751
      ]
    ],
    [
      [
        1340,
        749
      ]
    ],
    [
      [
        1339,
        748
      ]
    ],
    [
      [
        1339,
        744
      ]
    ],
    [
      [
        1338,
        743
      ]
    ],
    [
      [
        1338,
        740
      ]
    ],
    [
      [
        1337,
        739
      ]
    ],
    [
      [
        1337,
        738
      ]
    ],
    [
      [
        1336,
        737
      ]
    ],
    [
      [
        1336,
        735
      ]
    ],
    [
      [
        1335,
        734
      ]
    ],
    [
      [
        1335,
        728
      ]
    ],
    [
      [
        1333,
        726
      ]
    ],
    [
      [
        1333,
        721
      ]
    ],
    [
      [
        1332,
        720
      ]
    ],
    [
      [
        1332,
        719
      ]
    ],
    [
      [
        1331,
        718
      ]
    ],
    [
      [
        1331,
        714
      ]
    ],
    [
      [
        1330,
        713
      ]
    ],
    [
      [
        1330,
        710
      ]
    ],
    [
      [
        1329,
        709
      ]
    ],
    [
      [
        1329,
        704
      ]
    ],
    [
      [
        1328,
        703
      ]
    ],
    [
      [
        1328,
        702
      ]
    ],
    [
      [
        1327,
        701
      ]
    ],
    [
      [
        1327,
        698
      ]
    ],
    [
      [
        1326,
        697
      ]
    ],
    [
      [
        1326,
        694
      ]
    ],
    [
      [
        1325,
        693
      ]
    ],
    [
      [
        1325,
        692
      ]
    ],
    [
      [
        1324,
        691
      ]
    ],
    [
      [
        1324,
        685
      ]
    ],
    [
      [
        1323,
        684
      ]
    ],
    [
      [
        1323,
        673
      ]
    ],
    [
      [
        1322,
        672
      ]
    ],
    [
      [
        1316,
        672
      ]
    ],
    [
      [
        1316,
        675
      ]
    ],
    [
      [
        1315,
        676
      ]
    ],
    [
      [
        1314,
        676
      ]
    ],
    [
      [
        1313,
        677
      ]
    ],
    [
      [
        1310,
        677
      ]
    ],
    [
      [
        1310,
        703
      ]
    ],
    [
      [
        1309,
        704
      ]
    ],
    [
      [
        1278,
        704
      ]
    ],
    [
      [
        1276,
        702
      ]
    ],
    [
      [
        1276,
        698
      ]
    ],
    [
      [
        1275,
        697
      ]
    ],
    [
      [
        1275,
        692
      ]
    ],
    [
      [
        1274,
        691
      ]
    ],
    [
      [
        1274,
        689
      ]
    ],
    [
      [
        1273,
        688
      ]
    ],
    [
      [
        1273,
        686
      ]
    ],
    [
      [
        1272,
        685
      ]
    ],
    [
      [
        1272,
        653
      ]
    ],
    [
      [
        1271,
        652
      ]
    ],
    [
      [
        1271,
        651
      ]
    ],
    [
      [
        1269,
        649
      ]
    ],
    [
      [
        1269,
        648
      ]
    ],
    [
      [
        1266,
        645
      ]
    ],
    [
      [
        1264,
        645
      ]
    ],
    [
      [
        1260,
        641
      ]
    ],
    [
      [
        1260,
        639
      ]
    ],
    [
      [
        1259,
        638
      ]
    ],
    [
      [
        1259,
        637
      ]
    ],
    [
      [
        1258,
        636
      ]
    ],
    [
      [
        1258,
        630
      ]
    ],
    [
      [
        1257,
        629
      ]
    ],
    [
      [
        1257,
        627
      ]
    ],
    [
      [
        1256,
        626
      ]
    ],
    [
      [
        1256,
        625
      ]
    ],
    [
      [
        1255,
        624
      ]
    ],
    [
      [
        1255,
        622
      ]
    ],
    [
      [
        1254,
        621
      ]
    ],
    [
      [
        1254,
        618
      ]
    ],
    [
      [
        1253,
        617
      ]
    ],
    [
      [
        1253,
        615
      ]
    ],
    [
      [
        1252,
        614
      ]
    ],
    [
      [
        1252,
        613
      ]
    ],
    [
      [
        1251,
        612
      ]
    ],
    [
      [
        1251,
        607
      ]
    ],
    [
      [
        1250,
        606
      ]
    ],
    [
      [
        1250,
        605
      ]
    ],
    [
      [
        1249,
        604
      ]
    ],
    [
      [
        1249,
        601
      ]
    ],
    [
      [
        1248,
        600
      ]
    ],
    [
      [
        1248,
        598
      ]
    ],
    [
      [
        1247,
        597
      ]
    ],
    [
      [
        1247,
        594
      ]
    ],
    [
      [
        1246,
        593
      ]
    ],
    [
      [
        1246,
        590
      ]
    ],
    [
      [
        1245,
        589
      ]
    ],
    [
      [
        1245,
        568
      ]
    ],
    [
      [
        1246,
        567
      ]
    ],
    [
      [
        1266,
        567
      ]
    ],
    [
      [
        1266,
        561
      ]
    ],
    [
      [
        1264,
        559
      ]
    ],
    [
      [
        1264,
        555
      ]
    ],
    [
      [
        1263,
        555
      ]
    ],
    [
      [
        1261,
        553
      ]
    ],
    [
      [
        1261,
        549
      ]
    ],
    [
      [
        1260,
        548
      ]
    ],
    [
      [
        1260,
        547
      ]
    ],
    [
      [
        1259,
        546
      ]
    ],
    [
      [
        1259,
        544
      ]
    ],
    [
      [
        1258,
        543
      ]
    ],
    [
      [
        1258,
        542
      ]
    ],
    [
      [
        1257,
        541
      ]
    ],
    [
      [
        1257,
        537
      ]
    ],
    [
      [
        1256,
        536
      ]
    ],
    [
      [
        1256,
        531
      ]
    ],
    [
      [
        1255,
        530
      ]
    ],
    [
      [
        1255,
        528
      ]
    ],
    [
      [
        1254,
        527
      ]
    ],
    [
      [
        1254,
        522
      ]
    ],
    [
      [
        1253,
        521
      ]
    ],
    [
      [
        1253,
        520
      ]
    ],
    [
      [
        1252,
        519
      ]
    ],
    [
      [
        1252,
        518
      ]
    ],
    [
      [
        1250,
        516
      ]
    ],
    [
      [
        1250,
        513
      ]
    ],
    [
      [
        1249,
        512
      ]
    ],
    [
      [
        1249,
        508
      ]
    ],
    [
      [
        1248,
        507
      ]
    ],
    [
      [
        1248,
        506
      ]
    ],
    [
      [
        1247,
        505
      ]
    ],
    [
      [
        1247,
        502
      ]
    ],
    [
      [
        1245,
        500
      ]
    ],
    [
      [
        1245,
        495
      ]
    ],
    [
      [
        1244,
        494
      ]
    ],
    [
      [
        1244,
        493
      ]
    ],
    [
      [
        1240,
        493
      ]
    ],
    [
      [
        1239,
        492
      ]
    ],
    [
      [
        1239,
        487
      ]
    ],
    [
      [
        1238,
        486
      ]
    ],
    [
      [
        1238,
        485
      ]
    ],
    [
      [
        1237,
        485
      ]
    ],
    [
      [
        1236,
        484
      ]
    ],
    [
      [
        1236,
        479
      ]
    ],
    [
      [
        1235,
        478
      ]
    ],
    [
      [
        1235,
        464
      ]
    ],
    [
      [
        1234,
        463
      ]
    ],
    [
      [
        1234,
        455
      ]
    ],
    [
      [
        1233,
        454
      ]
    ],
    [
      [
        1233,
        452
      ]
    ],
    [
      [
        1232,
        451
      ]
    ],
    [
      [
        1232,
        450
      ]
    ],
    [
      [
        1231,
        449
      ]
    ],
    [
      [
        1231,
        447
      ]
    ],
    [
      [
        1230,
        446
      ]
    ],
    [
      [
        1230,
        440
      ]
    ],
    [
      [
        1227,
        437
      ]
    ],
    [
      [
        1227,
        432
      ]
    ],
    [
      [
        1226,
        431
      ]
    ],
    [
      [
        1226,
        430
      ]
    ],
    [
      [
        1224,
        428
      ]
    ],
    [
      [
        1224,
        427
      ]
    ],
    [
      [
        1221,
        427
      ]
    ],
    [
      [
        1220,
        426
      ]
    ],
    [
      [
        1220,
        425
      ]
    ],
    [
      [
        1219,
        424
      ]
    ],
    [
      [
        1219,
        421
      ]
    ],
    [
      [
        1218,
        420
      ]
    ],
    [
      [
        1218,
        416
      ]
    ],
    [
      [
        1217,
        415
      ]
    ],
    [
      [
        1217,
        414
      ]
    ],
    [
      [
        1216,
        413
      ]
    ],
    [
      [
        1216,
        410
      ]
    ],
    [
      [
        1215,
        409
      ]
    ],
    [
      [
        1215,
        407
      ]
    ],
    [
      [
        1214,
        406
      ]
    ],
    [
      [
        1214,
        405
      ]
    ],
    [
      [
        1213,
        404
      ]
    ],
    [
      [
        1213,
        400
      ]
    ],
    [
      [
        1212,
        399
      ]
    ],
    [
      [
        1212,
        397
      ]
    ],
    [
      [
        1211,
        396
      ]
    ],
    [
      [
        1211,
        394
      ]
    ],
    [
      [
        1210,
        393
      ]
    ],
    [
      [
        1210,
        389
      ]
    ],
    [
      [
        1209,
        388
      ]
    ],
    [
      [
        1209,
        387
      ]
    ],
    [
      [
        1208,
        386
      ]
    ],
    [
      [
        1208,
        383
      ]
    ],
    [
      [
        1206,
        383
      ]
    ],
    [
      [
        1205,
        382
      ]
    ],
    [
      [
        1205,
        375
      ]
    ],
    [
      [
        1204,
        374
      ]
    ],
    [
      [
        1204,
        372
      ]
    ],
    [
      [
        1203,
        371
      ]
    ],
    [
      [
        1203,
        369
      ]
    ],
    [
      [
        1202,
        369
      ]
    ],
    [
      [
        1201,
        368
      ]
    ],
    [
      [
        1201,
        360
      ]
    ],
    [
      [
        1200,
        359
      ]
    ],
    [
      [
        1200,
        357
      ]
    ],
    [
      [
        1199,
        356
      ]
    ],
    [
      [
        1198,
        356
      ]
    ],
    [
      [
        1197,
        355
      ]
    ],
    [
      [
        1197,
        336
      ]
    ],
    [
      [
        1190,
        336
      ]
    ],
    [
      [
        1189,
        337
      ]
    ],
    [
      [
        1172,
        337
      ]
    ],
    [
      [
        1171,
        336
      ]
    ],
    [
      [
        1171,
        334
      ]
    ],
    [
      [
        1170,
        333
      ]
    ],
    [
      [
        1170,
        329
      ]
    ],
    [
      [
        1169,
        328
      ]
    ],
    [
      [
        1169,
        327
      ]
    ],
    [
      [
        1168,
        326
      ]
    ],
    [
      [
        1168,
        324
      ]
    ],
    [
      [
        1167,
        323
      ]
    ],
    [
      [
        1167,
        304
      ]
    ],
    [
      [
        1166,
        304
      ]
    ],
    [
      [
        1165,
        303
      ]
    ],
    [
      [
        1165,
        301
      ]
    ],
    [
      [
        1164,
        300
      ]
    ],
    [
      [
        1164,
        299
      ]
    ],
    [
      [
        1160,
        299
      ]
    ],
    [
      [
        1159,
        298
      ]
    ],
    [
      [
        1159,
        297
      ]
    ],
    [
      [
        1158,
        296
      ]
    ],
    [
      [
        1158,
        295
      ]
    ],
    [
      [
        1157,
        294
      ]
    ],
    [
      [
        1157,
        289
      ]
    ],
    [
      [
        1156,
        288
      ]
    ],
    [
      [
        1156,
        286
      ]
    ],
    [
      [
        1155,
        285
      ]
    ],
    [
      [
        1155,
        284
      ]
    ],
    [
      [
        1154,
        283
      ]
    ],
    [
      [
        1154,
        277
      ]
    ],
    [
      [
        1153,
        276
      ]
    ],
    [
      [
        1153,
        275
      ]
    ],
    [
      [
        1152,
        274
      ]
    ],
    [
      [
        1152,
        273
      ]
    ],
    [
      [
        1151,
        272
      ]
    ],
    [
      [
        1151,
        270
      ]
    ],
    [
      [
        1150,
        269
      ]
    ],
    [
      [
        1150,
        268
      ]
    ],
    [
      [
        1149,
        267
      ]
    ],
    [
      [
        1149,
        264
      ]
    ],
    [
      [
        1148,
        263
      ]
    ],
    [
      [
        1148,
        237
      ]
    ],
    [
      [
        1147,
        236
      ]
    ],
    [
      [
        1147,
        232
      ]
    ],
    [
      [
        1145,
        232
      ]
    ],
    [
      [
        1144,
        231
      ]
    ],
    [
      [
        1144,
        230
      ]
    ],
    [
      [
        1143,
        229
      ]
    ],
    [
      [
        1142,
        229
      ]
    ],
    [
      [
        1140,
        227
      ]
    ],
    [
      [
        1139,
        227
      ]
    ],
    [
      [
        1137,
        225
      ]
    ],
    [
      [
        1137,
        207
      ]
    ],
    [
      [
        1138,
        206
      ]
    ],
    [
      [
        1162,
        206
      ]
    ],
    [
      [
        1162,
        200
      ]
    ],
    [
      [
        1161,
        199
      ]
    ],
    [
      [
        1161,
        191
      ]
    ],
    [
      [
        1160,
        190
      ]
    ],
    [
      [
        1160,
        177
      ]
    ],
    [
      [
        1157,
        174
      ]
    ],
    [
      [
        1157,
        171
      ]
    ],
    [
      [
        1156,
        170
      ]
    ],
    [
      [
        1156,
        168
      ]
    ],
    [
      [
        1155,
        167
      ]
    ],
    [
      [
        1155,
        165
      ]
    ],
    [
      [
        1154,
        164
      ]
    ],
    [
      [
        1154,
        161
      ]
    ],
    [
      [
        1153,
        160
      ]
    ],
    [
      [
        1153,
        159
      ]
    ],
    [
      [
        1152,
        158
      ]
    ],
    [
      [
        1152,
        155
      ]
    ],
    [
      [
        1151,
        154
      ]
    ],
    [
      [
        1151,
        152
      ]
    ],
    [
      [
        1150,
        151
      ]
    ],
    [
      [
        1150,
        149
      ]
    ],
    [
      [
        1148,
        147
      ]
    ],
    [
      [
        1148,
        145
      ]
    ],
    [
      [
        1147,
        144
      ]
    ],
    [
      [
        1147,
        141
      ]
    ],
    [
      [
        1146,
        140
      ]
    ],
    [
      [
        1146,
        135
      ]
    ],
    [
      [
        1145,
        134
      ]
    ],
    [
      [
        1145,
        133
      ]
    ],
    [
      [
        1144,
        132
      ]
    ],
    [
      [
        1144,
        130
      ]
    ],
    [
      [
        1143,
        129
      ]
    ],
    [
      [
        1143,
        126
      ]
    ],
    [
      [
        1142,
        126
      ]
    ],
    [
      [
        1141,
        125
      ]
    ],
    [
      [
        1141,
        118
      ]
    ],
    [
      [
        1139,
        116
      ]
    ],
    [
      [
        1139,
        114
      ]
    ],
    [
      [
        1138,
        113
      ]
    ],
    [
      [
        1138,
        112
      ]
    ],
    [
      [
        1136,
        110
      ]
    ],
    [
      [
        1136,
        107
      ]
    ],
    [
      [
        1135,
        106
      ]
    ],
    [
      [
        1135,
        102
      ]
    ],
    [
      [
        1134,
        101
      ]
    ],
    [
      [
        1134,
        100
      ]
    ],
    [
      [
        1133,
        99
      ]
    ],
    [
      [
        1133,
        98
      ]
    ],
    [
      [
        1132,
        97
      ]
    ],
    [
      [
        1132,
        80
      ]
    ],
    [
      [
        1133,
        79
      ]
    ],
    [
      [
        1134,
        79
      ]
    ],
    [
      [
        1134,
        55
      ]
    ],
    [
      [
        1135,
        54
      ]
    ],
    [
      [
        1135,
        39
      ]
    ],
    [
      [
        1134,
        38
      ]
    ],
    [
      [
        1134,
        37
      ]
    ],
    [
      [
        1133,
        37
      ]
    ],
    [
      [
        1132,
        36
      ]
    ],
    [
      [
        1132,
        35
      ]
    ],
    [
      [
        1130,
        33
      ]
    ],
    [
      [
        1130,
        32
      ]
    ],
    [
      [
        1127,
        29
      ]
    ],
    [
      [
        1126,
        29
      ]
    ],
    [
      [
        1125,
        28
      ]
    ],
    [
      [
        1125,
        27
      ]
    ],
    [
      [
        1124,
        26
      ]
    ],
    [
      [
        1123,
        26
      ]
    ],
    [
      [
        1121,
        24
      ]
    ],
    [
      [
        1121,
        23
      ]
    ],
    [
      [
        1120,
        23
      ]
    ],
    [
      [
        1119,
        22
      ]
    ],
    [
      [
        1117,
        22
      ]
    ],
    [
      [
        1115,
        20
      ]
    ],
    [
      [
        1112,
        20
      ]
    ],
    [
      [
        1111,
        19
      ]
    ],
    [
      [
        1107,
        19
      ]
    ],
    [
      [
        1106,
        18
      ]
    ],
    [
      [
        1102,
        18
      ]
    ],
    [
      [
        1101,
        17
      ]
    ]
  ],
  "segment_square_corners": [
    [
      443.69073486328125,
      206.57440185546875
    ],
    [
      1124.8006591796875,
      4.60479736328125
    ],
    [
      1374.505126953125,
      846.6924438476562
    ],
    [
      693.3951416015625,
      1048.662109375
    ]
  ],
  "phrases": [
    "box"
  ],
  "selected_bbox": [
    0.44884946942329407,
    0.4636240601539612,
    0.47667473554611206,
    0.887617290019989
  ]
}