{
  "timestamp": 1761056179.223545,
  "session_id": "session_20251021_211452_51253c84",
  "supplier_id": "",
  "qr_data": "695991",
  "qr_items": {
    "tangerine": 4
  },
  "qr_corners": [
    [
      797.0,
      341.0
    ],
    [
      717.0,
      282.0
    ],
    [
      777.0,
      202.0
    ],
    [
      857.0,
      261.0
    ]
  ],
  "segment_corners": [
    [
      [
        754,
        33
      ]
    ],
    [
      [
        753,
        34
      ]
    ],
    [
      [
        749,
        34
      ]
    ],
    [
      [
        748,
        35
      ]
    ],
    [
      [
        746,
        35
      ]
    ],
    [
      [
        745,
        36
      ]
    ],
    [
      [
        744,
        36
      ]
    ],
    [
      [
        742,
        38
      ]
    ],
    [
      [
        741,
        38
      ]
    ],
    [
      [
        736,
        43
      ]
    ],
    [
      [
        736,
        44
      ]
    ],
    [
      [
        733,
        47
      ]
    ],
    [
      [
        733,
        48
      ]
    ],
    [
      [
        731,
        50
      ]
    ],
    [
      [
        731,
        52
      ]
    ],
    [
      [
        730,
        53
      ]
    ],
    [
      [
        729,
        53
      ]
    ],
    [
      [
        727,
        55
      ]
    ],
    [
      [
        727,
        56
      ]
    ],
    [
      [
        724,
        59
      ]
    ],
    [
      [
        724,
        62
      ]
    ],
    [
      [
        719,
        67
      ]
    ],
    [
      [
        719,
        68
      ]
    ],
    [
      [
        717,
        70
      ]
    ],
    [
      [
        717,
        71
      ]
    ],
    [
      [
        715,
        73
      ]
    ],
    [
      [
        715,
        74
      ]
    ],
    [
      [
        714,
        75
      ]
    ],
    [
      [
        714,
        76
      ]
    ],
    [
      [
        713,
        77
      ]
    ],
    [
      [
        713,
        78
      ]
    ],
    [
      [
        711,
        80
      ]
    ],
    [
      [
        711,
        82
      ]
    ],
    [
      [
        705,
        88
      ]
    ],
    [
      [
        705,
        89
      ]
    ],
    [
      [
        704,
        90
      ]
    ],
    [
      [
        704,
        91
      ]
    ],
    [
      [
        702,
        93
      ]
    ],
    [
      [
        702,
        94
      ]
    ],
    [
      [
        700,
        96
      ]
    ],
    [
      [
        700,
        97
      ]
    ],
    [
      [
        699,
        98
      ]
    ],
    [
      [
        697,
        98
      ]
    ],
    [
      [
        697,
        99
      ]
    ],
    [
      [
        696,
        100
      ]
    ],
    [
      [
        695,
        100
      ]
    ],
    [
      [
        695,
        101
      ]
    ],
    [
      [
        694,
        102
      ]
    ],
    [
      [
        694,
        108
      ]
    ],
    [
      [
        693,
        109
      ]
    ],
    [
      [
        692,
        109
      ]
    ],
    [
      [
        691,
        110
      ]
    ],
    [
      [
        690,
        110
      ]
    ],
    [
      [
        690,
        111
      ]
    ],
    [
      [
        688,
        113
      ]
    ],
    [
      [
        688,
        114
      ]
    ],
    [
      [
        687,
        115
      ]
    ],
    [
      [
        687,
        117
      ]
    ],
    [
      [
        686,
        118
      ]
    ],
    [
      [
        686,
        119
      ]
    ],
    [
      [
        684,
        121
      ]
    ],
    [
      [
        683,
        121
      ]
    ],
    [
      [
        682,
        122
      ]
    ],
    [
      [
        682,
        123
      ]
    ],
    [
      [
        681,
        124
      ]
    ],
    [
      [
        681,
        125
      ]
    ],
    [
      [
        679,
        127
      ]
    ],
    [
      [
        679,
        129
      ]
    ],
    [
      [
        675,
        133
      ]
    ],
    [
      [
        675,
        135
      ]
    ],
    [
      [
        672,
        138
      ]
    ],
    [
      [
        672,
        139
      ]
    ],
    [
      [
        671,
        140
      ]
    ],
    [
      [
        671,
        141
      ]
    ],
    [
      [
        669,
        143
      ]
    ],
    [
      [
        669,
        144
      ]
    ],
    [
      [
        668,
        145
      ]
    ],
    [
      [
        668,
        146
      ]
    ],
    [
      [
        666,
        148
      ]
    ],
    [
      [
        666,
        149
      ]
    ],
    [
      [
        661,
        154
      ]
    ],
    [
      [
        661,
        155
      ]
    ],
    [
      [
        659,
        157
      ]
    ],
    [
      [
        658,
        157
      ]
    ],
    [
      [
        658,
        165
      ]
    ],
    [
      [
        657,
        166
      ]
    ],
    [
      [
        656,
        166
      ]
    ],
    [
      [
        656,
        167
      ]
    ],
    [
      [
        655,
        168
      ]
    ],
    [
      [
        655,
        173
      ]
    ],
    [
      [
        654,
        174
      ]
    ],
    [
      [
        650,
        174
      ]
    ],
    [
      [
        649,
        175
      ]
    ],
    [
      [
        648,
        175
      ]
    ],
    [
      [
        646,
        177
      ]
    ],
    [
      [
        646,
        178
      ]
    ],
    [
      [
        645,
        179
      ]
    ],
    [
      [
        645,
        181
      ]
    ],
    [
      [
        644,
        182
      ]
    ],
    [
      [
        634,
        182
      ]
    ],
    [
      [
        633,
        183
      ]
    ],
    [
      [
        633,
        184
      ]
    ],
    [
      [
        631,
        186
      ]
    ],
    [
      [
        631,
        188
      ]
    ],
    [
      [
        628,
        191
      ]
    ],
    [
      [
        628,
        193
      ]
    ],
    [
      [
        626,
        195
      ]
    ],
    [
      [
        626,
        196
      ]
    ],
    [
      [
        625,
        197
      ]
    ],
    [
      [
        624,
        197
      ]
    ],
    [
      [
        623,
        198
      ]
    ],
    [
      [
        623,
        199
      ]
    ],
    [
      [
        621,
        201
      ]
    ],
    [
      [
        621,
        202
      ]
    ],
    [
      [
        620,
        203
      ]
    ],
    [
      [
        620,
        204
      ]
    ],
    [
      [
        615,
        209
      ]
    ],
    [
      [
        615,
        210
      ]
    ],
    [
      [
        614,
        211
      ]
    ],
    [
      [
        614,
        212
      ]
    ],
    [
      [
        610,
        216
      ]
    ],
    [
      [
        610,
        223
      ]
    ],
    [
      [
        612,
        225
      ]
    ],
    [
      [
        620,
        225
      ]
    ],
    [
      [
        622,
        223
      ]
    ],
    [
      [
        622,
        221
      ]
    ],
    [
      [
        623,
        220
      ]
    ],
    [
      [
        624,
        220
      ]
    ],
    [
      [
        624,
        219
      ]
    ],
    [
      [
        627,
        216
      ]
    ],
    [
      [
        627,
        213
      ]
    ],
    [
      [
        629,
        211
      ]
    ],
    [
      [
        630,
        211
      ]
    ],
    [
      [
        633,
        208
      ]
    ],
    [
      [
        633,
        207
      ]
    ],
    [
      [
        634,
        206
      ]
    ],
    [
      [
        634,
        205
      ]
    ],
    [
      [
        636,
        203
      ]
    ],
    [
      [
        636,
        202
      ]
    ],
    [
      [
        637,
        201
      ]
    ],
    [
      [
        638,
        201
      ]
    ],
    [
      [
        642,
        197
      ]
    ],
    [
      [
        642,
        196
      ]
    ],
    [
      [
        644,
        194
      ]
    ],
    [
      [
        644,
        189
      ]
    ],
    [
      [
        645,
        188
      ]
    ],
    [
      [
        669,
        188
      ]
    ],
    [
      [
        670,
        189
      ]
    ],
    [
      [
        670,
        206
      ]
    ],
    [
      [
        668,
        208
      ]
    ],
    [
      [
        668,
        209
      ]
    ],
    [
      [
        665,
        212
      ]
    ],
    [
      [
        665,
        213
      ]
    ],
    [
      [
        662,
        216
      ]
    ],
    [
      [
        662,
        217
      ]
    ],
    [
      [
        661,
        218
      ]
    ],
    [
      [
        661,
        219
      ]
    ],
    [
      [
        659,
        221
      ]
    ],
    [
      [
        659,
        222
      ]
    ],
    [
      [
        656,
        225
      ]
    ],
    [
      [
        655,
        225
      ]
    ],
    [
      [
        655,
        226
      ]
    ],
    [
      [
        654,
        227
      ]
    ],
    [
      [
        654,
        241
      ]
    ],
    [
      [
        653,
        242
      ]
    ],
    [
      [
        653,
        243
      ]
    ],
    [
      [
        650,
        246
      ]
    ],
    [
      [
        643,
        246
      ]
    ],
    [
      [
        640,
        249
      ]
    ],
    [
      [
        631,
        249
      ]
    ],
    [
      [
        630,
        250
      ]
    ],
    [
      [
        630,
        251
      ]
    ],
    [
      [
        628,
        253
      ]
    ],
    [
      [
        628,
        254
      ]
    ],
    [
      [
        626,
        256
      ]
    ],
    [
      [
        625,
        256
      ]
    ],
    [
      [
        625,
        260
      ]
    ],
    [
      [
        624,
        261
      ]
    ],
    [
      [
        623,
        261
      ]
    ],
    [
      [
        623,
        262
      ]
    ],
    [
      [
        619,
        266
      ]
    ],
    [
      [
        619,
        267
      ]
    ],
    [
      [
        617,
        269
      ]
    ],
    [
      [
        617,
        270
      ]
    ],
    [
      [
        615,
        272
      ]
    ],
    [
      [
        615,
        274
      ]
    ],
    [
      [
        613,
        276
      ]
    ],
    [
      [
        613,
        277
      ]
    ],
    [
      [
        612,
        278
      ]
    ],
    [
      [
        612,
        279
      ]
    ],
    [
      [
        609,
        282
      ]
    ],
    [
      [
        609,
        283
      ]
    ],
    [
      [
        607,
        285
      ]
    ],
    [
      [
        607,
        286
      ]
    ],
    [
      [
        606,
        287
      ]
    ],
    [
      [
        606,
        288
      ]
    ],
    [
      [
        602,
        292
      ]
    ],
    [
      [
        602,
        293
      ]
    ],
    [
      [
        599,
        296
      ]
    ],
    [
      [
        599,
        298
      ]
    ],
    [
      [
        595,
        302
      ]
    ],
    [
      [
        595,
        303
      ]
    ],
    [
      [
        594,
        304
      ]
    ],
    [
      [
        577,
        304
      ]
    ],
    [
      [
        576,
        303
      ]
    ],
    [
      [
        576,
        287
      ]
    ],
    [
      [
        563,
        287
      ]
    ],
    [
      [
        561,
        289
      ]
    ],
    [
      [
        561,
        290
      ]
    ],
    [
      [
        558,
        293
      ]
    ],
    [
      [
        558,
        295
      ]
    ],
    [
      [
        556,
        297
      ]
    ],
    [
      [
        556,
        298
      ]
    ],
    [
      [
        552,
        302
      ]
    ],
    [
      [
        552,
        303
      ]
    ],
    [
      [
        551,
        304
      ]
    ],
    [
      [
        551,
        305
      ]
    ],
    [
      [
        550,
        306
      ]
    ],
    [
      [
        550,
        307
      ]
    ],
    [
      [
        549,
        308
      ]
    ],
    [
      [
        549,
        309
      ]
    ],
    [
      [
        548,
        310
      ]
    ],
    [
      [
        548,
        311
      ]
    ],
    [
      [
        545,
        314
      ]
    ],
    [
      [
        545,
        315
      ]
    ],
    [
      [
        543,
        317
      ]
    ],
    [
      [
        543,
        318
      ]
    ],
    [
      [
        541,
        320
      ]
    ],
    [
      [
        541,
        321
      ]
    ],
    [
      [
        539,
        323
      ]
    ],
    [
      [
        539,
        324
      ]
    ],
    [
      [
        536,
        327
      ]
    ],
    [
      [
        536,
        329
      ]
    ],
    [
      [
        535,
        330
      ]
    ],
    [
      [
        535,
        331
      ]
    ],
    [
      [
        530,
        336
      ]
    ],
    [
      [
        527,
        336
      ]
    ],
    [
      [
        527,
        341
      ]
    ],
    [
      [
        526,
        342
      ]
    ],
    [
      [
        526,
        343
      ]
    ],
    [
      [
        525,
        344
      ]
    ],
    [
      [
        525,
        353
      ]
    ],
    [
      [
        526,
        354
      ]
    ],
    [
      [
        532,
        354
      ]
    ],
    [
      [
        532,
        353
      ]
    ],
    [
      [
        533,
        352
      ]
    ],
    [
      [
        550,
        352
      ]
    ],
    [
      [
        551,
        353
      ]
    ],
    [
      [
        551,
        370
      ]
    ],
    [
      [
        550,
        371
      ]
    ],
    [
      [
        549,
        371
      ]
    ],
    [
      [
        549,
        373
      ]
    ],
    [
      [
        547,
        375
      ]
    ],
    [
      [
        546,
        375
      ]
    ],
    [
      [
        546,
        376
      ]
    ],
    [
      [
        545,
        377
      ]
    ],
    [
      [
        545,
        379
      ]
    ],
    [
      [
        541,
        383
      ]
    ],
    [
      [
        541,
        384
      ]
    ],
    [
      [
        539,
        386
      ]
    ],
    [
      [
        539,
        387
      ]
    ],
    [
      [
        538,
        388
      ]
    ],
    [
      [
        538,
        389
      ]
    ],
    [
      [
        535,
        392
      ]
    ],
    [
      [
        535,
        393
      ]
    ],
    [
      [
        534,
        394
      ]
    ],
    [
      [
        534,
        396
      ]
    ],
    [
      [
        528,
        402
      ]
    ],
    [
      [
        528,
        403
      ]
    ],
    [
      [
        527,
        404
      ]
    ],
    [
      [
        527,
        405
      ]
    ],
    [
      [
        526,
        406
      ]
    ],
    [
      [
        516,
        406
      ]
    ],
    [
      [
        516,
        407
      ]
    ],
    [
      [
        515,
        408
      ]
    ],
    [
      [
        506,
        408
      ]
    ],
    [
      [
        506,
        409
      ]
    ],
    [
      [
        504,
        411
      ]
    ],
    [
      [
        504,
        412
      ]
    ],
    [
      [
        503,
        413
      ]
    ],
    [
      [
        500,
        413
      ]
    ],
    [
      [
        500,
        417
      ]
    ],
    [
      [
        499,
        418
      ]
    ],
    [
      [
        499,
        419
      ]
    ],
    [
      [
        497,
        421
      ]
    ],
    [
      [
        497,
        422
      ]
    ],
    [
      [
        495,
        424
      ]
    ],
    [
      [
        495,
        425
      ]
    ],
    [
      [
        494,
        426
      ]
    ],
    [
      [
        494,
        428
      ]
    ],
    [
      [
        492,
        430
      ]
    ],
    [
      [
        492,
        431
      ]
    ],
    [
      [
        488,
        435
      ]
    ],
    [
      [
        488,
        436
      ]
    ],
    [
      [
        487,
        437
      ]
    ],
    [
      [
        487,
        438
      ]
    ],
    [
      [
        484,
        441
      ]
    ],
    [
      [
        484,
        443
      ]
    ],
    [
      [
        480,
        447
      ]
    ],
    [
      [
        480,
        449
      ]
    ],
    [
      [
        478,
        451
      ]
    ],
    [
      [
        478,
        452
      ]
    ],
    [
      [
        477,
        453
      ]
    ],
    [
      [
        477,
        454
      ]
    ],
    [
      [
        476,
        455
      ]
    ],
    [
      [
        475,
        455
      ]
    ],
    [
      [
        474,
        456
      ]
    ],
    [
      [
        474,
        459
      ]
    ],
    [
      [
        470,
        463
      ]
    ],
    [
      [
        470,
        464
      ]
    ],
    [
      [
        469,
        465
      ]
    ],
    [
      [
        469,
        466
      ]
    ],
    [
      [
        467,
        468
      ]
    ],
    [
      [
        467,
        469
      ]
    ],
    [
      [
        465,
        471
      ]
    ],
    [
      [
        465,
        473
      ]
    ],
    [
      [
        464,
        474
      ]
    ],
    [
      [
        464,
        475
      ]
    ],
    [
      [
        463,
        476
      ]
    ],
    [
      [
        463,
        478
      ]
    ],
    [
      [
        462,
        479
      ]
    ],
    [
      [
        462,
        480
      ]
    ],
    [
      [
        460,
        482
      ]
    ],
    [
      [
        460,
        484
      ]
    ],
    [
      [
        459,
        485
      ]
    ],
    [
      [
        459,
        486
      ]
    ],
    [
      [
        458,
        487
      ]
    ],
    [
      [
        458,
        490
      ]
    ],
    [
      [
        457,
        491
      ]
    ],
    [
      [
        457,
        493
      ]
    ],
    [
      [
        456,
        494
      ]
    ],
    [
      [
        456,
        495
      ]
    ],
    [
      [
        455,
        496
      ]
    ],
    [
      [
        455,
        497
      ]
    ],
    [
      [
        454,
        498
      ]
    ],
    [
      [
        454,
        503
      ]
    ],
    [
      [
        453,
        504
      ]
    ],
    [
      [
        453,
        518
      ]
    ],
    [
      [
        452,
        519
      ]
    ],
    [
      [
        452,
        548
      ]
    ],
    [
      [
        453,
        549
      ]
    ],
    [
      [
        453,
        555
      ]
    ],
    [
      [
        454,
        556
      ]
    ],
    [
      [
        454,
        563
      ]
    ],
    [
      [
        455,
        564
      ]
    ],
    [
      [
        455,
        567
      ]
    ],
    [
      [
        456,
        568
      ]
    ],
    [
      [
        456,
        570
      ]
    ],
    [
      [
        457,
        571
      ]
    ],
    [
      [
        457,
        573
      ]
    ],
    [
      [
        458,
        574
      ]
    ],
    [
      [
        458,
        576
      ]
    ],
    [
      [
        459,
        577
      ]
    ],
    [
      [
        459,
        579
      ]
    ],
    [
      [
        460,
        580
      ]
    ],
    [
      [
        460,
        597
      ]
    ],
    [
      [
        459,
        598
      ]
    ],
    [
      [
        444,
        598
      ]
    ],
    [
      [
        443,
        599
      ]
    ],
    [
      [
        443,
        601
      ]
    ],
    [
      [
        441,
        603
      ]
    ],
    [
      [
        441,
        604
      ]
    ],
    [
      [
        438,
        607
      ]
    ],
    [
      [
        438,
        614
      ]
    ],
    [
      [
        439,
        615
      ]
    ],
    [
      [
        439,
        616
      ]
    ],
    [
      [
        440,
        616
      ]
    ],
    [
      [
        441,
        617
      ]
    ],
    [
      [
        443,
        617
      ]
    ],
    [
      [
        444,
        618
      ]
    ],
    [
      [
        444,
        619
      ]
    ],
    [
      [
        445,
        620
      ]
    ],
    [
      [
        445,
        626
      ]
    ],
    [
      [
        447,
        626
      ]
    ],
    [
      [
        449,
        628
      ]
    ],
    [
      [
        449,
        629
      ]
    ],
    [
      [
        455,
        629
      ]
    ],
    [
      [
        465,
        639
      ]
    ],
    [
      [
        466,
        639
      ]
    ],
    [
      [
        470,
        643
      ]
    ],
    [
      [
        471,
        643
      ]
    ],
    [
      [
        475,
        647
      ]
    ],
    [
      [
        476,
        647
      ]
    ],
    [
      [
        477,
        648
      ]
    ],
    [
      [
        478,
        648
      ]
    ],
    [
      [
        480,
        650
      ]
    ],
    [
      [
        481,
        650
      ]
    ],
    [
      [
        483,
        652
      ]
    ],
    [
      [
        484,
        652
      ]
    ],
    [
      [
        486,
        654
      ]
    ],
    [
      [
        487,
        654
      ]
    ],
    [
      [
        489,
        656
      ]
    ],
    [
      [
        490,
        656
      ]
    ],
    [
      [
        491,
        657
      ]
    ],
    [
      [
        492,
        657
      ]
    ],
    [
      [
        493,
        658
      ]
    ],
    [
      [
        493,
        659
      ]
    ],
    [
      [
        494,
        659
      ]
    ],
    [
      [
        496,
        661
      ]
    ],
    [
      [
        497,
        661
      ]
    ],
    [
      [
        499,
        663
      ]
    ],
    [
      [
        500,
        663
      ]
    ],
    [
      [
        503,
        666
      ]
    ],
    [
      [
        504,
        666
      ]
    ],
    [
      [
        507,
        669
      ]
    ],
    [
      [
        508,
        669
      ]
    ],
    [
      [
        511,
        672
      ]
    ],
    [
      [
        512,
        672
      ]
    ],
    [
      [
        513,
        673
      ]
    ],
    [
      [
        514,
        673
      ]
    ],
    [
      [
        516,
        675
      ]
    ],
    [
      [
        517,
        675
      ]
    ],
    [
      [
        519,
        677
      ]
    ],
    [
      [
        521,
        677
      ]
    ],
    [
      [
        524,
        680
      ]
    ],
    [
      [
        527,
        680
      ]
    ],
    [
      [
        529,
        682
      ]
    ],
    [
      [
        533,
        682
      ]
    ],
    [
      [
        534,
        683
      ]
    ],
    [
      [
        534,
        685
      ]
    ],
    [
      [
        535,
        686
      ]
    ],
    [
      [
        536,
        686
      ]
    ],
    [
      [
        541,
        691
      ]
    ],
    [
      [
        542,
        691
      ]
    ],
    [
      [
        543,
        692
      ]
    ],
    [
      [
        544,
        692
      ]
    ],
    [
      [
        545,
        693
      ]
    ],
    [
      [
        546,
        693
      ]
    ],
    [
      [
        549,
        696
      ]
    ],
    [
      [
        550,
        696
      ]
    ],
    [
      [
        552,
        698
      ]
    ],
    [
      [
        552,
        701
      ]
    ],
    [
      [
        555,
        704
      ]
    ],
    [
      [
        556,
        704
      ]
    ],
    [
      [
        558,
        706
      ]
    ],
    [
      [
        559,
        706
      ]
    ],
    [
      [
        561,
        708
      ]
    ],
    [
      [
        562,
        708
      ]
    ],
    [
      [
        563,
        709
      ]
    ],
    [
      [
        564,
        709
      ]
    ],
    [
      [
        566,
        711
      ]
    ],
    [
      [
        567,
        711
      ]
    ],
    [
      [
        569,
        713
      ]
    ],
    [
      [
        570,
        713
      ]
    ],
    [
      [
        572,
        715
      ]
    ],
    [
      [
        573,
        715
      ]
    ],
    [
      [
        575,
        717
      ]
    ],
    [
      [
        576,
        717
      ]
    ],
    [
      [
        578,
        719
      ]
    ],
    [
      [
        579,
        719
      ]
    ],
    [
      [
        582,
        722
      ]
    ],
    [
      [
        583,
        722
      ]
    ],
    [
      [
        584,
        723
      ]
    ],
    [
      [
        585,
        723
      ]
    ],
    [
      [
        586,
        724
      ]
    ],
    [
      [
        587,
        724
      ]
    ],
    [
      [
        590,
        727
      ]
    ],
    [
      [
        591,
        727
      ]
    ],
    [
      [
        593,
        729
      ]
    ],
    [
      [
        594,
        729
      ]
    ],
    [
      [
        595,
        730
      ]
    ],
    [
      [
        596,
        730
      ]
    ],
    [
      [
        598,
        732
      ]
    ],
    [
      [
        600,
        732
      ]
    ],
    [
      [
        601,
        733
      ]
    ],
    [
      [
        605,
        733
      ]
    ],
    [
      [
        607,
        735
      ]
    ],
    [
      [
        609,
        735
      ]
    ],
    [
      [
        611,
        737
      ]
    ],
    [
      [
        612,
        737
      ]
    ],
    [
      [
        614,
        739
      ]
    ],
    [
      [
        614,
        742
      ]
    ],
    [
      [
        615,
        742
      ]
    ],
    [
      [
        617,
        744
      ]
    ],
    [
      [
        618,
        744
      ]
    ],
    [
      [
        619,
        745
      ]
    ],
    [
      [
        620,
        745
      ]
    ],
    [
      [
        625,
        750
      ]
    ],
    [
      [
        626,
        750
      ]
    ],
    [
      [
        629,
        753
      ]
    ],
    [
      [
        630,
        753
      ]
    ],
    [
      [
        631,
        754
      ]
    ],
    [
      [
        632,
        754
      ]
    ],
    [
      [
        634,
        756
      ]
    ],
    [
      [
        635,
        756
      ]
    ],
    [
      [
        636,
        757
      ]
    ],
    [
      [
        636,
        758
      ]
    ],
    [
      [
        638,
        758
      ]
    ],
    [
      [
        640,
        760
      ]
    ],
    [
      [
        641,
        760
      ]
    ],
    [
      [
        642,
        761
      ]
    ],
    [
      [
        643,
        761
      ]
    ],
    [
      [
        646,
        764
      ]
    ],
    [
      [
        647,
        764
      ]
    ],
    [
      [
        650,
        767
      ]
    ],
    [
      [
        651,
        767
      ]
    ],
    [
      [
        652,
        768
      ]
    ],
    [
      [
        653,
        768
      ]
    ],
    [
      [
        657,
        772
      ]
    ],
    [
      [
        658,
        772
      ]
    ],
    [
      [
        660,
        774
      ]
    ],
    [
      [
        661,
        774
      ]
    ],
    [
      [
        663,
        776
      ]
    ],
    [
      [
        664,
        776
      ]
    ],
    [
      [
        666,
        778
      ]
    ],
    [
      [
        668,
        778
      ]
    ],
    [
      [
        669,
        779
      ]
    ],
    [
      [
        670,
        779
      ]
    ],
    [
      [
        674,
        783
      ]
    ],
    [
      [
        675,
        783
      ]
    ],
    [
      [
        676,
        784
      ]
    ],
    [
      [
        677,
        784
      ]
    ],
    [
      [
        680,
        787
      ]
    ],
    [
      [
        681,
        787
      ]
    ],
    [
      [
        685,
        791
      ]
    ],
    [
      [
        686,
        791
      ]
    ],
    [
      [
        688,
        793
      ]
    ],
    [
      [
        689,
        793
      ]
    ],
    [
      [
        690,
        794
      ]
    ],
    [
      [
        691,
        794
      ]
    ],
    [
      [
        692,
        795
      ]
    ],
    [
      [
        693,
        795
      ]
    ],
    [
      [
        694,
        796
      ]
    ],
    [
      [
        699,
        796
      ]
    ],
    [
      [
        700,
        797
      ]
    ],
    [
      [
        708,
        797
      ]
    ],
    [
      [
        709,
        798
      ]
    ],
    [
      [
        709,
        799
      ]
    ],
    [
      [
        717,
        799
      ]
    ],
    [
      [
        718,
        800
      ]
    ],
    [
      [
        718,
        810
      ]
    ],
    [
      [
        719,
        810
      ]
    ],
    [
      [
        720,
        811
      ]
    ],
    [
      [
        721,
        811
      ]
    ],
    [
      [
        723,
        813
      ]
    ],
    [
      [
        724,
        813
      ]
    ],
    [
      [
        725,
        814
      ]
    ],
    [
      [
        725,
        815
      ]
    ],
    [
      [
        726,
        816
      ]
    ],
    [
      [
        727,
        816
      ]
    ],
    [
      [
        728,
        817
      ]
    ],
    [
      [
        728,
        818
      ]
    ],
    [
      [
        729,
        818
      ]
    ],
    [
      [
        734,
        823
      ]
    ],
    [
      [
        735,
        823
      ]
    ],
    [
      [
        739,
        827
      ]
    ],
    [
      [
        740,
        827
      ]
    ],
    [
      [
        742,
        829
      ]
    ],
    [
      [
        743,
        829
      ]
    ],
    [
      [
        745,
        831
      ]
    ],
    [
      [
        746,
        831
      ]
    ],
    [
      [
        747,
        832
      ]
    ],
    [
      [
        748,
        832
      ]
    ],
    [
      [
        751,
        835
      ]
    ],
    [
      [
        752,
        835
      ]
    ],
    [
      [
        753,
        836
      ]
    ],
    [
      [
        754,
        836
      ]
    ],
    [
      [
        758,
        840
      ]
    ],
    [
      [
        759,
        840
      ]
    ],
    [
      [
        760,
        841
      ]
    ],
    [
      [
        761,
        841
      ]
    ],
    [
      [
        765,
        845
      ]
    ],
    [
      [
        766,
        845
      ]
    ],
    [
      [
        767,
        846
      ]
    ],
    [
      [
        767,
        847
      ]
    ],
    [
      [
        768,
        847
      ]
    ],
    [
      [
        769,
        848
      ]
    ],
    [
      [
        770,
        848
      ]
    ],
    [
      [
        772,
        850
      ]
    ],
    [
      [
        773,
        850
      ]
    ],
    [
      [
        774,
        851
      ]
    ],
    [
      [
        774,
        852
      ]
    ],
    [
      [
        775,
        853
      ]
    ],
    [
      [
        775,
        854
      ]
    ],
    [
      [
        777,
        854
      ]
    ],
    [
      [
        778,
        855
      ]
    ],
    [
      [
        778,
        857
      ]
    ],
    [
      [
        780,
        857
      ]
    ],
    [
      [
        781,
        858
      ]
    ],
    [
      [
        782,
        858
      ]
    ],
    [
      [
        783,
        859
      ]
    ],
    [
      [
        784,
        859
      ]
    ],
    [
      [
        785,
        860
      ]
    ],
    [
      [
        786,
        860
      ]
    ],
    [
      [
        788,
        862
      ]
    ],
    [
      [
        789,
        862
      ]
    ],
    [
      [
        791,
        864
      ]
    ],
    [
      [
        793,
        864
      ]
    ],
    [
      [
        795,
        866
      ]
    ],
    [
      [
        796,
        866
      ]
    ],
    [
      [
        798,
        868
      ]
    ],
    [
      [
        799,
        868
      ]
    ],
    [
      [
        800,
        869
      ]
    ],
    [
      [
        801,
        869
      ]
    ],
    [
      [
        803,
        871
      ]
    ],
    [
      [
        804,
        871
      ]
    ],
    [
      [
        805,
        872
      ]
    ],
    [
      [
        806,
        872
      ]
    ],
    [
      [
        807,
        873
      ]
    ],
    [
      [
        807,
        874
      ]
    ],
    [
      [
        810,
        874
      ]
    ],
    [
      [
        817,
        881
      ]
    ],
    [
      [
        818,
        881
      ]
    ],
    [
      [
        819,
        882
      ]
    ],
    [
      [
        820,
        882
      ]
    ],
    [
      [
        822,
        884
      ]
    ],
    [
      [
        837,
        884
      ]
    ],
    [
      [
        840,
        887
      ]
    ],
    [
      [
        840,
        895
      ]
    ],
    [
      [
        841,
        896
      ]
    ],
    [
      [
        841,
        897
      ]
    ],
    [
      [
        843,
        899
      ]
    ],
    [
      [
        844,
        899
      ]
    ],
    [
      [
        846,
        901
      ]
    ],
    [
      [
        847,
        901
      ]
    ],
    [
      [
        848,
        902
      ]
    ],
    [
      [
        849,
        902
      ]
    ],
    [
      [
        850,
        903
      ]
    ],
    [
      [
        850,
        904
      ]
    ],
    [
      [
        852,
        904
      ]
    ],
    [
      [
        857,
        909
      ]
    ],
    [
      [
        858,
        909
      ]
    ],
    [
      [
        860,
        911
      ]
    ],
    [
      [
        861,
        911
      ]
    ],
    [
      [
        863,
        913
      ]
    ],
    [
      [
        864,
        913
      ]
    ],
    [
      [
        865,
        914
      ]
    ],
    [
      [
        866,
        914
      ]
    ],
    [
      [
        867,
        915
      ]
    ],
    [
      [
        868,
        915
      ]
    ],
    [
      [
        870,
        917
      ]
    ],
    [
      [
        870,
        918
      ]
    ],
    [
      [
        871,
        919
      ]
    ],
    [
      [
        872,
        919
      ]
    ],
    [
      [
        874,
        921
      ]
    ],
    [
      [
        875,
        921
      ]
    ],
    [
      [
        876,
        922
      ]
    ],
    [
      [
        877,
        922
      ]
    ],
    [
      [
        878,
        923
      ]
    ],
    [
      [
        879,
        923
      ]
    ],
    [
      [
        880,
        924
      ]
    ],
    [
      [
        881,
        924
      ]
    ],
    [
      [
        883,
        926
      ]
    ],
    [
      [
        884,
        926
      ]
    ],
    [
      [
        886,
        928
      ]
    ],
    [
      [
        886,
        931
      ]
    ],
    [
      [
        888,
        931
      ]
    ],
    [
      [
        892,
        935
      ]
    ],
    [
      [
        892,
        936
      ]
    ],
    [
      [
        893,
        936
      ]
    ],
    [
      [
        894,
        937
      ]
    ],
    [
      [
        894,
        938
      ]
    ],
    [
      [
        895,
        939
      ]
    ],
    [
      [
        895,
        940
      ]
    ],
    [
      [
        901,
        940
      ]
    ],
    [
      [
        901,
        921
      ]
    ],
    [
      [
        902,
        920
      ]
    ],
    [
      [
        929,
        920
      ]
    ],
    [
      [
        931,
        922
      ]
    ],
    [
      [
        932,
        922
      ]
    ],
    [
      [
        933,
        923
      ]
    ],
    [
      [
        934,
        923
      ]
    ],
    [
      [
        935,
        924
      ]
    ],
    [
      [
        937,
        924
      ]
    ],
    [
      [
        938,
        925
      ]
    ],
    [
      [
        939,
        925
      ]
    ],
    [
      [
        940,
        926
      ]
    ],
    [
      [
        945,
        926
      ]
    ],
    [
      [
        948,
        929
      ]
    ],
    [
      [
        949,
        929
      ]
    ],
    [
      [
        952,
        932
      ]
    ],
    [
      [
        953,
        932
      ]
    ],
    [
      [
        957,
        936
      ]
    ],
    [
      [
        958,
        936
      ]
    ],
    [
      [
        959,
        937
      ]
    ],
    [
      [
        960,
        937
      ]
    ],
    [
      [
        962,
        939
      ]
    ],
    [
      [
        963,
        939
      ]
    ],
    [
      [
        965,
        941
      ]
    ],
    [
      [
        967,
        941
      ]
    ],
    [
      [
        973,
        947
      ]
    ],
    [
      [
        974,
        947
      ]
    ],
    [
      [
        975,
        948
      ]
    ],
    [
      [
        976,
        948
      ]
    ],
    [
      [
        977,
        949
      ]
    ],
    [
      [
        978,
        949
      ]
    ],
    [
      [
        979,
        950
      ]
    ],
    [
      [
        980,
        950
      ]
    ],
    [
      [
        981,
        951
      ]
    ],
    [
      [
        984,
        951
      ]
    ],
    [
      [
        985,
        952
      ]
    ],
    [
      [
        986,
        952
      ]
    ],
    [
      [
        990,
        956
      ]
    ],
    [
      [
        990,
        973
      ]
    ],
    [
      [
        992,
        973
      ]
    ],
    [
      [
        993,
        974
      ]
    ],
    [
      [
        994,
        974
      ]
    ],
    [
      [
        995,
        975
      ]
    ],
    [
      [
        996,
        975
      ]
    ],
    [
      [
        997,
        976
      ]
    ],
    [
      [
        998,
        976
      ]
    ],
    [
      [
        1000,
        978
      ]
    ],
    [
      [
        1000,
        997
      ]
    ],
    [
      [
        1001,
        998
      ]
    ],
    [
      [
        1002,
        998
      ]
    ],
    [
      [
        1005,
        1001
      ]
    ],
    [
      [
        1006,
        1001
      ]
    ],
    [
      [
        1007,
        1002
      ]
    ],
    [
      [
        1015,
        1002
      ]
    ],
    [
      [
        1016,
        1001
      ]
    ],
    [
      [
        1017,
        1001
      ]
    ],
    [
      [
        1017,
        1000
      ]
    ],
    [
      [
        1018,
        999
      ]
    ],
    [
      [
        1018,
        981
      ]
    ],
    [
      [
        1020,
        979
      ]
    ],
    [
      [
        1023,
        979
      ]
    ],
    [
      [
        1024,
        978
      ]
    ],
    [
      [
        1025,
        978
      ]
    ],
    [
      [
        1026,
        977
      ]
    ],
    [
      [
        1056,
        977
      ]
    ],
    [
      [
        1057,
        976
      ]
    ],
    [
      [
        1067,
        976
      ]
    ],
    [
      [
        1068,
        975
      ]
    ],
    [
      [
        1072,
        975
      ]
    ],
    [
      [
        1073,
        974
      ]
    ],
    [
      [
        1076,
        974
      ]
    ],
    [
      [
        1077,
        973
      ]
    ],
    [
      [
        1080,
        973
      ]
    ],
    [
      [
        1081,
        972
      ]
    ],
    [
      [
        1083,
        972
      ]
    ],
    [
      [
        1084,
        971
      ]
    ],
    [
      [
        1086,
        971
      ]
    ],
    [
      [
        1087,
        970
      ]
    ],
    [
      [
        1089,
        970
      ]
    ],
    [
      [
        1090,
        969
      ]
    ],
    [
      [
        1091,
        969
      ]
    ],
    [
      [
        1092,
        968
      ]
    ],
    [
      [
        1093,
        968
      ]
    ],
    [
      [
        1094,
        967
      ]
    ],
    [
      [
        1096,
        967
      ]
    ],
    [
      [
        1098,
        965
      ]
    ],
    [
      [
        1100,
        965
      ]
    ],
    [
      [
        1101,
        964
      ]
    ],
    [
      [
        1104,
        964
      ]
    ],
    [
      [
        1105,
        963
      ]
    ],
    [
      [
        1110,
        963
      ]
    ],
    [
      [
        1111,
        962
      ]
    ],
    [
      [
        1115,
        962
      ]
    ],
    [
      [
        1116,
        961
      ]
    ],
    [
      [
        1118,
        961
      ]
    ],
    [
      [
        1123,
        956
      ]
    ],
    [
      [
        1124,
        956
      ]
    ],
    [
      [
        1126,
        954
      ]
    ],
    [
      [
        1127,
        954
      ]
    ],
    [
      [
        1127,
        953
      ]
    ],
    [
      [
        1131,
        949
      ]
    ],
    [
      [
        1131,
        948
      ]
    ],
    [
      [
        1132,
        947
      ]
    ],
    [
      [
        1136,
        947
      ]
    ],
    [
      [
        1136,
        944
      ]
    ],
    [
      [
        1137,
        943
      ]
    ],
    [
      [
        1139,
        943
      ]
    ],
    [
      [
        1139,
        940
      ]
    ],
    [
      [
        1144,
        935
      ]
    ],
    [
      [
        1144,
        934
      ]
    ],
    [
      [
        1146,
        932
      ]
    ],
    [
      [
        1146,
        931
      ]
    ],
    [
      [
        1148,
        929
      ]
    ],
    [
      [
        1148,
        928
      ]
    ],
    [
      [
        1152,
        924
      ]
    ],
    [
      [
        1152,
        923
      ]
    ],
    [
      [
        1154,
        921
      ]
    ],
    [
      [
        1154,
        920
      ]
    ],
    [
      [
        1158,
        916
      ]
    ],
    [
      [
        1158,
        914
      ]
    ],
    [
      [
        1163,
        909
      ]
    ],
    [
      [
        1163,
        908
      ]
    ],
    [
      [
        1166,
        905
      ]
    ],
    [
      [
        1166,
        904
      ]
    ],
    [
      [
        1170,
        900
      ]
    ],
    [
      [
        1170,
        899
      ]
    ],
    [
      [
        1176,
        893
      ]
    ],
    [
      [
        1176,
        892
      ]
    ],
    [
      [
        1182,
        886
      ]
    ],
    [
      [
        1182,
        885
      ]
    ],
    [
      [
        1183,
        884
      ]
    ],
    [
      [
        1191,
        884
      ]
    ],
    [
      [
        1194,
        881
      ]
    ],
    [
      [
        1194,
        880
      ]
    ],
    [
      [
        1195,
        879
      ]
    ],
    [
      [
        1195,
        876
      ]
    ],
    [
      [
        1196,
        875
      ]
    ],
    [
      [
        1196,
        874
      ]
    ],
    [
      [
        1197,
        873
      ]
    ],
    [
      [
        1198,
        873
      ]
    ],
    [
      [
        1202,
        869
      ]
    ],
    [
      [
        1202,
        868
      ]
    ],
    [
      [
        1208,
        862
      ]
    ],
    [
      [
        1208,
        861
      ]
    ],
    [
      [
        1210,
        859
      ]
    ],
    [
      [
        1210,
        858
      ]
    ],
    [
      [
        1216,
        852
      ]
    ],
    [
      [
        1216,
        850
      ]
    ],
    [
      [
        1220,
        846
      ]
    ],
    [
      [
        1221,
        846
      ]
    ],
    [
      [
        1222,
        845
      ]
    ],
    [
      [
        1222,
        843
      ]
    ],
    [
      [
        1224,
        841
      ]
    ],
    [
      [
        1225,
        841
      ]
    ],
    [
      [
        1228,
        838
      ]
    ],
    [
      [
        1228,
        837
      ]
    ],
    [
      [
        1229,
        836
      ]
    ],
    [
      [
        1230,
        836
      ]
    ],
    [
      [
        1230,
        828
      ]
    ],
    [
      [
        1232,
        826
      ]
    ],
    [
      [
        1232,
        825
      ]
    ],
    [
      [
        1235,
        822
      ]
    ],
    [
      [
        1235,
        821
      ]
    ],
    [
      [
        1236,
        820
      ]
    ],
    [
      [
        1254,
        820
      ]
    ],
    [
      [
        1256,
        818
      ]
    ],
    [
      [
        1256,
        817
      ]
    ],
    [
      [
        1259,
        814
      ]
    ],
    [
      [
        1259,
        813
      ]
    ],
    [
      [
        1263,
        809
      ]
    ],
    [
      [
        1263,
        808
      ]
    ],
    [
      [
        1268,
        803
      ]
    ],
    [
      [
        1268,
        802
      ]
    ],
    [
      [
        1270,
        800
      ]
    ],
    [
      [
        1270,
        799
      ]
    ],
    [
      [
        1271,
        798
      ]
    ],
    [
      [
        1272,
        798
      ]
    ],
    [
      [
        1272,
        797
      ]
    ],
    [
      [
        1273,
        796
      ]
    ],
    [
      [
        1273,
        795
      ]
    ],
    [
      [
        1275,
        793
      ]
    ],
    [
      [
        1276,
        793
      ]
    ],
    [
      [
        1276,
        792
      ]
    ],
    [
      [
        1278,
        790
      ]
    ],
    [
      [
        1278,
        789
      ]
    ],
    [
      [
        1280,
        787
      ]
    ],
    [
      [
        1280,
        786
      ]
    ],
    [
      [
        1282,
        784
      ]
    ],
    [
      [
        1282,
        783
      ]
    ],
    [
      [
        1288,
        777
      ]
    ],
    [
      [
        1288,
        776
      ]
    ],
    [
      [
        1292,
        772
      ]
    ],
    [
      [
        1292,
        771
      ]
    ],
    [
      [
        1294,
        769
      ]
    ],
    [
      [
        1294,
        768
      ]
    ],
    [
      [
        1296,
        766
      ]
    ],
    [
      [
        1296,
        765
      ]
    ],
    [
      [
        1302,
        759
      ]
    ],
    [
      [
        1302,
        758
      ]
    ],
    [
      [
        1306,
        754
      ]
    ],
    [
      [
        1306,
        753
      ]
    ],
    [
      [
        1310,
        749
      ]
    ],
    [
      [
        1312,
        749
      ]
    ],
    [
      [
        1312,
        746
      ]
    ],
    [
      [
        1314,
        744
      ]
    ],
    [
      [
        1314,
        743
      ]
    ],
    [
      [
        1317,
        740
      ]
    ],
    [
      [
        1320,
        740
      ]
    ],
    [
      [
        1321,
        739
      ]
    ],
    [
      [
        1322,
        739
      ]
    ],
    [
      [
        1323,
        738
      ]
    ],
    [
      [
        1323,
        731
      ]
    ],
    [
      [
        1326,
        728
      ]
    ],
    [
      [
        1326,
        727
      ]
    ],
    [
      [
        1329,
        724
      ]
    ],
    [
      [
        1330,
        724
      ]
    ],
    [
      [
        1331,
        723
      ]
    ],
    [
      [
        1331,
        722
      ]
    ],
    [
      [
        1332,
        721
      ]
    ],
    [
      [
        1332,
        720
      ]
    ],
    [
      [
        1336,
        716
      ]
    ],
    [
      [
        1338,
        716
      ]
    ],
    [
      [
        1338,
        715
      ]
    ],
    [
      [
        1339,
        714
      ]
    ],
    [
      [
        1340,
        714
      ]
    ],
    [
      [
        1340,
        713
      ]
    ],
    [
      [
        1341,
        712
      ]
    ],
    [
      [
        1343,
        712
      ]
    ],
    [
      [
        1344,
        711
      ]
    ],
    [
      [
        1346,
        711
      ]
    ],
    [
      [
        1346,
        702
      ]
    ],
    [
      [
        1348,
        700
      ]
    ],
    [
      [
        1348,
        699
      ]
    ],
    [
      [
        1349,
        698
      ]
    ],
    [
      [
        1349,
        697
      ]
    ],
    [
      [
        1352,
        694
      ]
    ],
    [
      [
        1352,
        693
      ]
    ],
    [
      [
        1356,
        689
      ]
    ],
    [
      [
        1356,
        688
      ]
    ],
    [
      [
        1358,
        686
      ]
    ],
    [
      [
        1358,
        674
      ]
    ],
    [
      [
        1359,
        673
      ]
    ],
    [
      [
        1360,
        673
      ]
    ],
    [
      [
        1364,
        669
      ]
    ],
    [
      [
        1365,
        669
      ]
    ],
    [
      [
        1366,
        668
      ]
    ],
    [
      [
        1367,
        668
      ]
    ],
    [
      [
        1368,
        667
      ]
    ],
    [
      [
        1368,
        666
      ]
    ],
    [
      [
        1369,
        665
      ]
    ],
    [
      [
        1369,
        664
      ]
    ],
    [
      [
        1371,
        662
      ]
    ],
    [
      [
        1371,
        661
      ]
    ],
    [
      [
        1373,
        659
      ]
    ],
    [
      [
        1373,
        658
      ]
    ],
    [
      [
        1374,
        657
      ]
    ],
    [
      [
        1374,
        656
      ]
    ],
    [
      [
        1381,
        649
      ]
    ],
    [
      [
        1381,
        648
      ]
    ],
    [
      [
        1383,
        646
      ]
    ],
    [
      [
        1383,
        645
      ]
    ],
    [
      [
        1385,
        643
      ]
    ],
    [
      [
        1385,
        642
      ]
    ],
    [
      [
        1391,
        636
      ]
    ],
    [
      [
        1391,
        634
      ]
    ],
    [
      [
        1393,
        632
      ]
    ],
    [
      [
        1394,
        632
      ]
    ],
    [
      [
        1397,
        629
      ]
    ],
    [
      [
        1397,
        628
      ]
    ],
    [
      [
        1398,
        627
      ]
    ],
    [
      [
        1398,
        626
      ]
    ],
    [
      [
        1406,
        618
      ]
    ],
    [
      [
        1407,
        618
      ]
    ],
    [
      [
        1409,
        616
      ]
    ],
    [
      [
        1409,
        612
      ]
    ],
    [
      [
        1411,
        610
      ]
    ],
    [
      [
        1411,
        609
      ]
    ],
    [
      [
        1412,
        608
      ]
    ],
    [
      [
        1412,
        607
      ]
    ],
    [
      [
        1415,
        604
      ]
    ],
    [
      [
        1415,
        603
      ]
    ],
    [
      [
        1420,
        598
      ]
    ],
    [
      [
        1420,
        597
      ]
    ],
    [
      [
        1424,
        593
      ]
    ],
    [
      [
        1424,
        592
      ]
    ],
    [
      [
        1425,
        591
      ]
    ],
    [
      [
        1425,
        590
      ]
    ],
    [
      [
        1435,
        580
      ]
    ],
    [
      [
        1435,
        579
      ]
    ],
    [
      [
        1436,
        578
      ]
    ],
    [
      [
        1436,
        577
      ]
    ],
    [
      [
        1438,
        575
      ]
    ],
    [
      [
        1438,
        574
      ]
    ],
    [
      [
        1443,
        569
      ]
    ],
    [
      [
        1443,
        568
      ]
    ],
    [
      [
        1444,
        567
      ]
    ],
    [
      [
        1444,
        566
      ]
    ],
    [
      [
        1446,
        564
      ]
    ],
    [
      [
        1446,
        563
      ]
    ],
    [
      [
        1450,
        559
      ]
    ],
    [
      [
        1450,
        558
      ]
    ],
    [
      [
        1452,
        556
      ]
    ],
    [
      [
        1452,
        553
      ]
    ],
    [
      [
        1453,
        552
      ]
    ],
    [
      [
        1453,
        537
      ]
    ],
    [
      [
        1452,
        536
      ]
    ],
    [
      [
        1452,
        530
      ]
    ],
    [
      [
        1451,
        529
      ]
    ],
    [
      [
        1451,
        528
      ]
    ],
    [
      [
        1450,
        527
      ]
    ],
    [
      [
        1449,
        527
      ]
    ],
    [
      [
        1448,
        526
      ]
    ],
    [
      [
        1448,
        525
      ]
    ],
    [
      [
        1446,
        523
      ]
    ],
    [
      [
        1446,
        522
      ]
    ],
    [
      [
        1442,
        518
      ]
    ],
    [
      [
        1441,
        518
      ]
    ],
    [
      [
        1436,
        513
      ]
    ],
    [
      [
        1435,
        513
      ]
    ],
    [
      [
        1433,
        511
      ]
    ],
    [
      [
        1432,
        511
      ]
    ],
    [
      [
        1430,
        509
      ]
    ],
    [
      [
        1428,
        509
      ]
    ],
    [
      [
        1425,
        506
      ]
    ],
    [
      [
        1418,
        506
      ]
    ],
    [
      [
        1417,
        505
      ]
    ],
    [
      [
        1417,
        499
      ]
    ],
    [
      [
        1416,
        499
      ]
    ],
    [
      [
        1414,
        497
      ]
    ],
    [
      [
        1413,
        497
      ]
    ],
    [
      [
        1412,
        496
      ]
    ],
    [
      [
        1412,
        495
      ]
    ],
    [
      [
        1408,
        491
      ]
    ],
    [
      [
        1407,
        491
      ]
    ],
    [
      [
        1406,
        490
      ]
    ],
    [
      [
        1406,
        489
      ]
    ],
    [
      [
        1405,
        489
      ]
    ],
    [
      [
        1403,
        487
      ]
    ],
    [
      [
        1402,
        487
      ]
    ],
    [
      [
        1401,
        486
      ]
    ],
    [
      [
        1400,
        486
      ]
    ],
    [
      [
        1399,
        485
      ]
    ],
    [
      [
        1399,
        484
      ]
    ],
    [
      [
        1398,
        484
      ]
    ],
    [
      [
        1397,
        483
      ]
    ],
    [
      [
        1396,
        483
      ]
    ],
    [
      [
        1394,
        481
      ]
    ],
    [
      [
        1393,
        481
      ]
    ],
    [
      [
        1390,
        478
      ]
    ],
    [
      [
        1390,
        477
      ]
    ],
    [
      [
        1389,
        476
      ]
    ],
    [
      [
        1388,
        476
      ]
    ],
    [
      [
        1387,
        475
      ]
    ],
    [
      [
        1386,
        475
      ]
    ],
    [
      [
        1385,
        474
      ]
    ],
    [
      [
        1385,
        473
      ]
    ],
    [
      [
        1382,
        470
      ]
    ],
    [
      [
        1381,
        470
      ]
    ],
    [
      [
        1379,
        468
      ]
    ],
    [
      [
        1378,
        468
      ]
    ],
    [
      [
        1377,
        467
      ]
    ],
    [
      [
        1376,
        467
      ]
    ],
    [
      [
        1373,
        464
      ]
    ],
    [
      [
        1370,
        464
      ]
    ],
    [
      [
        1366,
        460
      ]
    ],
    [
      [
        1365,
        460
      ]
    ],
    [
      [
        1363,
        458
      ]
    ],
    [
      [
        1363,
        455
      ]
    ],
    [
      [
        1362,
        455
      ]
    ],
    [
      [
        1361,
        454
      ]
    ],
    [
      [
        1360,
        454
      ]
    ],
    [
      [
        1359,
        453
      ]
    ],
    [
      [
        1357,
        453
      ]
    ],
    [
      [
        1355,
        451
      ]
    ],
    [
      [
        1353,
        451
      ]
    ],
    [
      [
        1350,
        448
      ]
    ],
    [
      [
        1349,
        448
      ]
    ],
    [
      [
        1344,
        443
      ]
    ],
    [
      [
        1334,
        443
      ]
    ],
    [
      [
        1334,
        444
      ]
    ],
    [
      [
        1333,
        445
      ]
    ],
    [
      [
        1333,
        454
      ]
    ],
    [
      [
        1332,
        455
      ]
    ],
    [
      [
        1331,
        455
      ]
    ],
    [
      [
        1330,
        456
      ]
    ],
    [
      [
        1321,
        456
      ]
    ],
    [
      [
        1320,
        457
      ]
    ],
    [
      [
        1302,
        457
      ]
    ],
    [
      [
        1301,
        456
      ]
    ],
    [
      [
        1300,
        456
      ]
    ],
    [
      [
        1297,
        453
      ]
    ],
    [
      [
        1295,
        453
      ]
    ],
    [
      [
        1291,
        449
      ]
    ],
    [
      [
        1290,
        449
      ]
    ],
    [
      [
        1288,
        447
      ]
    ],
    [
      [
        1288,
        445
      ]
    ],
    [
      [
        1287,
        444
      ]
    ],
    [
      [
        1286,
        444
      ]
    ],
    [
      [
        1285,
        443
      ]
    ],
    [
      [
        1285,
        435
      ]
    ],
    [
      [
        1284,
        434
      ]
    ],
    [
      [
        1284,
        417
      ]
    ],
    [
      [
        1255,
        417
      ]
    ],
    [
      [
        1253,
        415
      ]
    ],
    [
      [
        1252,
        415
      ]
    ],
    [
      [
        1251,
        414
      ]
    ],
    [
      [
        1250,
        414
      ]
    ],
    [
      [
        1246,
        410
      ]
    ],
    [
      [
        1246,
        409
      ]
    ],
    [
      [
        1245,
        409
      ]
    ],
    [
      [
        1244,
        408
      ]
    ],
    [
      [
        1243,
        408
      ]
    ],
    [
      [
        1242,
        407
      ]
    ],
    [
      [
        1241,
        407
      ]
    ],
    [
      [
        1240,
        406
      ]
    ],
    [
      [
        1240,
        405
      ]
    ],
    [
      [
        1239,
        404
      ]
    ],
    [
      [
        1237,
        404
      ]
    ],
    [
      [
        1233,
        400
      ]
    ],
    [
      [
        1225,
        400
      ]
    ],
    [
      [
        1224,
        399
      ]
    ],
    [
      [
        1223,
        399
      ]
    ],
    [
      [
        1222,
        398
      ]
    ],
    [
      [
        1221,
        398
      ]
    ],
    [
      [
        1215,
        392
      ]
    ],
    [
      [
        1214,
        392
      ]
    ],
    [
      [
        1212,
        390
      ]
    ],
    [
      [
        1210,
        390
      ]
    ],
    [
      [
        1205,
        385
      ]
    ],
    [
      [
        1205,
        368
      ]
    ],
    [
      [
        1206,
        367
      ]
    ],
    [
      [
        1206,
        364
      ]
    ],
    [
      [
        1207,
        363
      ]
    ],
    [
      [
        1213,
        363
      ]
    ],
    [
      [
        1213,
        357
      ]
    ],
    [
      [
        1212,
        356
      ]
    ],
    [
      [
        1212,
        352
      ]
    ],
    [
      [
        1211,
        351
      ]
    ],
    [
      [
        1209,
        351
      ]
    ],
    [
      [
        1208,
        350
      ]
    ],
    [
      [
        1206,
        350
      ]
    ],
    [
      [
        1202,
        346
      ]
    ],
    [
      [
        1202,
        345
      ]
    ],
    [
      [
        1199,
        342
      ]
    ],
    [
      [
        1198,
        342
      ]
    ],
    [
      [
        1196,
        340
      ]
    ],
    [
      [
        1195,
        340
      ]
    ],
    [
      [
        1192,
        337
      ]
    ],
    [
      [
        1192,
        336
      ]
    ],
    [
      [
        1191,
        336
      ]
    ],
    [
      [
        1190,
        335
      ]
    ],
    [
      [
        1188,
        335
      ]
    ],
    [
      [
        1185,
        332
      ]
    ],
    [
      [
        1184,
        332
      ]
    ],
    [
      [
        1182,
        330
      ]
    ],
    [
      [
        1181,
        330
      ]
    ],
    [
      [
        1180,
        329
      ]
    ],
    [
      [
        1179,
        329
      ]
    ],
    [
      [
        1178,
        328
      ]
    ],
    [
      [
        1177,
        328
      ]
    ],
    [
      [
        1173,
        324
      ]
    ],
    [
      [
        1172,
        324
      ]
    ],
    [
      [
        1166,
        318
      ]
    ],
    [
      [
        1165,
        318
      ]
    ],
    [
      [
        1161,
        314
      ]
    ],
    [
      [
        1160,
        314
      ]
    ],
    [
      [
        1159,
        313
      ]
    ],
    [
      [
        1158,
        313
      ]
    ],
    [
      [
        1155,
        310
      ]
    ],
    [
      [
        1154,
        310
      ]
    ],
    [
      [
        1152,
        308
      ]
    ],
    [
      [
        1151,
        308
      ]
    ],
    [
      [
        1145,
        302
      ]
    ],
    [
      [
        1143,
        302
      ]
    ],
    [
      [
        1142,
        301
      ]
    ],
    [
      [
        1141,
        301
      ]
    ],
    [
      [
        1140,
        300
      ]
    ],
    [
      [
        1140,
        299
      ]
    ],
    [
      [
        1139,
        298
      ]
    ],
    [
      [
        1139,
        280
      ]
    ],
    [
      [
        1138,
        279
      ]
    ],
    [
      [
        1138,
        278
      ]
    ],
    [
      [
        1134,
        274
      ]
    ],
    [
      [
        1134,
        273
      ]
    ],
    [
      [
        1132,
        271
      ]
    ],
    [
      [
        1132,
        270
      ]
    ],
    [
      [
        1131,
        270
      ]
    ],
    [
      [
        1130,
        269
      ]
    ],
    [
      [
        1130,
        267
      ]
    ],
    [
      [
        1127,
        267
      ]
    ],
    [
      [
        1126,
        266
      ]
    ],
    [
      [
        1125,
        266
      ]
    ],
    [
      [
        1123,
        264
      ]
    ],
    [
      [
        1122,
        264
      ]
    ],
    [
      [
        1121,
        263
      ]
    ],
    [
      [
        1121,
        262
      ]
    ],
    [
      [
        1120,
        262
      ]
    ],
    [
      [
        1117,
        259
      ]
    ],
    [
      [
        1116,
        259
      ]
    ],
    [
      [
        1114,
        257
      ]
    ],
    [
      [
        1113,
        257
      ]
    ],
    [
      [
        1111,
        255
      ]
    ],
    [
      [
        1110,
        255
      ]
    ],
    [
      [
        1109,
        254
      ]
    ],
    [
      [
        1088,
        254
      ]
    ],
    [
      [
        1087,
        253
      ]
    ],
    [
      [
        1087,
        239
      ]
    ],
    [
      [
        1086,
        239
      ]
    ],
    [
      [
        1084,
        237
      ]
    ],
    [
      [
        1084,
        236
      ]
    ],
    [
      [
        1083,
        236
      ]
    ],
    [
      [
        1081,
        234
      ]
    ],
    [
      [
        1080,
        234
      ]
    ],
    [
      [
        1078,
        232
      ]
    ],
    [
      [
        1077,
        232
      ]
    ],
    [
      [
        1076,
        231
      ]
    ],
    [
      [
        1075,
        231
      ]
    ],
    [
      [
        1074,
        230
      ]
    ],
    [
      [
        1073,
        230
      ]
    ],
    [
      [
        1072,
        229
      ]
    ],
    [
      [
        1070,
        229
      ]
    ],
    [
      [
        1069,
        228
      ]
    ],
    [
      [
        1067,
        228
      ]
    ],
    [
      [
        1064,
        225
      ]
    ],
    [
      [
        1060,
        225
      ]
    ],
    [
      [
        1059,
        224
      ]
    ],
    [
      [
        1056,
        224
      ]
    ],
    [
      [
        1054,
        222
      ]
    ],
    [
      [
        1054,
        219
      ]
    ],
    [
      [
        1053,
        219
      ]
    ],
    [
      [
        1052,
        218
      ]
    ],
    [
      [
        1050,
        218
      ]
    ],
    [
      [
        1049,
        217
      ]
    ],
    [
      [
        1041,
        217
      ]
    ],
    [
      [
        1040,
        216
      ]
    ],
    [
      [
        1039,
        216
      ]
    ],
    [
      [
        1037,
        214
      ]
    ],
    [
      [
        1032,
        214
      ]
    ],
    [
      [
        1030,
        212
      ]
    ],
    [
      [
        1029,
        212
      ]
    ],
    [
      [
        1026,
        209
      ]
    ],
    [
      [
        1025,
        209
      ]
    ],
    [
      [
        1021,
        205
      ]
    ],
    [
      [
        1021,
        185
      ]
    ],
    [
      [
        1018,
        182
      ]
    ],
    [
      [
        1016,
        182
      ]
    ],
    [
      [
        1015,
        181
      ]
    ],
    [
      [
        1013,
        181
      ]
    ],
    [
      [
        1011,
        179
      ]
    ],
    [
      [
        1010,
        179
      ]
    ],
    [
      [
        1005,
        174
      ]
    ],
    [
      [
        1003,
        174
      ]
    ],
    [
      [
        999,
        170
      ]
    ],
    [
      [
        998,
        170
      ]
    ],
    [
      [
        997,
        169
      ]
    ],
    [
      [
        996,
        169
      ]
    ],
    [
      [
        995,
        168
      ]
    ],
    [
      [
        995,
        167
      ]
    ],
    [
      [
        992,
        167
      ]
    ],
    [
      [
        990,
        165
      ]
    ],
    [
      [
        989,
        165
      ]
    ],
    [
      [
        986,
        162
      ]
    ],
    [
      [
        985,
        162
      ]
    ],
    [
      [
        982,
        159
      ]
    ],
    [
      [
        981,
        159
      ]
    ],
    [
      [
        977,
        155
      ]
    ],
    [
      [
        976,
        155
      ]
    ],
    [
      [
        974,
        153
      ]
    ],
    [
      [
        973,
        153
      ]
    ],
    [
      [
        971,
        151
      ]
    ],
    [
      [
        970,
        151
      ]
    ],
    [
      [
        968,
        149
      ]
    ],
    [
      [
        967,
        149
      ]
    ],
    [
      [
        965,
        147
      ]
    ],
    [
      [
        964,
        147
      ]
    ],
    [
      [
        961,
        144
      ]
    ],
    [
      [
        960,
        144
      ]
    ],
    [
      [
        959,
        143
      ]
    ],
    [
      [
        958,
        143
      ]
    ],
    [
      [
        955,
        140
      ]
    ],
    [
      [
        954,
        140
      ]
    ],
    [
      [
        953,
        139
      ]
    ],
    [
      [
        952,
        139
      ]
    ],
    [
      [
        949,
        136
      ]
    ],
    [
      [
        948,
        136
      ]
    ],
    [
      [
        947,
        135
      ]
    ],
    [
      [
        947,
        134
      ]
    ],
    [
      [
        946,
        134
      ]
    ],
    [
      [
        945,
        133
      ]
    ],
    [
      [
        944,
        133
      ]
    ],
    [
      [
        942,
        131
      ]
    ],
    [
      [
        941,
        131
      ]
    ],
    [
      [
        940,
        130
      ]
    ],
    [
      [
        939,
        130
      ]
    ],
    [
      [
        936,
        127
      ]
    ],
    [
      [
        935,
        127
      ]
    ],
    [
      [
        934,
        126
      ]
    ],
    [
      [
        933,
        126
      ]
    ],
    [
      [
        928,
        121
      ]
    ],
    [
      [
        927,
        121
      ]
    ],
    [
      [
        924,
        118
      ]
    ],
    [
      [
        923,
        118
      ]
    ],
    [
      [
        922,
        117
      ]
    ],
    [
      [
        921,
        117
      ]
    ],
    [
      [
        916,
        112
      ]
    ],
    [
      [
        915,
        112
      ]
    ],
    [
      [
        913,
        110
      ]
    ],
    [
      [
        910,
        110
      ]
    ],
    [
      [
        909,
        109
      ]
    ],
    [
      [
        908,
        109
      ]
    ],
    [
      [
        907,
        108
      ]
    ],
    [
      [
        907,
        106
      ]
    ],
    [
      [
        897,
        106
      ]
    ],
    [
      [
        896,
        105
      ]
    ],
    [
      [
        896,
        104
      ]
    ],
    [
      [
        894,
        102
      ]
    ],
    [
      [
        894,
        100
      ]
    ],
    [
      [
        891,
        100
      ]
    ],
    [
      [
        889,
        98
      ]
    ],
    [
      [
        888,
        98
      ]
    ],
    [
      [
        881,
        91
      ]
    ],
    [
      [
        880,
        91
      ]
    ],
    [
      [
        878,
        89
      ]
    ],
    [
      [
        877,
        89
      ]
    ],
    [
      [
        875,
        87
      ]
    ],
    [
      [
        874,
        87
      ]
    ],
    [
      [
        871,
        84
      ]
    ],
    [
      [
        871,
        81
      ]
    ],
    [
      [
        869,
        81
      ]
    ],
    [
      [
        865,
        77
      ]
    ],
    [
      [
        864,
        77
      ]
    ],
    [
      [
        861,
        74
      ]
    ],
    [
      [
        860,
        74
      ]
    ],
    [
      [
        858,
        72
      ]
    ],
    [
      [
        857,
        72
      ]
    ],
    [
      [
        856,
        71
      ]
    ],
    [
      [
        855,
        71
      ]
    ],
    [
      [
        853,
        69
      ]
    ],
    [
      [
        846,
        69
      ]
    ],
    [
      [
        842,
        65
      ]
    ],
    [
      [
        841,
        65
      ]
    ],
    [
      [
        839,
        63
      ]
    ],
    [
      [
        838,
        63
      ]
    ],
    [
      [
        837,
        62
      ]
    ],
    [
      [
        836,
        62
      ]
    ],
    [
      [
        835,
        61
      ]
    ],
    [
      [
        834,
        61
      ]
    ],
    [
      [
        832,
        59
      ]
    ],
    [
      [
        831,
        59
      ]
    ],
    [
      [
        829,
        57
      ]
    ],
    [
      [
        828,
        57
      ]
    ],
    [
      [
        827,
        56
      ]
    ],
    [
      [
        826,
        56
      ]
    ],
    [
      [
        824,
        54
      ]
    ],
    [
      [
        823,
        54
      ]
    ],
    [
      [
        822,
        53
      ]
    ],
    [
      [
        822,
        52
      ]
    ],
    [
      [
        821,
        52
      ]
    ],
    [
      [
        819,
        50
      ]
    ],
    [
      [
        802,
        50
      ]
    ],
    [
      [
        801,
        49
      ]
    ],
    [
      [
        800,
        49
      ]
    ],
    [
      [
        799,
        48
      ]
    ],
    [
      [
        799,
        47
      ]
    ],
    [
      [
        798,
        47
      ]
    ],
    [
      [
        797,
        46
      ]
    ],
    [
      [
        789,
        46
      ]
    ],
    [
      [
        782,
        39
      ]
    ],
    [
      [
        781,
        39
      ]
    ],
    [
      [
        780,
        38
      ]
    ],
    [
      [
        780,
        37
      ]
    ],
    [
      [
        779,
        36
      ]
    ],
    [
      [
        779,
        35
      ]
    ],
    [
      [
        770,
        35
      ]
    ],
    [
      [
        769,
        34
      ]
    ],
    [
      [
        763,
        34
      ]
    ],
    [
      [
        762,
        33
      ]
    ]
  ],
  "segment_square_corners": [
    [
      363.5236511230469,
      571.0929565429688
    ],
    [
      758.585693359375,
      1.935943603515625
    ],
    [
      1487.1513671875,
      507.64630126953125
    ],
    [
      1092.08935546875,
      1076.8033447265625
    ]
  ],
  "phrases": [
    "box",
    "tangerine",
    "tangerine",
    "tangerine",
    "tangerine"
  ],
  "selected_bbox": [
    0.49272993206977844,
    0.46796512603759766,
    0.5250290036201477,
    0.8707444071769714
  ]
}