{
  "timestamp": 1761056158.7052062,
  "session_id": "session_20251021_211452_51253c84",
  "supplier_id": "",
  "qr_data": "695991",
  "qr_items": {
    "tangerine": 4
  },
  "qr_corners": [
    [
      970.0,
      798.0
    ],
    [
      1023.0,
      872.0
    ],
    [
      946.0,
      923.0
    ],
    [
      891.0,
      851.0
    ]
  ],
  "segment_corners": [
    [
      [
        987,
        41
      ]
    ],
    [
      [
        986,
        42
      ]
    ],
    [
      [
        984,
        42
      ]
    ],
    [
      [
        984,
        44
      ]
    ],
    [
      [
        981,
        47
      ]
    ],
    [
      [
        966,
        47
      ]
    ],
    [
      [
        966,
        56
      ]
    ],
    [
      [
        965,
        57
      ]
    ],
    [
      [
        947,
        57
      ]
    ],
    [
      [
        946,
        56
      ]
    ],
    [
      [
        941,
        56
      ]
    ],
    [
      [
        939,
        54
      ]
    ],
    [
      [
        937,
        54
      ]
    ],
    [
      [
        936,
        53
      ]
    ],
    [
      [
        936,
        51
      ]
    ],
    [
      [
        935,
        50
      ]
    ],
    [
      [
        933,
        50
      ]
    ],
    [
      [
        931,
        48
      ]
    ],
    [
      [
        925,
        48
      ]
    ],
    [
      [
        925,
        50
      ]
    ],
    [
      [
        924,
        51
      ]
    ],
    [
      [
        922,
        51
      ]
    ],
    [
      [
        921,
        52
      ]
    ],
    [
      [
        919,
        52
      ]
    ],
    [
      [
        918,
        53
      ]
    ],
    [
      [
        917,
        53
      ]
    ],
    [
      [
        917,
        54
      ]
    ],
    [
      [
        916,
        55
      ]
    ],
    [
      [
        902,
        55
      ]
    ],
    [
      [
        902,
        56
      ]
    ],
    [
      [
        901,
        57
      ]
    ],
    [
      [
        891,
        57
      ]
    ],
    [
      [
        890,
        58
      ]
    ],
    [
      [
        883,
        58
      ]
    ],
    [
      [
        882,
        59
      ]
    ],
    [
      [
        881,
        59
      ]
    ],
    [
      [
        880,
        60
      ]
    ],
    [
      [
        874,
        60
      ]
    ],
    [
      [
        873,
        61
      ]
    ],
    [
      [
        870,
        61
      ]
    ],
    [
      [
        869,
        62
      ]
    ],
    [
      [
        867,
        62
      ]
    ],
    [
      [
        865,
        64
      ]
    ],
    [
      [
        860,
        64
      ]
    ],
    [
      [
        859,
        65
      ]
    ],
    [
      [
        857,
        65
      ]
    ],
    [
      [
        855,
        67
      ]
    ],
    [
      [
        854,
        67
      ]
    ],
    [
      [
        853,
        68
      ]
    ],
    [
      [
        852,
        68
      ]
    ],
    [
      [
        850,
        70
      ]
    ],
    [
      [
        849,
        70
      ]
    ],
    [
      [
        848,
        71
      ]
    ],
    [
      [
        847,
        71
      ]
    ],
    [
      [
        846,
        72
      ]
    ],
    [
      [
        845,
        72
      ]
    ],
    [
      [
        844,
        73
      ]
    ],
    [
      [
        843,
        73
      ]
    ],
    [
      [
        841,
        75
      ]
    ],
    [
      [
        839,
        75
      ]
    ],
    [
      [
        838,
        76
      ]
    ],
    [
      [
        836,
        76
      ]
    ],
    [
      [
        834,
        78
      ]
    ],
    [
      [
        833,
        78
      ]
    ],
    [
      [
        832,
        79
      ]
    ],
    [
      [
        831,
        79
      ]
    ],
    [
      [
        830,
        80
      ]
    ],
    [
      [
        816,
        80
      ]
    ],
    [
      [
        815,
        81
      ]
    ],
    [
      [
        815,
        95
      ]
    ],
    [
      [
        812,
        98
      ]
    ],
    [
      [
        812,
        99
      ]
    ],
    [
      [
        811,
        100
      ]
    ],
    [
      [
        810,
        100
      ]
    ],
    [
      [
        808,
        102
      ]
    ],
    [
      [
        807,
        102
      ]
    ],
    [
      [
        804,
        105
      ]
    ],
    [
      [
        802,
        105
      ]
    ],
    [
      [
        801,
        106
      ]
    ],
    [
      [
        801,
        107
      ]
    ],
    [
      [
        800,
        108
      ]
    ],
    [
      [
        799,
        108
      ]
    ],
    [
      [
        795,
        112
      ]
    ],
    [
      [
        794,
        112
      ]
    ],
    [
      [
        793,
        113
      ]
    ],
    [
      [
        792,
        113
      ]
    ],
    [
      [
        790,
        115
      ]
    ],
    [
      [
        789,
        115
      ]
    ],
    [
      [
        786,
        118
      ]
    ],
    [
      [
        785,
        118
      ]
    ],
    [
      [
        780,
        123
      ]
    ],
    [
      [
        779,
        123
      ]
    ],
    [
      [
        777,
        125
      ]
    ],
    [
      [
        776,
        125
      ]
    ],
    [
      [
        774,
        127
      ]
    ],
    [
      [
        773,
        127
      ]
    ],
    [
      [
        771,
        129
      ]
    ],
    [
      [
        771,
        148
      ]
    ],
    [
      [
        764,
        155
      ]
    ],
    [
      [
        763,
        155
      ]
    ],
    [
      [
        762,
        156
      ]
    ],
    [
      [
        761,
        156
      ]
    ],
    [
      [
        760,
        157
      ]
    ],
    [
      [
        759,
        157
      ]
    ],
    [
      [
        755,
        161
      ]
    ],
    [
      [
        754,
        161
      ]
    ],
    [
      [
        751,
        164
      ]
    ],
    [
      [
        750,
        164
      ]
    ],
    [
      [
        747,
        167
      ]
    ],
    [
      [
        746,
        167
      ]
    ],
    [
      [
        742,
        171
      ]
    ],
    [
      [
        741,
        171
      ]
    ],
    [
      [
        738,
        174
      ]
    ],
    [
      [
        737,
        174
      ]
    ],
    [
      [
        736,
        175
      ]
    ],
    [
      [
        735,
        175
      ]
    ],
    [
      [
        735,
        176
      ]
    ],
    [
      [
        732,
        179
      ]
    ],
    [
      [
        731,
        179
      ]
    ],
    [
      [
        730,
        180
      ]
    ],
    [
      [
        729,
        180
      ]
    ],
    [
      [
        727,
        182
      ]
    ],
    [
      [
        726,
        182
      ]
    ],
    [
      [
        722,
        186
      ]
    ],
    [
      [
        719,
        186
      ]
    ],
    [
      [
        719,
        188
      ]
    ],
    [
      [
        716,
        191
      ]
    ],
    [
      [
        715,
        191
      ]
    ],
    [
      [
        713,
        193
      ]
    ],
    [
      [
        712,
        193
      ]
    ],
    [
      [
        709,
        196
      ]
    ],
    [
      [
        708,
        196
      ]
    ],
    [
      [
        706,
        198
      ]
    ],
    [
      [
        705,
        198
      ]
    ],
    [
      [
        703,
        200
      ]
    ],
    [
      [
        702,
        200
      ]
    ],
    [
      [
        700,
        202
      ]
    ],
    [
      [
        699,
        202
      ]
    ],
    [
      [
        694,
        207
      ]
    ],
    [
      [
        693,
        207
      ]
    ],
    [
      [
        691,
        209
      ]
    ],
    [
      [
        690,
        209
      ]
    ],
    [
      [
        687,
        212
      ]
    ],
    [
      [
        686,
        212
      ]
    ],
    [
      [
        686,
        213
      ]
    ],
    [
      [
        684,
        215
      ]
    ],
    [
      [
        682,
        215
      ]
    ],
    [
      [
        680,
        217
      ]
    ],
    [
      [
        679,
        217
      ]
    ],
    [
      [
        674,
        222
      ]
    ],
    [
      [
        673,
        222
      ]
    ],
    [
      [
        673,
        223
      ]
    ],
    [
      [
        670,
        226
      ]
    ],
    [
      [
        668,
        226
      ]
    ],
    [
      [
        667,
        227
      ]
    ],
    [
      [
        666,
        227
      ]
    ],
    [
      [
        665,
        228
      ]
    ],
    [
      [
        661,
        228
      ]
    ],
    [
      [
        661,
        232
      ]
    ],
    [
      [
        660,
        233
      ]
    ],
    [
      [
        659,
        233
      ]
    ],
    [
      [
        656,
        236
      ]
    ],
    [
      [
        655,
        236
      ]
    ],
    [
      [
        654,
        237
      ]
    ],
    [
      [
        653,
        237
      ]
    ],
    [
      [
        649,
        241
      ]
    ],
    [
      [
        648,
        241
      ]
    ],
    [
      [
        646,
        243
      ]
    ],
    [
      [
        645,
        243
      ]
    ],
    [
      [
        642,
        246
      ]
    ],
    [
      [
        641,
        246
      ]
    ],
    [
      [
        634,
        253
      ]
    ],
    [
      [
        633,
        253
      ]
    ],
    [
      [
        631,
        255
      ]
    ],
    [
      [
        630,
        255
      ]
    ],
    [
      [
        626,
        259
      ]
    ],
    [
      [
        625,
        259
      ]
    ],
    [
      [
        624,
        260
      ]
    ],
    [
      [
        623,
        260
      ]
    ],
    [
      [
        619,
        264
      ]
    ],
    [
      [
        618,
        264
      ]
    ],
    [
      [
        617,
        265
      ]
    ],
    [
      [
        616,
        265
      ]
    ],
    [
      [
        611,
        270
      ]
    ],
    [
      [
        609,
        270
      ]
    ],
    [
      [
        606,
        273
      ]
    ],
    [
      [
        605,
        273
      ]
    ],
    [
      [
        601,
        277
      ]
    ],
    [
      [
        600,
        277
      ]
    ],
    [
      [
        596,
        281
      ]
    ],
    [
      [
        595,
        281
      ]
    ],
    [
      [
        593,
        283
      ]
    ],
    [
      [
        592,
        283
      ]
    ],
    [
      [
        589,
        286
      ]
    ],
    [
      [
        588,
        286
      ]
    ],
    [
      [
        580,
        294
      ]
    ],
    [
      [
        579,
        294
      ]
    ],
    [
      [
        578,
        295
      ]
    ],
    [
      [
        577,
        295
      ]
    ],
    [
      [
        576,
        296
      ]
    ],
    [
      [
        558,
        296
      ]
    ],
    [
      [
        554,
        292
      ]
    ],
    [
      [
        554,
        291
      ]
    ],
    [
      [
        553,
        290
      ]
    ],
    [
      [
        547,
        290
      ]
    ],
    [
      [
        546,
        291
      ]
    ],
    [
      [
        545,
        291
      ]
    ],
    [
      [
        545,
        293
      ]
    ],
    [
      [
        544,
        294
      ]
    ],
    [
      [
        527,
        294
      ]
    ],
    [
      [
        527,
        297
      ]
    ],
    [
      [
        524,
        300
      ]
    ],
    [
      [
        523,
        300
      ]
    ],
    [
      [
        521,
        302
      ]
    ],
    [
      [
        520,
        302
      ]
    ],
    [
      [
        518,
        304
      ]
    ],
    [
      [
        517,
        304
      ]
    ],
    [
      [
        511,
        310
      ]
    ],
    [
      [
        510,
        310
      ]
    ],
    [
      [
        508,
        312
      ]
    ],
    [
      [
        507,
        312
      ]
    ],
    [
      [
        506,
        313
      ]
    ],
    [
      [
        505,
        313
      ]
    ],
    [
      [
        500,
        318
      ]
    ],
    [
      [
        499,
        318
      ]
    ],
    [
      [
        496,
        321
      ]
    ],
    [
      [
        495,
        321
      ]
    ],
    [
      [
        493,
        323
      ]
    ],
    [
      [
        492,
        323
      ]
    ],
    [
      [
        492,
        324
      ]
    ],
    [
      [
        491,
        325
      ]
    ],
    [
      [
        490,
        325
      ]
    ],
    [
      [
        488,
        327
      ]
    ],
    [
      [
        487,
        327
      ]
    ],
    [
      [
        484,
        330
      ]
    ],
    [
      [
        483,
        330
      ]
    ],
    [
      [
        481,
        332
      ]
    ],
    [
      [
        480,
        332
      ]
    ],
    [
      [
        480,
        333
      ]
    ],
    [
      [
        478,
        335
      ]
    ],
    [
      [
        477,
        335
      ]
    ],
    [
      [
        474,
        338
      ]
    ],
    [
      [
        473,
        338
      ]
    ],
    [
      [
        470,
        341
      ]
    ],
    [
      [
        462,
        341
      ]
    ],
    [
      [
        461,
        342
      ]
    ],
    [
      [
        460,
        342
      ]
    ],
    [
      [
        458,
        344
      ]
    ],
    [
      [
        457,
        344
      ]
    ],
    [
      [
        457,
        350
      ]
    ],
    [
      [
        455,
        352
      ]
    ],
    [
      [
        454,
        352
      ]
    ],
    [
      [
        450,
        356
      ]
    ],
    [
      [
        449,
        356
      ]
    ],
    [
      [
        444,
        361
      ]
    ],
    [
      [
        443,
        361
      ]
    ],
    [
      [
        442,
        362
      ]
    ],
    [
      [
        441,
        362
      ]
    ],
    [
      [
        440,
        363
      ]
    ],
    [
      [
        440,
        364
      ]
    ],
    [
      [
        438,
        366
      ]
    ],
    [
      [
        437,
        366
      ]
    ],
    [
      [
        431,
        372
      ]
    ],
    [
      [
        430,
        372
      ]
    ],
    [
      [
        428,
        374
      ]
    ],
    [
      [
        427,
        374
      ]
    ],
    [
      [
        424,
        377
      ]
    ],
    [
      [
        423,
        377
      ]
    ],
    [
      [
        422,
        378
      ]
    ],
    [
      [
        422,
        379
      ]
    ],
    [
      [
        419,
        382
      ]
    ],
    [
      [
        419,
        383
      ]
    ],
    [
      [
        418,
        384
      ]
    ],
    [
      [
        418,
        388
      ]
    ],
    [
      [
        417,
        389
      ]
    ],
    [
      [
        417,
        391
      ]
    ],
    [
      [
        416,
        392
      ]
    ],
    [
      [
        416,
        407
      ]
    ],
    [
      [
        417,
        408
      ]
    ],
    [
      [
        417,
        411
      ]
    ],
    [
      [
        418,
        412
      ]
    ],
    [
      [
        418,
        413
      ]
    ],
    [
      [
        419,
        414
      ]
    ],
    [
      [
        419,
        415
      ]
    ],
    [
      [
        420,
        416
      ]
    ],
    [
      [
        420,
        417
      ]
    ],
    [
      [
        424,
        421
      ]
    ],
    [
      [
        424,
        422
      ]
    ],
    [
      [
        425,
        423
      ]
    ],
    [
      [
        425,
        425
      ]
    ],
    [
      [
        427,
        427
      ]
    ],
    [
      [
        428,
        427
      ]
    ],
    [
      [
        430,
        429
      ]
    ],
    [
      [
        430,
        431
      ]
    ],
    [
      [
        432,
        433
      ]
    ],
    [
      [
        432,
        434
      ]
    ],
    [
      [
        433,
        434
      ]
    ],
    [
      [
        434,
        435
      ]
    ],
    [
      [
        434,
        436
      ]
    ],
    [
      [
        435,
        437
      ]
    ],
    [
      [
        443,
        437
      ]
    ],
    [
      [
        444,
        438
      ]
    ],
    [
      [
        444,
        451
      ]
    ],
    [
      [
        446,
        453
      ]
    ],
    [
      [
        446,
        454
      ]
    ],
    [
      [
        448,
        456
      ]
    ],
    [
      [
        448,
        457
      ]
    ],
    [
      [
        456,
        465
      ]
    ],
    [
      [
        456,
        466
      ]
    ],
    [
      [
        459,
        469
      ]
    ],
    [
      [
        459,
        470
      ]
    ],
    [
      [
        460,
        470
      ]
    ],
    [
      [
        461,
        471
      ]
    ],
    [
      [
        461,
        472
      ]
    ],
    [
      [
        462,
        473
      ]
    ],
    [
      [
        462,
        474
      ]
    ],
    [
      [
        464,
        476
      ]
    ],
    [
      [
        464,
        478
      ]
    ],
    [
      [
        467,
        481
      ]
    ],
    [
      [
        467,
        504
      ]
    ],
    [
      [
        469,
        506
      ]
    ],
    [
      [
        486,
        506
      ]
    ],
    [
      [
        487,
        507
      ]
    ],
    [
      [
        487,
        508
      ]
    ],
    [
      [
        488,
        509
      ]
    ],
    [
      [
        488,
        510
      ]
    ],
    [
      [
        492,
        514
      ]
    ],
    [
      [
        492,
        515
      ]
    ],
    [
      [
        496,
        519
      ]
    ],
    [
      [
        496,
        520
      ]
    ],
    [
      [
        497,
        521
      ]
    ],
    [
      [
        497,
        522
      ]
    ],
    [
      [
        498,
        523
      ]
    ],
    [
      [
        498,
        524
      ]
    ],
    [
      [
        504,
        524
      ]
    ],
    [
      [
        504,
        520
      ]
    ],
    [
      [
        505,
        519
      ]
    ],
    [
      [
        526,
        519
      ]
    ],
    [
      [
        528,
        521
      ]
    ],
    [
      [
        528,
        523
      ]
    ],
    [
      [
        529,
        523
      ]
    ],
    [
      [
        533,
        527
      ]
    ],
    [
      [
        533,
        529
      ]
    ],
    [
      [
        534,
        530
      ]
    ],
    [
      [
        534,
        531
      ]
    ],
    [
      [
        537,
        534
      ]
    ],
    [
      [
        542,
        534
      ]
    ],
    [
      [
        544,
        536
      ]
    ],
    [
      [
        544,
        537
      ]
    ],
    [
      [
        545,
        537
      ]
    ],
    [
      [
        547,
        539
      ]
    ],
    [
      [
        547,
        540
      ]
    ],
    [
      [
        552,
        545
      ]
    ],
    [
      [
        552,
        546
      ]
    ],
    [
      [
        556,
        550
      ]
    ],
    [
      [
        556,
        551
      ]
    ],
    [
      [
        557,
        552
      ]
    ],
    [
      [
        557,
        553
      ]
    ],
    [
      [
        560,
        556
      ]
    ],
    [
      [
        560,
        557
      ]
    ],
    [
      [
        561,
        558
      ]
    ],
    [
      [
        561,
        559
      ]
    ],
    [
      [
        563,
        561
      ]
    ],
    [
      [
        564,
        561
      ]
    ],
    [
      [
        566,
        563
      ]
    ],
    [
      [
        566,
        565
      ]
    ],
    [
      [
        570,
        569
      ]
    ],
    [
      [
        570,
        570
      ]
    ],
    [
      [
        574,
        574
      ]
    ],
    [
      [
        574,
        575
      ]
    ],
    [
      [
        575,
        576
      ]
    ],
    [
      [
        575,
        577
      ]
    ],
    [
      [
        578,
        580
      ]
    ],
    [
      [
        578,
        581
      ]
    ],
    [
      [
        581,
        584
      ]
    ],
    [
      [
        581,
        585
      ]
    ],
    [
      [
        585,
        589
      ]
    ],
    [
      [
        585,
        590
      ]
    ],
    [
      [
        587,
        592
      ]
    ],
    [
      [
        587,
        593
      ]
    ],
    [
      [
        590,
        596
      ]
    ],
    [
      [
        590,
        597
      ]
    ],
    [
      [
        593,
        600
      ]
    ],
    [
      [
        593,
        601
      ]
    ],
    [
      [
        598,
        606
      ]
    ],
    [
      [
        598,
        607
      ]
    ],
    [
      [
        601,
        610
      ]
    ],
    [
      [
        601,
        611
      ]
    ],
    [
      [
        605,
        615
      ]
    ],
    [
      [
        605,
        616
      ]
    ],
    [
      [
        609,
        620
      ]
    ],
    [
      [
        609,
        637
      ]
    ],
    [
      [
        608,
        638
      ]
    ],
    [
      [
        596,
        638
      ]
    ],
    [
      [
        595,
        639
      ]
    ],
    [
      [
        593,
        639
      ]
    ],
    [
      [
        593,
        645
      ]
    ],
    [
      [
        594,
        646
      ]
    ],
    [
      [
        595,
        646
      ]
    ],
    [
      [
        601,
        652
      ]
    ],
    [
      [
        605,
        652
      ]
    ],
    [
      [
        606,
        653
      ]
    ],
    [
      [
        606,
        654
      ]
    ],
    [
      [
        607,
        655
      ]
    ],
    [
      [
        607,
        662
      ]
    ],
    [
      [
        610,
        665
      ]
    ],
    [
      [
        610,
        666
      ]
    ],
    [
      [
        613,
        669
      ]
    ],
    [
      [
        613,
        670
      ]
    ],
    [
      [
        615,
        672
      ]
    ],
    [
      [
        615,
        673
      ]
    ],
    [
      [
        616,
        674
      ]
    ],
    [
      [
        621,
        674
      ]
    ],
    [
      [
        624,
        677
      ]
    ],
    [
      [
        624,
        678
      ]
    ],
    [
      [
        626,
        680
      ]
    ],
    [
      [
        626,
        681
      ]
    ],
    [
      [
        628,
        683
      ]
    ],
    [
      [
        628,
        684
      ]
    ],
    [
      [
        636,
        692
      ]
    ],
    [
      [
        636,
        693
      ]
    ],
    [
      [
        638,
        695
      ]
    ],
    [
      [
        638,
        697
      ]
    ],
    [
      [
        639,
        698
      ]
    ],
    [
      [
        639,
        699
      ]
    ],
    [
      [
        642,
        702
      ]
    ],
    [
      [
        651,
        702
      ]
    ],
    [
      [
        652,
        703
      ]
    ],
    [
      [
        652,
        704
      ]
    ],
    [
      [
        655,
        707
      ]
    ],
    [
      [
        655,
        708
      ]
    ],
    [
      [
        657,
        710
      ]
    ],
    [
      [
        657,
        712
      ]
    ],
    [
      [
        660,
        715
      ]
    ],
    [
      [
        660,
        716
      ]
    ],
    [
      [
        661,
        716
      ]
    ],
    [
      [
        662,
        717
      ]
    ],
    [
      [
        662,
        718
      ]
    ],
    [
      [
        664,
        720
      ]
    ],
    [
      [
        668,
        720
      ]
    ],
    [
      [
        669,
        721
      ]
    ],
    [
      [
        669,
        743
      ]
    ],
    [
      [
        668,
        744
      ]
    ],
    [
      [
        668,
        750
      ]
    ],
    [
      [
        669,
        750
      ]
    ],
    [
      [
        672,
        753
      ]
    ],
    [
      [
        672,
        754
      ]
    ],
    [
      [
        674,
        756
      ]
    ],
    [
      [
        674,
        757
      ]
    ],
    [
      [
        678,
        761
      ]
    ],
    [
      [
        679,
        761
      ]
    ],
    [
      [
        680,
        762
      ]
    ],
    [
      [
        680,
        763
      ]
    ],
    [
      [
        681,
        764
      ]
    ],
    [
      [
        681,
        765
      ]
    ],
    [
      [
        685,
        769
      ]
    ],
    [
      [
        685,
        770
      ]
    ],
    [
      [
        688,
        773
      ]
    ],
    [
      [
        688,
        774
      ]
    ],
    [
      [
        689,
        774
      ]
    ],
    [
      [
        690,
        775
      ]
    ],
    [
      [
        690,
        776
      ]
    ],
    [
      [
        691,
        776
      ]
    ],
    [
      [
        692,
        777
      ]
    ],
    [
      [
        692,
        778
      ]
    ],
    [
      [
        693,
        779
      ]
    ],
    [
      [
        693,
        780
      ]
    ],
    [
      [
        699,
        786
      ]
    ],
    [
      [
        699,
        787
      ]
    ],
    [
      [
        700,
        787
      ]
    ],
    [
      [
        701,
        788
      ]
    ],
    [
      [
        701,
        789
      ]
    ],
    [
      [
        702,
        790
      ]
    ],
    [
      [
        702,
        791
      ]
    ],
    [
      [
        705,
        794
      ]
    ],
    [
      [
        705,
        795
      ]
    ],
    [
      [
        707,
        797
      ]
    ],
    [
      [
        707,
        798
      ]
    ],
    [
      [
        710,
        801
      ]
    ],
    [
      [
        710,
        802
      ]
    ],
    [
      [
        718,
        810
      ]
    ],
    [
      [
        718,
        811
      ]
    ],
    [
      [
        719,
        812
      ]
    ],
    [
      [
        719,
        813
      ]
    ],
    [
      [
        720,
        814
      ]
    ],
    [
      [
        720,
        816
      ]
    ],
    [
      [
        728,
        824
      ]
    ],
    [
      [
        728,
        825
      ]
    ],
    [
      [
        736,
        833
      ]
    ],
    [
      [
        736,
        834
      ]
    ],
    [
      [
        738,
        836
      ]
    ],
    [
      [
        738,
        837
      ]
    ],
    [
      [
        740,
        839
      ]
    ],
    [
      [
        740,
        840
      ]
    ],
    [
      [
        745,
        845
      ]
    ],
    [
      [
        746,
        845
      ]
    ],
    [
      [
        747,
        846
      ]
    ],
    [
      [
        747,
        847
      ]
    ],
    [
      [
        749,
        849
      ]
    ],
    [
      [
        749,
        850
      ]
    ],
    [
      [
        752,
        853
      ]
    ],
    [
      [
        752,
        854
      ]
    ],
    [
      [
        753,
        855
      ]
    ],
    [
      [
        760,
        855
      ]
    ],
    [
      [
        760,
        840
      ]
    ],
    [
      [
        761,
        839
      ]
    ],
    [
      [
        778,
        839
      ]
    ],
    [
      [
        782,
        843
      ]
    ],
    [
      [
        782,
        844
      ]
    ],
    [
      [
        784,
        846
      ]
    ],
    [
      [
        784,
        847
      ]
    ],
    [
      [
        791,
        854
      ]
    ],
    [
      [
        791,
        855
      ]
    ],
    [
      [
        794,
        858
      ]
    ],
    [
      [
        794,
        859
      ]
    ],
    [
      [
        799,
        864
      ]
    ],
    [
      [
        799,
        865
      ]
    ],
    [
      [
        801,
        867
      ]
    ],
    [
      [
        801,
        868
      ]
    ],
    [
      [
        809,
        876
      ]
    ],
    [
      [
        809,
        877
      ]
    ],
    [
      [
        810,
        878
      ]
    ],
    [
      [
        810,
        879
      ]
    ],
    [
      [
        812,
        881
      ]
    ],
    [
      [
        812,
        882
      ]
    ],
    [
      [
        818,
        888
      ]
    ],
    [
      [
        818,
        889
      ]
    ],
    [
      [
        822,
        893
      ]
    ],
    [
      [
        822,
        894
      ]
    ],
    [
      [
        824,
        896
      ]
    ],
    [
      [
        825,
        896
      ]
    ],
    [
      [
        826,
        897
      ]
    ],
    [
      [
        826,
        898
      ]
    ],
    [
      [
        828,
        900
      ]
    ],
    [
      [
        828,
        901
      ]
    ],
    [
      [
        829,
        902
      ]
    ],
    [
      [
        829,
        903
      ]
    ],
    [
      [
        834,
        908
      ]
    ],
    [
      [
        834,
        909
      ]
    ],
    [
      [
        837,
        912
      ]
    ],
    [
      [
        837,
        913
      ]
    ],
    [
      [
        843,
        919
      ]
    ],
    [
      [
        843,
        936
      ]
    ],
    [
      [
        842,
        937
      ]
    ],
    [
      [
        833,
        937
      ]
    ],
    [
      [
        833,
        943
      ]
    ],
    [
      [
        834,
        944
      ]
    ],
    [
      [
        834,
        945
      ]
    ],
    [
      [
        835,
        946
      ]
    ],
    [
      [
        835,
        947
      ]
    ],
    [
      [
        836,
        947
      ]
    ],
    [
      [
        840,
        951
      ]
    ],
    [
      [
        840,
        952
      ]
    ],
    [
      [
        842,
        954
      ]
    ],
    [
      [
        843,
        954
      ]
    ],
    [
      [
        846,
        957
      ]
    ],
    [
      [
        846,
        958
      ]
    ],
    [
      [
        848,
        960
      ]
    ],
    [
      [
        848,
        961
      ]
    ],
    [
      [
        851,
        964
      ]
    ],
    [
      [
        851,
        965
      ]
    ],
    [
      [
        854,
        968
      ]
    ],
    [
      [
        854,
        969
      ]
    ],
    [
      [
        861,
        976
      ]
    ],
    [
      [
        862,
        976
      ]
    ],
    [
      [
        864,
        978
      ]
    ],
    [
      [
        864,
        979
      ]
    ],
    [
      [
        869,
        984
      ]
    ],
    [
      [
        869,
        985
      ]
    ],
    [
      [
        870,
        986
      ]
    ],
    [
      [
        870,
        987
      ]
    ],
    [
      [
        875,
        992
      ]
    ],
    [
      [
        875,
        993
      ]
    ],
    [
      [
        876,
        994
      ]
    ],
    [
      [
        882,
        994
      ]
    ],
    [
      [
        882,
        981
      ]
    ],
    [
      [
        883,
        980
      ]
    ],
    [
      [
        906,
        980
      ]
    ],
    [
      [
        907,
        981
      ]
    ],
    [
      [
        907,
        1007
      ]
    ],
    [
      [
        908,
        1008
      ]
    ],
    [
      [
        908,
        1011
      ]
    ],
    [
      [
        910,
        1013
      ]
    ],
    [
      [
        911,
        1013
      ]
    ],
    [
      [
        912,
        1014
      ]
    ],
    [
      [
        916,
        1014
      ]
    ],
    [
      [
        917,
        1015
      ]
    ],
    [
      [
        917,
        1022
      ]
    ],
    [
      [
        918,
        1022
      ]
    ],
    [
      [
        919,
        1023
      ]
    ],
    [
      [
        919,
        1032
      ]
    ],
    [
      [
        920,
        1032
      ]
    ],
    [
      [
        922,
        1034
      ]
    ],
    [
      [
        922,
        1035
      ]
    ],
    [
      [
        925,
        1035
      ]
    ],
    [
      [
        926,
        1036
      ]
    ],
    [
      [
        926,
        1043
      ]
    ],
    [
      [
        927,
        1044
      ]
    ],
    [
      [
        927,
        1045
      ]
    ],
    [
      [
        928,
        1045
      ]
    ],
    [
      [
        929,
        1046
      ]
    ],
    [
      [
        931,
        1046
      ]
    ],
    [
      [
        932,
        1047
      ]
    ],
    [
      [
        938,
        1047
      ]
    ],
    [
      [
        939,
        1046
      ]
    ],
    [
      [
        941,
        1046
      ]
    ],
    [
      [
        942,
        1045
      ]
    ],
    [
      [
        943,
        1045
      ]
    ],
    [
      [
        944,
        1044
      ]
    ],
    [
      [
        945,
        1044
      ]
    ],
    [
      [
        946,
        1043
      ]
    ],
    [
      [
        947,
        1043
      ]
    ],
    [
      [
        949,
        1041
      ]
    ],
    [
      [
        951,
        1041
      ]
    ],
    [
      [
        955,
        1037
      ]
    ],
    [
      [
        956,
        1037
      ]
    ],
    [
      [
        957,
        1036
      ]
    ],
    [
      [
        957,
        1035
      ]
    ],
    [
      [
        959,
        1033
      ]
    ],
    [
      [
        960,
        1033
      ]
    ],
    [
      [
        961,
        1032
      ]
    ],
    [
      [
        962,
        1032
      ]
    ],
    [
      [
        964,
        1030
      ]
    ],
    [
      [
        965,
        1030
      ]
    ],
    [
      [
        970,
        1025
      ]
    ],
    [
      [
        971,
        1025
      ]
    ],
    [
      [
        972,
        1024
      ]
    ],
    [
      [
        973,
        1024
      ]
    ],
    [
      [
        975,
        1022
      ]
    ],
    [
      [
        976,
        1022
      ]
    ],
    [
      [
        978,
        1020
      ]
    ],
    [
      [
        979,
        1020
      ]
    ],
    [
      [
        980,
        1019
      ]
    ],
    [
      [
        980,
        1018
      ]
    ],
    [
      [
        981,
        1017
      ]
    ],
    [
      [
        983,
        1017
      ]
    ],
    [
      [
        985,
        1015
      ]
    ],
    [
      [
        987,
        1015
      ]
    ],
    [
      [
        988,
        1014
      ]
    ],
    [
      [
        988,
        1013
      ]
    ],
    [
      [
        990,
        1011
      ]
    ],
    [
      [
        991,
        1011
      ]
    ],
    [
      [
        992,
        1010
      ]
    ],
    [
      [
        993,
        1010
      ]
    ],
    [
      [
        994,
        1009
      ]
    ],
    [
      [
        995,
        1009
      ]
    ],
    [
      [
        997,
        1007
      ]
    ],
    [
      [
        998,
        1007
      ]
    ],
    [
      [
        999,
        1006
      ]
    ],
    [
      [
        999,
        1005
      ]
    ],
    [
      [
        1001,
        1003
      ]
    ],
    [
      [
        1002,
        1003
      ]
    ],
    [
      [
        1004,
        1001
      ]
    ],
    [
      [
        1005,
        1001
      ]
    ],
    [
      [
        1006,
        1000
      ]
    ],
    [
      [
        1007,
        1000
      ]
    ],
    [
      [
        1008,
        999
      ]
    ],
    [
      [
        1009,
        999
      ]
    ],
    [
      [
        1014,
        994
      ]
    ],
    [
      [
        1016,
        994
      ]
    ],
    [
      [
        1021,
        989
      ]
    ],
    [
      [
        1022,
        989
      ]
    ],
    [
      [
        1025,
        986
      ]
    ],
    [
      [
        1027,
        986
      ]
    ],
    [
      [
        1030,
        983
      ]
    ],
    [
      [
        1031,
        983
      ]
    ],
    [
      [
        1034,
        980
      ]
    ],
    [
      [
        1035,
        980
      ]
    ],
    [
      [
        1035,
        979
      ]
    ],
    [
      [
        1036,
        978
      ]
    ],
    [
      [
        1037,
        978
      ]
    ],
    [
      [
        1038,
        977
      ]
    ],
    [
      [
        1039,
        977
      ]
    ],
    [
      [
        1042,
        974
      ]
    ],
    [
      [
        1043,
        974
      ]
    ],
    [
      [
        1044,
        973
      ]
    ],
    [
      [
        1045,
        973
      ]
    ],
    [
      [
        1046,
        972
      ]
    ],
    [
      [
        1047,
        972
      ]
    ],
    [
      [
        1048,
        971
      ]
    ],
    [
      [
        1049,
        971
      ]
    ],
    [
      [
        1050,
        970
      ]
    ],
    [
      [
        1051,
        970
      ]
    ],
    [
      [
        1052,
        969
      ]
    ],
    [
      [
        1052,
        961
      ]
    ],
    [
      [
        1053,
        960
      ]
    ],
    [
      [
        1074,
        960
      ]
    ],
    [
      [
        1076,
        958
      ]
    ],
    [
      [
        1076,
        957
      ]
    ],
    [
      [
        1079,
        954
      ]
    ],
    [
      [
        1080,
        954
      ]
    ],
    [
      [
        1081,
        953
      ]
    ],
    [
      [
        1094,
        953
      ]
    ],
    [
      [
        1098,
        949
      ]
    ],
    [
      [
        1098,
        939
      ]
    ],
    [
      [
        1099,
        938
      ]
    ],
    [
      [
        1104,
        938
      ]
    ],
    [
      [
        1106,
        936
      ]
    ],
    [
      [
        1107,
        936
      ]
    ],
    [
      [
        1109,
        934
      ]
    ],
    [
      [
        1110,
        934
      ]
    ],
    [
      [
        1115,
        929
      ]
    ],
    [
      [
        1117,
        929
      ]
    ],
    [
      [
        1119,
        927
      ]
    ],
    [
      [
        1120,
        927
      ]
    ],
    [
      [
        1124,
        923
      ]
    ],
    [
      [
        1125,
        923
      ]
    ],
    [
      [
        1127,
        921
      ]
    ],
    [
      [
        1128,
        921
      ]
    ],
    [
      [
        1130,
        919
      ]
    ],
    [
      [
        1131,
        919
      ]
    ],
    [
      [
        1133,
        917
      ]
    ],
    [
      [
        1134,
        917
      ]
    ],
    [
      [
        1136,
        915
      ]
    ],
    [
      [
        1137,
        915
      ]
    ],
    [
      [
        1140,
        912
      ]
    ],
    [
      [
        1141,
        912
      ]
    ],
    [
      [
        1143,
        910
      ]
    ],
    [
      [
        1144,
        910
      ]
    ],
    [
      [
        1146,
        908
      ]
    ],
    [
      [
        1147,
        908
      ]
    ],
    [
      [
        1149,
        906
      ]
    ],
    [
      [
        1151,
        906
      ]
    ],
    [
      [
        1152,
        905
      ]
    ],
    [
      [
        1153,
        905
      ]
    ],
    [
      [
        1158,
        900
      ]
    ],
    [
      [
        1159,
        900
      ]
    ],
    [
      [
        1160,
        899
      ]
    ],
    [
      [
        1161,
        899
      ]
    ],
    [
      [
        1164,
        896
      ]
    ],
    [
      [
        1165,
        896
      ]
    ],
    [
      [
        1167,
        894
      ]
    ],
    [
      [
        1168,
        894
      ]
    ],
    [
      [
        1171,
        891
      ]
    ],
    [
      [
        1172,
        891
      ]
    ],
    [
      [
        1174,
        889
      ]
    ],
    [
      [
        1175,
        889
      ]
    ],
    [
      [
        1178,
        886
      ]
    ],
    [
      [
        1179,
        886
      ]
    ],
    [
      [
        1181,
        884
      ]
    ],
    [
      [
        1182,
        884
      ]
    ],
    [
      [
        1184,
        882
      ]
    ],
    [
      [
        1185,
        882
      ]
    ],
    [
      [
        1189,
        878
      ]
    ],
    [
      [
        1190,
        878
      ]
    ],
    [
      [
        1191,
        877
      ]
    ],
    [
      [
        1192,
        877
      ]
    ],
    [
      [
        1194,
        875
      ]
    ],
    [
      [
        1194,
        860
      ]
    ],
    [
      [
        1195,
        859
      ]
    ],
    [
      [
        1217,
        859
      ]
    ],
    [
      [
        1219,
        857
      ]
    ],
    [
      [
        1220,
        857
      ]
    ],
    [
      [
        1222,
        855
      ]
    ],
    [
      [
        1223,
        855
      ]
    ],
    [
      [
        1225,
        853
      ]
    ],
    [
      [
        1226,
        853
      ]
    ],
    [
      [
        1231,
        848
      ]
    ],
    [
      [
        1232,
        848
      ]
    ],
    [
      [
        1233,
        847
      ]
    ],
    [
      [
        1234,
        847
      ]
    ],
    [
      [
        1234,
        846
      ]
    ],
    [
      [
        1235,
        845
      ]
    ],
    [
      [
        1237,
        845
      ]
    ],
    [
      [
        1239,
        843
      ]
    ],
    [
      [
        1240,
        843
      ]
    ],
    [
      [
        1245,
        838
      ]
    ],
    [
      [
        1247,
        838
      ]
    ],
    [
      [
        1248,
        837
      ]
    ],
    [
      [
        1249,
        837
      ]
    ],
    [
      [
        1253,
        833
      ]
    ],
    [
      [
        1255,
        833
      ]
    ],
    [
      [
        1256,
        832
      ]
    ],
    [
      [
        1257,
        832
      ]
    ],
    [
      [
        1260,
        829
      ]
    ],
    [
      [
        1260,
        828
      ]
    ],
    [
      [
        1261,
        827
      ]
    ],
    [
      [
        1261,
        815
      ]
    ],
    [
      [
        1262,
        814
      ]
    ],
    [
      [
        1269,
        814
      ]
    ],
    [
      [
        1269,
        809
      ]
    ],
    [
      [
        1278,
        800
      ]
    ],
    [
      [
        1279,
        800
      ]
    ],
    [
      [
        1281,
        798
      ]
    ],
    [
      [
        1282,
        798
      ]
    ],
    [
      [
        1285,
        795
      ]
    ],
    [
      [
        1286,
        795
      ]
    ],
    [
      [
        1286,
        794
      ]
    ],
    [
      [
        1288,
        792
      ]
    ],
    [
      [
        1290,
        792
      ]
    ],
    [
      [
        1292,
        790
      ]
    ],
    [
      [
        1293,
        790
      ]
    ],
    [
      [
        1295,
        788
      ]
    ],
    [
      [
        1296,
        788
      ]
    ],
    [
      [
        1298,
        786
      ]
    ],
    [
      [
        1299,
        786
      ]
    ],
    [
      [
        1302,
        783
      ]
    ],
    [
      [
        1304,
        783
      ]
    ],
    [
      [
        1305,
        782
      ]
    ],
    [
      [
        1305,
        781
      ]
    ],
    [
      [
        1306,
        780
      ]
    ],
    [
      [
        1307,
        780
      ]
    ],
    [
      [
        1309,
        778
      ]
    ],
    [
      [
        1309,
        776
      ]
    ],
    [
      [
        1310,
        775
      ]
    ],
    [
      [
        1310,
        773
      ]
    ],
    [
      [
        1311,
        772
      ]
    ],
    [
      [
        1312,
        772
      ]
    ],
    [
      [
        1314,
        770
      ]
    ],
    [
      [
        1315,
        770
      ]
    ],
    [
      [
        1317,
        768
      ]
    ],
    [
      [
        1318,
        768
      ]
    ],
    [
      [
        1319,
        767
      ]
    ],
    [
      [
        1326,
        767
      ]
    ],
    [
      [
        1327,
        766
      ]
    ],
    [
      [
        1328,
        766
      ]
    ],
    [
      [
        1331,
        763
      ]
    ],
    [
      [
        1332,
        763
      ]
    ],
    [
      [
        1332,
        757
      ]
    ],
    [
      [
        1333,
        756
      ]
    ],
    [
      [
        1334,
        756
      ]
    ],
    [
      [
        1337,
        753
      ]
    ],
    [
      [
        1338,
        753
      ]
    ],
    [
      [
        1339,
        752
      ]
    ],
    [
      [
        1339,
        751
      ]
    ],
    [
      [
        1350,
        740
      ]
    ],
    [
      [
        1350,
        738
      ]
    ],
    [
      [
        1355,
        733
      ]
    ],
    [
      [
        1355,
        732
      ]
    ],
    [
      [
        1356,
        731
      ]
    ],
    [
      [
        1356,
        730
      ]
    ],
    [
      [
        1357,
        729
      ]
    ],
    [
      [
        1357,
        727
      ]
    ],
    [
      [
        1358,
        726
      ]
    ],
    [
      [
        1358,
        722
      ]
    ],
    [
      [
        1359,
        721
      ]
    ],
    [
      [
        1359,
        720
      ]
    ],
    [
      [
        1361,
        718
      ]
    ],
    [
      [
        1361,
        717
      ]
    ],
    [
      [
        1363,
        715
      ]
    ],
    [
      [
        1363,
        713
      ]
    ],
    [
      [
        1365,
        711
      ]
    ],
    [
      [
        1365,
        710
      ]
    ],
    [
      [
        1366,
        709
      ]
    ],
    [
      [
        1366,
        707
      ]
    ],
    [
      [
        1368,
        705
      ]
    ],
    [
      [
        1368,
        703
      ]
    ],
    [
      [
        1369,
        702
      ]
    ],
    [
      [
        1369,
        701
      ]
    ],
    [
      [
        1370,
        700
      ]
    ],
    [
      [
        1370,
        697
      ]
    ],
    [
      [
        1371,
        696
      ]
    ],
    [
      [
        1371,
        694
      ]
    ],
    [
      [
        1372,
        693
      ]
    ],
    [
      [
        1372,
        692
      ]
    ],
    [
      [
        1373,
        691
      ]
    ],
    [
      [
        1373,
        688
      ]
    ],
    [
      [
        1374,
        687
      ]
    ],
    [
      [
        1390,
        687
      ]
    ],
    [
      [
        1390,
        685
      ]
    ],
    [
      [
        1391,
        684
      ]
    ],
    [
      [
        1391,
        680
      ]
    ],
    [
      [
        1392,
        679
      ]
    ],
    [
      [
        1392,
        677
      ]
    ],
    [
      [
        1393,
        676
      ]
    ],
    [
      [
        1393,
        675
      ]
    ],
    [
      [
        1394,
        674
      ]
    ],
    [
      [
        1396,
        674
      ]
    ],
    [
      [
        1396,
        673
      ]
    ],
    [
      [
        1399,
        670
      ]
    ],
    [
      [
        1399,
        662
      ]
    ],
    [
      [
        1397,
        662
      ]
    ],
    [
      [
        1396,
        661
      ]
    ],
    [
      [
        1396,
        630
      ]
    ],
    [
      [
        1397,
        629
      ]
    ],
    [
      [
        1413,
        629
      ]
    ],
    [
      [
        1413,
        619
      ]
    ],
    [
      [
        1412,
        618
      ]
    ],
    [
      [
        1412,
        616
      ]
    ],
    [
      [
        1411,
        615
      ]
    ],
    [
      [
        1411,
        613
      ]
    ],
    [
      [
        1410,
        612
      ]
    ],
    [
      [
        1410,
        611
      ]
    ],
    [
      [
        1409,
        610
      ]
    ],
    [
      [
        1409,
        608
      ]
    ],
    [
      [
        1408,
        607
      ]
    ],
    [
      [
        1408,
        604
      ]
    ],
    [
      [
        1407,
        603
      ]
    ],
    [
      [
        1407,
        602
      ]
    ],
    [
      [
        1406,
        602
      ]
    ],
    [
      [
        1405,
        601
      ]
    ],
    [
      [
        1405,
        600
      ]
    ],
    [
      [
        1404,
        599
      ]
    ],
    [
      [
        1404,
        597
      ]
    ],
    [
      [
        1403,
        597
      ]
    ],
    [
      [
        1402,
        596
      ]
    ],
    [
      [
        1402,
        594
      ]
    ],
    [
      [
        1401,
        593
      ]
    ],
    [
      [
        1401,
        592
      ]
    ],
    [
      [
        1399,
        590
      ]
    ],
    [
      [
        1399,
        586
      ]
    ],
    [
      [
        1397,
        584
      ]
    ],
    [
      [
        1397,
        583
      ]
    ],
    [
      [
        1393,
        579
      ]
    ],
    [
      [
        1393,
        578
      ]
    ],
    [
      [
        1391,
        576
      ]
    ],
    [
      [
        1391,
        575
      ]
    ],
    [
      [
        1390,
        574
      ]
    ],
    [
      [
        1389,
        574
      ]
    ],
    [
      [
        1387,
        572
      ]
    ],
    [
      [
        1387,
        569
      ]
    ],
    [
      [
        1385,
        567
      ]
    ],
    [
      [
        1385,
        566
      ]
    ],
    [
      [
        1381,
        562
      ]
    ],
    [
      [
        1381,
        560
      ]
    ],
    [
      [
        1378,
        557
      ]
    ],
    [
      [
        1378,
        556
      ]
    ],
    [
      [
        1377,
        556
      ]
    ],
    [
      [
        1375,
        554
      ]
    ],
    [
      [
        1375,
        553
      ]
    ],
    [
      [
        1374,
        552
      ]
    ],
    [
      [
        1374,
        551
      ]
    ],
    [
      [
        1370,
        547
      ]
    ],
    [
      [
        1370,
        546
      ]
    ],
    [
      [
        1369,
        545
      ]
    ],
    [
      [
        1369,
        544
      ]
    ],
    [
      [
        1367,
        542
      ]
    ],
    [
      [
        1367,
        541
      ]
    ],
    [
      [
        1366,
        540
      ]
    ],
    [
      [
        1366,
        539
      ]
    ],
    [
      [
        1364,
        537
      ]
    ],
    [
      [
        1364,
        536
      ]
    ],
    [
      [
        1363,
        535
      ]
    ],
    [
      [
        1363,
        534
      ]
    ],
    [
      [
        1362,
        534
      ]
    ],
    [
      [
        1361,
        533
      ]
    ],
    [
      [
        1361,
        532
      ]
    ],
    [
      [
        1359,
        530
      ]
    ],
    [
      [
        1359,
        529
      ]
    ],
    [
      [
        1357,
        527
      ]
    ],
    [
      [
        1357,
        526
      ]
    ],
    [
      [
        1355,
        524
      ]
    ],
    [
      [
        1355,
        523
      ]
    ],
    [
      [
        1354,
        522
      ]
    ],
    [
      [
        1354,
        521
      ]
    ],
    [
      [
        1349,
        516
      ]
    ],
    [
      [
        1349,
        515
      ]
    ],
    [
      [
        1348,
        514
      ]
    ],
    [
      [
        1348,
        512
      ]
    ],
    [
      [
        1347,
        512
      ]
    ],
    [
      [
        1345,
        510
      ]
    ],
    [
      [
        1344,
        510
      ]
    ],
    [
      [
        1342,
        508
      ]
    ],
    [
      [
        1342,
        506
      ]
    ],
    [
      [
        1341,
        505
      ]
    ],
    [
      [
        1341,
        504
      ]
    ],
    [
      [
        1339,
        502
      ]
    ],
    [
      [
        1339,
        501
      ]
    ],
    [
      [
        1338,
        501
      ]
    ],
    [
      [
        1334,
        497
      ]
    ],
    [
      [
        1334,
        496
      ]
    ],
    [
      [
        1333,
        495
      ]
    ],
    [
      [
        1333,
        494
      ]
    ],
    [
      [
        1331,
        492
      ]
    ],
    [
      [
        1331,
        491
      ]
    ],
    [
      [
        1329,
        489
      ]
    ],
    [
      [
        1329,
        488
      ]
    ],
    [
      [
        1324,
        483
      ]
    ],
    [
      [
        1324,
        480
      ]
    ],
    [
      [
        1322,
        478
      ]
    ],
    [
      [
        1322,
        477
      ]
    ],
    [
      [
        1320,
        475
      ]
    ],
    [
      [
        1319,
        475
      ]
    ],
    [
      [
        1315,
        471
      ]
    ],
    [
      [
        1315,
        470
      ]
    ],
    [
      [
        1314,
        470
      ]
    ],
    [
      [
        1311,
        467
      ]
    ],
    [
      [
        1311,
        466
      ]
    ],
    [
      [
        1309,
        464
      ]
    ],
    [
      [
        1309,
        463
      ]
    ],
    [
      [
        1299,
        453
      ]
    ],
    [
      [
        1299,
        452
      ]
    ],
    [
      [
        1298,
        451
      ]
    ],
    [
      [
        1298,
        450
      ]
    ],
    [
      [
        1297,
        449
      ]
    ],
    [
      [
        1297,
        448
      ]
    ],
    [
      [
        1295,
        446
      ]
    ],
    [
      [
        1295,
        445
      ]
    ],
    [
      [
        1293,
        443
      ]
    ],
    [
      [
        1293,
        442
      ]
    ],
    [
      [
        1290,
        439
      ]
    ],
    [
      [
        1290,
        438
      ]
    ],
    [
      [
        1287,
        435
      ]
    ],
    [
      [
        1287,
        433
      ]
    ],
    [
      [
        1283,
        429
      ]
    ],
    [
      [
        1283,
        427
      ]
    ],
    [
      [
        1279,
        423
      ]
    ],
    [
      [
        1279,
        422
      ]
    ],
    [
      [
        1277,
        420
      ]
    ],
    [
      [
        1277,
        419
      ]
    ],
    [
      [
        1276,
        418
      ]
    ],
    [
      [
        1276,
        417
      ]
    ],
    [
      [
        1272,
        413
      ]
    ],
    [
      [
        1272,
        412
      ]
    ],
    [
      [
        1271,
        411
      ]
    ],
    [
      [
        1271,
        410
      ]
    ],
    [
      [
        1267,
        406
      ]
    ],
    [
      [
        1267,
        405
      ]
    ],
    [
      [
        1264,
        402
      ]
    ],
    [
      [
        1264,
        401
      ]
    ],
    [
      [
        1259,
        396
      ]
    ],
    [
      [
        1259,
        395
      ]
    ],
    [
      [
        1257,
        393
      ]
    ],
    [
      [
        1257,
        392
      ]
    ],
    [
      [
        1255,
        390
      ]
    ],
    [
      [
        1255,
        389
      ]
    ],
    [
      [
        1253,
        387
      ]
    ],
    [
      [
        1253,
        386
      ]
    ],
    [
      [
        1251,
        384
      ]
    ],
    [
      [
        1251,
        383
      ]
    ],
    [
      [
        1246,
        378
      ]
    ],
    [
      [
        1246,
        377
      ]
    ],
    [
      [
        1243,
        374
      ]
    ],
    [
      [
        1243,
        373
      ]
    ],
    [
      [
        1242,
        372
      ]
    ],
    [
      [
        1242,
        371
      ]
    ],
    [
      [
        1235,
        364
      ]
    ],
    [
      [
        1235,
        363
      ]
    ],
    [
      [
        1231,
        359
      ]
    ],
    [
      [
        1231,
        358
      ]
    ],
    [
      [
        1230,
        358
      ]
    ],
    [
      [
        1227,
        355
      ]
    ],
    [
      [
        1227,
        354
      ]
    ],
    [
      [
        1225,
        352
      ]
    ],
    [
      [
        1225,
        351
      ]
    ],
    [
      [
        1224,
        350
      ]
    ],
    [
      [
        1224,
        349
      ]
    ],
    [
      [
        1223,
        349
      ]
    ],
    [
      [
        1222,
        348
      ]
    ],
    [
      [
        1222,
        347
      ]
    ],
    [
      [
        1216,
        347
      ]
    ],
    [
      [
        1216,
        348
      ]
    ],
    [
      [
        1215,
        349
      ]
    ],
    [
      [
        1198,
        349
      ]
    ],
    [
      [
        1197,
        348
      ]
    ],
    [
      [
        1197,
        347
      ]
    ],
    [
      [
        1194,
        344
      ]
    ],
    [
      [
        1194,
        343
      ]
    ],
    [
      [
        1192,
        341
      ]
    ],
    [
      [
        1192,
        336
      ]
    ],
    [
      [
        1191,
        335
      ]
    ],
    [
      [
        1191,
        333
      ]
    ],
    [
      [
        1184,
        326
      ]
    ],
    [
      [
        1184,
        323
      ]
    ],
    [
      [
        1183,
        323
      ]
    ],
    [
      [
        1179,
        319
      ]
    ],
    [
      [
        1179,
        318
      ]
    ],
    [
      [
        1178,
        317
      ]
    ],
    [
      [
        1174,
        317
      ]
    ],
    [
      [
        1173,
        316
      ]
    ],
    [
      [
        1173,
        315
      ]
    ],
    [
      [
        1171,
        313
      ]
    ],
    [
      [
        1171,
        312
      ]
    ],
    [
      [
        1169,
        310
      ]
    ],
    [
      [
        1169,
        309
      ]
    ],
    [
      [
        1164,
        304
      ]
    ],
    [
      [
        1164,
        303
      ]
    ],
    [
      [
        1163,
        302
      ]
    ],
    [
      [
        1163,
        294
      ]
    ],
    [
      [
        1160,
        291
      ]
    ],
    [
      [
        1160,
        290
      ]
    ],
    [
      [
        1159,
        289
      ]
    ],
    [
      [
        1159,
        272
      ]
    ],
    [
      [
        1160,
        271
      ]
    ],
    [
      [
        1166,
        271
      ]
    ],
    [
      [
        1166,
        264
      ]
    ],
    [
      [
        1163,
        261
      ]
    ],
    [
      [
        1163,
        260
      ]
    ],
    [
      [
        1158,
        255
      ]
    ],
    [
      [
        1158,
        254
      ]
    ],
    [
      [
        1156,
        252
      ]
    ],
    [
      [
        1156,
        251
      ]
    ],
    [
      [
        1155,
        250
      ]
    ],
    [
      [
        1155,
        249
      ]
    ],
    [
      [
        1154,
        248
      ]
    ],
    [
      [
        1154,
        247
      ]
    ],
    [
      [
        1148,
        241
      ]
    ],
    [
      [
        1148,
        240
      ]
    ],
    [
      [
        1145,
        237
      ]
    ],
    [
      [
        1145,
        236
      ]
    ],
    [
      [
        1143,
        234
      ]
    ],
    [
      [
        1143,
        232
      ]
    ],
    [
      [
        1139,
        228
      ]
    ],
    [
      [
        1139,
        226
      ]
    ],
    [
      [
        1137,
        224
      ]
    ],
    [
      [
        1137,
        223
      ]
    ],
    [
      [
        1134,
        220
      ]
    ],
    [
      [
        1134,
        219
      ]
    ],
    [
      [
        1133,
        219
      ]
    ],
    [
      [
        1132,
        218
      ]
    ],
    [
      [
        1132,
        217
      ]
    ],
    [
      [
        1129,
        214
      ]
    ],
    [
      [
        1129,
        213
      ]
    ],
    [
      [
        1127,
        211
      ]
    ],
    [
      [
        1127,
        210
      ]
    ],
    [
      [
        1126,
        209
      ]
    ],
    [
      [
        1125,
        209
      ]
    ],
    [
      [
        1124,
        208
      ]
    ],
    [
      [
        1124,
        205
      ]
    ],
    [
      [
        1123,
        204
      ]
    ],
    [
      [
        1123,
        203
      ]
    ],
    [
      [
        1122,
        202
      ]
    ],
    [
      [
        1122,
        201
      ]
    ],
    [
      [
        1121,
        200
      ]
    ],
    [
      [
        1121,
        199
      ]
    ],
    [
      [
        1116,
        194
      ]
    ],
    [
      [
        1116,
        193
      ]
    ],
    [
      [
        1113,
        190
      ]
    ],
    [
      [
        1113,
        188
      ]
    ],
    [
      [
        1110,
        185
      ]
    ],
    [
      [
        1110,
        184
      ]
    ],
    [
      [
        1106,
        180
      ]
    ],
    [
      [
        1106,
        179
      ]
    ],
    [
      [
        1101,
        174
      ]
    ],
    [
      [
        1101,
        171
      ]
    ],
    [
      [
        1099,
        169
      ]
    ],
    [
      [
        1099,
        168
      ]
    ],
    [
      [
        1098,
        168
      ]
    ],
    [
      [
        1095,
        165
      ]
    ],
    [
      [
        1095,
        164
      ]
    ],
    [
      [
        1094,
        163
      ]
    ],
    [
      [
        1094,
        162
      ]
    ],
    [
      [
        1092,
        160
      ]
    ],
    [
      [
        1092,
        159
      ]
    ],
    [
      [
        1091,
        158
      ]
    ],
    [
      [
        1091,
        156
      ]
    ],
    [
      [
        1090,
        156
      ]
    ],
    [
      [
        1089,
        155
      ]
    ],
    [
      [
        1089,
        154
      ]
    ],
    [
      [
        1088,
        154
      ]
    ],
    [
      [
        1084,
        150
      ]
    ],
    [
      [
        1084,
        149
      ]
    ],
    [
      [
        1083,
        148
      ]
    ],
    [
      [
        1083,
        145
      ]
    ],
    [
      [
        1081,
        143
      ]
    ],
    [
      [
        1081,
        142
      ]
    ],
    [
      [
        1080,
        142
      ]
    ],
    [
      [
        1079,
        141
      ]
    ],
    [
      [
        1079,
        139
      ]
    ],
    [
      [
        1074,
        134
      ]
    ],
    [
      [
        1074,
        133
      ]
    ],
    [
      [
        1073,
        132
      ]
    ],
    [
      [
        1073,
        131
      ]
    ],
    [
      [
        1067,
        125
      ]
    ],
    [
      [
        1067,
        124
      ]
    ],
    [
      [
        1063,
        120
      ]
    ],
    [
      [
        1063,
        119
      ]
    ],
    [
      [
        1059,
        115
      ]
    ],
    [
      [
        1059,
        113
      ]
    ],
    [
      [
        1058,
        112
      ]
    ],
    [
      [
        1058,
        110
      ]
    ],
    [
      [
        1057,
        109
      ]
    ],
    [
      [
        1056,
        109
      ]
    ],
    [
      [
        1054,
        107
      ]
    ],
    [
      [
        1054,
        106
      ]
    ],
    [
      [
        1032,
        106
      ]
    ],
    [
      [
        1029,
        103
      ]
    ],
    [
      [
        1029,
        102
      ]
    ],
    [
      [
        1027,
        100
      ]
    ],
    [
      [
        1027,
        78
      ]
    ],
    [
      [
        1023,
        74
      ]
    ],
    [
      [
        1022,
        74
      ]
    ],
    [
      [
        1021,
        73
      ]
    ],
    [
      [
        1021,
        70
      ]
    ],
    [
      [
        1019,
        68
      ]
    ],
    [
      [
        1019,
        67
      ]
    ],
    [
      [
        1018,
        67
      ]
    ],
    [
      [
        1010,
        59
      ]
    ],
    [
      [
        1010,
        56
      ]
    ],
    [
      [
        1008,
        54
      ]
    ],
    [
      [
        1008,
        53
      ]
    ],
    [
      [
        1007,
        53
      ]
    ],
    [
      [
        1006,
        52
      ]
    ],
    [
      [
        1006,
        50
      ]
    ],
    [
      [
        997,
        41
      ]
    ]
  ],
  "segment_square_corners": [
    [
      387.1260681152344,
      395.3836364746094
    ],
    [
      958.7452392578125,
      0.0
    ],
    [
      1472.9786376953125,
      674.3082275390625
    ],
    [
      901.3594970703125,
      1079.0
    ]
  ],
  "phrases": [
    "box",
    "tangerine",
    "tangerine",
    "tangerine",
    "tangerine"
  ],
  "selected_bbox": [
    0.47621119022369385,
    0.4994046688079834,
    0.5176251530647278,
    0.914348304271698
  ]
}