{
  "timestamp": 1761056103.3111765,
  "session_id": "session_20251021_211452_51253c84",
  "supplier_id": "",
  "qr_data": "695991",
  "qr_items": {
    "tangerine": 4
  },
  "qr_corners": [
    [
      807.0,
      336.0
    ],
    [
      730.0,
      274.0
    ],
    [
      791.0,
      193.0
    ],
    [
      870.0,
      258.0
    ]
  ],
  "segment_corners": [
    [
      [
        771,
        27
      ]
    ],
    [
      [
        770,
        28
      ]
    ],
    [
      [
        769,
        28
      ]
    ],
    [
      [
        768,
        29
      ]
    ],
    [
      [
        767,
        29
      ]
    ],
    [
      [
        766,
        30
      ]
    ],
    [
      [
        764,
        30
      ]
    ],
    [
      [
        762,
        32
      ]
    ],
    [
      [
        761,
        32
      ]
    ],
    [
      [
        757,
        36
      ]
    ],
    [
      [
        757,
        37
      ]
    ],
    [
      [
        754,
        40
      ]
    ],
    [
      [
        754,
        41
      ]
    ],
    [
      [
        751,
        44
      ]
    ],
    [
      [
        751,
        45
      ]
    ],
    [
      [
        749,
        47
      ]
    ],
    [
      [
        748,
        47
      ]
    ],
    [
      [
        748,
        48
      ]
    ],
    [
      [
        747,
        49
      ]
    ],
    [
      [
        747,
        50
      ]
    ],
    [
      [
        745,
        52
      ]
    ],
    [
      [
        745,
        53
      ]
    ],
    [
      [
        744,
        54
      ]
    ],
    [
      [
        742,
        54
      ]
    ],
    [
      [
        742,
        57
      ]
    ],
    [
      [
        739,
        60
      ]
    ],
    [
      [
        739,
        61
      ]
    ],
    [
      [
        736,
        64
      ]
    ],
    [
      [
        736,
        65
      ]
    ],
    [
      [
        734,
        67
      ]
    ],
    [
      [
        734,
        68
      ]
    ],
    [
      [
        729,
        73
      ]
    ],
    [
      [
        729,
        74
      ]
    ],
    [
      [
        726,
        77
      ]
    ],
    [
      [
        726,
        79
      ]
    ],
    [
      [
        721,
        84
      ]
    ],
    [
      [
        721,
        85
      ]
    ],
    [
      [
        720,
        86
      ]
    ],
    [
      [
        720,
        87
      ]
    ],
    [
      [
        717,
        90
      ]
    ],
    [
      [
        717,
        99
      ]
    ],
    [
      [
        716,
        100
      ]
    ],
    [
      [
        706,
        100
      ]
    ],
    [
      [
        706,
        105
      ]
    ],
    [
      [
        705,
        106
      ]
    ],
    [
      [
        705,
        107
      ]
    ],
    [
      [
        703,
        109
      ]
    ],
    [
      [
        703,
        110
      ]
    ],
    [
      [
        700,
        113
      ]
    ],
    [
      [
        700,
        115
      ]
    ],
    [
      [
        698,
        117
      ]
    ],
    [
      [
        696,
        117
      ]
    ],
    [
      [
        696,
        119
      ]
    ],
    [
      [
        695,
        120
      ]
    ],
    [
      [
        695,
        121
      ]
    ],
    [
      [
        694,
        122
      ]
    ],
    [
      [
        694,
        123
      ]
    ],
    [
      [
        691,
        126
      ]
    ],
    [
      [
        691,
        127
      ]
    ],
    [
      [
        689,
        129
      ]
    ],
    [
      [
        689,
        130
      ]
    ],
    [
      [
        686,
        133
      ]
    ],
    [
      [
        686,
        134
      ]
    ],
    [
      [
        684,
        136
      ]
    ],
    [
      [
        684,
        137
      ]
    ],
    [
      [
        682,
        139
      ]
    ],
    [
      [
        682,
        140
      ]
    ],
    [
      [
        680,
        142
      ]
    ],
    [
      [
        679,
        142
      ]
    ],
    [
      [
        679,
        143
      ]
    ],
    [
      [
        677,
        145
      ]
    ],
    [
      [
        677,
        153
      ]
    ],
    [
      [
        676,
        154
      ]
    ],
    [
      [
        668,
        154
      ]
    ],
    [
      [
        668,
        162
      ]
    ],
    [
      [
        667,
        163
      ]
    ],
    [
      [
        656,
        163
      ]
    ],
    [
      [
        656,
        164
      ]
    ],
    [
      [
        652,
        168
      ]
    ],
    [
      [
        652,
        169
      ]
    ],
    [
      [
        645,
        176
      ]
    ],
    [
      [
        645,
        177
      ]
    ],
    [
      [
        643,
        179
      ]
    ],
    [
      [
        643,
        180
      ]
    ],
    [
      [
        641,
        182
      ]
    ],
    [
      [
        641,
        183
      ]
    ],
    [
      [
        636,
        188
      ]
    ],
    [
      [
        636,
        189
      ]
    ],
    [
      [
        635,
        190
      ]
    ],
    [
      [
        635,
        197
      ]
    ],
    [
      [
        636,
        198
      ]
    ],
    [
      [
        637,
        198
      ]
    ],
    [
      [
        638,
        199
      ]
    ],
    [
      [
        645,
        199
      ]
    ],
    [
      [
        645,
        196
      ]
    ],
    [
      [
        651,
        190
      ]
    ],
    [
      [
        668,
        190
      ]
    ],
    [
      [
        669,
        191
      ]
    ],
    [
      [
        669,
        221
      ]
    ],
    [
      [
        668,
        222
      ]
    ],
    [
      [
        667,
        222
      ]
    ],
    [
      [
        666,
        223
      ]
    ],
    [
      [
        664,
        223
      ]
    ],
    [
      [
        663,
        224
      ]
    ],
    [
      [
        662,
        224
      ]
    ],
    [
      [
        662,
        225
      ]
    ],
    [
      [
        658,
        229
      ]
    ],
    [
      [
        656,
        229
      ]
    ],
    [
      [
        654,
        231
      ]
    ],
    [
      [
        654,
        232
      ]
    ],
    [
      [
        653,
        233
      ]
    ],
    [
      [
        653,
        234
      ]
    ],
    [
      [
        647,
        240
      ]
    ],
    [
      [
        647,
        242
      ]
    ],
    [
      [
        642,
        247
      ]
    ],
    [
      [
        635,
        247
      ]
    ],
    [
      [
        635,
        249
      ]
    ],
    [
      [
        634,
        250
      ]
    ],
    [
      [
        634,
        251
      ]
    ],
    [
      [
        632,
        253
      ]
    ],
    [
      [
        632,
        254
      ]
    ],
    [
      [
        630,
        256
      ]
    ],
    [
      [
        630,
        257
      ]
    ],
    [
      [
        626,
        261
      ]
    ],
    [
      [
        626,
        262
      ]
    ],
    [
      [
        624,
        264
      ]
    ],
    [
      [
        624,
        265
      ]
    ],
    [
      [
        622,
        267
      ]
    ],
    [
      [
        622,
        268
      ]
    ],
    [
      [
        619,
        271
      ]
    ],
    [
      [
        619,
        272
      ]
    ],
    [
      [
        618,
        273
      ]
    ],
    [
      [
        618,
        274
      ]
    ],
    [
      [
        616,
        276
      ]
    ],
    [
      [
        616,
        277
      ]
    ],
    [
      [
        610,
        283
      ]
    ],
    [
      [
        610,
        284
      ]
    ],
    [
      [
        609,
        285
      ]
    ],
    [
      [
        609,
        286
      ]
    ],
    [
      [
        608,
        287
      ]
    ],
    [
      [
        607,
        287
      ]
    ],
    [
      [
        607,
        288
      ]
    ],
    [
      [
        604,
        291
      ]
    ],
    [
      [
        604,
        292
      ]
    ],
    [
      [
        599,
        297
      ]
    ],
    [
      [
        599,
        299
      ]
    ],
    [
      [
        598,
        300
      ]
    ],
    [
      [
        598,
        301
      ]
    ],
    [
      [
        597,
        302
      ]
    ],
    [
      [
        597,
        303
      ]
    ],
    [
      [
        593,
        307
      ]
    ],
    [
      [
        593,
        308
      ]
    ],
    [
      [
        590,
        311
      ]
    ],
    [
      [
        590,
        312
      ]
    ],
    [
      [
        589,
        313
      ]
    ],
    [
      [
        586,
        313
      ]
    ],
    [
      [
        586,
        316
      ]
    ],
    [
      [
        584,
        318
      ]
    ],
    [
      [
        584,
        319
      ]
    ],
    [
      [
        583,
        320
      ]
    ],
    [
      [
        583,
        321
      ]
    ],
    [
      [
        582,
        322
      ]
    ],
    [
      [
        582,
        323
      ]
    ],
    [
      [
        577,
        328
      ]
    ],
    [
      [
        577,
        330
      ]
    ],
    [
      [
        573,
        334
      ]
    ],
    [
      [
        573,
        336
      ]
    ],
    [
      [
        570,
        339
      ]
    ],
    [
      [
        553,
        339
      ]
    ],
    [
      [
        552,
        338
      ]
    ],
    [
      [
        552,
        324
      ]
    ],
    [
      [
        551,
        323
      ]
    ],
    [
      [
        551,
        322
      ]
    ],
    [
      [
        549,
        320
      ]
    ],
    [
      [
        549,
        319
      ]
    ],
    [
      [
        541,
        319
      ]
    ],
    [
      [
        537,
        323
      ]
    ],
    [
      [
        537,
        324
      ]
    ],
    [
      [
        535,
        326
      ]
    ],
    [
      [
        535,
        327
      ]
    ],
    [
      [
        533,
        329
      ]
    ],
    [
      [
        533,
        330
      ]
    ],
    [
      [
        532,
        331
      ]
    ],
    [
      [
        532,
        332
      ]
    ],
    [
      [
        530,
        334
      ]
    ],
    [
      [
        529,
        334
      ]
    ],
    [
      [
        528,
        335
      ]
    ],
    [
      [
        528,
        337
      ]
    ],
    [
      [
        526,
        339
      ]
    ],
    [
      [
        526,
        340
      ]
    ],
    [
      [
        522,
        344
      ]
    ],
    [
      [
        522,
        345
      ]
    ],
    [
      [
        519,
        348
      ]
    ],
    [
      [
        519,
        349
      ]
    ],
    [
      [
        516,
        352
      ]
    ],
    [
      [
        516,
        353
      ]
    ],
    [
      [
        515,
        354
      ]
    ],
    [
      [
        515,
        362
      ]
    ],
    [
      [
        521,
        362
      ]
    ],
    [
      [
        521,
        360
      ]
    ],
    [
      [
        523,
        358
      ]
    ],
    [
      [
        542,
        358
      ]
    ],
    [
      [
        543,
        359
      ]
    ],
    [
      [
        543,
        376
      ]
    ],
    [
      [
        540,
        379
      ]
    ],
    [
      [
        540,
        381
      ]
    ],
    [
      [
        536,
        385
      ]
    ],
    [
      [
        536,
        386
      ]
    ],
    [
      [
        532,
        390
      ]
    ],
    [
      [
        512,
        390
      ]
    ],
    [
      [
        512,
        391
      ]
    ],
    [
      [
        507,
        396
      ]
    ],
    [
      [
        507,
        398
      ]
    ],
    [
      [
        505,
        400
      ]
    ],
    [
      [
        505,
        402
      ]
    ],
    [
      [
        501,
        406
      ]
    ],
    [
      [
        501,
        407
      ]
    ],
    [
      [
        500,
        408
      ]
    ],
    [
      [
        500,
        409
      ]
    ],
    [
      [
        497,
        412
      ]
    ],
    [
      [
        497,
        413
      ]
    ],
    [
      [
        496,
        414
      ]
    ],
    [
      [
        496,
        415
      ]
    ],
    [
      [
        493,
        418
      ]
    ],
    [
      [
        493,
        419
      ]
    ],
    [
      [
        489,
        423
      ]
    ],
    [
      [
        489,
        424
      ]
    ],
    [
      [
        488,
        425
      ]
    ],
    [
      [
        488,
        426
      ]
    ],
    [
      [
        486,
        428
      ]
    ],
    [
      [
        486,
        429
      ]
    ],
    [
      [
        484,
        431
      ]
    ],
    [
      [
        484,
        432
      ]
    ],
    [
      [
        480,
        436
      ]
    ],
    [
      [
        480,
        438
      ]
    ],
    [
      [
        477,
        441
      ]
    ],
    [
      [
        477,
        442
      ]
    ],
    [
      [
        476,
        443
      ]
    ],
    [
      [
        475,
        443
      ]
    ],
    [
      [
        474,
        444
      ]
    ],
    [
      [
        474,
        446
      ]
    ],
    [
      [
        472,
        448
      ]
    ],
    [
      [
        472,
        449
      ]
    ],
    [
      [
        470,
        451
      ]
    ],
    [
      [
        470,
        452
      ]
    ],
    [
      [
        468,
        454
      ]
    ],
    [
      [
        468,
        455
      ]
    ],
    [
      [
        466,
        457
      ]
    ],
    [
      [
        466,
        458
      ]
    ],
    [
      [
        465,
        459
      ]
    ],
    [
      [
        465,
        461
      ]
    ],
    [
      [
        464,
        462
      ]
    ],
    [
      [
        464,
        463
      ]
    ],
    [
      [
        462,
        465
      ]
    ],
    [
      [
        462,
        468
      ]
    ],
    [
      [
        460,
        470
      ]
    ],
    [
      [
        460,
        472
      ]
    ],
    [
      [
        459,
        473
      ]
    ],
    [
      [
        459,
        475
      ]
    ],
    [
      [
        458,
        476
      ]
    ],
    [
      [
        458,
        477
      ]
    ],
    [
      [
        457,
        478
      ]
    ],
    [
      [
        457,
        482
      ]
    ],
    [
      [
        456,
        483
      ]
    ],
    [
      [
        456,
        484
      ]
    ],
    [
      [
        455,
        485
      ]
    ],
    [
      [
        455,
        489
      ]
    ],
    [
      [
        454,
        490
      ]
    ],
    [
      [
        454,
        509
      ]
    ],
    [
      [
        453,
        510
      ]
    ],
    [
      [
        453,
        515
      ]
    ],
    [
      [
        452,
        516
      ]
    ],
    [
      [
        452,
        526
      ]
    ],
    [
      [
        453,
        527
      ]
    ],
    [
      [
        453,
        532
      ]
    ],
    [
      [
        454,
        533
      ]
    ],
    [
      [
        454,
        542
      ]
    ],
    [
      [
        455,
        543
      ]
    ],
    [
      [
        455,
        551
      ]
    ],
    [
      [
        456,
        552
      ]
    ],
    [
      [
        456,
        555
      ]
    ],
    [
      [
        457,
        556
      ]
    ],
    [
      [
        457,
        558
      ]
    ],
    [
      [
        458,
        559
      ]
    ],
    [
      [
        458,
        560
      ]
    ],
    [
      [
        459,
        561
      ]
    ],
    [
      [
        459,
        581
      ]
    ],
    [
      [
        458,
        582
      ]
    ],
    [
      [
        440,
        582
      ]
    ],
    [
      [
        439,
        583
      ]
    ],
    [
      [
        439,
        585
      ]
    ],
    [
      [
        438,
        586
      ]
    ],
    [
      [
        438,
        592
      ]
    ],
    [
      [
        439,
        593
      ]
    ],
    [
      [
        440,
        593
      ]
    ],
    [
      [
        441,
        594
      ]
    ],
    [
      [
        441,
        600
      ]
    ],
    [
      [
        442,
        601
      ]
    ],
    [
      [
        443,
        601
      ]
    ],
    [
      [
        445,
        603
      ]
    ],
    [
      [
        445,
        604
      ]
    ],
    [
      [
        446,
        604
      ]
    ],
    [
      [
        447,
        605
      ]
    ],
    [
      [
        447,
        606
      ]
    ],
    [
      [
        454,
        613
      ]
    ],
    [
      [
        454,
        614
      ]
    ],
    [
      [
        455,
        615
      ]
    ],
    [
      [
        456,
        615
      ]
    ],
    [
      [
        465,
        624
      ]
    ],
    [
      [
        466,
        624
      ]
    ],
    [
      [
        469,
        627
      ]
    ],
    [
      [
        470,
        627
      ]
    ],
    [
      [
        473,
        630
      ]
    ],
    [
      [
        474,
        630
      ]
    ],
    [
      [
        479,
        635
      ]
    ],
    [
      [
        480,
        635
      ]
    ],
    [
      [
        481,
        636
      ]
    ],
    [
      [
        482,
        636
      ]
    ],
    [
      [
        483,
        637
      ]
    ],
    [
      [
        484,
        637
      ]
    ],
    [
      [
        485,
        638
      ]
    ],
    [
      [
        485,
        639
      ]
    ],
    [
      [
        486,
        640
      ]
    ],
    [
      [
        487,
        640
      ]
    ],
    [
      [
        490,
        643
      ]
    ],
    [
      [
        491,
        643
      ]
    ],
    [
      [
        494,
        646
      ]
    ],
    [
      [
        495,
        646
      ]
    ],
    [
      [
        497,
        648
      ]
    ],
    [
      [
        497,
        652
      ]
    ],
    [
      [
        500,
        655
      ]
    ],
    [
      [
        501,
        655
      ]
    ],
    [
      [
        502,
        656
      ]
    ],
    [
      [
        502,
        657
      ]
    ],
    [
      [
        503,
        657
      ]
    ],
    [
      [
        505,
        659
      ]
    ],
    [
      [
        512,
        659
      ]
    ],
    [
      [
        514,
        661
      ]
    ],
    [
      [
        531,
        661
      ]
    ],
    [
      [
        532,
        662
      ]
    ],
    [
      [
        534,
        662
      ]
    ],
    [
      [
        537,
        665
      ]
    ],
    [
      [
        537,
        675
      ]
    ],
    [
      [
        538,
        675
      ]
    ],
    [
      [
        539,
        676
      ]
    ],
    [
      [
        539,
        682
      ]
    ],
    [
      [
        540,
        682
      ]
    ],
    [
      [
        542,
        684
      ]
    ],
    [
      [
        542,
        685
      ]
    ],
    [
      [
        543,
        685
      ]
    ],
    [
      [
        544,
        686
      ]
    ],
    [
      [
        545,
        686
      ]
    ],
    [
      [
        548,
        689
      ]
    ],
    [
      [
        549,
        689
      ]
    ],
    [
      [
        553,
        693
      ]
    ],
    [
      [
        555,
        693
      ]
    ],
    [
      [
        559,
        697
      ]
    ],
    [
      [
        560,
        697
      ]
    ],
    [
      [
        562,
        699
      ]
    ],
    [
      [
        563,
        699
      ]
    ],
    [
      [
        564,
        700
      ]
    ],
    [
      [
        565,
        700
      ]
    ],
    [
      [
        566,
        701
      ]
    ],
    [
      [
        566,
        702
      ]
    ],
    [
      [
        567,
        703
      ]
    ],
    [
      [
        568,
        703
      ]
    ],
    [
      [
        569,
        704
      ]
    ],
    [
      [
        570,
        704
      ]
    ],
    [
      [
        572,
        706
      ]
    ],
    [
      [
        573,
        706
      ]
    ],
    [
      [
        576,
        709
      ]
    ],
    [
      [
        577,
        709
      ]
    ],
    [
      [
        579,
        711
      ]
    ],
    [
      [
        580,
        711
      ]
    ],
    [
      [
        582,
        713
      ]
    ],
    [
      [
        583,
        713
      ]
    ],
    [
      [
        584,
        714
      ]
    ],
    [
      [
        585,
        714
      ]
    ],
    [
      [
        587,
        716
      ]
    ],
    [
      [
        588,
        716
      ]
    ],
    [
      [
        593,
        721
      ]
    ],
    [
      [
        598,
        721
      ]
    ],
    [
      [
        600,
        723
      ]
    ],
    [
      [
        601,
        723
      ]
    ],
    [
      [
        602,
        724
      ]
    ],
    [
      [
        603,
        724
      ]
    ],
    [
      [
        604,
        725
      ]
    ],
    [
      [
        604,
        728
      ]
    ],
    [
      [
        605,
        729
      ]
    ],
    [
      [
        607,
        729
      ]
    ],
    [
      [
        609,
        731
      ]
    ],
    [
      [
        610,
        731
      ]
    ],
    [
      [
        617,
        738
      ]
    ],
    [
      [
        618,
        738
      ]
    ],
    [
      [
        619,
        739
      ]
    ],
    [
      [
        620,
        739
      ]
    ],
    [
      [
        626,
        745
      ]
    ],
    [
      [
        627,
        745
      ]
    ],
    [
      [
        633,
        751
      ]
    ],
    [
      [
        635,
        751
      ]
    ],
    [
      [
        638,
        754
      ]
    ],
    [
      [
        639,
        754
      ]
    ],
    [
      [
        642,
        757
      ]
    ],
    [
      [
        643,
        757
      ]
    ],
    [
      [
        647,
        761
      ]
    ],
    [
      [
        648,
        761
      ]
    ],
    [
      [
        649,
        762
      ]
    ],
    [
      [
        650,
        762
      ]
    ],
    [
      [
        651,
        763
      ]
    ],
    [
      [
        652,
        763
      ]
    ],
    [
      [
        653,
        764
      ]
    ],
    [
      [
        654,
        764
      ]
    ],
    [
      [
        659,
        769
      ]
    ],
    [
      [
        660,
        769
      ]
    ],
    [
      [
        662,
        771
      ]
    ],
    [
      [
        663,
        771
      ]
    ],
    [
      [
        665,
        773
      ]
    ],
    [
      [
        668,
        773
      ]
    ],
    [
      [
        669,
        774
      ]
    ],
    [
      [
        669,
        775
      ]
    ],
    [
      [
        672,
        778
      ]
    ],
    [
      [
        673,
        778
      ]
    ],
    [
      [
        675,
        780
      ]
    ],
    [
      [
        677,
        780
      ]
    ],
    [
      [
        678,
        781
      ]
    ],
    [
      [
        678,
        782
      ]
    ],
    [
      [
        679,
        783
      ]
    ],
    [
      [
        680,
        783
      ]
    ],
    [
      [
        681,
        784
      ]
    ],
    [
      [
        682,
        784
      ]
    ],
    [
      [
        689,
        791
      ]
    ],
    [
      [
        701,
        791
      ]
    ],
    [
      [
        705,
        795
      ]
    ],
    [
      [
        705,
        798
      ]
    ],
    [
      [
        706,
        799
      ]
    ],
    [
      [
        706,
        800
      ]
    ],
    [
      [
        707,
        800
      ]
    ],
    [
      [
        709,
        802
      ]
    ],
    [
      [
        709,
        803
      ]
    ],
    [
      [
        711,
        805
      ]
    ],
    [
      [
        712,
        805
      ]
    ],
    [
      [
        715,
        808
      ]
    ],
    [
      [
        716,
        808
      ]
    ],
    [
      [
        719,
        811
      ]
    ],
    [
      [
        719,
        812
      ]
    ],
    [
      [
        720,
        812
      ]
    ],
    [
      [
        721,
        813
      ]
    ],
    [
      [
        721,
        814
      ]
    ],
    [
      [
        722,
        814
      ]
    ],
    [
      [
        726,
        818
      ]
    ],
    [
      [
        727,
        818
      ]
    ],
    [
      [
        728,
        819
      ]
    ],
    [
      [
        729,
        819
      ]
    ],
    [
      [
        730,
        820
      ]
    ],
    [
      [
        731,
        820
      ]
    ],
    [
      [
        737,
        826
      ]
    ],
    [
      [
        738,
        826
      ]
    ],
    [
      [
        739,
        827
      ]
    ],
    [
      [
        740,
        827
      ]
    ],
    [
      [
        745,
        832
      ]
    ],
    [
      [
        746,
        832
      ]
    ],
    [
      [
        747,
        833
      ]
    ],
    [
      [
        748,
        833
      ]
    ],
    [
      [
        749,
        834
      ]
    ],
    [
      [
        749,
        835
      ]
    ],
    [
      [
        752,
        838
      ]
    ],
    [
      [
        753,
        838
      ]
    ],
    [
      [
        754,
        839
      ]
    ],
    [
      [
        755,
        839
      ]
    ],
    [
      [
        758,
        842
      ]
    ],
    [
      [
        759,
        842
      ]
    ],
    [
      [
        765,
        848
      ]
    ],
    [
      [
        767,
        848
      ]
    ],
    [
      [
        768,
        849
      ]
    ],
    [
      [
        769,
        849
      ]
    ],
    [
      [
        771,
        851
      ]
    ],
    [
      [
        772,
        851
      ]
    ],
    [
      [
        774,
        853
      ]
    ],
    [
      [
        774,
        854
      ]
    ],
    [
      [
        775,
        854
      ]
    ],
    [
      [
        778,
        857
      ]
    ],
    [
      [
        779,
        857
      ]
    ],
    [
      [
        784,
        862
      ]
    ],
    [
      [
        785,
        862
      ]
    ],
    [
      [
        786,
        863
      ]
    ],
    [
      [
        787,
        863
      ]
    ],
    [
      [
        788,
        864
      ]
    ],
    [
      [
        789,
        864
      ]
    ],
    [
      [
        790,
        865
      ]
    ],
    [
      [
        791,
        865
      ]
    ],
    [
      [
        798,
        872
      ]
    ],
    [
      [
        799,
        872
      ]
    ],
    [
      [
        800,
        873
      ]
    ],
    [
      [
        801,
        873
      ]
    ],
    [
      [
        802,
        874
      ]
    ],
    [
      [
        803,
        874
      ]
    ],
    [
      [
        806,
        877
      ]
    ],
    [
      [
        806,
        878
      ]
    ],
    [
      [
        807,
        878
      ]
    ],
    [
      [
        808,
        879
      ]
    ],
    [
      [
        809,
        879
      ]
    ],
    [
      [
        811,
        881
      ]
    ],
    [
      [
        811,
        882
      ]
    ],
    [
      [
        812,
        882
      ]
    ],
    [
      [
        814,
        884
      ]
    ],
    [
      [
        815,
        884
      ]
    ],
    [
      [
        818,
        887
      ]
    ],
    [
      [
        819,
        887
      ]
    ],
    [
      [
        821,
        889
      ]
    ],
    [
      [
        822,
        889
      ]
    ],
    [
      [
        825,
        892
      ]
    ],
    [
      [
        826,
        892
      ]
    ],
    [
      [
        830,
        896
      ]
    ],
    [
      [
        831,
        896
      ]
    ],
    [
      [
        834,
        899
      ]
    ],
    [
      [
        834,
        900
      ]
    ],
    [
      [
        837,
        903
      ]
    ],
    [
      [
        838,
        903
      ]
    ],
    [
      [
        839,
        904
      ]
    ],
    [
      [
        839,
        905
      ]
    ],
    [
      [
        840,
        906
      ]
    ],
    [
      [
        844,
        906
      ]
    ],
    [
      [
        846,
        908
      ]
    ],
    [
      [
        847,
        908
      ]
    ],
    [
      [
        849,
        910
      ]
    ],
    [
      [
        850,
        910
      ]
    ],
    [
      [
        854,
        914
      ]
    ],
    [
      [
        855,
        914
      ]
    ],
    [
      [
        858,
        917
      ]
    ],
    [
      [
        859,
        917
      ]
    ],
    [
      [
        861,
        919
      ]
    ],
    [
      [
        862,
        919
      ]
    ],
    [
      [
        866,
        923
      ]
    ],
    [
      [
        868,
        923
      ]
    ],
    [
      [
        872,
        927
      ]
    ],
    [
      [
        872,
        928
      ]
    ],
    [
      [
        873,
        929
      ]
    ],
    [
      [
        874,
        929
      ]
    ],
    [
      [
        883,
        938
      ]
    ],
    [
      [
        883,
        939
      ]
    ],
    [
      [
        885,
        941
      ]
    ],
    [
      [
        892,
        941
      ]
    ],
    [
      [
        892,
        921
      ]
    ],
    [
      [
        893,
        920
      ]
    ],
    [
      [
        916,
        920
      ]
    ],
    [
      [
        918,
        922
      ]
    ],
    [
      [
        919,
        922
      ]
    ],
    [
      [
        920,
        923
      ]
    ],
    [
      [
        922,
        923
      ]
    ],
    [
      [
        925,
        926
      ]
    ],
    [
      [
        928,
        926
      ]
    ],
    [
      [
        929,
        927
      ]
    ],
    [
      [
        930,
        927
      ]
    ],
    [
      [
        934,
        931
      ]
    ],
    [
      [
        936,
        931
      ]
    ],
    [
      [
        938,
        933
      ]
    ],
    [
      [
        939,
        933
      ]
    ],
    [
      [
        942,
        936
      ]
    ],
    [
      [
        943,
        936
      ]
    ],
    [
      [
        944,
        937
      ]
    ],
    [
      [
        944,
        938
      ]
    ],
    [
      [
        945,
        939
      ]
    ],
    [
      [
        947,
        939
      ]
    ],
    [
      [
        949,
        941
      ]
    ],
    [
      [
        950,
        941
      ]
    ],
    [
      [
        951,
        942
      ]
    ],
    [
      [
        952,
        942
      ]
    ],
    [
      [
        958,
        948
      ]
    ],
    [
      [
        959,
        948
      ]
    ],
    [
      [
        960,
        949
      ]
    ],
    [
      [
        961,
        949
      ]
    ],
    [
      [
        963,
        951
      ]
    ],
    [
      [
        964,
        951
      ]
    ],
    [
      [
        966,
        953
      ]
    ],
    [
      [
        967,
        953
      ]
    ],
    [
      [
        968,
        954
      ]
    ],
    [
      [
        969,
        954
      ]
    ],
    [
      [
        970,
        955
      ]
    ],
    [
      [
        971,
        955
      ]
    ],
    [
      [
        973,
        957
      ]
    ],
    [
      [
        974,
        957
      ]
    ],
    [
      [
        977,
        960
      ]
    ],
    [
      [
        977,
        977
      ]
    ],
    [
      [
        978,
        978
      ]
    ],
    [
      [
        980,
        978
      ]
    ],
    [
      [
        981,
        979
      ]
    ],
    [
      [
        982,
        979
      ]
    ],
    [
      [
        983,
        980
      ]
    ],
    [
      [
        984,
        980
      ]
    ],
    [
      [
        985,
        981
      ]
    ],
    [
      [
        987,
        981
      ]
    ],
    [
      [
        988,
        982
      ]
    ],
    [
      [
        1007,
        982
      ]
    ],
    [
      [
        1008,
        981
      ]
    ],
    [
      [
        1042,
        981
      ]
    ],
    [
      [
        1043,
        980
      ]
    ],
    [
      [
        1053,
        980
      ]
    ],
    [
      [
        1054,
        979
      ]
    ],
    [
      [
        1059,
        979
      ]
    ],
    [
      [
        1061,
        977
      ]
    ],
    [
      [
        1068,
        977
      ]
    ],
    [
      [
        1069,
        976
      ]
    ],
    [
      [
        1070,
        976
      ]
    ],
    [
      [
        1071,
        975
      ]
    ],
    [
      [
        1074,
        975
      ]
    ],
    [
      [
        1075,
        974
      ]
    ],
    [
      [
        1076,
        974
      ]
    ],
    [
      [
        1077,
        973
      ]
    ],
    [
      [
        1079,
        973
      ]
    ],
    [
      [
        1080,
        972
      ]
    ],
    [
      [
        1081,
        972
      ]
    ],
    [
      [
        1083,
        970
      ]
    ],
    [
      [
        1093,
        970
      ]
    ],
    [
      [
        1094,
        969
      ]
    ],
    [
      [
        1100,
        969
      ]
    ],
    [
      [
        1102,
        967
      ]
    ],
    [
      [
        1103,
        967
      ]
    ],
    [
      [
        1106,
        964
      ]
    ],
    [
      [
        1107,
        964
      ]
    ],
    [
      [
        1109,
        962
      ]
    ],
    [
      [
        1110,
        962
      ]
    ],
    [
      [
        1119,
        953
      ]
    ],
    [
      [
        1119,
        952
      ]
    ],
    [
      [
        1127,
        944
      ]
    ],
    [
      [
        1127,
        943
      ]
    ],
    [
      [
        1133,
        937
      ]
    ],
    [
      [
        1133,
        936
      ]
    ],
    [
      [
        1138,
        931
      ]
    ],
    [
      [
        1144,
        931
      ]
    ],
    [
      [
        1144,
        930
      ]
    ],
    [
      [
        1145,
        929
      ]
    ],
    [
      [
        1145,
        921
      ]
    ],
    [
      [
        1148,
        918
      ]
    ],
    [
      [
        1148,
        917
      ]
    ],
    [
      [
        1155,
        910
      ]
    ],
    [
      [
        1155,
        909
      ]
    ],
    [
      [
        1159,
        905
      ]
    ],
    [
      [
        1160,
        905
      ]
    ],
    [
      [
        1160,
        904
      ]
    ],
    [
      [
        1165,
        899
      ]
    ],
    [
      [
        1165,
        898
      ]
    ],
    [
      [
        1167,
        896
      ]
    ],
    [
      [
        1168,
        896
      ]
    ],
    [
      [
        1170,
        894
      ]
    ],
    [
      [
        1170,
        888
      ]
    ],
    [
      [
        1171,
        887
      ]
    ],
    [
      [
        1173,
        887
      ]
    ],
    [
      [
        1173,
        883
      ]
    ],
    [
      [
        1174,
        882
      ]
    ],
    [
      [
        1174,
        881
      ]
    ],
    [
      [
        1178,
        877
      ]
    ],
    [
      [
        1178,
        876
      ]
    ],
    [
      [
        1188,
        866
      ]
    ],
    [
      [
        1188,
        865
      ]
    ],
    [
      [
        1194,
        859
      ]
    ],
    [
      [
        1194,
        858
      ]
    ],
    [
      [
        1199,
        853
      ]
    ],
    [
      [
        1199,
        852
      ]
    ],
    [
      [
        1204,
        847
      ]
    ],
    [
      [
        1224,
        847
      ]
    ],
    [
      [
        1225,
        848
      ]
    ],
    [
      [
        1231,
        848
      ]
    ],
    [
      [
        1231,
        846
      ]
    ],
    [
      [
        1235,
        842
      ]
    ],
    [
      [
        1235,
        841
      ]
    ],
    [
      [
        1242,
        834
      ]
    ],
    [
      [
        1242,
        833
      ]
    ],
    [
      [
        1243,
        832
      ]
    ],
    [
      [
        1244,
        832
      ]
    ],
    [
      [
        1245,
        831
      ]
    ],
    [
      [
        1245,
        830
      ]
    ],
    [
      [
        1246,
        829
      ]
    ],
    [
      [
        1246,
        828
      ]
    ],
    [
      [
        1251,
        823
      ]
    ],
    [
      [
        1251,
        822
      ]
    ],
    [
      [
        1256,
        817
      ]
    ],
    [
      [
        1257,
        817
      ]
    ],
    [
      [
        1258,
        816
      ]
    ],
    [
      [
        1258,
        815
      ]
    ],
    [
      [
        1260,
        813
      ]
    ],
    [
      [
        1260,
        812
      ]
    ],
    [
      [
        1264,
        808
      ]
    ],
    [
      [
        1264,
        807
      ]
    ],
    [
      [
        1265,
        806
      ]
    ],
    [
      [
        1266,
        806
      ]
    ],
    [
      [
        1267,
        805
      ]
    ],
    [
      [
        1267,
        804
      ]
    ],
    [
      [
        1270,
        801
      ]
    ],
    [
      [
        1270,
        800
      ]
    ],
    [
      [
        1272,
        798
      ]
    ],
    [
      [
        1272,
        797
      ]
    ],
    [
      [
        1275,
        794
      ]
    ],
    [
      [
        1276,
        794
      ]
    ],
    [
      [
        1278,
        792
      ]
    ],
    [
      [
        1278,
        791
      ]
    ],
    [
      [
        1282,
        787
      ]
    ],
    [
      [
        1282,
        786
      ]
    ],
    [
      [
        1286,
        782
      ]
    ],
    [
      [
        1286,
        781
      ]
    ],
    [
      [
        1291,
        776
      ]
    ],
    [
      [
        1291,
        775
      ]
    ],
    [
      [
        1299,
        767
      ]
    ],
    [
      [
        1299,
        766
      ]
    ],
    [
      [
        1302,
        763
      ]
    ],
    [
      [
        1302,
        762
      ]
    ],
    [
      [
        1306,
        758
      ]
    ],
    [
      [
        1306,
        757
      ]
    ],
    [
      [
        1308,
        755
      ]
    ],
    [
      [
        1309,
        755
      ]
    ],
    [
      [
        1311,
        753
      ]
    ],
    [
      [
        1311,
        752
      ]
    ],
    [
      [
        1313,
        750
      ]
    ],
    [
      [
        1313,
        749
      ]
    ],
    [
      [
        1314,
        748
      ]
    ],
    [
      [
        1314,
        747
      ]
    ],
    [
      [
        1315,
        746
      ]
    ],
    [
      [
        1320,
        746
      ]
    ],
    [
      [
        1321,
        745
      ]
    ],
    [
      [
        1322,
        745
      ]
    ],
    [
      [
        1322,
        744
      ]
    ],
    [
      [
        1323,
        743
      ]
    ],
    [
      [
        1324,
        743
      ]
    ],
    [
      [
        1324,
        742
      ]
    ],
    [
      [
        1326,
        740
      ]
    ],
    [
      [
        1326,
        734
      ]
    ],
    [
      [
        1327,
        733
      ]
    ],
    [
      [
        1328,
        733
      ]
    ],
    [
      [
        1329,
        732
      ]
    ],
    [
      [
        1329,
        731
      ]
    ],
    [
      [
        1332,
        728
      ]
    ],
    [
      [
        1336,
        728
      ]
    ],
    [
      [
        1340,
        724
      ]
    ],
    [
      [
        1341,
        724
      ]
    ],
    [
      [
        1341,
        716
      ]
    ],
    [
      [
        1347,
        710
      ]
    ],
    [
      [
        1347,
        709
      ]
    ],
    [
      [
        1349,
        707
      ]
    ],
    [
      [
        1349,
        706
      ]
    ],
    [
      [
        1350,
        705
      ]
    ],
    [
      [
        1350,
        703
      ]
    ],
    [
      [
        1351,
        702
      ]
    ],
    [
      [
        1351,
        694
      ]
    ],
    [
      [
        1352,
        693
      ]
    ],
    [
      [
        1361,
        693
      ]
    ],
    [
      [
        1363,
        691
      ]
    ],
    [
      [
        1363,
        684
      ]
    ],
    [
      [
        1364,
        683
      ]
    ],
    [
      [
        1364,
        682
      ]
    ],
    [
      [
        1365,
        681
      ]
    ],
    [
      [
        1365,
        679
      ]
    ],
    [
      [
        1368,
        676
      ]
    ],
    [
      [
        1368,
        675
      ]
    ],
    [
      [
        1378,
        665
      ]
    ],
    [
      [
        1378,
        664
      ]
    ],
    [
      [
        1380,
        662
      ]
    ],
    [
      [
        1381,
        662
      ]
    ],
    [
      [
        1381,
        661
      ]
    ],
    [
      [
        1386,
        656
      ]
    ],
    [
      [
        1386,
        655
      ]
    ],
    [
      [
        1387,
        654
      ]
    ],
    [
      [
        1387,
        653
      ]
    ],
    [
      [
        1389,
        651
      ]
    ],
    [
      [
        1390,
        651
      ]
    ],
    [
      [
        1393,
        648
      ]
    ],
    [
      [
        1393,
        647
      ]
    ],
    [
      [
        1402,
        638
      ]
    ],
    [
      [
        1402,
        637
      ]
    ],
    [
      [
        1407,
        632
      ]
    ],
    [
      [
        1407,
        631
      ]
    ],
    [
      [
        1408,
        630
      ]
    ],
    [
      [
        1408,
        629
      ]
    ],
    [
      [
        1409,
        628
      ]
    ],
    [
      [
        1409,
        627
      ]
    ],
    [
      [
        1414,
        622
      ]
    ],
    [
      [
        1414,
        621
      ]
    ],
    [
      [
        1417,
        618
      ]
    ],
    [
      [
        1417,
        617
      ]
    ],
    [
      [
        1422,
        612
      ]
    ],
    [
      [
        1422,
        611
      ]
    ],
    [
      [
        1427,
        606
      ]
    ],
    [
      [
        1427,
        605
      ]
    ],
    [
      [
        1429,
        603
      ]
    ],
    [
      [
        1430,
        603
      ]
    ],
    [
      [
        1434,
        599
      ]
    ],
    [
      [
        1434,
        598
      ]
    ],
    [
      [
        1436,
        596
      ]
    ],
    [
      [
        1436,
        595
      ]
    ],
    [
      [
        1439,
        592
      ]
    ],
    [
      [
        1439,
        591
      ]
    ],
    [
      [
        1444,
        586
      ]
    ],
    [
      [
        1444,
        585
      ]
    ],
    [
      [
        1449,
        580
      ]
    ],
    [
      [
        1449,
        579
      ]
    ],
    [
      [
        1450,
        578
      ]
    ],
    [
      [
        1450,
        577
      ]
    ],
    [
      [
        1451,
        576
      ]
    ],
    [
      [
        1451,
        574
      ]
    ],
    [
      [
        1452,
        573
      ]
    ],
    [
      [
        1452,
        571
      ]
    ],
    [
      [
        1453,
        570
      ]
    ],
    [
      [
        1453,
        556
      ]
    ],
    [
      [
        1452,
        555
      ]
    ],
    [
      [
        1452,
        553
      ]
    ],
    [
      [
        1451,
        552
      ]
    ],
    [
      [
        1451,
        550
      ]
    ],
    [
      [
        1450,
        549
      ]
    ],
    [
      [
        1450,
        548
      ]
    ],
    [
      [
        1449,
        547
      ]
    ],
    [
      [
        1449,
        546
      ]
    ],
    [
      [
        1448,
        546
      ]
    ],
    [
      [
        1445,
        543
      ]
    ],
    [
      [
        1445,
        542
      ]
    ],
    [
      [
        1440,
        537
      ]
    ],
    [
      [
        1439,
        537
      ]
    ],
    [
      [
        1437,
        535
      ]
    ],
    [
      [
        1437,
        534
      ]
    ],
    [
      [
        1436,
        533
      ]
    ],
    [
      [
        1435,
        533
      ]
    ],
    [
      [
        1433,
        531
      ]
    ],
    [
      [
        1433,
        530
      ]
    ],
    [
      [
        1432,
        529
      ]
    ],
    [
      [
        1432,
        528
      ]
    ],
    [
      [
        1429,
        525
      ]
    ],
    [
      [
        1428,
        525
      ]
    ],
    [
      [
        1425,
        522
      ]
    ],
    [
      [
        1424,
        522
      ]
    ],
    [
      [
        1423,
        521
      ]
    ],
    [
      [
        1422,
        521
      ]
    ],
    [
      [
        1419,
        518
      ]
    ],
    [
      [
        1416,
        518
      ]
    ],
    [
      [
        1415,
        517
      ]
    ],
    [
      [
        1412,
        517
      ]
    ],
    [
      [
        1411,
        516
      ]
    ],
    [
      [
        1411,
        510
      ]
    ],
    [
      [
        1410,
        509
      ]
    ],
    [
      [
        1409,
        509
      ]
    ],
    [
      [
        1407,
        507
      ]
    ],
    [
      [
        1407,
        506
      ]
    ],
    [
      [
        1406,
        505
      ]
    ],
    [
      [
        1402,
        505
      ]
    ],
    [
      [
        1401,
        504
      ]
    ],
    [
      [
        1400,
        504
      ]
    ],
    [
      [
        1398,
        502
      ]
    ],
    [
      [
        1398,
        500
      ]
    ],
    [
      [
        1397,
        499
      ]
    ],
    [
      [
        1395,
        499
      ]
    ],
    [
      [
        1394,
        498
      ]
    ],
    [
      [
        1394,
        497
      ]
    ],
    [
      [
        1391,
        494
      ]
    ],
    [
      [
        1391,
        493
      ]
    ],
    [
      [
        1389,
        491
      ]
    ],
    [
      [
        1385,
        491
      ]
    ],
    [
      [
        1381,
        487
      ]
    ],
    [
      [
        1380,
        487
      ]
    ],
    [
      [
        1379,
        486
      ]
    ],
    [
      [
        1379,
        485
      ]
    ],
    [
      [
        1377,
        483
      ]
    ],
    [
      [
        1375,
        483
      ]
    ],
    [
      [
        1374,
        482
      ]
    ],
    [
      [
        1373,
        482
      ]
    ],
    [
      [
        1371,
        480
      ]
    ],
    [
      [
        1371,
        479
      ]
    ],
    [
      [
        1369,
        477
      ]
    ],
    [
      [
        1368,
        477
      ]
    ],
    [
      [
        1367,
        476
      ]
    ],
    [
      [
        1367,
        475
      ]
    ],
    [
      [
        1366,
        474
      ]
    ],
    [
      [
        1364,
        474
      ]
    ],
    [
      [
        1358,
        468
      ]
    ],
    [
      [
        1356,
        468
      ]
    ],
    [
      [
        1354,
        466
      ]
    ],
    [
      [
        1353,
        466
      ]
    ],
    [
      [
        1351,
        464
      ]
    ],
    [
      [
        1351,
        463
      ]
    ],
    [
      [
        1350,
        462
      ]
    ],
    [
      [
        1350,
        461
      ]
    ],
    [
      [
        1348,
        459
      ]
    ],
    [
      [
        1348,
        458
      ]
    ],
    [
      [
        1338,
        458
      ]
    ],
    [
      [
        1338,
        459
      ]
    ],
    [
      [
        1337,
        460
      ]
    ],
    [
      [
        1337,
        469
      ]
    ],
    [
      [
        1336,
        470
      ]
    ],
    [
      [
        1328,
        470
      ]
    ],
    [
      [
        1328,
        474
      ]
    ],
    [
      [
        1327,
        475
      ]
    ],
    [
      [
        1309,
        475
      ]
    ],
    [
      [
        1307,
        473
      ]
    ],
    [
      [
        1306,
        473
      ]
    ],
    [
      [
        1305,
        472
      ]
    ],
    [
      [
        1305,
        471
      ]
    ],
    [
      [
        1304,
        471
      ]
    ],
    [
      [
        1301,
        468
      ]
    ],
    [
      [
        1300,
        468
      ]
    ],
    [
      [
        1295,
        463
      ]
    ],
    [
      [
        1295,
        448
      ]
    ],
    [
      [
        1285,
        448
      ]
    ],
    [
      [
        1283,
        446
      ]
    ],
    [
      [
        1283,
        443
      ]
    ],
    [
      [
        1282,
        442
      ]
    ],
    [
      [
        1280,
        442
      ]
    ],
    [
      [
        1278,
        440
      ]
    ],
    [
      [
        1277,
        440
      ]
    ],
    [
      [
        1276,
        439
      ]
    ],
    [
      [
        1276,
        438
      ]
    ],
    [
      [
        1275,
        437
      ]
    ],
    [
      [
        1275,
        432
      ]
    ],
    [
      [
        1256,
        432
      ]
    ],
    [
      [
        1254,
        430
      ]
    ],
    [
      [
        1253,
        430
      ]
    ],
    [
      [
        1247,
        424
      ]
    ],
    [
      [
        1246,
        424
      ]
    ],
    [
      [
        1241,
        419
      ]
    ],
    [
      [
        1240,
        419
      ]
    ],
    [
      [
        1238,
        417
      ]
    ],
    [
      [
        1237,
        417
      ]
    ],
    [
      [
        1232,
        412
      ]
    ],
    [
      [
        1231,
        412
      ]
    ],
    [
      [
        1229,
        410
      ]
    ],
    [
      [
        1228,
        410
      ]
    ],
    [
      [
        1224,
        406
      ]
    ],
    [
      [
        1223,
        406
      ]
    ],
    [
      [
        1219,
        402
      ]
    ],
    [
      [
        1219,
        400
      ]
    ],
    [
      [
        1216,
        400
      ]
    ],
    [
      [
        1213,
        397
      ]
    ],
    [
      [
        1212,
        397
      ]
    ],
    [
      [
        1210,
        395
      ]
    ],
    [
      [
        1207,
        395
      ]
    ],
    [
      [
        1206,
        394
      ]
    ],
    [
      [
        1206,
        375
      ]
    ],
    [
      [
        1207,
        374
      ]
    ],
    [
      [
        1211,
        374
      ]
    ],
    [
      [
        1212,
        373
      ]
    ],
    [
      [
        1217,
        373
      ]
    ],
    [
      [
        1218,
        372
      ]
    ],
    [
      [
        1219,
        372
      ]
    ],
    [
      [
        1219,
        365
      ]
    ],
    [
      [
        1213,
        365
      ]
    ],
    [
      [
        1211,
        363
      ]
    ],
    [
      [
        1210,
        363
      ]
    ],
    [
      [
        1202,
        355
      ]
    ],
    [
      [
        1201,
        355
      ]
    ],
    [
      [
        1198,
        352
      ]
    ],
    [
      [
        1197,
        352
      ]
    ],
    [
      [
        1194,
        349
      ]
    ],
    [
      [
        1193,
        349
      ]
    ],
    [
      [
        1191,
        347
      ]
    ],
    [
      [
        1191,
        346
      ]
    ],
    [
      [
        1190,
        345
      ]
    ],
    [
      [
        1189,
        345
      ]
    ],
    [
      [
        1188,
        344
      ]
    ],
    [
      [
        1187,
        344
      ]
    ],
    [
      [
        1185,
        342
      ]
    ],
    [
      [
        1183,
        342
      ]
    ],
    [
      [
        1181,
        340
      ]
    ],
    [
      [
        1181,
        339
      ]
    ],
    [
      [
        1180,
        339
      ]
    ],
    [
      [
        1178,
        337
      ]
    ],
    [
      [
        1178,
        336
      ]
    ],
    [
      [
        1174,
        332
      ]
    ],
    [
      [
        1173,
        332
      ]
    ],
    [
      [
        1170,
        329
      ]
    ],
    [
      [
        1169,
        329
      ]
    ],
    [
      [
        1166,
        326
      ]
    ],
    [
      [
        1165,
        326
      ]
    ],
    [
      [
        1161,
        322
      ]
    ],
    [
      [
        1160,
        322
      ]
    ],
    [
      [
        1157,
        319
      ]
    ],
    [
      [
        1156,
        319
      ]
    ],
    [
      [
        1155,
        318
      ]
    ],
    [
      [
        1155,
        317
      ]
    ],
    [
      [
        1152,
        317
      ]
    ],
    [
      [
        1151,
        316
      ]
    ],
    [
      [
        1151,
        314
      ]
    ],
    [
      [
        1150,
        313
      ]
    ],
    [
      [
        1149,
        313
      ]
    ],
    [
      [
        1148,
        312
      ]
    ],
    [
      [
        1148,
        311
      ]
    ],
    [
      [
        1146,
        309
      ]
    ],
    [
      [
        1146,
        303
      ]
    ],
    [
      [
        1145,
        303
      ]
    ],
    [
      [
        1144,
        302
      ]
    ],
    [
      [
        1143,
        302
      ]
    ],
    [
      [
        1141,
        300
      ]
    ],
    [
      [
        1140,
        300
      ]
    ],
    [
      [
        1138,
        298
      ]
    ],
    [
      [
        1138,
        297
      ]
    ],
    [
      [
        1135,
        294
      ]
    ],
    [
      [
        1134,
        294
      ]
    ],
    [
      [
        1133,
        293
      ]
    ],
    [
      [
        1132,
        293
      ]
    ],
    [
      [
        1131,
        292
      ]
    ],
    [
      [
        1130,
        292
      ]
    ],
    [
      [
        1129,
        291
      ]
    ],
    [
      [
        1129,
        290
      ]
    ],
    [
      [
        1128,
        289
      ]
    ],
    [
      [
        1127,
        289
      ]
    ],
    [
      [
        1120,
        282
      ]
    ],
    [
      [
        1118,
        282
      ]
    ],
    [
      [
        1117,
        281
      ]
    ],
    [
      [
        1116,
        281
      ]
    ],
    [
      [
        1113,
        278
      ]
    ],
    [
      [
        1112,
        278
      ]
    ],
    [
      [
        1111,
        277
      ]
    ],
    [
      [
        1111,
        276
      ]
    ],
    [
      [
        1110,
        276
      ]
    ],
    [
      [
        1106,
        272
      ]
    ],
    [
      [
        1106,
        268
      ]
    ],
    [
      [
        1104,
        266
      ]
    ],
    [
      [
        1103,
        266
      ]
    ],
    [
      [
        1100,
        263
      ]
    ],
    [
      [
        1099,
        263
      ]
    ],
    [
      [
        1098,
        262
      ]
    ],
    [
      [
        1098,
        261
      ]
    ],
    [
      [
        1097,
        261
      ]
    ],
    [
      [
        1096,
        260
      ]
    ],
    [
      [
        1096,
        259
      ]
    ],
    [
      [
        1095,
        259
      ]
    ],
    [
      [
        1094,
        258
      ]
    ],
    [
      [
        1093,
        258
      ]
    ],
    [
      [
        1091,
        256
      ]
    ],
    [
      [
        1090,
        256
      ]
    ],
    [
      [
        1089,
        255
      ]
    ],
    [
      [
        1088,
        255
      ]
    ],
    [
      [
        1085,
        252
      ]
    ],
    [
      [
        1085,
        250
      ]
    ],
    [
      [
        1083,
        250
      ]
    ],
    [
      [
        1080,
        247
      ]
    ],
    [
      [
        1079,
        247
      ]
    ],
    [
      [
        1077,
        245
      ]
    ],
    [
      [
        1076,
        245
      ]
    ],
    [
      [
        1071,
        240
      ]
    ],
    [
      [
        1070,
        240
      ]
    ],
    [
      [
        1067,
        237
      ]
    ],
    [
      [
        1066,
        237
      ]
    ],
    [
      [
        1063,
        234
      ]
    ],
    [
      [
        1061,
        234
      ]
    ],
    [
      [
        1058,
        231
      ]
    ],
    [
      [
        1057,
        231
      ]
    ],
    [
      [
        1053,
        227
      ]
    ],
    [
      [
        1052,
        227
      ]
    ],
    [
      [
        1051,
        226
      ]
    ],
    [
      [
        1051,
        225
      ]
    ],
    [
      [
        1048,
        222
      ]
    ],
    [
      [
        1048,
        220
      ]
    ],
    [
      [
        1044,
        216
      ]
    ],
    [
      [
        1044,
        214
      ]
    ],
    [
      [
        1041,
        214
      ]
    ],
    [
      [
        1038,
        211
      ]
    ],
    [
      [
        1037,
        211
      ]
    ],
    [
      [
        1035,
        209
      ]
    ],
    [
      [
        1034,
        209
      ]
    ],
    [
      [
        1030,
        205
      ]
    ],
    [
      [
        1029,
        205
      ]
    ],
    [
      [
        1023,
        199
      ]
    ],
    [
      [
        1022,
        199
      ]
    ],
    [
      [
        1020,
        197
      ]
    ],
    [
      [
        1019,
        197
      ]
    ],
    [
      [
        1018,
        196
      ]
    ],
    [
      [
        1017,
        196
      ]
    ],
    [
      [
        1011,
        190
      ]
    ],
    [
      [
        1010,
        190
      ]
    ],
    [
      [
        1008,
        188
      ]
    ],
    [
      [
        1007,
        188
      ]
    ],
    [
      [
        1002,
        183
      ]
    ],
    [
      [
        1001,
        183
      ]
    ],
    [
      [
        998,
        180
      ]
    ],
    [
      [
        997,
        180
      ]
    ],
    [
      [
        995,
        178
      ]
    ],
    [
      [
        994,
        178
      ]
    ],
    [
      [
        989,
        173
      ]
    ],
    [
      [
        988,
        173
      ]
    ],
    [
      [
        984,
        169
      ]
    ],
    [
      [
        983,
        169
      ]
    ],
    [
      [
        980,
        166
      ]
    ],
    [
      [
        979,
        166
      ]
    ],
    [
      [
        976,
        163
      ]
    ],
    [
      [
        975,
        163
      ]
    ],
    [
      [
        971,
        159
      ]
    ],
    [
      [
        970,
        159
      ]
    ],
    [
      [
        967,
        156
      ]
    ],
    [
      [
        966,
        156
      ]
    ],
    [
      [
        964,
        154
      ]
    ],
    [
      [
        963,
        154
      ]
    ],
    [
      [
        958,
        149
      ]
    ],
    [
      [
        957,
        149
      ]
    ],
    [
      [
        954,
        146
      ]
    ],
    [
      [
        953,
        146
      ]
    ],
    [
      [
        952,
        145
      ]
    ],
    [
      [
        952,
        126
      ]
    ],
    [
      [
        951,
        125
      ]
    ],
    [
      [
        951,
        124
      ]
    ],
    [
      [
        950,
        124
      ]
    ],
    [
      [
        948,
        122
      ]
    ],
    [
      [
        947,
        122
      ]
    ],
    [
      [
        946,
        121
      ]
    ],
    [
      [
        945,
        121
      ]
    ],
    [
      [
        943,
        119
      ]
    ],
    [
      [
        942,
        119
      ]
    ],
    [
      [
        934,
        111
      ]
    ],
    [
      [
        933,
        111
      ]
    ],
    [
      [
        932,
        110
      ]
    ],
    [
      [
        912,
        110
      ]
    ],
    [
      [
        911,
        109
      ]
    ],
    [
      [
        911,
        101
      ]
    ],
    [
      [
        910,
        100
      ]
    ],
    [
      [
        910,
        99
      ]
    ],
    [
      [
        909,
        98
      ]
    ],
    [
      [
        909,
        97
      ]
    ],
    [
      [
        903,
        91
      ]
    ],
    [
      [
        902,
        91
      ]
    ],
    [
      [
        900,
        89
      ]
    ],
    [
      [
        899,
        89
      ]
    ],
    [
      [
        898,
        88
      ]
    ],
    [
      [
        897,
        88
      ]
    ],
    [
      [
        891,
        82
      ]
    ],
    [
      [
        889,
        82
      ]
    ],
    [
      [
        888,
        81
      ]
    ],
    [
      [
        887,
        81
      ]
    ],
    [
      [
        883,
        77
      ]
    ],
    [
      [
        882,
        77
      ]
    ],
    [
      [
        881,
        76
      ]
    ],
    [
      [
        880,
        76
      ]
    ],
    [
      [
        878,
        74
      ]
    ],
    [
      [
        877,
        74
      ]
    ],
    [
      [
        874,
        71
      ]
    ],
    [
      [
        873,
        71
      ]
    ],
    [
      [
        868,
        66
      ]
    ],
    [
      [
        867,
        66
      ]
    ],
    [
      [
        866,
        65
      ]
    ],
    [
      [
        865,
        65
      ]
    ],
    [
      [
        861,
        61
      ]
    ],
    [
      [
        860,
        61
      ]
    ],
    [
      [
        857,
        58
      ]
    ],
    [
      [
        856,
        58
      ]
    ],
    [
      [
        853,
        55
      ]
    ],
    [
      [
        852,
        55
      ]
    ],
    [
      [
        849,
        52
      ]
    ],
    [
      [
        848,
        52
      ]
    ],
    [
      [
        846,
        50
      ]
    ],
    [
      [
        845,
        50
      ]
    ],
    [
      [
        844,
        49
      ]
    ],
    [
      [
        843,
        49
      ]
    ],
    [
      [
        842,
        48
      ]
    ],
    [
      [
        839,
        48
      ]
    ],
    [
      [
        838,
        47
      ]
    ],
    [
      [
        838,
        45
      ]
    ],
    [
      [
        823,
        45
      ]
    ],
    [
      [
        819,
        41
      ]
    ],
    [
      [
        818,
        41
      ]
    ],
    [
      [
        813,
        36
      ]
    ],
    [
      [
        806,
        36
      ]
    ],
    [
      [
        801,
        31
      ]
    ],
    [
      [
        799,
        31
      ]
    ],
    [
      [
        798,
        30
      ]
    ],
    [
      [
        796,
        30
      ]
    ],
    [
      [
        795,
        29
      ]
    ],
    [
      [
        794,
        29
      ]
    ],
    [
      [
        793,
        28
      ]
    ],
    [
      [
        788,
        28
      ]
    ],
    [
      [
        787,
        27
      ]
    ]
  ],
  "segment_square_corners": [
    [
      362.64007568359375,
      552.47998046875
    ],
    [
      780.239990234375,
      0.0
    ],
    [
      1488.719970703125,
      527.0399169921875
    ],
    [
      1071.1201171875,
      1079.0
    ]
  ],
  "phrases": [
    "box",
    "tangerine",
    "tangerine",
    "tangerine",
    "tangerine"
  ],
  "selected_bbox": [
    0.49166688323020935,
    0.4660942554473877,
    0.5262230038642883,
    0.8810339570045471
  ]
}