{
  "timestamp": 1761056162.7000794,
  "session_id": "session_20251021_211452_51253c84",
  "supplier_id": "",
  "qr_data": "695991",
  "qr_items": {
    "tangerine": 4
  },
  "qr_corners": [
    [
      1087.0,
      743.0
    ],
    [
      1174.0,
      780.0
    ],
    [
      1131.0,
      865.0
    ],
    [
      1046.0,
      827.0
    ]
  ],
  "segment_corners": [
    [
      [
        725,
        77
      ]
    ],
    [
      [
        724,
        78
      ]
    ],
    [
      [
        722,
        78
      ]
    ],
    [
      [
        722,
        80
      ]
    ],
    [
      [
        721,
        81
      ]
    ],
    [
      [
        720,
        81
      ]
    ],
    [
      [
        720,
        84
      ]
    ],
    [
      [
        719,
        85
      ]
    ],
    [
      [
        719,
        94
      ]
    ],
    [
      [
        726,
        94
      ]
    ],
    [
      [
        727,
        95
      ]
    ],
    [
      [
        729,
        95
      ]
    ],
    [
      [
        730,
        96
      ]
    ],
    [
      [
        730,
        113
      ]
    ],
    [
      [
        729,
        114
      ]
    ],
    [
      [
        718,
        114
      ]
    ],
    [
      [
        717,
        115
      ]
    ],
    [
      [
        715,
        115
      ]
    ],
    [
      [
        714,
        116
      ]
    ],
    [
      [
        707,
        116
      ]
    ],
    [
      [
        706,
        117
      ]
    ],
    [
      [
        701,
        117
      ]
    ],
    [
      [
        700,
        118
      ]
    ],
    [
      [
        698,
        118
      ]
    ],
    [
      [
        697,
        119
      ]
    ],
    [
      [
        696,
        119
      ]
    ],
    [
      [
        695,
        120
      ]
    ],
    [
      [
        690,
        120
      ]
    ],
    [
      [
        689,
        121
      ]
    ],
    [
      [
        686,
        121
      ]
    ],
    [
      [
        685,
        122
      ]
    ],
    [
      [
        683,
        122
      ]
    ],
    [
      [
        681,
        124
      ]
    ],
    [
      [
        680,
        124
      ]
    ],
    [
      [
        679,
        125
      ]
    ],
    [
      [
        678,
        125
      ]
    ],
    [
      [
        677,
        126
      ]
    ],
    [
      [
        675,
        126
      ]
    ],
    [
      [
        674,
        127
      ]
    ],
    [
      [
        672,
        127
      ]
    ],
    [
      [
        671,
        128
      ]
    ],
    [
      [
        670,
        128
      ]
    ],
    [
      [
        667,
        131
      ]
    ],
    [
      [
        666,
        131
      ]
    ],
    [
      [
        665,
        132
      ]
    ],
    [
      [
        664,
        132
      ]
    ],
    [
      [
        663,
        133
      ]
    ],
    [
      [
        662,
        133
      ]
    ],
    [
      [
        661,
        134
      ]
    ],
    [
      [
        660,
        134
      ]
    ],
    [
      [
        658,
        136
      ]
    ],
    [
      [
        657,
        136
      ]
    ],
    [
      [
        654,
        139
      ]
    ],
    [
      [
        653,
        139
      ]
    ],
    [
      [
        651,
        141
      ]
    ],
    [
      [
        650,
        141
      ]
    ],
    [
      [
        648,
        143
      ]
    ],
    [
      [
        647,
        143
      ]
    ],
    [
      [
        643,
        147
      ]
    ],
    [
      [
        642,
        147
      ]
    ],
    [
      [
        640,
        149
      ]
    ],
    [
      [
        640,
        151
      ]
    ],
    [
      [
        639,
        152
      ]
    ],
    [
      [
        638,
        152
      ]
    ],
    [
      [
        638,
        153
      ]
    ],
    [
      [
        636,
        155
      ]
    ],
    [
      [
        636,
        156
      ]
    ],
    [
      [
        634,
        158
      ]
    ],
    [
      [
        633,
        158
      ]
    ],
    [
      [
        633,
        159
      ]
    ],
    [
      [
        632,
        160
      ]
    ],
    [
      [
        631,
        160
      ]
    ],
    [
      [
        630,
        161
      ]
    ],
    [
      [
        629,
        161
      ]
    ],
    [
      [
        629,
        162
      ]
    ],
    [
      [
        628,
        163
      ]
    ],
    [
      [
        628,
        164
      ]
    ],
    [
      [
        626,
        166
      ]
    ],
    [
      [
        626,
        167
      ]
    ],
    [
      [
        622,
        171
      ]
    ],
    [
      [
        622,
        172
      ]
    ],
    [
      [
        620,
        174
      ]
    ],
    [
      [
        620,
        175
      ]
    ],
    [
      [
        619,
        176
      ]
    ],
    [
      [
        619,
        177
      ]
    ],
    [
      [
        616,
        180
      ]
    ],
    [
      [
        616,
        182
      ]
    ],
    [
      [
        614,
        184
      ]
    ],
    [
      [
        614,
        185
      ]
    ],
    [
      [
        613,
        186
      ]
    ],
    [
      [
        613,
        187
      ]
    ],
    [
      [
        612,
        188
      ]
    ],
    [
      [
        612,
        189
      ]
    ],
    [
      [
        611,
        190
      ]
    ],
    [
      [
        611,
        191
      ]
    ],
    [
      [
        609,
        193
      ]
    ],
    [
      [
        609,
        196
      ]
    ],
    [
      [
        607,
        198
      ]
    ],
    [
      [
        591,
        198
      ]
    ],
    [
      [
        590,
        199
      ]
    ],
    [
      [
        589,
        199
      ]
    ],
    [
      [
        589,
        200
      ]
    ],
    [
      [
        587,
        202
      ]
    ],
    [
      [
        586,
        202
      ]
    ],
    [
      [
        586,
        208
      ]
    ],
    [
      [
        591,
        208
      ]
    ],
    [
      [
        592,
        209
      ]
    ],
    [
      [
        596,
        209
      ]
    ],
    [
      [
        597,
        210
      ]
    ],
    [
      [
        597,
        211
      ]
    ],
    [
      [
        598,
        212
      ]
    ],
    [
      [
        598,
        235
      ]
    ],
    [
      [
        597,
        236
      ]
    ],
    [
      [
        597,
        242
      ]
    ],
    [
      [
        605,
        242
      ]
    ],
    [
      [
        605,
        241
      ]
    ],
    [
      [
        606,
        240
      ]
    ],
    [
      [
        616,
        240
      ]
    ],
    [
      [
        616,
        239
      ]
    ],
    [
      [
        617,
        238
      ]
    ],
    [
      [
        618,
        238
      ]
    ],
    [
      [
        618,
        234
      ]
    ],
    [
      [
        619,
        233
      ]
    ],
    [
      [
        619,
        231
      ]
    ],
    [
      [
        620,
        230
      ]
    ],
    [
      [
        620,
        228
      ]
    ],
    [
      [
        621,
        227
      ]
    ],
    [
      [
        621,
        226
      ]
    ],
    [
      [
        622,
        225
      ]
    ],
    [
      [
        622,
        223
      ]
    ],
    [
      [
        623,
        222
      ]
    ],
    [
      [
        623,
        219
      ]
    ],
    [
      [
        624,
        218
      ]
    ],
    [
      [
        624,
        217
      ]
    ],
    [
      [
        626,
        215
      ]
    ],
    [
      [
        626,
        214
      ]
    ],
    [
      [
        627,
        213
      ]
    ],
    [
      [
        627,
        211
      ]
    ],
    [
      [
        629,
        209
      ]
    ],
    [
      [
        629,
        207
      ]
    ],
    [
      [
        630,
        206
      ]
    ],
    [
      [
        649,
        206
      ]
    ],
    [
      [
        650,
        207
      ]
    ],
    [
      [
        650,
        225
      ]
    ],
    [
      [
        649,
        226
      ]
    ],
    [
      [
        649,
        227
      ]
    ],
    [
      [
        648,
        228
      ]
    ],
    [
      [
        648,
        229
      ]
    ],
    [
      [
        647,
        230
      ]
    ],
    [
      [
        647,
        234
      ]
    ],
    [
      [
        646,
        235
      ]
    ],
    [
      [
        646,
        237
      ]
    ],
    [
      [
        645,
        238
      ]
    ],
    [
      [
        645,
        239
      ]
    ],
    [
      [
        644,
        240
      ]
    ],
    [
      [
        644,
        241
      ]
    ],
    [
      [
        643,
        242
      ]
    ],
    [
      [
        643,
        243
      ]
    ],
    [
      [
        641,
        245
      ]
    ],
    [
      [
        641,
        246
      ]
    ],
    [
      [
        639,
        248
      ]
    ],
    [
      [
        638,
        248
      ]
    ],
    [
      [
        638,
        250
      ]
    ],
    [
      [
        637,
        251
      ]
    ],
    [
      [
        637,
        252
      ]
    ],
    [
      [
        636,
        253
      ]
    ],
    [
      [
        636,
        256
      ]
    ],
    [
      [
        635,
        257
      ]
    ],
    [
      [
        635,
        258
      ]
    ],
    [
      [
        632,
        261
      ]
    ],
    [
      [
        617,
        261
      ]
    ],
    [
      [
        617,
        262
      ]
    ],
    [
      [
        614,
        265
      ]
    ],
    [
      [
        614,
        266
      ]
    ],
    [
      [
        613,
        267
      ]
    ],
    [
      [
        613,
        273
      ]
    ],
    [
      [
        612,
        274
      ]
    ],
    [
      [
        612,
        275
      ]
    ],
    [
      [
        611,
        276
      ]
    ],
    [
      [
        611,
        278
      ]
    ],
    [
      [
        610,
        279
      ]
    ],
    [
      [
        610,
        280
      ]
    ],
    [
      [
        608,
        282
      ]
    ],
    [
      [
        606,
        282
      ]
    ],
    [
      [
        606,
        284
      ]
    ],
    [
      [
        605,
        285
      ]
    ],
    [
      [
        599,
        285
      ]
    ],
    [
      [
        599,
        300
      ]
    ],
    [
      [
        598,
        301
      ]
    ],
    [
      [
        598,
        310
      ]
    ],
    [
      [
        597,
        311
      ]
    ],
    [
      [
        597,
        312
      ]
    ],
    [
      [
        596,
        313
      ]
    ],
    [
      [
        596,
        316
      ]
    ],
    [
      [
        594,
        318
      ]
    ],
    [
      [
        594,
        319
      ]
    ],
    [
      [
        593,
        320
      ]
    ],
    [
      [
        593,
        324
      ]
    ],
    [
      [
        592,
        325
      ]
    ],
    [
      [
        592,
        326
      ]
    ],
    [
      [
        591,
        327
      ]
    ],
    [
      [
        591,
        329
      ]
    ],
    [
      [
        590,
        330
      ]
    ],
    [
      [
        590,
        331
      ]
    ],
    [
      [
        589,
        332
      ]
    ],
    [
      [
        589,
        334
      ]
    ],
    [
      [
        588,
        335
      ]
    ],
    [
      [
        588,
        336
      ]
    ],
    [
      [
        587,
        337
      ]
    ],
    [
      [
        587,
        338
      ]
    ],
    [
      [
        586,
        339
      ]
    ],
    [
      [
        586,
        341
      ]
    ],
    [
      [
        585,
        342
      ]
    ],
    [
      [
        585,
        343
      ]
    ],
    [
      [
        584,
        344
      ]
    ],
    [
      [
        584,
        346
      ]
    ],
    [
      [
        583,
        347
      ]
    ],
    [
      [
        583,
        348
      ]
    ],
    [
      [
        582,
        349
      ]
    ],
    [
      [
        582,
        350
      ]
    ],
    [
      [
        581,
        351
      ]
    ],
    [
      [
        581,
        354
      ]
    ],
    [
      [
        580,
        355
      ]
    ],
    [
      [
        580,
        356
      ]
    ],
    [
      [
        579,
        357
      ]
    ],
    [
      [
        579,
        359
      ]
    ],
    [
      [
        578,
        360
      ]
    ],
    [
      [
        578,
        361
      ]
    ],
    [
      [
        577,
        362
      ]
    ],
    [
      [
        577,
        364
      ]
    ],
    [
      [
        576,
        365
      ]
    ],
    [
      [
        576,
        367
      ]
    ],
    [
      [
        575,
        368
      ]
    ],
    [
      [
        575,
        369
      ]
    ],
    [
      [
        574,
        370
      ]
    ],
    [
      [
        574,
        372
      ]
    ],
    [
      [
        573,
        373
      ]
    ],
    [
      [
        573,
        374
      ]
    ],
    [
      [
        572,
        375
      ]
    ],
    [
      [
        572,
        377
      ]
    ],
    [
      [
        571,
        378
      ]
    ],
    [
      [
        571,
        380
      ]
    ],
    [
      [
        570,
        381
      ]
    ],
    [
      [
        570,
        382
      ]
    ],
    [
      [
        569,
        383
      ]
    ],
    [
      [
        569,
        384
      ]
    ],
    [
      [
        568,
        385
      ]
    ],
    [
      [
        568,
        386
      ]
    ],
    [
      [
        567,
        387
      ]
    ],
    [
      [
        567,
        388
      ]
    ],
    [
      [
        566,
        389
      ]
    ],
    [
      [
        555,
        389
      ]
    ],
    [
      [
        554,
        390
      ]
    ],
    [
      [
        554,
        391
      ]
    ],
    [
      [
        553,
        392
      ]
    ],
    [
      [
        553,
        404
      ]
    ],
    [
      [
        552,
        405
      ]
    ],
    [
      [
        540,
        405
      ]
    ],
    [
      [
        540,
        409
      ]
    ],
    [
      [
        539,
        410
      ]
    ],
    [
      [
        539,
        413
      ]
    ],
    [
      [
        538,
        414
      ]
    ],
    [
      [
        538,
        415
      ]
    ],
    [
      [
        537,
        416
      ]
    ],
    [
      [
        537,
        420
      ]
    ],
    [
      [
        535,
        422
      ]
    ],
    [
      [
        535,
        423
      ]
    ],
    [
      [
        534,
        424
      ]
    ],
    [
      [
        534,
        426
      ]
    ],
    [
      [
        532,
        428
      ]
    ],
    [
      [
        532,
        430
      ]
    ],
    [
      [
        531,
        431
      ]
    ],
    [
      [
        531,
        434
      ]
    ],
    [
      [
        530,
        435
      ]
    ],
    [
      [
        530,
        436
      ]
    ],
    [
      [
        529,
        437
      ]
    ],
    [
      [
        529,
        438
      ]
    ],
    [
      [
        528,
        439
      ]
    ],
    [
      [
        528,
        440
      ]
    ],
    [
      [
        527,
        441
      ]
    ],
    [
      [
        527,
        442
      ]
    ],
    [
      [
        526,
        443
      ]
    ],
    [
      [
        526,
        446
      ]
    ],
    [
      [
        525,
        447
      ]
    ],
    [
      [
        525,
        449
      ]
    ],
    [
      [
        524,
        450
      ]
    ],
    [
      [
        524,
        452
      ]
    ],
    [
      [
        522,
        454
      ]
    ],
    [
      [
        522,
        455
      ]
    ],
    [
      [
        521,
        456
      ]
    ],
    [
      [
        521,
        457
      ]
    ],
    [
      [
        520,
        458
      ]
    ],
    [
      [
        520,
        459
      ]
    ],
    [
      [
        519,
        460
      ]
    ],
    [
      [
        519,
        465
      ]
    ],
    [
      [
        518,
        466
      ]
    ],
    [
      [
        518,
        468
      ]
    ],
    [
      [
        516,
        470
      ]
    ],
    [
      [
        516,
        472
      ]
    ],
    [
      [
        515,
        473
      ]
    ],
    [
      [
        515,
        474
      ]
    ],
    [
      [
        514,
        475
      ]
    ],
    [
      [
        514,
        477
      ]
    ],
    [
      [
        512,
        479
      ]
    ],
    [
      [
        512,
        481
      ]
    ],
    [
      [
        511,
        482
      ]
    ],
    [
      [
        511,
        484
      ]
    ],
    [
      [
        510,
        485
      ]
    ],
    [
      [
        510,
        487
      ]
    ],
    [
      [
        508,
        489
      ]
    ],
    [
      [
        508,
        492
      ]
    ],
    [
      [
        506,
        494
      ]
    ],
    [
      [
        506,
        496
      ]
    ],
    [
      [
        504,
        498
      ]
    ],
    [
      [
        504,
        501
      ]
    ],
    [
      [
        503,
        502
      ]
    ],
    [
      [
        503,
        506
      ]
    ],
    [
      [
        502,
        507
      ]
    ],
    [
      [
        502,
        508
      ]
    ],
    [
      [
        500,
        510
      ]
    ],
    [
      [
        500,
        512
      ]
    ],
    [
      [
        498,
        514
      ]
    ],
    [
      [
        498,
        517
      ]
    ],
    [
      [
        497,
        518
      ]
    ],
    [
      [
        497,
        519
      ]
    ],
    [
      [
        496,
        520
      ]
    ],
    [
      [
        496,
        522
      ]
    ],
    [
      [
        495,
        523
      ]
    ],
    [
      [
        478,
        523
      ]
    ],
    [
      [
        477,
        522
      ]
    ],
    [
      [
        470,
        522
      ]
    ],
    [
      [
        469,
        523
      ]
    ],
    [
      [
        468,
        523
      ]
    ],
    [
      [
        468,
        524
      ]
    ],
    [
      [
        467,
        525
      ]
    ],
    [
      [
        466,
        525
      ]
    ],
    [
      [
        466,
        526
      ]
    ],
    [
      [
        465,
        527
      ]
    ],
    [
      [
        465,
        529
      ]
    ],
    [
      [
        464,
        530
      ]
    ],
    [
      [
        464,
        532
      ]
    ],
    [
      [
        463,
        533
      ]
    ],
    [
      [
        463,
        535
      ]
    ],
    [
      [
        462,
        536
      ]
    ],
    [
      [
        462,
        537
      ]
    ],
    [
      [
        461,
        538
      ]
    ],
    [
      [
        461,
        540
      ]
    ],
    [
      [
        460,
        541
      ]
    ],
    [
      [
        460,
        543
      ]
    ],
    [
      [
        459,
        544
      ]
    ],
    [
      [
        459,
        545
      ]
    ],
    [
      [
        458,
        546
      ]
    ],
    [
      [
        458,
        548
      ]
    ],
    [
      [
        457,
        549
      ]
    ],
    [
      [
        457,
        550
      ]
    ],
    [
      [
        456,
        551
      ]
    ],
    [
      [
        456,
        553
      ]
    ],
    [
      [
        455,
        554
      ]
    ],
    [
      [
        455,
        556
      ]
    ],
    [
      [
        454,
        557
      ]
    ],
    [
      [
        454,
        558
      ]
    ],
    [
      [
        453,
        559
      ]
    ],
    [
      [
        453,
        560
      ]
    ],
    [
      [
        452,
        561
      ]
    ],
    [
      [
        452,
        564
      ]
    ],
    [
      [
        450,
        566
      ]
    ],
    [
      [
        450,
        568
      ]
    ],
    [
      [
        449,
        569
      ]
    ],
    [
      [
        449,
        570
      ]
    ],
    [
      [
        448,
        571
      ]
    ],
    [
      [
        448,
        574
      ]
    ],
    [
      [
        447,
        575
      ]
    ],
    [
      [
        447,
        576
      ]
    ],
    [
      [
        446,
        577
      ]
    ],
    [
      [
        446,
        579
      ]
    ],
    [
      [
        445,
        580
      ]
    ],
    [
      [
        445,
        581
      ]
    ],
    [
      [
        444,
        582
      ]
    ],
    [
      [
        444,
        583
      ]
    ],
    [
      [
        443,
        584
      ]
    ],
    [
      [
        443,
        585
      ]
    ],
    [
      [
        442,
        586
      ]
    ],
    [
      [
        442,
        588
      ]
    ],
    [
      [
        441,
        589
      ]
    ],
    [
      [
        441,
        591
      ]
    ],
    [
      [
        440,
        592
      ]
    ],
    [
      [
        440,
        594
      ]
    ],
    [
      [
        439,
        595
      ]
    ],
    [
      [
        439,
        598
      ]
    ],
    [
      [
        438,
        599
      ]
    ],
    [
      [
        438,
        601
      ]
    ],
    [
      [
        437,
        602
      ]
    ],
    [
      [
        437,
        603
      ]
    ],
    [
      [
        436,
        604
      ]
    ],
    [
      [
        436,
        606
      ]
    ],
    [
      [
        434,
        608
      ]
    ],
    [
      [
        434,
        609
      ]
    ],
    [
      [
        433,
        610
      ]
    ],
    [
      [
        433,
        611
      ]
    ],
    [
      [
        432,
        612
      ]
    ],
    [
      [
        432,
        616
      ]
    ],
    [
      [
        431,
        617
      ]
    ],
    [
      [
        431,
        619
      ]
    ],
    [
      [
        430,
        620
      ]
    ],
    [
      [
        430,
        621
      ]
    ],
    [
      [
        429,
        622
      ]
    ],
    [
      [
        429,
        623
      ]
    ],
    [
      [
        428,
        624
      ]
    ],
    [
      [
        428,
        626
      ]
    ],
    [
      [
        427,
        627
      ]
    ],
    [
      [
        427,
        629
      ]
    ],
    [
      [
        426,
        630
      ]
    ],
    [
      [
        426,
        632
      ]
    ],
    [
      [
        425,
        633
      ]
    ],
    [
      [
        425,
        634
      ]
    ],
    [
      [
        424,
        635
      ]
    ],
    [
      [
        424,
        638
      ]
    ],
    [
      [
        423,
        639
      ]
    ],
    [
      [
        423,
        640
      ]
    ],
    [
      [
        422,
        641
      ]
    ],
    [
      [
        422,
        643
      ]
    ],
    [
      [
        421,
        644
      ]
    ],
    [
      [
        421,
        647
      ]
    ],
    [
      [
        420,
        648
      ]
    ],
    [
      [
        420,
        650
      ]
    ],
    [
      [
        419,
        651
      ]
    ],
    [
      [
        419,
        668
      ]
    ],
    [
      [
        420,
        669
      ]
    ],
    [
      [
        420,
        671
      ]
    ],
    [
      [
        421,
        672
      ]
    ],
    [
      [
        421,
        673
      ]
    ],
    [
      [
        423,
        675
      ]
    ],
    [
      [
        423,
        676
      ]
    ],
    [
      [
        424,
        677
      ]
    ],
    [
      [
        424,
        681
      ]
    ],
    [
      [
        426,
        683
      ]
    ],
    [
      [
        426,
        684
      ]
    ],
    [
      [
        427,
        685
      ]
    ],
    [
      [
        428,
        685
      ]
    ],
    [
      [
        430,
        687
      ]
    ],
    [
      [
        431,
        687
      ]
    ],
    [
      [
        432,
        688
      ]
    ],
    [
      [
        432,
        689
      ]
    ],
    [
      [
        433,
        689
      ]
    ],
    [
      [
        434,
        690
      ]
    ],
    [
      [
        448,
        690
      ]
    ],
    [
      [
        451,
        693
      ]
    ],
    [
      [
        453,
        693
      ]
    ],
    [
      [
        458,
        698
      ]
    ],
    [
      [
        459,
        698
      ]
    ],
    [
      [
        460,
        699
      ]
    ],
    [
      [
        462,
        699
      ]
    ],
    [
      [
        463,
        700
      ]
    ],
    [
      [
        465,
        700
      ]
    ],
    [
      [
        466,
        701
      ]
    ],
    [
      [
        468,
        701
      ]
    ],
    [
      [
        471,
        704
      ]
    ],
    [
      [
        473,
        704
      ]
    ],
    [
      [
        474,
        705
      ]
    ],
    [
      [
        475,
        705
      ]
    ],
    [
      [
        476,
        706
      ]
    ],
    [
      [
        477,
        706
      ]
    ],
    [
      [
        478,
        707
      ]
    ],
    [
      [
        480,
        707
      ]
    ],
    [
      [
        481,
        708
      ]
    ],
    [
      [
        482,
        708
      ]
    ],
    [
      [
        483,
        709
      ]
    ],
    [
      [
        485,
        709
      ]
    ],
    [
      [
        486,
        710
      ]
    ],
    [
      [
        488,
        710
      ]
    ],
    [
      [
        489,
        711
      ]
    ],
    [
      [
        490,
        711
      ]
    ],
    [
      [
        492,
        713
      ]
    ],
    [
      [
        493,
        713
      ]
    ],
    [
      [
        494,
        714
      ]
    ],
    [
      [
        494,
        719
      ]
    ],
    [
      [
        498,
        719
      ]
    ],
    [
      [
        499,
        720
      ]
    ],
    [
      [
        503,
        720
      ]
    ],
    [
      [
        504,
        721
      ]
    ],
    [
      [
        505,
        721
      ]
    ],
    [
      [
        507,
        723
      ]
    ],
    [
      [
        510,
        723
      ]
    ],
    [
      [
        512,
        725
      ]
    ],
    [
      [
        513,
        725
      ]
    ],
    [
      [
        514,
        726
      ]
    ],
    [
      [
        516,
        726
      ]
    ],
    [
      [
        518,
        728
      ]
    ],
    [
      [
        519,
        728
      ]
    ],
    [
      [
        521,
        730
      ]
    ],
    [
      [
        523,
        730
      ]
    ],
    [
      [
        524,
        731
      ]
    ],
    [
      [
        527,
        731
      ]
    ],
    [
      [
        528,
        732
      ]
    ],
    [
      [
        530,
        732
      ]
    ],
    [
      [
        531,
        733
      ]
    ],
    [
      [
        533,
        733
      ]
    ],
    [
      [
        534,
        734
      ]
    ],
    [
      [
        535,
        734
      ]
    ],
    [
      [
        536,
        735
      ]
    ],
    [
      [
        539,
        735
      ]
    ],
    [
      [
        540,
        736
      ]
    ],
    [
      [
        541,
        736
      ]
    ],
    [
      [
        543,
        738
      ]
    ],
    [
      [
        544,
        738
      ]
    ],
    [
      [
        545,
        739
      ]
    ],
    [
      [
        550,
        739
      ]
    ],
    [
      [
        551,
        740
      ]
    ],
    [
      [
        558,
        740
      ]
    ],
    [
      [
        559,
        739
      ]
    ],
    [
      [
        576,
        739
      ]
    ],
    [
      [
        577,
        740
      ]
    ],
    [
      [
        577,
        744
      ]
    ],
    [
      [
        578,
        744
      ]
    ],
    [
      [
        581,
        747
      ]
    ],
    [
      [
        585,
        747
      ]
    ],
    [
      [
        586,
        748
      ]
    ],
    [
      [
        589,
        748
      ]
    ],
    [
      [
        590,
        749
      ]
    ],
    [
      [
        591,
        749
      ]
    ],
    [
      [
        592,
        750
      ]
    ],
    [
      [
        593,
        750
      ]
    ],
    [
      [
        595,
        752
      ]
    ],
    [
      [
        598,
        752
      ]
    ],
    [
      [
        600,
        754
      ]
    ],
    [
      [
        600,
        757
      ]
    ],
    [
      [
        601,
        758
      ]
    ],
    [
      [
        601,
        759
      ]
    ],
    [
      [
        602,
        760
      ]
    ],
    [
      [
        603,
        760
      ]
    ],
    [
      [
        604,
        761
      ]
    ],
    [
      [
        607,
        761
      ]
    ],
    [
      [
        608,
        762
      ]
    ],
    [
      [
        611,
        762
      ]
    ],
    [
      [
        614,
        765
      ]
    ],
    [
      [
        615,
        765
      ]
    ],
    [
      [
        616,
        766
      ]
    ],
    [
      [
        630,
        766
      ]
    ],
    [
      [
        631,
        767
      ]
    ],
    [
      [
        633,
        767
      ]
    ],
    [
      [
        634,
        768
      ]
    ],
    [
      [
        636,
        768
      ]
    ],
    [
      [
        639,
        771
      ]
    ],
    [
      [
        640,
        771
      ]
    ],
    [
      [
        641,
        772
      ]
    ],
    [
      [
        643,
        772
      ]
    ],
    [
      [
        644,
        773
      ]
    ],
    [
      [
        645,
        773
      ]
    ],
    [
      [
        646,
        774
      ]
    ],
    [
      [
        648,
        774
      ]
    ],
    [
      [
        649,
        775
      ]
    ],
    [
      [
        651,
        775
      ]
    ],
    [
      [
        652,
        776
      ]
    ],
    [
      [
        653,
        776
      ]
    ],
    [
      [
        654,
        777
      ]
    ],
    [
      [
        656,
        777
      ]
    ],
    [
      [
        658,
        779
      ]
    ],
    [
      [
        659,
        779
      ]
    ],
    [
      [
        660,
        780
      ]
    ],
    [
      [
        661,
        780
      ]
    ],
    [
      [
        662,
        781
      ]
    ],
    [
      [
        665,
        781
      ]
    ],
    [
      [
        666,
        782
      ]
    ],
    [
      [
        667,
        782
      ]
    ],
    [
      [
        668,
        783
      ]
    ],
    [
      [
        670,
        783
      ]
    ],
    [
      [
        672,
        785
      ]
    ],
    [
      [
        674,
        785
      ]
    ],
    [
      [
        675,
        786
      ]
    ],
    [
      [
        676,
        786
      ]
    ],
    [
      [
        677,
        787
      ]
    ],
    [
      [
        679,
        787
      ]
    ],
    [
      [
        681,
        789
      ]
    ],
    [
      [
        683,
        789
      ]
    ],
    [
      [
        686,
        792
      ]
    ],
    [
      [
        688,
        792
      ]
    ],
    [
      [
        689,
        793
      ]
    ],
    [
      [
        693,
        793
      ]
    ],
    [
      [
        694,
        794
      ]
    ],
    [
      [
        695,
        794
      ]
    ],
    [
      [
        696,
        795
      ]
    ],
    [
      [
        700,
        795
      ]
    ],
    [
      [
        701,
        796
      ]
    ],
    [
      [
        702,
        796
      ]
    ],
    [
      [
        704,
        798
      ]
    ],
    [
      [
        705,
        798
      ]
    ],
    [
      [
        707,
        800
      ]
    ],
    [
      [
        710,
        800
      ]
    ],
    [
      [
        711,
        801
      ]
    ],
    [
      [
        712,
        801
      ]
    ],
    [
      [
        713,
        802
      ]
    ],
    [
      [
        714,
        802
      ]
    ],
    [
      [
        715,
        803
      ]
    ],
    [
      [
        717,
        803
      ]
    ],
    [
      [
        719,
        805
      ]
    ],
    [
      [
        719,
        808
      ]
    ],
    [
      [
        720,
        808
      ]
    ],
    [
      [
        721,
        809
      ]
    ],
    [
      [
        722,
        809
      ]
    ],
    [
      [
        723,
        810
      ]
    ],
    [
      [
        724,
        810
      ]
    ],
    [
      [
        725,
        811
      ]
    ],
    [
      [
        728,
        811
      ]
    ],
    [
      [
        729,
        812
      ]
    ],
    [
      [
        730,
        812
      ]
    ],
    [
      [
        731,
        813
      ]
    ],
    [
      [
        732,
        813
      ]
    ],
    [
      [
        733,
        814
      ]
    ],
    [
      [
        734,
        814
      ]
    ],
    [
      [
        735,
        815
      ]
    ],
    [
      [
        736,
        815
      ]
    ],
    [
      [
        737,
        816
      ]
    ],
    [
      [
        738,
        816
      ]
    ],
    [
      [
        739,
        817
      ]
    ],
    [
      [
        742,
        817
      ]
    ],
    [
      [
        743,
        818
      ]
    ],
    [
      [
        745,
        818
      ]
    ],
    [
      [
        746,
        819
      ]
    ],
    [
      [
        749,
        819
      ]
    ],
    [
      [
        750,
        820
      ]
    ],
    [
      [
        750,
        821
      ]
    ],
    [
      [
        751,
        821
      ]
    ],
    [
      [
        752,
        822
      ]
    ],
    [
      [
        753,
        822
      ]
    ],
    [
      [
        754,
        823
      ]
    ],
    [
      [
        757,
        823
      ]
    ],
    [
      [
        759,
        825
      ]
    ],
    [
      [
        760,
        825
      ]
    ],
    [
      [
        761,
        826
      ]
    ],
    [
      [
        762,
        826
      ]
    ],
    [
      [
        763,
        827
      ]
    ],
    [
      [
        767,
        827
      ]
    ],
    [
      [
        768,
        828
      ]
    ],
    [
      [
        769,
        828
      ]
    ],
    [
      [
        770,
        829
      ]
    ],
    [
      [
        772,
        829
      ]
    ],
    [
      [
        773,
        830
      ]
    ],
    [
      [
        774,
        830
      ]
    ],
    [
      [
        776,
        832
      ]
    ],
    [
      [
        778,
        832
      ]
    ],
    [
      [
        779,
        833
      ]
    ],
    [
      [
        782,
        833
      ]
    ],
    [
      [
        784,
        835
      ]
    ],
    [
      [
        786,
        835
      ]
    ],
    [
      [
        787,
        836
      ]
    ],
    [
      [
        789,
        836
      ]
    ],
    [
      [
        790,
        837
      ]
    ],
    [
      [
        791,
        837
      ]
    ],
    [
      [
        792,
        838
      ]
    ],
    [
      [
        793,
        838
      ]
    ],
    [
      [
        794,
        839
      ]
    ],
    [
      [
        798,
        839
      ]
    ],
    [
      [
        799,
        840
      ]
    ],
    [
      [
        799,
        841
      ]
    ],
    [
      [
        800,
        842
      ]
    ],
    [
      [
        802,
        842
      ]
    ],
    [
      [
        803,
        843
      ]
    ],
    [
      [
        804,
        843
      ]
    ],
    [
      [
        805,
        844
      ]
    ],
    [
      [
        806,
        844
      ]
    ],
    [
      [
        807,
        845
      ]
    ],
    [
      [
        809,
        845
      ]
    ],
    [
      [
        811,
        847
      ]
    ],
    [
      [
        815,
        847
      ]
    ],
    [
      [
        817,
        849
      ]
    ],
    [
      [
        820,
        849
      ]
    ],
    [
      [
        821,
        850
      ]
    ],
    [
      [
        823,
        850
      ]
    ],
    [
      [
        826,
        853
      ]
    ],
    [
      [
        828,
        853
      ]
    ],
    [
      [
        829,
        854
      ]
    ],
    [
      [
        831,
        854
      ]
    ],
    [
      [
        832,
        855
      ]
    ],
    [
      [
        834,
        855
      ]
    ],
    [
      [
        835,
        856
      ]
    ],
    [
      [
        836,
        856
      ]
    ],
    [
      [
        837,
        857
      ]
    ],
    [
      [
        838,
        857
      ]
    ],
    [
      [
        839,
        858
      ]
    ],
    [
      [
        842,
        858
      ]
    ],
    [
      [
        844,
        860
      ]
    ],
    [
      [
        847,
        860
      ]
    ],
    [
      [
        848,
        861
      ]
    ],
    [
      [
        852,
        861
      ]
    ],
    [
      [
        853,
        862
      ]
    ],
    [
      [
        853,
        863
      ]
    ],
    [
      [
        854,
        863
      ]
    ],
    [
      [
        855,
        864
      ]
    ],
    [
      [
        856,
        864
      ]
    ],
    [
      [
        857,
        865
      ]
    ],
    [
      [
        858,
        865
      ]
    ],
    [
      [
        859,
        866
      ]
    ],
    [
      [
        861,
        866
      ]
    ],
    [
      [
        862,
        867
      ]
    ],
    [
      [
        864,
        867
      ]
    ],
    [
      [
        866,
        869
      ]
    ],
    [
      [
        867,
        869
      ]
    ],
    [
      [
        869,
        871
      ]
    ],
    [
      [
        870,
        871
      ]
    ],
    [
      [
        871,
        872
      ]
    ],
    [
      [
        873,
        872
      ]
    ],
    [
      [
        874,
        873
      ]
    ],
    [
      [
        893,
        873
      ]
    ],
    [
      [
        894,
        874
      ]
    ],
    [
      [
        894,
        875
      ]
    ],
    [
      [
        895,
        875
      ]
    ],
    [
      [
        896,
        876
      ]
    ],
    [
      [
        898,
        876
      ]
    ],
    [
      [
        899,
        877
      ]
    ],
    [
      [
        910,
        877
      ]
    ],
    [
      [
        911,
        878
      ]
    ],
    [
      [
        912,
        878
      ]
    ],
    [
      [
        913,
        879
      ]
    ],
    [
      [
        913,
        884
      ]
    ],
    [
      [
        917,
        884
      ]
    ],
    [
      [
        918,
        885
      ]
    ],
    [
      [
        920,
        885
      ]
    ],
    [
      [
        922,
        887
      ]
    ],
    [
      [
        924,
        887
      ]
    ],
    [
      [
        925,
        888
      ]
    ],
    [
      [
        926,
        888
      ]
    ],
    [
      [
        927,
        889
      ]
    ],
    [
      [
        930,
        889
      ]
    ],
    [
      [
        932,
        891
      ]
    ],
    [
      [
        935,
        891
      ]
    ],
    [
      [
        936,
        892
      ]
    ],
    [
      [
        937,
        892
      ]
    ],
    [
      [
        938,
        893
      ]
    ],
    [
      [
        940,
        893
      ]
    ],
    [
      [
        941,
        894
      ]
    ],
    [
      [
        943,
        894
      ]
    ],
    [
      [
        944,
        895
      ]
    ],
    [
      [
        946,
        895
      ]
    ],
    [
      [
        948,
        897
      ]
    ],
    [
      [
        951,
        897
      ]
    ],
    [
      [
        953,
        899
      ]
    ],
    [
      [
        957,
        899
      ]
    ],
    [
      [
        958,
        900
      ]
    ],
    [
      [
        958,
        901
      ]
    ],
    [
      [
        959,
        901
      ]
    ],
    [
      [
        960,
        902
      ]
    ],
    [
      [
        962,
        902
      ]
    ],
    [
      [
        963,
        903
      ]
    ],
    [
      [
        964,
        903
      ]
    ],
    [
      [
        965,
        904
      ]
    ],
    [
      [
        966,
        904
      ]
    ],
    [
      [
        967,
        905
      ]
    ],
    [
      [
        968,
        905
      ]
    ],
    [
      [
        969,
        906
      ]
    ],
    [
      [
        972,
        906
      ]
    ],
    [
      [
        974,
        908
      ]
    ],
    [
      [
        976,
        908
      ]
    ],
    [
      [
        977,
        909
      ]
    ],
    [
      [
        985,
        909
      ]
    ],
    [
      [
        987,
        907
      ]
    ],
    [
      [
        988,
        907
      ]
    ],
    [
      [
        988,
        904
      ]
    ],
    [
      [
        989,
        903
      ]
    ],
    [
      [
        1012,
        903
      ]
    ],
    [
      [
        1013,
        904
      ]
    ],
    [
      [
        1015,
        904
      ]
    ],
    [
      [
        1016,
        905
      ]
    ],
    [
      [
        1017,
        905
      ]
    ],
    [
      [
        1018,
        906
      ]
    ],
    [
      [
        1019,
        906
      ]
    ],
    [
      [
        1020,
        907
      ]
    ],
    [
      [
        1037,
        907
      ]
    ],
    [
      [
        1038,
        908
      ]
    ],
    [
      [
        1039,
        908
      ]
    ],
    [
      [
        1040,
        909
      ]
    ],
    [
      [
        1040,
        924
      ]
    ],
    [
      [
        1041,
        925
      ]
    ],
    [
      [
        1041,
        937
      ]
    ],
    [
      [
        1042,
        938
      ]
    ],
    [
      [
        1042,
        940
      ]
    ],
    [
      [
        1045,
        940
      ]
    ],
    [
      [
        1046,
        941
      ]
    ],
    [
      [
        1046,
        943
      ]
    ],
    [
      [
        1048,
        943
      ]
    ],
    [
      [
        1049,
        944
      ]
    ],
    [
      [
        1057,
        944
      ]
    ],
    [
      [
        1058,
        945
      ]
    ],
    [
      [
        1059,
        945
      ]
    ],
    [
      [
        1060,
        946
      ]
    ],
    [
      [
        1062,
        946
      ]
    ],
    [
      [
        1063,
        947
      ]
    ],
    [
      [
        1065,
        947
      ]
    ],
    [
      [
        1066,
        948
      ]
    ],
    [
      [
        1066,
        949
      ]
    ],
    [
      [
        1067,
        950
      ]
    ],
    [
      [
        1081,
        950
      ]
    ],
    [
      [
        1081,
        938
      ]
    ],
    [
      [
        1082,
        937
      ]
    ],
    [
      [
        1100,
        937
      ]
    ],
    [
      [
        1101,
        938
      ]
    ],
    [
      [
        1124,
        938
      ]
    ],
    [
      [
        1125,
        939
      ]
    ],
    [
      [
        1125,
        961
      ]
    ],
    [
      [
        1129,
        961
      ]
    ],
    [
      [
        1130,
        962
      ]
    ],
    [
      [
        1133,
        962
      ]
    ],
    [
      [
        1137,
        966
      ]
    ],
    [
      [
        1142,
        966
      ]
    ],
    [
      [
        1144,
        968
      ]
    ],
    [
      [
        1144,
        971
      ]
    ],
    [
      [
        1145,
        972
      ]
    ],
    [
      [
        1146,
        972
      ]
    ],
    [
      [
        1149,
        975
      ]
    ],
    [
      [
        1153,
        975
      ]
    ],
    [
      [
        1154,
        976
      ]
    ],
    [
      [
        1155,
        976
      ]
    ],
    [
      [
        1156,
        977
      ]
    ],
    [
      [
        1160,
        977
      ]
    ],
    [
      [
        1161,
        978
      ]
    ],
    [
      [
        1161,
        979
      ]
    ],
    [
      [
        1165,
        979
      ]
    ],
    [
      [
        1166,
        980
      ]
    ],
    [
      [
        1166,
        983
      ]
    ],
    [
      [
        1167,
        984
      ]
    ],
    [
      [
        1176,
        984
      ]
    ],
    [
      [
        1177,
        983
      ]
    ],
    [
      [
        1178,
        983
      ]
    ],
    [
      [
        1179,
        982
      ]
    ],
    [
      [
        1181,
        982
      ]
    ],
    [
      [
        1182,
        981
      ]
    ],
    [
      [
        1186,
        981
      ]
    ],
    [
      [
        1187,
        980
      ]
    ],
    [
      [
        1188,
        980
      ]
    ],
    [
      [
        1189,
        979
      ]
    ],
    [
      [
        1191,
        979
      ]
    ],
    [
      [
        1193,
        977
      ]
    ],
    [
      [
        1193,
        976
      ]
    ],
    [
      [
        1194,
        975
      ]
    ],
    [
      [
        1195,
        975
      ]
    ],
    [
      [
        1199,
        971
      ]
    ],
    [
      [
        1199,
        970
      ]
    ],
    [
      [
        1201,
        968
      ]
    ],
    [
      [
        1201,
        965
      ]
    ],
    [
      [
        1202,
        964
      ]
    ],
    [
      [
        1203,
        964
      ]
    ],
    [
      [
        1205,
        962
      ]
    ],
    [
      [
        1205,
        957
      ]
    ],
    [
      [
        1206,
        956
      ]
    ],
    [
      [
        1206,
        955
      ]
    ],
    [
      [
        1207,
        954
      ]
    ],
    [
      [
        1207,
        953
      ]
    ],
    [
      [
        1209,
        951
      ]
    ],
    [
      [
        1209,
        950
      ]
    ],
    [
      [
        1210,
        949
      ]
    ],
    [
      [
        1210,
        945
      ]
    ],
    [
      [
        1212,
        943
      ]
    ],
    [
      [
        1212,
        941
      ]
    ],
    [
      [
        1213,
        940
      ]
    ],
    [
      [
        1213,
        938
      ]
    ],
    [
      [
        1214,
        937
      ]
    ],
    [
      [
        1214,
        936
      ]
    ],
    [
      [
        1216,
        934
      ]
    ],
    [
      [
        1216,
        931
      ]
    ],
    [
      [
        1218,
        929
      ]
    ],
    [
      [
        1218,
        928
      ]
    ],
    [
      [
        1219,
        927
      ]
    ],
    [
      [
        1219,
        925
      ]
    ],
    [
      [
        1221,
        923
      ]
    ],
    [
      [
        1221,
        922
      ]
    ],
    [
      [
        1222,
        921
      ]
    ],
    [
      [
        1222,
        919
      ]
    ],
    [
      [
        1224,
        917
      ]
    ],
    [
      [
        1224,
        916
      ]
    ],
    [
      [
        1225,
        915
      ]
    ],
    [
      [
        1225,
        914
      ]
    ],
    [
      [
        1226,
        913
      ]
    ],
    [
      [
        1226,
        910
      ]
    ],
    [
      [
        1227,
        909
      ]
    ],
    [
      [
        1227,
        907
      ]
    ],
    [
      [
        1229,
        905
      ]
    ],
    [
      [
        1229,
        904
      ]
    ],
    [
      [
        1230,
        903
      ]
    ],
    [
      [
        1230,
        901
      ]
    ],
    [
      [
        1231,
        900
      ]
    ],
    [
      [
        1231,
        899
      ]
    ],
    [
      [
        1232,
        898
      ]
    ],
    [
      [
        1232,
        897
      ]
    ],
    [
      [
        1233,
        896
      ]
    ],
    [
      [
        1233,
        895
      ]
    ],
    [
      [
        1234,
        894
      ]
    ],
    [
      [
        1234,
        893
      ]
    ],
    [
      [
        1235,
        892
      ]
    ],
    [
      [
        1235,
        890
      ]
    ],
    [
      [
        1236,
        889
      ]
    ],
    [
      [
        1236,
        888
      ]
    ],
    [
      [
        1239,
        885
      ]
    ],
    [
      [
        1239,
        882
      ]
    ],
    [
      [
        1240,
        881
      ]
    ],
    [
      [
        1240,
        879
      ]
    ],
    [
      [
        1241,
        878
      ]
    ],
    [
      [
        1241,
        877
      ]
    ],
    [
      [
        1242,
        876
      ]
    ],
    [
      [
        1242,
        875
      ]
    ],
    [
      [
        1243,
        874
      ]
    ],
    [
      [
        1243,
        873
      ]
    ],
    [
      [
        1244,
        872
      ]
    ],
    [
      [
        1244,
        869
      ]
    ],
    [
      [
        1245,
        868
      ]
    ],
    [
      [
        1245,
        867
      ]
    ],
    [
      [
        1247,
        865
      ]
    ],
    [
      [
        1247,
        864
      ]
    ],
    [
      [
        1248,
        863
      ]
    ],
    [
      [
        1248,
        861
      ]
    ],
    [
      [
        1250,
        859
      ]
    ],
    [
      [
        1250,
        857
      ]
    ],
    [
      [
        1251,
        856
      ]
    ],
    [
      [
        1251,
        855
      ]
    ],
    [
      [
        1252,
        854
      ]
    ],
    [
      [
        1254,
        854
      ]
    ],
    [
      [
        1254,
        849
      ]
    ],
    [
      [
        1255,
        848
      ]
    ],
    [
      [
        1255,
        843
      ]
    ],
    [
      [
        1256,
        842
      ]
    ],
    [
      [
        1258,
        842
      ]
    ],
    [
      [
        1258,
        841
      ]
    ],
    [
      [
        1261,
        838
      ]
    ],
    [
      [
        1263,
        838
      ]
    ],
    [
      [
        1264,
        837
      ]
    ],
    [
      [
        1264,
        836
      ]
    ],
    [
      [
        1267,
        833
      ]
    ],
    [
      [
        1267,
        831
      ]
    ],
    [
      [
        1269,
        829
      ]
    ],
    [
      [
        1269,
        828
      ]
    ],
    [
      [
        1270,
        827
      ]
    ],
    [
      [
        1270,
        826
      ]
    ],
    [
      [
        1271,
        825
      ]
    ],
    [
      [
        1271,
        824
      ]
    ],
    [
      [
        1272,
        823
      ]
    ],
    [
      [
        1272,
        821
      ]
    ],
    [
      [
        1273,
        820
      ]
    ],
    [
      [
        1273,
        819
      ]
    ],
    [
      [
        1274,
        818
      ]
    ],
    [
      [
        1274,
        815
      ]
    ],
    [
      [
        1276,
        813
      ]
    ],
    [
      [
        1276,
        812
      ]
    ],
    [
      [
        1278,
        810
      ]
    ],
    [
      [
        1278,
        809
      ]
    ],
    [
      [
        1279,
        808
      ]
    ],
    [
      [
        1279,
        806
      ]
    ],
    [
      [
        1281,
        804
      ]
    ],
    [
      [
        1281,
        802
      ]
    ],
    [
      [
        1283,
        800
      ]
    ],
    [
      [
        1283,
        798
      ]
    ],
    [
      [
        1285,
        796
      ]
    ],
    [
      [
        1289,
        796
      ]
    ],
    [
      [
        1291,
        794
      ]
    ],
    [
      [
        1293,
        794
      ]
    ],
    [
      [
        1293,
        790
      ]
    ],
    [
      [
        1294,
        789
      ]
    ],
    [
      [
        1295,
        789
      ]
    ],
    [
      [
        1295,
        785
      ]
    ],
    [
      [
        1296,
        784
      ]
    ],
    [
      [
        1296,
        783
      ]
    ],
    [
      [
        1297,
        782
      ]
    ],
    [
      [
        1297,
        781
      ]
    ],
    [
      [
        1299,
        779
      ]
    ],
    [
      [
        1299,
        764
      ]
    ],
    [
      [
        1300,
        763
      ]
    ],
    [
      [
        1300,
        762
      ]
    ],
    [
      [
        1301,
        761
      ]
    ],
    [
      [
        1301,
        760
      ]
    ],
    [
      [
        1303,
        758
      ]
    ],
    [
      [
        1303,
        755
      ]
    ],
    [
      [
        1305,
        753
      ]
    ],
    [
      [
        1305,
        751
      ]
    ],
    [
      [
        1306,
        750
      ]
    ],
    [
      [
        1306,
        749
      ]
    ],
    [
      [
        1308,
        747
      ]
    ],
    [
      [
        1308,
        745
      ]
    ],
    [
      [
        1309,
        744
      ]
    ],
    [
      [
        1309,
        742
      ]
    ],
    [
      [
        1310,
        741
      ]
    ],
    [
      [
        1310,
        740
      ]
    ],
    [
      [
        1312,
        738
      ]
    ],
    [
      [
        1312,
        737
      ]
    ],
    [
      [
        1313,
        736
      ]
    ],
    [
      [
        1313,
        734
      ]
    ],
    [
      [
        1315,
        732
      ]
    ],
    [
      [
        1315,
        730
      ]
    ],
    [
      [
        1316,
        729
      ]
    ],
    [
      [
        1316,
        727
      ]
    ],
    [
      [
        1317,
        726
      ]
    ],
    [
      [
        1317,
        725
      ]
    ],
    [
      [
        1319,
        723
      ]
    ],
    [
      [
        1319,
        720
      ]
    ],
    [
      [
        1320,
        719
      ]
    ],
    [
      [
        1320,
        718
      ]
    ],
    [
      [
        1321,
        717
      ]
    ],
    [
      [
        1321,
        716
      ]
    ],
    [
      [
        1322,
        715
      ]
    ],
    [
      [
        1322,
        714
      ]
    ],
    [
      [
        1324,
        712
      ]
    ],
    [
      [
        1324,
        709
      ]
    ],
    [
      [
        1326,
        707
      ]
    ],
    [
      [
        1326,
        705
      ]
    ],
    [
      [
        1328,
        703
      ]
    ],
    [
      [
        1328,
        701
      ]
    ],
    [
      [
        1329,
        700
      ]
    ],
    [
      [
        1329,
        699
      ]
    ],
    [
      [
        1330,
        698
      ]
    ],
    [
      [
        1330,
        697
      ]
    ],
    [
      [
        1331,
        696
      ]
    ],
    [
      [
        1331,
        693
      ]
    ],
    [
      [
        1333,
        691
      ]
    ],
    [
      [
        1333,
        689
      ]
    ],
    [
      [
        1334,
        688
      ]
    ],
    [
      [
        1334,
        687
      ]
    ],
    [
      [
        1335,
        686
      ]
    ],
    [
      [
        1335,
        685
      ]
    ],
    [
      [
        1337,
        683
      ]
    ],
    [
      [
        1337,
        682
      ]
    ],
    [
      [
        1338,
        681
      ]
    ],
    [
      [
        1338,
        679
      ]
    ],
    [
      [
        1339,
        678
      ]
    ],
    [
      [
        1339,
        676
      ]
    ],
    [
      [
        1341,
        674
      ]
    ],
    [
      [
        1341,
        673
      ]
    ],
    [
      [
        1342,
        672
      ]
    ],
    [
      [
        1342,
        670
      ]
    ],
    [
      [
        1343,
        669
      ]
    ],
    [
      [
        1343,
        668
      ]
    ],
    [
      [
        1344,
        667
      ]
    ],
    [
      [
        1344,
        666
      ]
    ],
    [
      [
        1345,
        665
      ]
    ],
    [
      [
        1345,
        655
      ]
    ],
    [
      [
        1335,
        655
      ]
    ],
    [
      [
        1334,
        654
      ]
    ],
    [
      [
        1334,
        636
      ]
    ],
    [
      [
        1336,
        634
      ]
    ],
    [
      [
        1336,
        633
      ]
    ],
    [
      [
        1337,
        632
      ]
    ],
    [
      [
        1337,
        630
      ]
    ],
    [
      [
        1338,
        629
      ]
    ],
    [
      [
        1338,
        625
      ]
    ],
    [
      [
        1339,
        624
      ]
    ],
    [
      [
        1340,
        624
      ]
    ],
    [
      [
        1340,
        623
      ]
    ],
    [
      [
        1341,
        622
      ]
    ],
    [
      [
        1341,
        621
      ]
    ],
    [
      [
        1342,
        620
      ]
    ],
    [
      [
        1342,
        615
      ]
    ],
    [
      [
        1343,
        614
      ]
    ],
    [
      [
        1343,
        613
      ]
    ],
    [
      [
        1344,
        612
      ]
    ],
    [
      [
        1344,
        606
      ]
    ],
    [
      [
        1348,
        602
      ]
    ],
    [
      [
        1356,
        602
      ]
    ],
    [
      [
        1356,
        599
      ]
    ],
    [
      [
        1357,
        598
      ]
    ],
    [
      [
        1358,
        598
      ]
    ],
    [
      [
        1358,
        595
      ]
    ],
    [
      [
        1359,
        594
      ]
    ],
    [
      [
        1359,
        590
      ]
    ],
    [
      [
        1362,
        587
      ]
    ],
    [
      [
        1362,
        585
      ]
    ],
    [
      [
        1363,
        584
      ]
    ],
    [
      [
        1363,
        582
      ]
    ],
    [
      [
        1364,
        581
      ]
    ],
    [
      [
        1364,
        579
      ]
    ],
    [
      [
        1365,
        578
      ]
    ],
    [
      [
        1366,
        578
      ]
    ],
    [
      [
        1366,
        577
      ]
    ],
    [
      [
        1367,
        576
      ]
    ],
    [
      [
        1367,
        575
      ]
    ],
    [
      [
        1368,
        574
      ]
    ],
    [
      [
        1368,
        572
      ]
    ],
    [
      [
        1369,
        571
      ]
    ],
    [
      [
        1369,
        570
      ]
    ],
    [
      [
        1370,
        569
      ]
    ],
    [
      [
        1370,
        567
      ]
    ],
    [
      [
        1371,
        566
      ]
    ],
    [
      [
        1371,
        565
      ]
    ],
    [
      [
        1373,
        563
      ]
    ],
    [
      [
        1373,
        562
      ]
    ],
    [
      [
        1374,
        561
      ]
    ],
    [
      [
        1374,
        559
      ]
    ],
    [
      [
        1375,
        558
      ]
    ],
    [
      [
        1381,
        558
      ]
    ],
    [
      [
        1381,
        544
      ]
    ],
    [
      [
        1382,
        543
      ]
    ],
    [
      [
        1382,
        542
      ]
    ],
    [
      [
        1383,
        541
      ]
    ],
    [
      [
        1383,
        539
      ]
    ],
    [
      [
        1384,
        538
      ]
    ],
    [
      [
        1384,
        537
      ]
    ],
    [
      [
        1386,
        535
      ]
    ],
    [
      [
        1386,
        532
      ]
    ],
    [
      [
        1387,
        531
      ]
    ],
    [
      [
        1387,
        529
      ]
    ],
    [
      [
        1388,
        528
      ]
    ],
    [
      [
        1388,
        527
      ]
    ],
    [
      [
        1390,
        525
      ]
    ],
    [
      [
        1390,
        523
      ]
    ],
    [
      [
        1391,
        522
      ]
    ],
    [
      [
        1391,
        518
      ]
    ],
    [
      [
        1392,
        517
      ]
    ],
    [
      [
        1392,
        514
      ]
    ],
    [
      [
        1393,
        513
      ]
    ],
    [
      [
        1393,
        511
      ]
    ],
    [
      [
        1394,
        510
      ]
    ],
    [
      [
        1394,
        506
      ]
    ],
    [
      [
        1395,
        505
      ]
    ],
    [
      [
        1395,
        500
      ]
    ],
    [
      [
        1396,
        499
      ]
    ],
    [
      [
        1396,
        497
      ]
    ],
    [
      [
        1397,
        496
      ]
    ],
    [
      [
        1397,
        479
      ]
    ],
    [
      [
        1396,
        478
      ]
    ],
    [
      [
        1396,
        455
      ]
    ],
    [
      [
        1395,
        454
      ]
    ],
    [
      [
        1395,
        445
      ]
    ],
    [
      [
        1394,
        444
      ]
    ],
    [
      [
        1394,
        440
      ]
    ],
    [
      [
        1393,
        439
      ]
    ],
    [
      [
        1393,
        437
      ]
    ],
    [
      [
        1392,
        436
      ]
    ],
    [
      [
        1392,
        434
      ]
    ],
    [
      [
        1391,
        433
      ]
    ],
    [
      [
        1391,
        430
      ]
    ],
    [
      [
        1390,
        429
      ]
    ],
    [
      [
        1390,
        427
      ]
    ],
    [
      [
        1389,
        426
      ]
    ],
    [
      [
        1389,
        424
      ]
    ],
    [
      [
        1388,
        423
      ]
    ],
    [
      [
        1388,
        420
      ]
    ],
    [
      [
        1387,
        419
      ]
    ],
    [
      [
        1387,
        418
      ]
    ],
    [
      [
        1385,
        416
      ]
    ],
    [
      [
        1385,
        414
      ]
    ],
    [
      [
        1384,
        413
      ]
    ],
    [
      [
        1384,
        411
      ]
    ],
    [
      [
        1383,
        410
      ]
    ],
    [
      [
        1383,
        409
      ]
    ],
    [
      [
        1382,
        408
      ]
    ],
    [
      [
        1382,
        406
      ]
    ],
    [
      [
        1381,
        405
      ]
    ],
    [
      [
        1381,
        404
      ]
    ],
    [
      [
        1378,
        401
      ]
    ],
    [
      [
        1378,
        400
      ]
    ],
    [
      [
        1377,
        399
      ]
    ],
    [
      [
        1377,
        398
      ]
    ],
    [
      [
        1376,
        397
      ]
    ],
    [
      [
        1376,
        380
      ]
    ],
    [
      [
        1377,
        379
      ]
    ],
    [
      [
        1395,
        379
      ]
    ],
    [
      [
        1395,
        372
      ]
    ],
    [
      [
        1397,
        370
      ]
    ],
    [
      [
        1397,
        361
      ]
    ],
    [
      [
        1395,
        359
      ]
    ],
    [
      [
        1394,
        359
      ]
    ],
    [
      [
        1391,
        356
      ]
    ],
    [
      [
        1390,
        356
      ]
    ],
    [
      [
        1389,
        355
      ]
    ],
    [
      [
        1389,
        354
      ]
    ],
    [
      [
        1388,
        354
      ]
    ],
    [
      [
        1385,
        351
      ]
    ],
    [
      [
        1383,
        351
      ]
    ],
    [
      [
        1382,
        350
      ]
    ],
    [
      [
        1381,
        350
      ]
    ],
    [
      [
        1378,
        347
      ]
    ],
    [
      [
        1377,
        347
      ]
    ],
    [
      [
        1375,
        345
      ]
    ],
    [
      [
        1373,
        345
      ]
    ],
    [
      [
        1370,
        342
      ]
    ],
    [
      [
        1368,
        342
      ]
    ],
    [
      [
        1365,
        339
      ]
    ],
    [
      [
        1364,
        339
      ]
    ],
    [
      [
        1363,
        338
      ]
    ],
    [
      [
        1362,
        338
      ]
    ],
    [
      [
        1360,
        336
      ]
    ],
    [
      [
        1358,
        336
      ]
    ],
    [
      [
        1357,
        335
      ]
    ],
    [
      [
        1355,
        335
      ]
    ],
    [
      [
        1353,
        333
      ]
    ],
    [
      [
        1352,
        333
      ]
    ],
    [
      [
        1351,
        332
      ]
    ],
    [
      [
        1348,
        332
      ]
    ],
    [
      [
        1347,
        331
      ]
    ],
    [
      [
        1347,
        330
      ]
    ],
    [
      [
        1341,
        330
      ]
    ],
    [
      [
        1341,
        334
      ]
    ],
    [
      [
        1339,
        336
      ]
    ],
    [
      [
        1321,
        336
      ]
    ],
    [
      [
        1320,
        335
      ]
    ],
    [
      [
        1317,
        335
      ]
    ],
    [
      [
        1316,
        334
      ]
    ],
    [
      [
        1315,
        334
      ]
    ],
    [
      [
        1314,
        333
      ]
    ],
    [
      [
        1313,
        333
      ]
    ],
    [
      [
        1312,
        332
      ]
    ],
    [
      [
        1311,
        332
      ]
    ],
    [
      [
        1310,
        331
      ]
    ],
    [
      [
        1309,
        331
      ]
    ],
    [
      [
        1308,
        330
      ]
    ],
    [
      [
        1307,
        330
      ]
    ],
    [
      [
        1306,
        329
      ]
    ],
    [
      [
        1306,
        322
      ]
    ],
    [
      [
        1305,
        321
      ]
    ],
    [
      [
        1305,
        313
      ]
    ],
    [
      [
        1304,
        312
      ]
    ],
    [
      [
        1303,
        312
      ]
    ],
    [
      [
        1302,
        311
      ]
    ],
    [
      [
        1299,
        311
      ]
    ],
    [
      [
        1297,
        309
      ]
    ],
    [
      [
        1293,
        309
      ]
    ],
    [
      [
        1291,
        307
      ]
    ],
    [
      [
        1290,
        307
      ]
    ],
    [
      [
        1289,
        306
      ]
    ],
    [
      [
        1288,
        306
      ]
    ],
    [
      [
        1286,
        304
      ]
    ],
    [
      [
        1283,
        304
      ]
    ],
    [
      [
        1282,
        303
      ]
    ],
    [
      [
        1281,
        303
      ]
    ],
    [
      [
        1280,
        302
      ]
    ],
    [
      [
        1277,
        302
      ]
    ],
    [
      [
        1275,
        300
      ]
    ],
    [
      [
        1274,
        300
      ]
    ],
    [
      [
        1273,
        299
      ]
    ],
    [
      [
        1272,
        299
      ]
    ],
    [
      [
        1271,
        298
      ]
    ],
    [
      [
        1270,
        298
      ]
    ],
    [
      [
        1269,
        297
      ]
    ],
    [
      [
        1268,
        297
      ]
    ],
    [
      [
        1267,
        296
      ]
    ],
    [
      [
        1266,
        296
      ]
    ],
    [
      [
        1265,
        295
      ]
    ],
    [
      [
        1263,
        295
      ]
    ],
    [
      [
        1262,
        294
      ]
    ],
    [
      [
        1261,
        294
      ]
    ],
    [
      [
        1260,
        293
      ]
    ],
    [
      [
        1259,
        293
      ]
    ],
    [
      [
        1258,
        292
      ]
    ],
    [
      [
        1257,
        292
      ]
    ],
    [
      [
        1256,
        291
      ]
    ],
    [
      [
        1253,
        291
      ]
    ],
    [
      [
        1252,
        290
      ]
    ],
    [
      [
        1249,
        290
      ]
    ],
    [
      [
        1248,
        289
      ]
    ],
    [
      [
        1247,
        289
      ]
    ],
    [
      [
        1246,
        288
      ]
    ],
    [
      [
        1244,
        288
      ]
    ],
    [
      [
        1240,
        284
      ]
    ],
    [
      [
        1235,
        284
      ]
    ],
    [
      [
        1233,
        282
      ]
    ],
    [
      [
        1232,
        282
      ]
    ],
    [
      [
        1231,
        281
      ]
    ],
    [
      [
        1229,
        281
      ]
    ],
    [
      [
        1228,
        280
      ]
    ],
    [
      [
        1214,
        280
      ]
    ],
    [
      [
        1213,
        279
      ]
    ],
    [
      [
        1213,
        276
      ]
    ],
    [
      [
        1209,
        276
      ]
    ],
    [
      [
        1207,
        274
      ]
    ],
    [
      [
        1206,
        274
      ]
    ],
    [
      [
        1205,
        273
      ]
    ],
    [
      [
        1204,
        273
      ]
    ],
    [
      [
        1203,
        272
      ]
    ],
    [
      [
        1202,
        272
      ]
    ],
    [
      [
        1199,
        269
      ]
    ],
    [
      [
        1197,
        269
      ]
    ],
    [
      [
        1196,
        268
      ]
    ],
    [
      [
        1194,
        268
      ]
    ],
    [
      [
        1193,
        267
      ]
    ],
    [
      [
        1192,
        267
      ]
    ],
    [
      [
        1190,
        265
      ]
    ],
    [
      [
        1179,
        265
      ]
    ],
    [
      [
        1178,
        264
      ]
    ],
    [
      [
        1176,
        264
      ]
    ],
    [
      [
        1175,
        263
      ]
    ],
    [
      [
        1173,
        263
      ]
    ],
    [
      [
        1172,
        262
      ]
    ],
    [
      [
        1171,
        262
      ]
    ],
    [
      [
        1169,
        260
      ]
    ],
    [
      [
        1168,
        260
      ]
    ],
    [
      [
        1167,
        259
      ]
    ],
    [
      [
        1164,
        259
      ]
    ],
    [
      [
        1163,
        258
      ]
    ],
    [
      [
        1162,
        258
      ]
    ],
    [
      [
        1161,
        257
      ]
    ],
    [
      [
        1160,
        257
      ]
    ],
    [
      [
        1159,
        256
      ]
    ],
    [
      [
        1158,
        256
      ]
    ],
    [
      [
        1157,
        255
      ]
    ],
    [
      [
        1155,
        255
      ]
    ],
    [
      [
        1152,
        252
      ]
    ],
    [
      [
        1152,
        250
      ]
    ],
    [
      [
        1151,
        250
      ]
    ],
    [
      [
        1149,
        248
      ]
    ],
    [
      [
        1149,
        244
      ]
    ],
    [
      [
        1148,
        244
      ]
    ],
    [
      [
        1147,
        243
      ]
    ],
    [
      [
        1146,
        243
      ]
    ],
    [
      [
        1145,
        242
      ]
    ],
    [
      [
        1143,
        242
      ]
    ],
    [
      [
        1142,
        241
      ]
    ],
    [
      [
        1139,
        241
      ]
    ],
    [
      [
        1137,
        239
      ]
    ],
    [
      [
        1136,
        239
      ]
    ],
    [
      [
        1135,
        238
      ]
    ],
    [
      [
        1133,
        238
      ]
    ],
    [
      [
        1131,
        236
      ]
    ],
    [
      [
        1130,
        236
      ]
    ],
    [
      [
        1129,
        235
      ]
    ],
    [
      [
        1128,
        235
      ]
    ],
    [
      [
        1127,
        234
      ]
    ],
    [
      [
        1125,
        234
      ]
    ],
    [
      [
        1124,
        233
      ]
    ],
    [
      [
        1123,
        233
      ]
    ],
    [
      [
        1122,
        232
      ]
    ],
    [
      [
        1121,
        232
      ]
    ],
    [
      [
        1119,
        230
      ]
    ],
    [
      [
        1118,
        230
      ]
    ],
    [
      [
        1117,
        229
      ]
    ],
    [
      [
        1116,
        229
      ]
    ],
    [
      [
        1115,
        228
      ]
    ],
    [
      [
        1114,
        228
      ]
    ],
    [
      [
        1113,
        227
      ]
    ],
    [
      [
        1111,
        227
      ]
    ],
    [
      [
        1110,
        226
      ]
    ],
    [
      [
        1109,
        226
      ]
    ],
    [
      [
        1107,
        224
      ]
    ],
    [
      [
        1106,
        224
      ]
    ],
    [
      [
        1105,
        223
      ]
    ],
    [
      [
        1103,
        223
      ]
    ],
    [
      [
        1102,
        222
      ]
    ],
    [
      [
        1100,
        222
      ]
    ],
    [
      [
        1099,
        221
      ]
    ],
    [
      [
        1097,
        221
      ]
    ],
    [
      [
        1096,
        220
      ]
    ],
    [
      [
        1092,
        220
      ]
    ],
    [
      [
        1091,
        219
      ]
    ],
    [
      [
        1088,
        219
      ]
    ],
    [
      [
        1086,
        217
      ]
    ],
    [
      [
        1086,
        215
      ]
    ],
    [
      [
        1082,
        215
      ]
    ],
    [
      [
        1081,
        214
      ]
    ],
    [
      [
        1080,
        214
      ]
    ],
    [
      [
        1079,
        213
      ]
    ],
    [
      [
        1076,
        213
      ]
    ],
    [
      [
        1074,
        211
      ]
    ],
    [
      [
        1072,
        211
      ]
    ],
    [
      [
        1070,
        209
      ]
    ],
    [
      [
        1070,
        208
      ]
    ],
    [
      [
        1060,
        208
      ]
    ],
    [
      [
        1058,
        206
      ]
    ],
    [
      [
        1057,
        206
      ]
    ],
    [
      [
        1056,
        205
      ]
    ],
    [
      [
        1054,
        205
      ]
    ],
    [
      [
        1053,
        204
      ]
    ],
    [
      [
        1052,
        204
      ]
    ],
    [
      [
        1051,
        203
      ]
    ],
    [
      [
        1048,
        203
      ]
    ],
    [
      [
        1045,
        200
      ]
    ],
    [
      [
        1042,
        200
      ]
    ],
    [
      [
        1040,
        198
      ]
    ],
    [
      [
        1038,
        198
      ]
    ],
    [
      [
        1037,
        197
      ]
    ],
    [
      [
        1035,
        197
      ]
    ],
    [
      [
        1034,
        196
      ]
    ],
    [
      [
        1033,
        196
      ]
    ],
    [
      [
        1032,
        195
      ]
    ],
    [
      [
        1029,
        195
      ]
    ],
    [
      [
        1027,
        193
      ]
    ],
    [
      [
        1021,
        193
      ]
    ],
    [
      [
        1020,
        192
      ]
    ],
    [
      [
        1020,
        189
      ]
    ],
    [
      [
        1018,
        187
      ]
    ],
    [
      [
        1017,
        187
      ]
    ],
    [
      [
        1016,
        186
      ]
    ],
    [
      [
        1014,
        186
      ]
    ],
    [
      [
        1013,
        185
      ]
    ],
    [
      [
        1012,
        185
      ]
    ],
    [
      [
        1010,
        183
      ]
    ],
    [
      [
        1008,
        183
      ]
    ],
    [
      [
        1007,
        182
      ]
    ],
    [
      [
        1006,
        182
      ]
    ],
    [
      [
        1005,
        181
      ]
    ],
    [
      [
        1003,
        181
      ]
    ],
    [
      [
        1002,
        180
      ]
    ],
    [
      [
        1001,
        180
      ]
    ],
    [
      [
        1000,
        179
      ]
    ],
    [
      [
        998,
        179
      ]
    ],
    [
      [
        997,
        178
      ]
    ],
    [
      [
        984,
        178
      ]
    ],
    [
      [
        983,
        177
      ]
    ],
    [
      [
        981,
        177
      ]
    ],
    [
      [
        980,
        176
      ]
    ],
    [
      [
        978,
        176
      ]
    ],
    [
      [
        977,
        175
      ]
    ],
    [
      [
        974,
        175
      ]
    ],
    [
      [
        973,
        174
      ]
    ],
    [
      [
        965,
        174
      ]
    ],
    [
      [
        964,
        173
      ]
    ],
    [
      [
        963,
        173
      ]
    ],
    [
      [
        962,
        172
      ]
    ],
    [
      [
        961,
        172
      ]
    ],
    [
      [
        959,
        170
      ]
    ],
    [
      [
        959,
        166
      ]
    ],
    [
      [
        955,
        166
      ]
    ],
    [
      [
        954,
        165
      ]
    ],
    [
      [
        953,
        165
      ]
    ],
    [
      [
        952,
        164
      ]
    ],
    [
      [
        950,
        164
      ]
    ],
    [
      [
        949,
        163
      ]
    ],
    [
      [
        948,
        163
      ]
    ],
    [
      [
        947,
        162
      ]
    ],
    [
      [
        946,
        162
      ]
    ],
    [
      [
        945,
        161
      ]
    ],
    [
      [
        944,
        161
      ]
    ],
    [
      [
        943,
        160
      ]
    ],
    [
      [
        941,
        160
      ]
    ],
    [
      [
        940,
        159
      ]
    ],
    [
      [
        938,
        159
      ]
    ],
    [
      [
        936,
        157
      ]
    ],
    [
      [
        935,
        157
      ]
    ],
    [
      [
        934,
        156
      ]
    ],
    [
      [
        933,
        156
      ]
    ],
    [
      [
        932,
        155
      ]
    ],
    [
      [
        929,
        155
      ]
    ],
    [
      [
        928,
        154
      ]
    ],
    [
      [
        926,
        154
      ]
    ],
    [
      [
        925,
        153
      ]
    ],
    [
      [
        924,
        153
      ]
    ],
    [
      [
        922,
        151
      ]
    ],
    [
      [
        920,
        151
      ]
    ],
    [
      [
        919,
        150
      ]
    ],
    [
      [
        916,
        150
      ]
    ],
    [
      [
        915,
        149
      ]
    ],
    [
      [
        915,
        148
      ]
    ],
    [
      [
        914,
        148
      ]
    ],
    [
      [
        913,
        147
      ]
    ],
    [
      [
        912,
        147
      ]
    ],
    [
      [
        911,
        146
      ]
    ],
    [
      [
        908,
        146
      ]
    ],
    [
      [
        906,
        144
      ]
    ],
    [
      [
        905,
        144
      ]
    ],
    [
      [
        904,
        143
      ]
    ],
    [
      [
        903,
        143
      ]
    ],
    [
      [
        902,
        142
      ]
    ],
    [
      [
        900,
        142
      ]
    ],
    [
      [
        899,
        141
      ]
    ],
    [
      [
        898,
        141
      ]
    ],
    [
      [
        897,
        140
      ]
    ],
    [
      [
        896,
        140
      ]
    ],
    [
      [
        895,
        139
      ]
    ],
    [
      [
        893,
        139
      ]
    ],
    [
      [
        892,
        138
      ]
    ],
    [
      [
        890,
        138
      ]
    ],
    [
      [
        889,
        137
      ]
    ],
    [
      [
        888,
        137
      ]
    ],
    [
      [
        886,
        135
      ]
    ],
    [
      [
        884,
        135
      ]
    ],
    [
      [
        883,
        134
      ]
    ],
    [
      [
        882,
        134
      ]
    ],
    [
      [
        881,
        133
      ]
    ],
    [
      [
        880,
        133
      ]
    ],
    [
      [
        879,
        132
      ]
    ],
    [
      [
        877,
        132
      ]
    ],
    [
      [
        876,
        131
      ]
    ],
    [
      [
        875,
        131
      ]
    ],
    [
      [
        874,
        130
      ]
    ],
    [
      [
        873,
        130
      ]
    ],
    [
      [
        872,
        129
      ]
    ],
    [
      [
        871,
        129
      ]
    ],
    [
      [
        870,
        128
      ]
    ],
    [
      [
        869,
        128
      ]
    ],
    [
      [
        868,
        127
      ]
    ],
    [
      [
        867,
        127
      ]
    ],
    [
      [
        866,
        126
      ]
    ],
    [
      [
        865,
        126
      ]
    ],
    [
      [
        864,
        125
      ]
    ],
    [
      [
        861,
        125
      ]
    ],
    [
      [
        860,
        124
      ]
    ],
    [
      [
        859,
        124
      ]
    ],
    [
      [
        858,
        123
      ]
    ],
    [
      [
        856,
        123
      ]
    ],
    [
      [
        855,
        122
      ]
    ],
    [
      [
        853,
        122
      ]
    ],
    [
      [
        850,
        119
      ]
    ],
    [
      [
        849,
        119
      ]
    ],
    [
      [
        848,
        118
      ]
    ],
    [
      [
        845,
        118
      ]
    ],
    [
      [
        844,
        117
      ]
    ],
    [
      [
        843,
        117
      ]
    ],
    [
      [
        842,
        116
      ]
    ],
    [
      [
        840,
        116
      ]
    ],
    [
      [
        838,
        114
      ]
    ],
    [
      [
        837,
        114
      ]
    ],
    [
      [
        835,
        112
      ]
    ],
    [
      [
        830,
        112
      ]
    ],
    [
      [
        827,
        109
      ]
    ],
    [
      [
        823,
        109
      ]
    ],
    [
      [
        821,
        107
      ]
    ],
    [
      [
        819,
        107
      ]
    ],
    [
      [
        818,
        106
      ]
    ],
    [
      [
        817,
        106
      ]
    ],
    [
      [
        816,
        105
      ]
    ],
    [
      [
        813,
        105
      ]
    ],
    [
      [
        811,
        103
      ]
    ],
    [
      [
        809,
        103
      ]
    ],
    [
      [
        808,
        102
      ]
    ],
    [
      [
        807,
        102
      ]
    ],
    [
      [
        806,
        101
      ]
    ],
    [
      [
        805,
        101
      ]
    ],
    [
      [
        803,
        99
      ]
    ],
    [
      [
        801,
        99
      ]
    ],
    [
      [
        800,
        98
      ]
    ],
    [
      [
        798,
        98
      ]
    ],
    [
      [
        797,
        97
      ]
    ],
    [
      [
        796,
        97
      ]
    ],
    [
      [
        795,
        96
      ]
    ],
    [
      [
        793,
        96
      ]
    ],
    [
      [
        792,
        95
      ]
    ],
    [
      [
        787,
        95
      ]
    ],
    [
      [
        784,
        92
      ]
    ],
    [
      [
        784,
        91
      ]
    ],
    [
      [
        778,
        91
      ]
    ],
    [
      [
        777,
        90
      ]
    ],
    [
      [
        775,
        90
      ]
    ],
    [
      [
        772,
        87
      ]
    ],
    [
      [
        770,
        87
      ]
    ],
    [
      [
        769,
        86
      ]
    ],
    [
      [
        760,
        86
      ]
    ],
    [
      [
        759,
        85
      ]
    ],
    [
      [
        758,
        85
      ]
    ],
    [
      [
        756,
        83
      ]
    ],
    [
      [
        753,
        83
      ]
    ],
    [
      [
        752,
        82
      ]
    ],
    [
      [
        748,
        82
      ]
    ],
    [
      [
        747,
        81
      ]
    ],
    [
      [
        743,
        81
      ]
    ],
    [
      [
        742,
        80
      ]
    ],
    [
      [
        740,
        80
      ]
    ],
    [
      [
        739,
        79
      ]
    ],
    [
      [
        737,
        79
      ]
    ],
    [
      [
        736,
        78
      ]
    ],
    [
      [
        733,
        78
      ]
    ],
    [
      [
        732,
        77
      ]
    ]
  ],
  "segment_square_corners": [
    [
      392.87310791015625,
      678.01708984375
    ],
    [
      652.654296875,
      37.711181640625
    ],
    [
      1465.963134765625,
      367.68212890625
    ],
    [
      1206.1820068359375,
      1007.988037109375
    ]
  ],
  "phrases": [
    "box",
    "tangerine",
    "tangerine",
    "tangerine",
    "tangerine"
  ],
  "selected_bbox": [
    0.4732408821582794,
    0.4891570508480072,
    0.5097970366477966,
    0.824627697467804
  ]
}