{
  "timestamp": 1761056232.4525812,
  "session_id": "session_20251021_211452_51253c84",
  "supplier_id": "",
  "qr_data": "",
  "qr_items": {},
  "qr_corners": [
    [
      1011.0,
      788.0
    ],
    [
      1077.892822265625,
      850.0756225585938
    ],
    [
      1013.144775390625,
      915.90283203125
    ],
    [
      943.9600830078125,
      852.0399780273438
    ]
  ],
  "segment_corners": [
    [
      [
        899,
        37
      ]
    ],
    [
      [
        898,
        38
      ]
    ],
    [
      [
        896,
        38
      ]
    ],
    [
      [
        895,
        39
      ]
    ],
    [
      [
        894,
        39
      ]
    ],
    [
      [
        893,
        40
      ]
    ],
    [
      [
        893,
        41
      ]
    ],
    [
      [
        892,
        42
      ]
    ],
    [
      [
        892,
        45
      ]
    ],
    [
      [
        891,
        46
      ]
    ],
    [
      [
        889,
        46
      ]
    ],
    [
      [
        888,
        47
      ]
    ],
    [
      [
        885,
        47
      ]
    ],
    [
      [
        884,
        48
      ]
    ],
    [
      [
        877,
        48
      ]
    ],
    [
      [
        876,
        49
      ]
    ],
    [
      [
        868,
        49
      ]
    ],
    [
      [
        867,
        50
      ]
    ],
    [
      [
        866,
        50
      ]
    ],
    [
      [
        866,
        64
      ]
    ],
    [
      [
        865,
        65
      ]
    ],
    [
      [
        834,
        65
      ]
    ],
    [
      [
        833,
        66
      ]
    ],
    [
      [
        828,
        66
      ]
    ],
    [
      [
        827,
        67
      ]
    ],
    [
      [
        818,
        67
      ]
    ],
    [
      [
        817,
        68
      ]
    ],
    [
      [
        815,
        68
      ]
    ],
    [
      [
        814,
        69
      ]
    ],
    [
      [
        809,
        69
      ]
    ],
    [
      [
        808,
        70
      ]
    ],
    [
      [
        806,
        70
      ]
    ],
    [
      [
        805,
        71
      ]
    ],
    [
      [
        803,
        71
      ]
    ],
    [
      [
        801,
        73
      ]
    ],
    [
      [
        796,
        73
      ]
    ],
    [
      [
        794,
        75
      ]
    ],
    [
      [
        792,
        75
      ]
    ],
    [
      [
        791,
        76
      ]
    ],
    [
      [
        790,
        76
      ]
    ],
    [
      [
        788,
        78
      ]
    ],
    [
      [
        785,
        78
      ]
    ],
    [
      [
        784,
        79
      ]
    ],
    [
      [
        784,
        80
      ]
    ],
    [
      [
        783,
        81
      ]
    ],
    [
      [
        780,
        81
      ]
    ],
    [
      [
        776,
        85
      ]
    ],
    [
      [
        774,
        85
      ]
    ],
    [
      [
        772,
        87
      ]
    ],
    [
      [
        771,
        87
      ]
    ],
    [
      [
        770,
        88
      ]
    ],
    [
      [
        770,
        89
      ]
    ],
    [
      [
        769,
        90
      ]
    ],
    [
      [
        767,
        90
      ]
    ],
    [
      [
        766,
        91
      ]
    ],
    [
      [
        766,
        93
      ]
    ],
    [
      [
        765,
        94
      ]
    ],
    [
      [
        762,
        94
      ]
    ],
    [
      [
        762,
        95
      ]
    ],
    [
      [
        758,
        99
      ]
    ],
    [
      [
        757,
        99
      ]
    ],
    [
      [
        756,
        100
      ]
    ],
    [
      [
        755,
        100
      ]
    ],
    [
      [
        754,
        101
      ]
    ],
    [
      [
        741,
        101
      ]
    ],
    [
      [
        740,
        102
      ]
    ],
    [
      [
        728,
        102
      ]
    ],
    [
      [
        727,
        103
      ]
    ],
    [
      [
        727,
        111
      ]
    ],
    [
      [
        731,
        115
      ]
    ],
    [
      [
        731,
        133
      ]
    ],
    [
      [
        729,
        135
      ]
    ],
    [
      [
        729,
        136
      ]
    ],
    [
      [
        728,
        137
      ]
    ],
    [
      [
        727,
        137
      ]
    ],
    [
      [
        727,
        138
      ]
    ],
    [
      [
        726,
        139
      ]
    ],
    [
      [
        725,
        139
      ]
    ],
    [
      [
        723,
        141
      ]
    ],
    [
      [
        723,
        142
      ]
    ],
    [
      [
        720,
        145
      ]
    ],
    [
      [
        720,
        146
      ]
    ],
    [
      [
        717,
        149
      ]
    ],
    [
      [
        717,
        150
      ]
    ],
    [
      [
        714,
        153
      ]
    ],
    [
      [
        697,
        153
      ]
    ],
    [
      [
        696,
        152
      ]
    ],
    [
      [
        689,
        152
      ]
    ],
    [
      [
        686,
        155
      ]
    ],
    [
      [
        686,
        156
      ]
    ],
    [
      [
        685,
        157
      ]
    ],
    [
      [
        684,
        157
      ]
    ],
    [
      [
        683,
        158
      ]
    ],
    [
      [
        683,
        165
      ]
    ],
    [
      [
        679,
        169
      ]
    ],
    [
      [
        679,
        176
      ]
    ],
    [
      [
        691,
        176
      ]
    ],
    [
      [
        692,
        177
      ]
    ],
    [
      [
        692,
        194
      ]
    ],
    [
      [
        688,
        198
      ]
    ],
    [
      [
        688,
        199
      ]
    ],
    [
      [
        685,
        202
      ]
    ],
    [
      [
        684,
        202
      ]
    ],
    [
      [
        683,
        203
      ]
    ],
    [
      [
        683,
        204
      ]
    ],
    [
      [
        680,
        207
      ]
    ],
    [
      [
        679,
        207
      ]
    ],
    [
      [
        678,
        208
      ]
    ],
    [
      [
        678,
        209
      ]
    ],
    [
      [
        669,
        218
      ]
    ],
    [
      [
        669,
        219
      ]
    ],
    [
      [
        668,
        220
      ]
    ],
    [
      [
        667,
        220
      ]
    ],
    [
      [
        667,
        221
      ]
    ],
    [
      [
        660,
        228
      ]
    ],
    [
      [
        658,
        228
      ]
    ],
    [
      [
        658,
        230
      ]
    ],
    [
      [
        657,
        231
      ]
    ],
    [
      [
        657,
        232
      ]
    ],
    [
      [
        654,
        235
      ]
    ],
    [
      [
        654,
        236
      ]
    ],
    [
      [
        642,
        248
      ]
    ],
    [
      [
        640,
        248
      ]
    ],
    [
      [
        640,
        250
      ]
    ],
    [
      [
        636,
        254
      ]
    ],
    [
      [
        636,
        255
      ]
    ],
    [
      [
        635,
        256
      ]
    ],
    [
      [
        634,
        256
      ]
    ],
    [
      [
        634,
        257
      ]
    ],
    [
      [
        625,
        266
      ]
    ],
    [
      [
        623,
        266
      ]
    ],
    [
      [
        623,
        269
      ]
    ],
    [
      [
        621,
        271
      ]
    ],
    [
      [
        621,
        272
      ]
    ],
    [
      [
        619,
        274
      ]
    ],
    [
      [
        618,
        274
      ]
    ],
    [
      [
        617,
        275
      ]
    ],
    [
      [
        617,
        276
      ]
    ],
    [
      [
        612,
        281
      ]
    ],
    [
      [
        611,
        281
      ]
    ],
    [
      [
        610,
        282
      ]
    ],
    [
      [
        610,
        283
      ]
    ],
    [
      [
        598,
        295
      ]
    ],
    [
      [
        598,
        296
      ]
    ],
    [
      [
        597,
        297
      ]
    ],
    [
      [
        597,
        298
      ]
    ],
    [
      [
        596,
        299
      ]
    ],
    [
      [
        595,
        299
      ]
    ],
    [
      [
        592,
        302
      ]
    ],
    [
      [
        591,
        302
      ]
    ],
    [
      [
        591,
        304
      ]
    ],
    [
      [
        589,
        306
      ]
    ],
    [
      [
        588,
        306
      ]
    ],
    [
      [
        586,
        308
      ]
    ],
    [
      [
        586,
        309
      ]
    ],
    [
      [
        585,
        310
      ]
    ],
    [
      [
        585,
        311
      ]
    ],
    [
      [
        575,
        321
      ]
    ],
    [
      [
        575,
        322
      ]
    ],
    [
      [
        571,
        326
      ]
    ],
    [
      [
        570,
        326
      ]
    ],
    [
      [
        568,
        328
      ]
    ],
    [
      [
        568,
        329
      ]
    ],
    [
      [
        565,
        332
      ]
    ],
    [
      [
        565,
        333
      ]
    ],
    [
      [
        564,
        334
      ]
    ],
    [
      [
        563,
        334
      ]
    ],
    [
      [
        558,
        339
      ]
    ],
    [
      [
        558,
        340
      ]
    ],
    [
      [
        557,
        341
      ]
    ],
    [
      [
        557,
        342
      ]
    ],
    [
      [
        549,
        350
      ]
    ],
    [
      [
        548,
        350
      ]
    ],
    [
      [
        547,
        351
      ]
    ],
    [
      [
        547,
        352
      ]
    ],
    [
      [
        543,
        356
      ]
    ],
    [
      [
        543,
        357
      ]
    ],
    [
      [
        540,
        360
      ]
    ],
    [
      [
        539,
        360
      ]
    ],
    [
      [
        539,
        361
      ]
    ],
    [
      [
        535,
        365
      ]
    ],
    [
      [
        514,
        365
      ]
    ],
    [
      [
        513,
        366
      ]
    ],
    [
      [
        511,
        366
      ]
    ],
    [
      [
        511,
        367
      ]
    ],
    [
      [
        510,
        368
      ]
    ],
    [
      [
        507,
        368
      ]
    ],
    [
      [
        507,
        369
      ]
    ],
    [
      [
        506,
        370
      ]
    ],
    [
      [
        493,
        370
      ]
    ],
    [
      [
        485,
        378
      ]
    ],
    [
      [
        485,
        379
      ]
    ],
    [
      [
        477,
        387
      ]
    ],
    [
      [
        477,
        388
      ]
    ],
    [
      [
        470,
        395
      ]
    ],
    [
      [
        470,
        396
      ]
    ],
    [
      [
        461,
        405
      ]
    ],
    [
      [
        461,
        406
      ]
    ],
    [
      [
        452,
        415
      ]
    ],
    [
      [
        452,
        416
      ]
    ],
    [
      [
        447,
        421
      ]
    ],
    [
      [
        447,
        422
      ]
    ],
    [
      [
        438,
        431
      ]
    ],
    [
      [
        438,
        432
      ]
    ],
    [
      [
        437,
        433
      ]
    ],
    [
      [
        436,
        433
      ]
    ],
    [
      [
        433,
        436
      ]
    ],
    [
      [
        433,
        437
      ]
    ],
    [
      [
        429,
        441
      ]
    ],
    [
      [
        429,
        442
      ]
    ],
    [
      [
        428,
        443
      ]
    ],
    [
      [
        427,
        443
      ]
    ],
    [
      [
        427,
        444
      ]
    ],
    [
      [
        422,
        449
      ]
    ],
    [
      [
        422,
        450
      ]
    ],
    [
      [
        417,
        455
      ]
    ],
    [
      [
        417,
        456
      ]
    ],
    [
      [
        414,
        459
      ]
    ],
    [
      [
        414,
        460
      ]
    ],
    [
      [
        413,
        461
      ]
    ],
    [
      [
        412,
        461
      ]
    ],
    [
      [
        406,
        467
      ]
    ],
    [
      [
        406,
        468
      ]
    ],
    [
      [
        404,
        470
      ]
    ],
    [
      [
        404,
        471
      ]
    ],
    [
      [
        403,
        472
      ]
    ],
    [
      [
        403,
        474
      ]
    ],
    [
      [
        402,
        475
      ]
    ],
    [
      [
        402,
        477
      ]
    ],
    [
      [
        401,
        478
      ]
    ],
    [
      [
        401,
        498
      ]
    ],
    [
      [
        402,
        499
      ]
    ],
    [
      [
        402,
        500
      ]
    ],
    [
      [
        403,
        501
      ]
    ],
    [
      [
        403,
        502
      ]
    ],
    [
      [
        404,
        503
      ]
    ],
    [
      [
        404,
        509
      ]
    ],
    [
      [
        409,
        514
      ]
    ],
    [
      [
        409,
        515
      ]
    ],
    [
      [
        410,
        515
      ]
    ],
    [
      [
        412,
        517
      ]
    ],
    [
      [
        412,
        518
      ]
    ],
    [
      [
        424,
        530
      ]
    ],
    [
      [
        424,
        534
      ]
    ],
    [
      [
        425,
        535
      ]
    ],
    [
      [
        425,
        536
      ]
    ],
    [
      [
        427,
        538
      ]
    ],
    [
      [
        427,
        540
      ]
    ],
    [
      [
        429,
        540
      ]
    ],
    [
      [
        430,
        541
      ]
    ],
    [
      [
        431,
        541
      ]
    ],
    [
      [
        435,
        545
      ]
    ],
    [
      [
        436,
        545
      ]
    ],
    [
      [
        441,
        550
      ]
    ],
    [
      [
        441,
        551
      ]
    ],
    [
      [
        442,
        552
      ]
    ],
    [
      [
        443,
        552
      ]
    ],
    [
      [
        448,
        557
      ]
    ],
    [
      [
        448,
        558
      ]
    ],
    [
      [
        453,
        563
      ]
    ],
    [
      [
        454,
        563
      ]
    ],
    [
      [
        459,
        568
      ]
    ],
    [
      [
        460,
        568
      ]
    ],
    [
      [
        462,
        570
      ]
    ],
    [
      [
        463,
        570
      ]
    ],
    [
      [
        464,
        571
      ]
    ],
    [
      [
        464,
        579
      ]
    ],
    [
      [
        466,
        581
      ]
    ],
    [
      [
        466,
        582
      ]
    ],
    [
      [
        471,
        587
      ]
    ],
    [
      [
        495,
        587
      ]
    ],
    [
      [
        496,
        588
      ]
    ],
    [
      [
        496,
        593
      ]
    ],
    [
      [
        498,
        595
      ]
    ],
    [
      [
        498,
        596
      ]
    ],
    [
      [
        499,
        597
      ]
    ],
    [
      [
        499,
        599
      ]
    ],
    [
      [
        500,
        599
      ]
    ],
    [
      [
        501,
        600
      ]
    ],
    [
      [
        501,
        602
      ]
    ],
    [
      [
        503,
        604
      ]
    ],
    [
      [
        522,
        604
      ]
    ],
    [
      [
        523,
        605
      ]
    ],
    [
      [
        523,
        612
      ]
    ],
    [
      [
        533,
        622
      ]
    ],
    [
      [
        533,
        623
      ]
    ],
    [
      [
        534,
        623
      ]
    ],
    [
      [
        538,
        627
      ]
    ],
    [
      [
        544,
        627
      ]
    ],
    [
      [
        544,
        626
      ]
    ],
    [
      [
        545,
        625
      ]
    ],
    [
      [
        563,
        625
      ]
    ],
    [
      [
        565,
        627
      ]
    ],
    [
      [
        575,
        627
      ]
    ],
    [
      [
        582,
        634
      ]
    ],
    [
      [
        582,
        637
      ]
    ],
    [
      [
        585,
        637
      ]
    ],
    [
      [
        587,
        639
      ]
    ],
    [
      [
        588,
        639
      ]
    ],
    [
      [
        589,
        640
      ]
    ],
    [
      [
        589,
        641
      ]
    ],
    [
      [
        590,
        641
      ]
    ],
    [
      [
        598,
        649
      ]
    ],
    [
      [
        599,
        649
      ]
    ],
    [
      [
        605,
        655
      ]
    ],
    [
      [
        605,
        656
      ]
    ],
    [
      [
        607,
        658
      ]
    ],
    [
      [
        607,
        665
      ]
    ],
    [
      [
        615,
        665
      ]
    ],
    [
      [
        619,
        669
      ]
    ],
    [
      [
        620,
        669
      ]
    ],
    [
      [
        622,
        671
      ]
    ],
    [
      [
        622,
        672
      ]
    ],
    [
      [
        623,
        673
      ]
    ],
    [
      [
        623,
        690
      ]
    ],
    [
      [
        622,
        691
      ]
    ],
    [
      [
        618,
        691
      ]
    ],
    [
      [
        618,
        692
      ]
    ],
    [
      [
        617,
        693
      ]
    ],
    [
      [
        617,
        699
      ]
    ],
    [
      [
        621,
        703
      ]
    ],
    [
      [
        622,
        703
      ]
    ],
    [
      [
        627,
        708
      ]
    ],
    [
      [
        628,
        708
      ]
    ],
    [
      [
        634,
        714
      ]
    ],
    [
      [
        634,
        715
      ]
    ],
    [
      [
        640,
        721
      ]
    ],
    [
      [
        640,
        722
      ]
    ],
    [
      [
        641,
        722
      ]
    ],
    [
      [
        646,
        727
      ]
    ],
    [
      [
        647,
        727
      ]
    ],
    [
      [
        650,
        730
      ]
    ],
    [
      [
        650,
        731
      ]
    ],
    [
      [
        656,
        731
      ]
    ],
    [
      [
        661,
        736
      ]
    ],
    [
      [
        661,
        737
      ]
    ],
    [
      [
        662,
        737
      ]
    ],
    [
      [
        664,
        739
      ]
    ],
    [
      [
        665,
        739
      ]
    ],
    [
      [
        671,
        745
      ]
    ],
    [
      [
        672,
        745
      ]
    ],
    [
      [
        673,
        746
      ]
    ],
    [
      [
        673,
        747
      ]
    ],
    [
      [
        689,
        747
      ]
    ],
    [
      [
        690,
        748
      ]
    ],
    [
      [
        700,
        748
      ]
    ],
    [
      [
        702,
        750
      ]
    ],
    [
      [
        708,
        750
      ]
    ],
    [
      [
        709,
        751
      ]
    ],
    [
      [
        709,
        753
      ]
    ],
    [
      [
        710,
        754
      ]
    ],
    [
      [
        710,
        756
      ]
    ],
    [
      [
        711,
        757
      ]
    ],
    [
      [
        711,
        774
      ]
    ],
    [
      [
        710,
        775
      ]
    ],
    [
      [
        699,
        775
      ]
    ],
    [
      [
        699,
        782
      ]
    ],
    [
      [
        705,
        788
      ]
    ],
    [
      [
        706,
        788
      ]
    ],
    [
      [
        710,
        792
      ]
    ],
    [
      [
        711,
        792
      ]
    ],
    [
      [
        715,
        796
      ]
    ],
    [
      [
        715,
        797
      ]
    ],
    [
      [
        716,
        797
      ]
    ],
    [
      [
        717,
        798
      ]
    ],
    [
      [
        717,
        799
      ]
    ],
    [
      [
        719,
        801
      ]
    ],
    [
      [
        720,
        801
      ]
    ],
    [
      [
        721,
        802
      ]
    ],
    [
      [
        722,
        802
      ]
    ],
    [
      [
        724,
        804
      ]
    ],
    [
      [
        725,
        804
      ]
    ],
    [
      [
        730,
        809
      ]
    ],
    [
      [
        731,
        809
      ]
    ],
    [
      [
        745,
        823
      ]
    ],
    [
      [
        746,
        823
      ]
    ],
    [
      [
        747,
        824
      ]
    ],
    [
      [
        748,
        824
      ]
    ],
    [
      [
        752,
        828
      ]
    ],
    [
      [
        752,
        829
      ]
    ],
    [
      [
        753,
        829
      ]
    ],
    [
      [
        755,
        831
      ]
    ],
    [
      [
        756,
        831
      ]
    ],
    [
      [
        758,
        833
      ]
    ],
    [
      [
        758,
        834
      ]
    ],
    [
      [
        762,
        838
      ]
    ],
    [
      [
        763,
        838
      ]
    ],
    [
      [
        764,
        839
      ]
    ],
    [
      [
        765,
        839
      ]
    ],
    [
      [
        767,
        841
      ]
    ],
    [
      [
        767,
        842
      ]
    ],
    [
      [
        772,
        847
      ]
    ],
    [
      [
        772,
        848
      ]
    ],
    [
      [
        774,
        850
      ]
    ],
    [
      [
        782,
        850
      ]
    ],
    [
      [
        782,
        843
      ]
    ],
    [
      [
        783,
        842
      ]
    ],
    [
      [
        812,
        842
      ]
    ],
    [
      [
        814,
        844
      ]
    ],
    [
      [
        814,
        846
      ]
    ],
    [
      [
        815,
        846
      ]
    ],
    [
      [
        823,
        854
      ]
    ],
    [
      [
        824,
        854
      ]
    ],
    [
      [
        827,
        857
      ]
    ],
    [
      [
        828,
        857
      ]
    ],
    [
      [
        829,
        858
      ]
    ],
    [
      [
        829,
        859
      ]
    ],
    [
      [
        831,
        861
      ]
    ],
    [
      [
        832,
        861
      ]
    ],
    [
      [
        835,
        864
      ]
    ],
    [
      [
        836,
        864
      ]
    ],
    [
      [
        838,
        866
      ]
    ],
    [
      [
        839,
        866
      ]
    ],
    [
      [
        841,
        868
      ]
    ],
    [
      [
        841,
        869
      ]
    ],
    [
      [
        842,
        870
      ]
    ],
    [
      [
        843,
        870
      ]
    ],
    [
      [
        849,
        876
      ]
    ],
    [
      [
        850,
        876
      ]
    ],
    [
      [
        851,
        877
      ]
    ],
    [
      [
        852,
        877
      ]
    ],
    [
      [
        854,
        879
      ]
    ],
    [
      [
        854,
        880
      ]
    ],
    [
      [
        855,
        881
      ]
    ],
    [
      [
        856,
        881
      ]
    ],
    [
      [
        857,
        882
      ]
    ],
    [
      [
        857,
        883
      ]
    ],
    [
      [
        860,
        886
      ]
    ],
    [
      [
        861,
        886
      ]
    ],
    [
      [
        865,
        890
      ]
    ],
    [
      [
        866,
        890
      ]
    ],
    [
      [
        867,
        891
      ]
    ],
    [
      [
        868,
        891
      ]
    ],
    [
      [
        870,
        893
      ]
    ],
    [
      [
        870,
        894
      ]
    ],
    [
      [
        872,
        896
      ]
    ],
    [
      [
        872,
        897
      ]
    ],
    [
      [
        873,
        897
      ]
    ],
    [
      [
        875,
        899
      ]
    ],
    [
      [
        876,
        899
      ]
    ],
    [
      [
        881,
        904
      ]
    ],
    [
      [
        882,
        904
      ]
    ],
    [
      [
        885,
        907
      ]
    ],
    [
      [
        886,
        907
      ]
    ],
    [
      [
        891,
        912
      ]
    ],
    [
      [
        892,
        912
      ]
    ],
    [
      [
        893,
        913
      ]
    ],
    [
      [
        893,
        915
      ]
    ],
    [
      [
        895,
        917
      ]
    ],
    [
      [
        896,
        917
      ]
    ],
    [
      [
        897,
        918
      ]
    ],
    [
      [
        898,
        918
      ]
    ],
    [
      [
        905,
        925
      ]
    ],
    [
      [
        906,
        925
      ]
    ],
    [
      [
        908,
        927
      ]
    ],
    [
      [
        909,
        927
      ]
    ],
    [
      [
        910,
        928
      ]
    ],
    [
      [
        910,
        945
      ]
    ],
    [
      [
        909,
        946
      ]
    ],
    [
      [
        907,
        946
      ]
    ],
    [
      [
        907,
        953
      ]
    ],
    [
      [
        908,
        953
      ]
    ],
    [
      [
        909,
        954
      ]
    ],
    [
      [
        909,
        955
      ]
    ],
    [
      [
        912,
        958
      ]
    ],
    [
      [
        912,
        959
      ]
    ],
    [
      [
        913,
        959
      ]
    ],
    [
      [
        915,
        961
      ]
    ],
    [
      [
        916,
        961
      ]
    ],
    [
      [
        920,
        965
      ]
    ],
    [
      [
        921,
        965
      ]
    ],
    [
      [
        925,
        969
      ]
    ],
    [
      [
        926,
        969
      ]
    ],
    [
      [
        928,
        971
      ]
    ],
    [
      [
        929,
        971
      ]
    ],
    [
      [
        933,
        975
      ]
    ],
    [
      [
        934,
        975
      ]
    ],
    [
      [
        942,
        983
      ]
    ],
    [
      [
        944,
        983
      ]
    ],
    [
      [
        947,
        986
      ]
    ],
    [
      [
        948,
        986
      ]
    ],
    [
      [
        949,
        987
      ]
    ],
    [
      [
        949,
        988
      ]
    ],
    [
      [
        950,
        988
      ]
    ],
    [
      [
        954,
        992
      ]
    ],
    [
      [
        960,
        992
      ]
    ],
    [
      [
        960,
        978
      ]
    ],
    [
      [
        961,
        977
      ]
    ],
    [
      [
        980,
        977
      ]
    ],
    [
      [
        981,
        978
      ]
    ],
    [
      [
        981,
        982
      ]
    ],
    [
      [
        987,
        982
      ]
    ],
    [
      [
        988,
        983
      ]
    ],
    [
      [
        988,
        1001
      ]
    ],
    [
      [
        989,
        1002
      ]
    ],
    [
      [
        989,
        1003
      ]
    ],
    [
      [
        992,
        1006
      ]
    ],
    [
      [
        992,
        1007
      ]
    ],
    [
      [
        994,
        1009
      ]
    ],
    [
      [
        994,
        1024
      ]
    ],
    [
      [
        996,
        1024
      ]
    ],
    [
      [
        997,
        1025
      ]
    ],
    [
      [
        998,
        1025
      ]
    ],
    [
      [
        999,
        1026
      ]
    ],
    [
      [
        1009,
        1026
      ]
    ],
    [
      [
        1010,
        1027
      ]
    ],
    [
      [
        1011,
        1027
      ]
    ],
    [
      [
        1012,
        1028
      ]
    ],
    [
      [
        1012,
        1038
      ]
    ],
    [
      [
        1028,
        1038
      ]
    ],
    [
      [
        1029,
        1037
      ]
    ],
    [
      [
        1031,
        1037
      ]
    ],
    [
      [
        1032,
        1036
      ]
    ],
    [
      [
        1033,
        1036
      ]
    ],
    [
      [
        1034,
        1035
      ]
    ],
    [
      [
        1035,
        1035
      ]
    ],
    [
      [
        1039,
        1031
      ]
    ],
    [
      [
        1039,
        1028
      ]
    ],
    [
      [
        1040,
        1027
      ]
    ],
    [
      [
        1041,
        1027
      ]
    ],
    [
      [
        1042,
        1026
      ]
    ],
    [
      [
        1043,
        1026
      ]
    ],
    [
      [
        1044,
        1025
      ]
    ],
    [
      [
        1044,
        1024
      ]
    ],
    [
      [
        1055,
        1013
      ]
    ],
    [
      [
        1055,
        1012
      ]
    ],
    [
      [
        1058,
        1009
      ]
    ],
    [
      [
        1059,
        1009
      ]
    ],
    [
      [
        1060,
        1008
      ]
    ],
    [
      [
        1061,
        1008
      ]
    ],
    [
      [
        1062,
        1007
      ]
    ],
    [
      [
        1062,
        1006
      ]
    ],
    [
      [
        1064,
        1004
      ]
    ],
    [
      [
        1064,
        1003
      ]
    ],
    [
      [
        1075,
        992
      ]
    ],
    [
      [
        1075,
        991
      ]
    ],
    [
      [
        1076,
        990
      ]
    ],
    [
      [
        1077,
        990
      ]
    ],
    [
      [
        1093,
        974
      ]
    ],
    [
      [
        1093,
        973
      ]
    ],
    [
      [
        1094,
        972
      ]
    ],
    [
      [
        1095,
        972
      ]
    ],
    [
      [
        1095,
        971
      ]
    ],
    [
      [
        1097,
        969
      ]
    ],
    [
      [
        1098,
        969
      ]
    ],
    [
      [
        1098,
        968
      ]
    ],
    [
      [
        1116,
        950
      ]
    ],
    [
      [
        1116,
        949
      ]
    ],
    [
      [
        1117,
        948
      ]
    ],
    [
      [
        1118,
        948
      ]
    ],
    [
      [
        1120,
        946
      ]
    ],
    [
      [
        1121,
        946
      ]
    ],
    [
      [
        1123,
        944
      ]
    ],
    [
      [
        1124,
        944
      ]
    ],
    [
      [
        1126,
        942
      ]
    ],
    [
      [
        1127,
        942
      ]
    ],
    [
      [
        1127,
        939
      ]
    ],
    [
      [
        1128,
        938
      ]
    ],
    [
      [
        1128,
        933
      ]
    ],
    [
      [
        1129,
        932
      ]
    ],
    [
      [
        1130,
        932
      ]
    ],
    [
      [
        1131,
        931
      ]
    ],
    [
      [
        1139,
        931
      ]
    ],
    [
      [
        1140,
        930
      ]
    ],
    [
      [
        1143,
        930
      ]
    ],
    [
      [
        1144,
        929
      ]
    ],
    [
      [
        1145,
        929
      ]
    ],
    [
      [
        1146,
        928
      ]
    ],
    [
      [
        1146,
        927
      ]
    ],
    [
      [
        1152,
        921
      ]
    ],
    [
      [
        1153,
        921
      ]
    ],
    [
      [
        1154,
        920
      ]
    ],
    [
      [
        1154,
        919
      ]
    ],
    [
      [
        1169,
        904
      ]
    ],
    [
      [
        1170,
        904
      ]
    ],
    [
      [
        1172,
        902
      ]
    ],
    [
      [
        1177,
        902
      ]
    ],
    [
      [
        1178,
        901
      ]
    ],
    [
      [
        1179,
        901
      ]
    ],
    [
      [
        1180,
        900
      ]
    ],
    [
      [
        1180,
        894
      ]
    ],
    [
      [
        1181,
        893
      ]
    ],
    [
      [
        1181,
        892
      ]
    ],
    [
      [
        1185,
        888
      ]
    ],
    [
      [
        1186,
        888
      ]
    ],
    [
      [
        1186,
        887
      ]
    ],
    [
      [
        1194,
        879
      ]
    ],
    [
      [
        1202,
        879
      ]
    ],
    [
      [
        1202,
        872
      ]
    ],
    [
      [
        1205,
        869
      ]
    ],
    [
      [
        1206,
        869
      ]
    ],
    [
      [
        1206,
        868
      ]
    ],
    [
      [
        1209,
        865
      ]
    ],
    [
      [
        1209,
        864
      ]
    ],
    [
      [
        1211,
        862
      ]
    ],
    [
      [
        1211,
        861
      ]
    ],
    [
      [
        1213,
        859
      ]
    ],
    [
      [
        1214,
        859
      ]
    ],
    [
      [
        1217,
        856
      ]
    ],
    [
      [
        1218,
        856
      ]
    ],
    [
      [
        1221,
        853
      ]
    ],
    [
      [
        1221,
        852
      ]
    ],
    [
      [
        1230,
        843
      ]
    ],
    [
      [
        1231,
        843
      ]
    ],
    [
      [
        1235,
        839
      ]
    ],
    [
      [
        1235,
        838
      ]
    ],
    [
      [
        1248,
        825
      ]
    ],
    [
      [
        1249,
        825
      ]
    ],
    [
      [
        1250,
        824
      ]
    ],
    [
      [
        1250,
        823
      ]
    ],
    [
      [
        1253,
        820
      ]
    ],
    [
      [
        1254,
        820
      ]
    ],
    [
      [
        1258,
        816
      ]
    ],
    [
      [
        1258,
        815
      ]
    ],
    [
      [
        1259,
        814
      ]
    ],
    [
      [
        1259,
        813
      ]
    ],
    [
      [
        1260,
        812
      ]
    ],
    [
      [
        1261,
        812
      ]
    ],
    [
      [
        1264,
        809
      ]
    ],
    [
      [
        1265,
        809
      ]
    ],
    [
      [
        1266,
        808
      ]
    ],
    [
      [
        1266,
        807
      ]
    ],
    [
      [
        1267,
        806
      ]
    ],
    [
      [
        1268,
        806
      ]
    ],
    [
      [
        1268,
        805
      ]
    ],
    [
      [
        1269,
        804
      ]
    ],
    [
      [
        1270,
        804
      ]
    ],
    [
      [
        1273,
        801
      ]
    ],
    [
      [
        1273,
        800
      ]
    ],
    [
      [
        1277,
        796
      ]
    ],
    [
      [
        1278,
        796
      ]
    ],
    [
      [
        1282,
        792
      ]
    ],
    [
      [
        1282,
        791
      ]
    ],
    [
      [
        1294,
        779
      ]
    ],
    [
      [
        1295,
        779
      ]
    ],
    [
      [
        1300,
        774
      ]
    ],
    [
      [
        1300,
        773
      ]
    ],
    [
      [
        1301,
        772
      ]
    ],
    [
      [
        1302,
        772
      ]
    ],
    [
      [
        1302,
        771
      ]
    ],
    [
      [
        1303,
        770
      ]
    ],
    [
      [
        1304,
        770
      ]
    ],
    [
      [
        1306,
        768
      ]
    ],
    [
      [
        1307,
        768
      ]
    ],
    [
      [
        1308,
        767
      ]
    ],
    [
      [
        1308,
        766
      ]
    ],
    [
      [
        1309,
        765
      ]
    ],
    [
      [
        1309,
        748
      ]
    ],
    [
      [
        1312,
        745
      ]
    ],
    [
      [
        1313,
        745
      ]
    ],
    [
      [
        1314,
        744
      ]
    ],
    [
      [
        1314,
        743
      ]
    ],
    [
      [
        1315,
        742
      ]
    ],
    [
      [
        1315,
        741
      ]
    ],
    [
      [
        1317,
        739
      ]
    ],
    [
      [
        1319,
        739
      ]
    ],
    [
      [
        1319,
        737
      ]
    ],
    [
      [
        1324,
        732
      ]
    ],
    [
      [
        1324,
        731
      ]
    ],
    [
      [
        1326,
        729
      ]
    ],
    [
      [
        1327,
        729
      ]
    ],
    [
      [
        1329,
        727
      ]
    ],
    [
      [
        1330,
        727
      ]
    ],
    [
      [
        1330,
        726
      ]
    ],
    [
      [
        1333,
        723
      ]
    ],
    [
      [
        1334,
        723
      ]
    ],
    [
      [
        1336,
        721
      ]
    ],
    [
      [
        1336,
        720
      ]
    ],
    [
      [
        1337,
        719
      ]
    ],
    [
      [
        1337,
        718
      ]
    ],
    [
      [
        1341,
        714
      ]
    ],
    [
      [
        1341,
        708
      ]
    ],
    [
      [
        1344,
        705
      ]
    ],
    [
      [
        1348,
        705
      ]
    ],
    [
      [
        1348,
        700
      ]
    ],
    [
      [
        1349,
        699
      ]
    ],
    [
      [
        1350,
        699
      ]
    ],
    [
      [
        1353,
        696
      ]
    ],
    [
      [
        1354,
        696
      ]
    ],
    [
      [
        1356,
        694
      ]
    ],
    [
      [
        1363,
        694
      ]
    ],
    [
      [
        1363,
        685
      ]
    ],
    [
      [
        1370,
        678
      ]
    ],
    [
      [
        1370,
        677
      ]
    ],
    [
      [
        1371,
        676
      ]
    ],
    [
      [
        1371,
        674
      ]
    ],
    [
      [
        1373,
        672
      ]
    ],
    [
      [
        1374,
        672
      ]
    ],
    [
      [
        1375,
        671
      ]
    ],
    [
      [
        1375,
        670
      ]
    ],
    [
      [
        1377,
        668
      ]
    ],
    [
      [
        1377,
        667
      ]
    ],
    [
      [
        1378,
        666
      ]
    ],
    [
      [
        1378,
        665
      ]
    ],
    [
      [
        1379,
        664
      ]
    ],
    [
      [
        1379,
        663
      ]
    ],
    [
      [
        1380,
        662
      ]
    ],
    [
      [
        1380,
        660
      ]
    ],
    [
      [
        1381,
        659
      ]
    ],
    [
      [
        1381,
        658
      ]
    ],
    [
      [
        1383,
        656
      ]
    ],
    [
      [
        1383,
        654
      ]
    ],
    [
      [
        1384,
        653
      ]
    ],
    [
      [
        1384,
        651
      ]
    ],
    [
      [
        1385,
        650
      ]
    ],
    [
      [
        1385,
        643
      ]
    ],
    [
      [
        1386,
        642
      ]
    ],
    [
      [
        1386,
        640
      ]
    ],
    [
      [
        1387,
        639
      ]
    ],
    [
      [
        1387,
        637
      ]
    ],
    [
      [
        1389,
        635
      ]
    ],
    [
      [
        1389,
        633
      ]
    ],
    [
      [
        1390,
        632
      ]
    ],
    [
      [
        1390,
        629
      ]
    ],
    [
      [
        1391,
        628
      ]
    ],
    [
      [
        1391,
        625
      ]
    ],
    [
      [
        1392,
        624
      ]
    ],
    [
      [
        1392,
        622
      ]
    ],
    [
      [
        1393,
        621
      ]
    ],
    [
      [
        1393,
        616
      ]
    ],
    [
      [
        1394,
        615
      ]
    ],
    [
      [
        1394,
        606
      ]
    ],
    [
      [
        1395,
        605
      ]
    ],
    [
      [
        1395,
        575
      ]
    ],
    [
      [
        1394,
        574
      ]
    ],
    [
      [
        1394,
        569
      ]
    ],
    [
      [
        1393,
        568
      ]
    ],
    [
      [
        1393,
        545
      ]
    ],
    [
      [
        1394,
        544
      ]
    ],
    [
      [
        1421,
        544
      ]
    ],
    [
      [
        1422,
        543
      ]
    ],
    [
      [
        1422,
        541
      ]
    ],
    [
      [
        1423,
        540
      ]
    ],
    [
      [
        1423,
        534
      ]
    ],
    [
      [
        1421,
        532
      ]
    ],
    [
      [
        1421,
        530
      ]
    ],
    [
      [
        1420,
        529
      ]
    ],
    [
      [
        1420,
        528
      ]
    ],
    [
      [
        1418,
        526
      ]
    ],
    [
      [
        1418,
        525
      ]
    ],
    [
      [
        1417,
        524
      ]
    ],
    [
      [
        1417,
        523
      ]
    ],
    [
      [
        1414,
        520
      ]
    ],
    [
      [
        1414,
        518
      ]
    ],
    [
      [
        1413,
        518
      ]
    ],
    [
      [
        1411,
        516
      ]
    ],
    [
      [
        1411,
        515
      ]
    ],
    [
      [
        1408,
        512
      ]
    ],
    [
      [
        1408,
        511
      ]
    ],
    [
      [
        1405,
        508
      ]
    ],
    [
      [
        1405,
        507
      ]
    ],
    [
      [
        1404,
        506
      ]
    ],
    [
      [
        1403,
        506
      ]
    ],
    [
      [
        1401,
        504
      ]
    ],
    [
      [
        1401,
        503
      ]
    ],
    [
      [
        1400,
        502
      ]
    ],
    [
      [
        1400,
        501
      ]
    ],
    [
      [
        1399,
        500
      ]
    ],
    [
      [
        1399,
        499
      ]
    ],
    [
      [
        1397,
        497
      ]
    ],
    [
      [
        1396,
        497
      ]
    ],
    [
      [
        1388,
        489
      ]
    ],
    [
      [
        1388,
        488
      ]
    ],
    [
      [
        1386,
        486
      ]
    ],
    [
      [
        1385,
        486
      ]
    ],
    [
      [
        1382,
        483
      ]
    ],
    [
      [
        1382,
        481
      ]
    ],
    [
      [
        1380,
        481
      ]
    ],
    [
      [
        1358,
        459
      ]
    ],
    [
      [
        1357,
        459
      ]
    ],
    [
      [
        1356,
        458
      ]
    ],
    [
      [
        1356,
        457
      ]
    ],
    [
      [
        1352,
        453
      ]
    ],
    [
      [
        1351,
        453
      ]
    ],
    [
      [
        1340,
        442
      ]
    ],
    [
      [
        1340,
        441
      ]
    ],
    [
      [
        1339,
        440
      ]
    ],
    [
      [
        1338,
        440
      ]
    ],
    [
      [
        1324,
        426
      ]
    ],
    [
      [
        1323,
        426
      ]
    ],
    [
      [
        1317,
        420
      ]
    ],
    [
      [
        1316,
        420
      ]
    ],
    [
      [
        1313,
        417
      ]
    ],
    [
      [
        1313,
        416
      ]
    ],
    [
      [
        1312,
        415
      ]
    ],
    [
      [
        1311,
        415
      ]
    ],
    [
      [
        1310,
        414
      ]
    ],
    [
      [
        1309,
        414
      ]
    ],
    [
      [
        1307,
        412
      ]
    ],
    [
      [
        1307,
        411
      ]
    ],
    [
      [
        1305,
        409
      ]
    ],
    [
      [
        1304,
        409
      ]
    ],
    [
      [
        1302,
        407
      ]
    ],
    [
      [
        1302,
        406
      ]
    ],
    [
      [
        1301,
        406
      ]
    ],
    [
      [
        1297,
        402
      ]
    ],
    [
      [
        1296,
        402
      ]
    ],
    [
      [
        1295,
        401
      ]
    ],
    [
      [
        1295,
        400
      ]
    ],
    [
      [
        1294,
        400
      ]
    ],
    [
      [
        1290,
        396
      ]
    ],
    [
      [
        1289,
        396
      ]
    ],
    [
      [
        1288,
        395
      ]
    ],
    [
      [
        1287,
        395
      ]
    ],
    [
      [
        1286,
        394
      ]
    ],
    [
      [
        1286,
        393
      ]
    ],
    [
      [
        1285,
        392
      ]
    ],
    [
      [
        1284,
        392
      ]
    ],
    [
      [
        1274,
        382
      ]
    ],
    [
      [
        1274,
        381
      ]
    ],
    [
      [
        1266,
        373
      ]
    ],
    [
      [
        1265,
        373
      ]
    ],
    [
      [
        1261,
        369
      ]
    ],
    [
      [
        1260,
        369
      ]
    ],
    [
      [
        1259,
        368
      ]
    ],
    [
      [
        1259,
        367
      ]
    ],
    [
      [
        1258,
        366
      ]
    ],
    [
      [
        1258,
        365
      ]
    ],
    [
      [
        1257,
        365
      ]
    ],
    [
      [
        1246,
        354
      ]
    ],
    [
      [
        1246,
        353
      ]
    ],
    [
      [
        1245,
        353
      ]
    ],
    [
      [
        1237,
        345
      ]
    ],
    [
      [
        1236,
        345
      ]
    ],
    [
      [
        1231,
        340
      ]
    ],
    [
      [
        1230,
        340
      ]
    ],
    [
      [
        1228,
        338
      ]
    ],
    [
      [
        1228,
        337
      ]
    ],
    [
      [
        1225,
        334
      ]
    ],
    [
      [
        1224,
        334
      ]
    ],
    [
      [
        1222,
        332
      ]
    ],
    [
      [
        1221,
        332
      ]
    ],
    [
      [
        1219,
        330
      ]
    ],
    [
      [
        1219,
        329
      ]
    ],
    [
      [
        1218,
        329
      ]
    ],
    [
      [
        1216,
        327
      ]
    ],
    [
      [
        1216,
        326
      ]
    ],
    [
      [
        1215,
        325
      ]
    ],
    [
      [
        1215,
        324
      ]
    ],
    [
      [
        1214,
        323
      ]
    ],
    [
      [
        1214,
        322
      ]
    ],
    [
      [
        1205,
        322
      ]
    ],
    [
      [
        1205,
        324
      ]
    ],
    [
      [
        1204,
        325
      ]
    ],
    [
      [
        1186,
        325
      ]
    ],
    [
      [
        1181,
        320
      ]
    ],
    [
      [
        1180,
        320
      ]
    ],
    [
      [
        1179,
        319
      ]
    ],
    [
      [
        1179,
        318
      ]
    ],
    [
      [
        1178,
        318
      ]
    ],
    [
      [
        1176,
        316
      ]
    ],
    [
      [
        1176,
        315
      ]
    ],
    [
      [
        1174,
        313
      ]
    ],
    [
      [
        1174,
        312
      ]
    ],
    [
      [
        1173,
        312
      ]
    ],
    [
      [
        1170,
        309
      ]
    ],
    [
      [
        1169,
        309
      ]
    ],
    [
      [
        1155,
        295
      ]
    ],
    [
      [
        1155,
        275
      ]
    ],
    [
      [
        1154,
        274
      ]
    ],
    [
      [
        1154,
        273
      ]
    ],
    [
      [
        1151,
        270
      ]
    ],
    [
      [
        1150,
        270
      ]
    ],
    [
      [
        1146,
        266
      ]
    ],
    [
      [
        1146,
        265
      ]
    ],
    [
      [
        1144,
        263
      ]
    ],
    [
      [
        1143,
        263
      ]
    ],
    [
      [
        1139,
        259
      ]
    ],
    [
      [
        1139,
        258
      ]
    ],
    [
      [
        1138,
        257
      ]
    ],
    [
      [
        1137,
        257
      ]
    ],
    [
      [
        1136,
        256
      ]
    ],
    [
      [
        1136,
        255
      ]
    ],
    [
      [
        1135,
        254
      ]
    ],
    [
      [
        1134,
        254
      ]
    ],
    [
      [
        1133,
        253
      ]
    ],
    [
      [
        1112,
        253
      ]
    ],
    [
      [
        1111,
        252
      ]
    ],
    [
      [
        1110,
        252
      ]
    ],
    [
      [
        1108,
        250
      ]
    ],
    [
      [
        1107,
        250
      ]
    ],
    [
      [
        1101,
        244
      ]
    ],
    [
      [
        1101,
        243
      ]
    ],
    [
      [
        1097,
        239
      ]
    ],
    [
      [
        1096,
        239
      ]
    ],
    [
      [
        1093,
        236
      ]
    ],
    [
      [
        1093,
        235
      ]
    ],
    [
      [
        1090,
        232
      ]
    ],
    [
      [
        1082,
        232
      ]
    ],
    [
      [
        1081,
        231
      ]
    ],
    [
      [
        1081,
        227
      ]
    ],
    [
      [
        1074,
        220
      ]
    ],
    [
      [
        1074,
        219
      ]
    ],
    [
      [
        1073,
        218
      ]
    ],
    [
      [
        1068,
        218
      ]
    ],
    [
      [
        1067,
        217
      ]
    ],
    [
      [
        1066,
        217
      ]
    ],
    [
      [
        1062,
        213
      ]
    ],
    [
      [
        1061,
        213
      ]
    ],
    [
      [
        1060,
        212
      ]
    ],
    [
      [
        1060,
        211
      ]
    ],
    [
      [
        1055,
        206
      ]
    ],
    [
      [
        1053,
        206
      ]
    ],
    [
      [
        1051,
        204
      ]
    ],
    [
      [
        1051,
        203
      ]
    ],
    [
      [
        1050,
        202
      ]
    ],
    [
      [
        1049,
        202
      ]
    ],
    [
      [
        1047,
        200
      ]
    ],
    [
      [
        1046,
        200
      ]
    ],
    [
      [
        1037,
        191
      ]
    ],
    [
      [
        1037,
        173
      ]
    ],
    [
      [
        1038,
        172
      ]
    ],
    [
      [
        1038,
        166
      ]
    ],
    [
      [
        1037,
        165
      ]
    ],
    [
      [
        1037,
        164
      ]
    ],
    [
      [
        1035,
        162
      ]
    ],
    [
      [
        1034,
        162
      ]
    ],
    [
      [
        1033,
        161
      ]
    ],
    [
      [
        1033,
        160
      ]
    ],
    [
      [
        1032,
        159
      ]
    ],
    [
      [
        1031,
        159
      ]
    ],
    [
      [
        1030,
        158
      ]
    ],
    [
      [
        1030,
        157
      ]
    ],
    [
      [
        1029,
        156
      ]
    ],
    [
      [
        1029,
        155
      ]
    ],
    [
      [
        1026,
        152
      ]
    ],
    [
      [
        1026,
        148
      ]
    ],
    [
      [
        1025,
        147
      ]
    ],
    [
      [
        1025,
        146
      ]
    ],
    [
      [
        1024,
        145
      ]
    ],
    [
      [
        1023,
        145
      ]
    ],
    [
      [
        1020,
        142
      ]
    ],
    [
      [
        1020,
        137
      ]
    ],
    [
      [
        1011,
        128
      ]
    ],
    [
      [
        1010,
        128
      ]
    ],
    [
      [
        1008,
        126
      ]
    ],
    [
      [
        1008,
        125
      ]
    ],
    [
      [
        1000,
        117
      ]
    ],
    [
      [
        999,
        117
      ]
    ],
    [
      [
        993,
        111
      ]
    ],
    [
      [
        993,
        110
      ]
    ],
    [
      [
        988,
        105
      ]
    ],
    [
      [
        981,
        105
      ]
    ],
    [
      [
        980,
        104
      ]
    ],
    [
      [
        980,
        103
      ]
    ],
    [
      [
        973,
        96
      ]
    ],
    [
      [
        973,
        95
      ]
    ],
    [
      [
        972,
        95
      ]
    ],
    [
      [
        969,
        92
      ]
    ],
    [
      [
        969,
        91
      ]
    ],
    [
      [
        967,
        89
      ]
    ],
    [
      [
        966,
        89
      ]
    ],
    [
      [
        965,
        88
      ]
    ],
    [
      [
        964,
        88
      ]
    ],
    [
      [
        960,
        84
      ]
    ],
    [
      [
        960,
        83
      ]
    ],
    [
      [
        949,
        72
      ]
    ],
    [
      [
        944,
        72
      ]
    ],
    [
      [
        943,
        71
      ]
    ],
    [
      [
        943,
        68
      ]
    ],
    [
      [
        942,
        68
      ]
    ],
    [
      [
        941,
        67
      ]
    ],
    [
      [
        940,
        67
      ]
    ],
    [
      [
        938,
        65
      ]
    ],
    [
      [
        938,
        60
      ]
    ],
    [
      [
        937,
        60
      ]
    ],
    [
      [
        935,
        58
      ]
    ],
    [
      [
        934,
        58
      ]
    ],
    [
      [
        931,
        55
      ]
    ],
    [
      [
        930,
        55
      ]
    ],
    [
      [
        927,
        52
      ]
    ],
    [
      [
        926,
        52
      ]
    ],
    [
      [
        925,
        51
      ]
    ],
    [
      [
        924,
        51
      ]
    ],
    [
      [
        923,
        50
      ]
    ],
    [
      [
        923,
        48
      ]
    ],
    [
      [
        922,
        48
      ]
    ],
    [
      [
        920,
        46
      ]
    ],
    [
      [
        917,
        46
      ]
    ],
    [
      [
        915,
        44
      ]
    ],
    [
      [
        915,
        43
      ]
    ],
    [
      [
        914,
        42
      ]
    ],
    [
      [
        913,
        42
      ]
    ],
    [
      [
        911,
        40
      ]
    ],
    [
      [
        910,
        40
      ]
    ],
    [
      [
        907,
        37
      ]
    ]
  ],
  "segment_square_corners": [
    [
      374.7275390625,
      502.00250244140625
    ],
    [
      840.7604370117188,
      0.0
    ],
    [
      1496.7008056640625,
      553.2673950195312
    ],
    [
      1030.66796875,
      1079.0
    ]
  ],
  "phrases": [
    "box"
  ],
  "selected_bbox": [
    0.4737396240234375,
    0.49546974897384644,
    0.5285429954528809,
    0.912461519241333
  ]
}