{
  "timestamp": 1761056197.6247628,
  "session_id": "session_20251021_211452_51253c84",
  "supplier_id": "",
  "qr_data": "695991",
  "qr_items": {
    "tangerine": 4
  },
  "qr_corners": [
    [
      1035.0,
      776.0
    ],
    [
      1109.0,
      834.0
    ],
    [
      1048.0,
      903.0
    ],
    [
      975.0,
      848.0
    ]
  ],
  "segment_corners": [
    [
      [
        847,
        42
      ]
    ],
    [
      [
        846,
        43
      ]
    ],
    [
      [
        844,
        43
      ]
    ],
    [
      [
        843,
        44
      ]
    ],
    [
      [
        843,
        45
      ]
    ],
    [
      [
        841,
        47
      ]
    ],
    [
      [
        841,
        48
      ]
    ],
    [
      [
        840,
        49
      ]
    ],
    [
      [
        837,
        49
      ]
    ],
    [
      [
        836,
        50
      ]
    ],
    [
      [
        835,
        50
      ]
    ],
    [
      [
        835,
        53
      ]
    ],
    [
      [
        834,
        54
      ]
    ],
    [
      [
        833,
        54
      ]
    ],
    [
      [
        832,
        55
      ]
    ],
    [
      [
        830,
        55
      ]
    ],
    [
      [
        830,
        74
      ]
    ],
    [
      [
        829,
        75
      ]
    ],
    [
      [
        792,
        75
      ]
    ],
    [
      [
        791,
        76
      ]
    ],
    [
      [
        786,
        76
      ]
    ],
    [
      [
        785,
        77
      ]
    ],
    [
      [
        781,
        77
      ]
    ],
    [
      [
        780,
        78
      ]
    ],
    [
      [
        777,
        78
      ]
    ],
    [
      [
        776,
        79
      ]
    ],
    [
      [
        773,
        79
      ]
    ],
    [
      [
        772,
        80
      ]
    ],
    [
      [
        771,
        80
      ]
    ],
    [
      [
        770,
        81
      ]
    ],
    [
      [
        766,
        81
      ]
    ],
    [
      [
        766,
        82
      ]
    ],
    [
      [
        765,
        83
      ]
    ],
    [
      [
        764,
        83
      ]
    ],
    [
      [
        763,
        84
      ]
    ],
    [
      [
        760,
        84
      ]
    ],
    [
      [
        759,
        85
      ]
    ],
    [
      [
        758,
        85
      ]
    ],
    [
      [
        757,
        86
      ]
    ],
    [
      [
        755,
        86
      ]
    ],
    [
      [
        754,
        87
      ]
    ],
    [
      [
        753,
        87
      ]
    ],
    [
      [
        752,
        88
      ]
    ],
    [
      [
        750,
        88
      ]
    ],
    [
      [
        748,
        90
      ]
    ],
    [
      [
        747,
        90
      ]
    ],
    [
      [
        746,
        91
      ]
    ],
    [
      [
        745,
        91
      ]
    ],
    [
      [
        743,
        93
      ]
    ],
    [
      [
        742,
        93
      ]
    ],
    [
      [
        742,
        94
      ]
    ],
    [
      [
        739,
        97
      ]
    ],
    [
      [
        737,
        97
      ]
    ],
    [
      [
        735,
        99
      ]
    ],
    [
      [
        734,
        99
      ]
    ],
    [
      [
        734,
        100
      ]
    ],
    [
      [
        732,
        102
      ]
    ],
    [
      [
        731,
        102
      ]
    ],
    [
      [
        729,
        104
      ]
    ],
    [
      [
        728,
        104
      ]
    ],
    [
      [
        723,
        109
      ]
    ],
    [
      [
        722,
        109
      ]
    ],
    [
      [
        715,
        116
      ]
    ],
    [
      [
        715,
        117
      ]
    ],
    [
      [
        714,
        118
      ]
    ],
    [
      [
        713,
        118
      ]
    ],
    [
      [
        713,
        119
      ]
    ],
    [
      [
        712,
        120
      ]
    ],
    [
      [
        695,
        120
      ]
    ],
    [
      [
        694,
        119
      ]
    ],
    [
      [
        694,
        118
      ]
    ],
    [
      [
        687,
        118
      ]
    ],
    [
      [
        684,
        121
      ]
    ],
    [
      [
        683,
        121
      ]
    ],
    [
      [
        681,
        123
      ]
    ],
    [
      [
        681,
        130
      ]
    ],
    [
      [
        682,
        131
      ]
    ],
    [
      [
        682,
        137
      ]
    ],
    [
      [
        683,
        138
      ]
    ],
    [
      [
        684,
        138
      ]
    ],
    [
      [
        685,
        139
      ]
    ],
    [
      [
        685,
        156
      ]
    ],
    [
      [
        681,
        160
      ]
    ],
    [
      [
        681,
        161
      ]
    ],
    [
      [
        680,
        162
      ]
    ],
    [
      [
        680,
        163
      ]
    ],
    [
      [
        676,
        167
      ]
    ],
    [
      [
        674,
        167
      ]
    ],
    [
      [
        674,
        170
      ]
    ],
    [
      [
        669,
        175
      ]
    ],
    [
      [
        669,
        178
      ]
    ],
    [
      [
        668,
        179
      ]
    ],
    [
      [
        667,
        179
      ]
    ],
    [
      [
        667,
        180
      ]
    ],
    [
      [
        666,
        181
      ]
    ],
    [
      [
        648,
        181
      ]
    ],
    [
      [
        647,
        180
      ]
    ],
    [
      [
        641,
        180
      ]
    ],
    [
      [
        640,
        181
      ]
    ],
    [
      [
        638,
        181
      ]
    ],
    [
      [
        638,
        190
      ]
    ],
    [
      [
        639,
        191
      ]
    ],
    [
      [
        639,
        206
      ]
    ],
    [
      [
        652,
        206
      ]
    ],
    [
      [
        653,
        207
      ]
    ],
    [
      [
        653,
        225
      ]
    ],
    [
      [
        652,
        226
      ]
    ],
    [
      [
        652,
        227
      ]
    ],
    [
      [
        651,
        228
      ]
    ],
    [
      [
        651,
        229
      ]
    ],
    [
      [
        646,
        234
      ]
    ],
    [
      [
        646,
        236
      ]
    ],
    [
      [
        645,
        237
      ]
    ],
    [
      [
        644,
        237
      ]
    ],
    [
      [
        642,
        239
      ]
    ],
    [
      [
        642,
        240
      ]
    ],
    [
      [
        641,
        241
      ]
    ],
    [
      [
        641,
        242
      ]
    ],
    [
      [
        639,
        244
      ]
    ],
    [
      [
        639,
        245
      ]
    ],
    [
      [
        633,
        251
      ]
    ],
    [
      [
        633,
        252
      ]
    ],
    [
      [
        631,
        254
      ]
    ],
    [
      [
        631,
        255
      ]
    ],
    [
      [
        629,
        257
      ]
    ],
    [
      [
        629,
        258
      ]
    ],
    [
      [
        628,
        259
      ]
    ],
    [
      [
        627,
        259
      ]
    ],
    [
      [
        627,
        260
      ]
    ],
    [
      [
        624,
        263
      ]
    ],
    [
      [
        624,
        264
      ]
    ],
    [
      [
        622,
        266
      ]
    ],
    [
      [
        622,
        268
      ]
    ],
    [
      [
        616,
        274
      ]
    ],
    [
      [
        616,
        275
      ]
    ],
    [
      [
        615,
        276
      ]
    ],
    [
      [
        615,
        277
      ]
    ],
    [
      [
        614,
        278
      ]
    ],
    [
      [
        614,
        279
      ]
    ],
    [
      [
        612,
        281
      ]
    ],
    [
      [
        610,
        281
      ]
    ],
    [
      [
        610,
        284
      ]
    ],
    [
      [
        609,
        285
      ]
    ],
    [
      [
        608,
        285
      ]
    ],
    [
      [
        606,
        287
      ]
    ],
    [
      [
        606,
        288
      ]
    ],
    [
      [
        604,
        290
      ]
    ],
    [
      [
        604,
        291
      ]
    ],
    [
      [
        603,
        292
      ]
    ],
    [
      [
        603,
        293
      ]
    ],
    [
      [
        599,
        297
      ]
    ],
    [
      [
        599,
        298
      ]
    ],
    [
      [
        598,
        299
      ]
    ],
    [
      [
        598,
        300
      ]
    ],
    [
      [
        595,
        303
      ]
    ],
    [
      [
        595,
        304
      ]
    ],
    [
      [
        593,
        306
      ]
    ],
    [
      [
        593,
        307
      ]
    ],
    [
      [
        587,
        313
      ]
    ],
    [
      [
        587,
        314
      ]
    ],
    [
      [
        586,
        315
      ]
    ],
    [
      [
        586,
        316
      ]
    ],
    [
      [
        583,
        319
      ]
    ],
    [
      [
        583,
        320
      ]
    ],
    [
      [
        581,
        322
      ]
    ],
    [
      [
        581,
        323
      ]
    ],
    [
      [
        578,
        326
      ]
    ],
    [
      [
        578,
        327
      ]
    ],
    [
      [
        577,
        328
      ]
    ],
    [
      [
        577,
        329
      ]
    ],
    [
      [
        572,
        334
      ]
    ],
    [
      [
        572,
        335
      ]
    ],
    [
      [
        570,
        337
      ]
    ],
    [
      [
        570,
        338
      ]
    ],
    [
      [
        567,
        341
      ]
    ],
    [
      [
        567,
        342
      ]
    ],
    [
      [
        563,
        346
      ]
    ],
    [
      [
        563,
        347
      ]
    ],
    [
      [
        560,
        350
      ]
    ],
    [
      [
        560,
        351
      ]
    ],
    [
      [
        559,
        352
      ]
    ],
    [
      [
        559,
        353
      ]
    ],
    [
      [
        555,
        357
      ]
    ],
    [
      [
        555,
        359
      ]
    ],
    [
      [
        554,
        360
      ]
    ],
    [
      [
        553,
        360
      ]
    ],
    [
      [
        551,
        362
      ]
    ],
    [
      [
        551,
        363
      ]
    ],
    [
      [
        549,
        365
      ]
    ],
    [
      [
        549,
        366
      ]
    ],
    [
      [
        548,
        367
      ]
    ],
    [
      [
        547,
        367
      ]
    ],
    [
      [
        545,
        369
      ]
    ],
    [
      [
        545,
        370
      ]
    ],
    [
      [
        544,
        371
      ]
    ],
    [
      [
        544,
        372
      ]
    ],
    [
      [
        543,
        373
      ]
    ],
    [
      [
        543,
        374
      ]
    ],
    [
      [
        541,
        376
      ]
    ],
    [
      [
        541,
        377
      ]
    ],
    [
      [
        539,
        379
      ]
    ],
    [
      [
        539,
        380
      ]
    ],
    [
      [
        537,
        382
      ]
    ],
    [
      [
        536,
        382
      ]
    ],
    [
      [
        536,
        383
      ]
    ],
    [
      [
        535,
        384
      ]
    ],
    [
      [
        534,
        384
      ]
    ],
    [
      [
        534,
        386
      ]
    ],
    [
      [
        533,
        387
      ]
    ],
    [
      [
        530,
        387
      ]
    ],
    [
      [
        530,
        391
      ]
    ],
    [
      [
        529,
        392
      ]
    ],
    [
      [
        529,
        393
      ]
    ],
    [
      [
        528,
        394
      ]
    ],
    [
      [
        527,
        394
      ]
    ],
    [
      [
        527,
        395
      ]
    ],
    [
      [
        524,
        398
      ]
    ],
    [
      [
        524,
        399
      ]
    ],
    [
      [
        523,
        400
      ]
    ],
    [
      [
        523,
        401
      ]
    ],
    [
      [
        519,
        405
      ]
    ],
    [
      [
        519,
        406
      ]
    ],
    [
      [
        518,
        407
      ]
    ],
    [
      [
        501,
        407
      ]
    ],
    [
      [
        500,
        408
      ]
    ],
    [
      [
        494,
        408
      ]
    ],
    [
      [
        494,
        412
      ]
    ],
    [
      [
        493,
        413
      ]
    ],
    [
      [
        480,
        413
      ]
    ],
    [
      [
        478,
        415
      ]
    ],
    [
      [
        478,
        416
      ]
    ],
    [
      [
        476,
        418
      ]
    ],
    [
      [
        476,
        419
      ]
    ],
    [
      [
        475,
        420
      ]
    ],
    [
      [
        475,
        421
      ]
    ],
    [
      [
        469,
        427
      ]
    ],
    [
      [
        469,
        428
      ]
    ],
    [
      [
        468,
        429
      ]
    ],
    [
      [
        468,
        431
      ]
    ],
    [
      [
        464,
        435
      ]
    ],
    [
      [
        464,
        436
      ]
    ],
    [
      [
        460,
        440
      ]
    ],
    [
      [
        460,
        441
      ]
    ],
    [
      [
        458,
        443
      ]
    ],
    [
      [
        458,
        444
      ]
    ],
    [
      [
        454,
        448
      ]
    ],
    [
      [
        454,
        449
      ]
    ],
    [
      [
        452,
        451
      ]
    ],
    [
      [
        447,
        451
      ]
    ],
    [
      [
        445,
        453
      ]
    ],
    [
      [
        445,
        455
      ]
    ],
    [
      [
        442,
        458
      ]
    ],
    [
      [
        442,
        466
      ]
    ],
    [
      [
        441,
        467
      ]
    ],
    [
      [
        441,
        468
      ]
    ],
    [
      [
        436,
        473
      ]
    ],
    [
      [
        436,
        474
      ]
    ],
    [
      [
        434,
        476
      ]
    ],
    [
      [
        434,
        478
      ]
    ],
    [
      [
        430,
        482
      ]
    ],
    [
      [
        430,
        484
      ]
    ],
    [
      [
        428,
        486
      ]
    ],
    [
      [
        427,
        486
      ]
    ],
    [
      [
        426,
        487
      ]
    ],
    [
      [
        426,
        488
      ]
    ],
    [
      [
        425,
        489
      ]
    ],
    [
      [
        425,
        490
      ]
    ],
    [
      [
        423,
        492
      ]
    ],
    [
      [
        423,
        493
      ]
    ],
    [
      [
        420,
        496
      ]
    ],
    [
      [
        420,
        497
      ]
    ],
    [
      [
        418,
        499
      ]
    ],
    [
      [
        418,
        500
      ]
    ],
    [
      [
        415,
        503
      ]
    ],
    [
      [
        415,
        504
      ]
    ],
    [
      [
        413,
        506
      ]
    ],
    [
      [
        413,
        507
      ]
    ],
    [
      [
        411,
        509
      ]
    ],
    [
      [
        411,
        510
      ]
    ],
    [
      [
        409,
        512
      ]
    ],
    [
      [
        409,
        513
      ]
    ],
    [
      [
        407,
        515
      ]
    ],
    [
      [
        407,
        516
      ]
    ],
    [
      [
        404,
        519
      ]
    ],
    [
      [
        404,
        520
      ]
    ],
    [
      [
        403,
        521
      ]
    ],
    [
      [
        403,
        522
      ]
    ],
    [
      [
        402,
        523
      ]
    ],
    [
      [
        402,
        525
      ]
    ],
    [
      [
        401,
        526
      ]
    ],
    [
      [
        401,
        527
      ]
    ],
    [
      [
        400,
        528
      ]
    ],
    [
      [
        400,
        562
      ]
    ],
    [
      [
        402,
        562
      ]
    ],
    [
      [
        403,
        563
      ]
    ],
    [
      [
        404,
        563
      ]
    ],
    [
      [
        405,
        564
      ]
    ],
    [
      [
        405,
        566
      ]
    ],
    [
      [
        407,
        568
      ]
    ],
    [
      [
        409,
        568
      ]
    ],
    [
      [
        413,
        572
      ]
    ],
    [
      [
        419,
        572
      ]
    ],
    [
      [
        426,
        579
      ]
    ],
    [
      [
        427,
        579
      ]
    ],
    [
      [
        431,
        583
      ]
    ],
    [
      [
        432,
        583
      ]
    ],
    [
      [
        435,
        586
      ]
    ],
    [
      [
        436,
        586
      ]
    ],
    [
      [
        441,
        591
      ]
    ],
    [
      [
        442,
        591
      ]
    ],
    [
      [
        444,
        593
      ]
    ],
    [
      [
        445,
        593
      ]
    ],
    [
      [
        448,
        596
      ]
    ],
    [
      [
        449,
        596
      ]
    ],
    [
      [
        452,
        599
      ]
    ],
    [
      [
        453,
        599
      ]
    ],
    [
      [
        457,
        603
      ]
    ],
    [
      [
        458,
        603
      ]
    ],
    [
      [
        460,
        605
      ]
    ],
    [
      [
        461,
        605
      ]
    ],
    [
      [
        464,
        608
      ]
    ],
    [
      [
        465,
        608
      ]
    ],
    [
      [
        469,
        612
      ]
    ],
    [
      [
        470,
        612
      ]
    ],
    [
      [
        475,
        617
      ]
    ],
    [
      [
        475,
        621
      ]
    ],
    [
      [
        478,
        624
      ]
    ],
    [
      [
        478,
        630
      ]
    ],
    [
      [
        480,
        632
      ]
    ],
    [
      [
        494,
        632
      ]
    ],
    [
      [
        495,
        633
      ]
    ],
    [
      [
        496,
        633
      ]
    ],
    [
      [
        498,
        635
      ]
    ],
    [
      [
        499,
        635
      ]
    ],
    [
      [
        500,
        636
      ]
    ],
    [
      [
        501,
        636
      ]
    ],
    [
      [
        504,
        639
      ]
    ],
    [
      [
        504,
        642
      ]
    ],
    [
      [
        506,
        644
      ]
    ],
    [
      [
        511,
        644
      ]
    ],
    [
      [
        512,
        645
      ]
    ],
    [
      [
        533,
        645
      ]
    ],
    [
      [
        534,
        646
      ]
    ],
    [
      [
        534,
        651
      ]
    ],
    [
      [
        537,
        654
      ]
    ],
    [
      [
        538,
        654
      ]
    ],
    [
      [
        542,
        658
      ]
    ],
    [
      [
        543,
        658
      ]
    ],
    [
      [
        544,
        659
      ]
    ],
    [
      [
        544,
        663
      ]
    ],
    [
      [
        545,
        664
      ]
    ],
    [
      [
        546,
        664
      ]
    ],
    [
      [
        553,
        671
      ]
    ],
    [
      [
        555,
        671
      ]
    ],
    [
      [
        556,
        672
      ]
    ],
    [
      [
        561,
        672
      ]
    ],
    [
      [
        564,
        675
      ]
    ],
    [
      [
        565,
        675
      ]
    ],
    [
      [
        570,
        680
      ]
    ],
    [
      [
        570,
        685
      ]
    ],
    [
      [
        572,
        685
      ]
    ],
    [
      [
        574,
        687
      ]
    ],
    [
      [
        575,
        687
      ]
    ],
    [
      [
        579,
        691
      ]
    ],
    [
      [
        582,
        691
      ]
    ],
    [
      [
        583,
        692
      ]
    ],
    [
      [
        583,
        694
      ]
    ],
    [
      [
        585,
        696
      ]
    ],
    [
      [
        586,
        696
      ]
    ],
    [
      [
        587,
        697
      ]
    ],
    [
      [
        588,
        697
      ]
    ],
    [
      [
        589,
        698
      ]
    ],
    [
      [
        589,
        699
      ]
    ],
    [
      [
        592,
        702
      ]
    ],
    [
      [
        593,
        702
      ]
    ],
    [
      [
        594,
        703
      ]
    ],
    [
      [
        596,
        703
      ]
    ],
    [
      [
        599,
        706
      ]
    ],
    [
      [
        599,
        707
      ]
    ],
    [
      [
        600,
        708
      ]
    ],
    [
      [
        603,
        708
      ]
    ],
    [
      [
        605,
        710
      ]
    ],
    [
      [
        605,
        711
      ]
    ],
    [
      [
        606,
        711
      ]
    ],
    [
      [
        607,
        712
      ]
    ],
    [
      [
        608,
        712
      ]
    ],
    [
      [
        609,
        713
      ]
    ],
    [
      [
        609,
        714
      ]
    ],
    [
      [
        610,
        714
      ]
    ],
    [
      [
        611,
        715
      ]
    ],
    [
      [
        612,
        715
      ]
    ],
    [
      [
        613,
        716
      ]
    ],
    [
      [
        613,
        717
      ]
    ],
    [
      [
        614,
        718
      ]
    ],
    [
      [
        616,
        718
      ]
    ],
    [
      [
        622,
        724
      ]
    ],
    [
      [
        623,
        724
      ]
    ],
    [
      [
        627,
        728
      ]
    ],
    [
      [
        628,
        728
      ]
    ],
    [
      [
        630,
        730
      ]
    ],
    [
      [
        632,
        730
      ]
    ],
    [
      [
        633,
        731
      ]
    ],
    [
      [
        633,
        732
      ]
    ],
    [
      [
        635,
        734
      ]
    ],
    [
      [
        636,
        734
      ]
    ],
    [
      [
        637,
        735
      ]
    ],
    [
      [
        638,
        735
      ]
    ],
    [
      [
        639,
        736
      ]
    ],
    [
      [
        640,
        736
      ]
    ],
    [
      [
        643,
        739
      ]
    ],
    [
      [
        644,
        739
      ]
    ],
    [
      [
        648,
        743
      ]
    ],
    [
      [
        649,
        743
      ]
    ],
    [
      [
        650,
        744
      ]
    ],
    [
      [
        651,
        744
      ]
    ],
    [
      [
        652,
        745
      ]
    ],
    [
      [
        653,
        745
      ]
    ],
    [
      [
        654,
        746
      ]
    ],
    [
      [
        654,
        748
      ]
    ],
    [
      [
        657,
        751
      ]
    ],
    [
      [
        658,
        751
      ]
    ],
    [
      [
        662,
        755
      ]
    ],
    [
      [
        663,
        755
      ]
    ],
    [
      [
        672,
        764
      ]
    ],
    [
      [
        673,
        764
      ]
    ],
    [
      [
        674,
        765
      ]
    ],
    [
      [
        675,
        765
      ]
    ],
    [
      [
        678,
        768
      ]
    ],
    [
      [
        679,
        768
      ]
    ],
    [
      [
        681,
        770
      ]
    ],
    [
      [
        682,
        770
      ]
    ],
    [
      [
        684,
        772
      ]
    ],
    [
      [
        685,
        772
      ]
    ],
    [
      [
        686,
        773
      ]
    ],
    [
      [
        686,
        774
      ]
    ],
    [
      [
        688,
        776
      ]
    ],
    [
      [
        697,
        776
      ]
    ],
    [
      [
        699,
        778
      ]
    ],
    [
      [
        701,
        778
      ]
    ],
    [
      [
        704,
        781
      ]
    ],
    [
      [
        705,
        781
      ]
    ],
    [
      [
        706,
        782
      ]
    ],
    [
      [
        707,
        782
      ]
    ],
    [
      [
        711,
        786
      ]
    ],
    [
      [
        712,
        786
      ]
    ],
    [
      [
        714,
        788
      ]
    ],
    [
      [
        715,
        788
      ]
    ],
    [
      [
        716,
        789
      ]
    ],
    [
      [
        716,
        790
      ]
    ],
    [
      [
        717,
        790
      ]
    ],
    [
      [
        719,
        792
      ]
    ],
    [
      [
        719,
        793
      ]
    ],
    [
      [
        720,
        793
      ]
    ],
    [
      [
        721,
        794
      ]
    ],
    [
      [
        723,
        794
      ]
    ],
    [
      [
        727,
        798
      ]
    ],
    [
      [
        729,
        798
      ]
    ],
    [
      [
        735,
        804
      ]
    ],
    [
      [
        737,
        804
      ]
    ],
    [
      [
        739,
        806
      ]
    ],
    [
      [
        739,
        813
      ]
    ],
    [
      [
        741,
        815
      ]
    ],
    [
      [
        742,
        815
      ]
    ],
    [
      [
        743,
        816
      ]
    ],
    [
      [
        744,
        816
      ]
    ],
    [
      [
        746,
        818
      ]
    ],
    [
      [
        748,
        818
      ]
    ],
    [
      [
        753,
        823
      ]
    ],
    [
      [
        754,
        823
      ]
    ],
    [
      [
        756,
        825
      ]
    ],
    [
      [
        757,
        825
      ]
    ],
    [
      [
        761,
        829
      ]
    ],
    [
      [
        762,
        829
      ]
    ],
    [
      [
        765,
        832
      ]
    ],
    [
      [
        766,
        832
      ]
    ],
    [
      [
        768,
        834
      ]
    ],
    [
      [
        769,
        834
      ]
    ],
    [
      [
        772,
        837
      ]
    ],
    [
      [
        772,
        838
      ]
    ],
    [
      [
        773,
        838
      ]
    ],
    [
      [
        774,
        839
      ]
    ],
    [
      [
        780,
        839
      ]
    ],
    [
      [
        781,
        838
      ]
    ],
    [
      [
        798,
        838
      ]
    ],
    [
      [
        800,
        840
      ]
    ],
    [
      [
        805,
        840
      ]
    ],
    [
      [
        806,
        841
      ]
    ],
    [
      [
        806,
        844
      ]
    ],
    [
      [
        807,
        845
      ]
    ],
    [
      [
        808,
        845
      ]
    ],
    [
      [
        809,
        846
      ]
    ],
    [
      [
        810,
        846
      ]
    ],
    [
      [
        811,
        847
      ]
    ],
    [
      [
        812,
        847
      ]
    ],
    [
      [
        819,
        854
      ]
    ],
    [
      [
        845,
        854
      ]
    ],
    [
      [
        847,
        856
      ]
    ],
    [
      [
        848,
        856
      ]
    ],
    [
      [
        851,
        859
      ]
    ],
    [
      [
        852,
        859
      ]
    ],
    [
      [
        854,
        861
      ]
    ],
    [
      [
        855,
        861
      ]
    ],
    [
      [
        857,
        863
      ]
    ],
    [
      [
        858,
        863
      ]
    ],
    [
      [
        859,
        864
      ]
    ],
    [
      [
        860,
        864
      ]
    ],
    [
      [
        863,
        867
      ]
    ],
    [
      [
        864,
        867
      ]
    ],
    [
      [
        867,
        870
      ]
    ],
    [
      [
        868,
        870
      ]
    ],
    [
      [
        869,
        871
      ]
    ],
    [
      [
        870,
        871
      ]
    ],
    [
      [
        874,
        875
      ]
    ],
    [
      [
        875,
        875
      ]
    ],
    [
      [
        878,
        878
      ]
    ],
    [
      [
        879,
        878
      ]
    ],
    [
      [
        881,
        880
      ]
    ],
    [
      [
        882,
        880
      ]
    ],
    [
      [
        883,
        881
      ]
    ],
    [
      [
        884,
        881
      ]
    ],
    [
      [
        885,
        882
      ]
    ],
    [
      [
        886,
        882
      ]
    ],
    [
      [
        888,
        884
      ]
    ],
    [
      [
        889,
        884
      ]
    ],
    [
      [
        890,
        885
      ]
    ],
    [
      [
        890,
        886
      ]
    ],
    [
      [
        891,
        887
      ]
    ],
    [
      [
        893,
        887
      ]
    ],
    [
      [
        894,
        888
      ]
    ],
    [
      [
        894,
        889
      ]
    ],
    [
      [
        895,
        890
      ]
    ],
    [
      [
        896,
        890
      ]
    ],
    [
      [
        897,
        891
      ]
    ],
    [
      [
        898,
        891
      ]
    ],
    [
      [
        900,
        893
      ]
    ],
    [
      [
        901,
        893
      ]
    ],
    [
      [
        902,
        894
      ]
    ],
    [
      [
        903,
        894
      ]
    ],
    [
      [
        906,
        897
      ]
    ],
    [
      [
        907,
        897
      ]
    ],
    [
      [
        912,
        902
      ]
    ],
    [
      [
        913,
        902
      ]
    ],
    [
      [
        917,
        906
      ]
    ],
    [
      [
        918,
        906
      ]
    ],
    [
      [
        919,
        907
      ]
    ],
    [
      [
        920,
        907
      ]
    ],
    [
      [
        922,
        909
      ]
    ],
    [
      [
        924,
        909
      ]
    ],
    [
      [
        925,
        910
      ]
    ],
    [
      [
        926,
        910
      ]
    ],
    [
      [
        931,
        915
      ]
    ],
    [
      [
        932,
        915
      ]
    ],
    [
      [
        935,
        918
      ]
    ],
    [
      [
        938,
        918
      ]
    ],
    [
      [
        939,
        919
      ]
    ],
    [
      [
        939,
        920
      ]
    ],
    [
      [
        942,
        923
      ]
    ],
    [
      [
        944,
        923
      ]
    ],
    [
      [
        948,
        927
      ]
    ],
    [
      [
        949,
        927
      ]
    ],
    [
      [
        950,
        928
      ]
    ],
    [
      [
        951,
        928
      ]
    ],
    [
      [
        954,
        931
      ]
    ],
    [
      [
        956,
        931
      ]
    ],
    [
      [
        960,
        935
      ]
    ],
    [
      [
        960,
        940
      ]
    ],
    [
      [
        965,
        945
      ]
    ],
    [
      [
        966,
        945
      ]
    ],
    [
      [
        972,
        951
      ]
    ],
    [
      [
        981,
        951
      ]
    ],
    [
      [
        982,
        952
      ]
    ],
    [
      [
        982,
        961
      ]
    ],
    [
      [
        985,
        961
      ]
    ],
    [
      [
        986,
        962
      ]
    ],
    [
      [
        987,
        962
      ]
    ],
    [
      [
        988,
        963
      ]
    ],
    [
      [
        998,
        963
      ]
    ],
    [
      [
        999,
        964
      ]
    ],
    [
      [
        999,
        968
      ]
    ],
    [
      [
        1003,
        968
      ]
    ],
    [
      [
        1004,
        969
      ]
    ],
    [
      [
        1008,
        969
      ]
    ],
    [
      [
        1009,
        970
      ]
    ],
    [
      [
        1032,
        970
      ]
    ],
    [
      [
        1033,
        971
      ]
    ],
    [
      [
        1033,
        990
      ]
    ],
    [
      [
        1032,
        991
      ]
    ],
    [
      [
        1031,
        991
      ]
    ],
    [
      [
        1031,
        998
      ]
    ],
    [
      [
        1032,
        998
      ]
    ],
    [
      [
        1034,
        1000
      ]
    ],
    [
      [
        1034,
        1001
      ]
    ],
    [
      [
        1038,
        1005
      ]
    ],
    [
      [
        1038,
        1006
      ]
    ],
    [
      [
        1040,
        1008
      ]
    ],
    [
      [
        1041,
        1008
      ]
    ],
    [
      [
        1042,
        1009
      ]
    ],
    [
      [
        1043,
        1009
      ]
    ],
    [
      [
        1044,
        1010
      ]
    ],
    [
      [
        1044,
        1013
      ]
    ],
    [
      [
        1045,
        1013
      ]
    ],
    [
      [
        1046,
        1014
      ]
    ],
    [
      [
        1061,
        1014
      ]
    ],
    [
      [
        1062,
        1015
      ]
    ],
    [
      [
        1062,
        1026
      ]
    ],
    [
      [
        1064,
        1026
      ]
    ],
    [
      [
        1065,
        1027
      ]
    ],
    [
      [
        1072,
        1027
      ]
    ],
    [
      [
        1073,
        1026
      ]
    ],
    [
      [
        1078,
        1026
      ]
    ],
    [
      [
        1079,
        1025
      ]
    ],
    [
      [
        1081,
        1025
      ]
    ],
    [
      [
        1082,
        1024
      ]
    ],
    [
      [
        1082,
        1022
      ]
    ],
    [
      [
        1083,
        1021
      ]
    ],
    [
      [
        1085,
        1021
      ]
    ],
    [
      [
        1085,
        1020
      ]
    ],
    [
      [
        1088,
        1017
      ]
    ],
    [
      [
        1088,
        1016
      ]
    ],
    [
      [
        1092,
        1012
      ]
    ],
    [
      [
        1092,
        1011
      ]
    ],
    [
      [
        1097,
        1006
      ]
    ],
    [
      [
        1097,
        1005
      ]
    ],
    [
      [
        1099,
        1003
      ]
    ],
    [
      [
        1099,
        1002
      ]
    ],
    [
      [
        1103,
        998
      ]
    ],
    [
      [
        1103,
        997
      ]
    ],
    [
      [
        1106,
        994
      ]
    ],
    [
      [
        1106,
        993
      ]
    ],
    [
      [
        1108,
        991
      ]
    ],
    [
      [
        1108,
        990
      ]
    ],
    [
      [
        1109,
        989
      ]
    ],
    [
      [
        1109,
        988
      ]
    ],
    [
      [
        1110,
        987
      ]
    ],
    [
      [
        1111,
        987
      ]
    ],
    [
      [
        1111,
        986
      ]
    ],
    [
      [
        1119,
        978
      ]
    ],
    [
      [
        1119,
        977
      ]
    ],
    [
      [
        1122,
        974
      ]
    ],
    [
      [
        1122,
        973
      ]
    ],
    [
      [
        1126,
        969
      ]
    ],
    [
      [
        1126,
        968
      ]
    ],
    [
      [
        1128,
        966
      ]
    ],
    [
      [
        1128,
        965
      ]
    ],
    [
      [
        1134,
        959
      ]
    ],
    [
      [
        1134,
        958
      ]
    ],
    [
      [
        1137,
        955
      ]
    ],
    [
      [
        1137,
        954
      ]
    ],
    [
      [
        1141,
        950
      ]
    ],
    [
      [
        1141,
        949
      ]
    ],
    [
      [
        1145,
        945
      ]
    ],
    [
      [
        1145,
        944
      ]
    ],
    [
      [
        1146,
        943
      ]
    ],
    [
      [
        1147,
        943
      ]
    ],
    [
      [
        1148,
        942
      ]
    ],
    [
      [
        1148,
        941
      ]
    ],
    [
      [
        1151,
        938
      ]
    ],
    [
      [
        1151,
        937
      ]
    ],
    [
      [
        1155,
        933
      ]
    ],
    [
      [
        1156,
        933
      ]
    ],
    [
      [
        1158,
        931
      ]
    ],
    [
      [
        1158,
        929
      ]
    ],
    [
      [
        1166,
        921
      ]
    ],
    [
      [
        1166,
        918
      ]
    ],
    [
      [
        1167,
        917
      ]
    ],
    [
      [
        1167,
        910
      ]
    ],
    [
      [
        1168,
        909
      ]
    ],
    [
      [
        1179,
        909
      ]
    ],
    [
      [
        1185,
        903
      ]
    ],
    [
      [
        1185,
        902
      ]
    ],
    [
      [
        1192,
        895
      ]
    ],
    [
      [
        1192,
        894
      ]
    ],
    [
      [
        1198,
        888
      ]
    ],
    [
      [
        1198,
        887
      ]
    ],
    [
      [
        1199,
        886
      ]
    ],
    [
      [
        1200,
        886
      ]
    ],
    [
      [
        1201,
        885
      ]
    ],
    [
      [
        1201,
        883
      ]
    ],
    [
      [
        1202,
        882
      ]
    ],
    [
      [
        1203,
        882
      ]
    ],
    [
      [
        1203,
        881
      ]
    ],
    [
      [
        1206,
        878
      ]
    ],
    [
      [
        1206,
        877
      ]
    ],
    [
      [
        1212,
        871
      ]
    ],
    [
      [
        1212,
        870
      ]
    ],
    [
      [
        1217,
        865
      ]
    ],
    [
      [
        1217,
        864
      ]
    ],
    [
      [
        1219,
        862
      ]
    ],
    [
      [
        1219,
        861
      ]
    ],
    [
      [
        1225,
        855
      ]
    ],
    [
      [
        1225,
        854
      ]
    ],
    [
      [
        1229,
        850
      ]
    ],
    [
      [
        1229,
        849
      ]
    ],
    [
      [
        1232,
        846
      ]
    ],
    [
      [
        1232,
        845
      ]
    ],
    [
      [
        1239,
        838
      ]
    ],
    [
      [
        1239,
        837
      ]
    ],
    [
      [
        1243,
        833
      ]
    ],
    [
      [
        1243,
        832
      ]
    ],
    [
      [
        1245,
        830
      ]
    ],
    [
      [
        1246,
        830
      ]
    ],
    [
      [
        1247,
        829
      ]
    ],
    [
      [
        1247,
        827
      ]
    ],
    [
      [
        1251,
        823
      ]
    ],
    [
      [
        1251,
        822
      ]
    ],
    [
      [
        1254,
        819
      ]
    ],
    [
      [
        1254,
        818
      ]
    ],
    [
      [
        1263,
        809
      ]
    ],
    [
      [
        1263,
        808
      ]
    ],
    [
      [
        1265,
        806
      ]
    ],
    [
      [
        1265,
        805
      ]
    ],
    [
      [
        1268,
        802
      ]
    ],
    [
      [
        1269,
        802
      ]
    ],
    [
      [
        1270,
        801
      ]
    ],
    [
      [
        1270,
        800
      ]
    ],
    [
      [
        1271,
        799
      ]
    ],
    [
      [
        1271,
        798
      ]
    ],
    [
      [
        1277,
        792
      ]
    ],
    [
      [
        1277,
        791
      ]
    ],
    [
      [
        1279,
        789
      ]
    ],
    [
      [
        1279,
        788
      ]
    ],
    [
      [
        1281,
        786
      ]
    ],
    [
      [
        1281,
        785
      ]
    ],
    [
      [
        1283,
        783
      ]
    ],
    [
      [
        1284,
        783
      ]
    ],
    [
      [
        1285,
        782
      ]
    ],
    [
      [
        1285,
        781
      ]
    ],
    [
      [
        1289,
        777
      ]
    ],
    [
      [
        1289,
        776
      ]
    ],
    [
      [
        1292,
        773
      ]
    ],
    [
      [
        1292,
        772
      ]
    ],
    [
      [
        1293,
        771
      ]
    ],
    [
      [
        1294,
        771
      ]
    ],
    [
      [
        1294,
        770
      ]
    ],
    [
      [
        1296,
        768
      ]
    ],
    [
      [
        1297,
        768
      ]
    ],
    [
      [
        1297,
        767
      ]
    ],
    [
      [
        1299,
        765
      ]
    ],
    [
      [
        1299,
        763
      ]
    ],
    [
      [
        1302,
        760
      ]
    ],
    [
      [
        1302,
        759
      ]
    ],
    [
      [
        1304,
        757
      ]
    ],
    [
      [
        1305,
        757
      ]
    ],
    [
      [
        1307,
        755
      ]
    ],
    [
      [
        1307,
        754
      ]
    ],
    [
      [
        1310,
        751
      ]
    ],
    [
      [
        1311,
        751
      ]
    ],
    [
      [
        1314,
        748
      ]
    ],
    [
      [
        1314,
        747
      ]
    ],
    [
      [
        1315,
        746
      ]
    ],
    [
      [
        1315,
        745
      ]
    ],
    [
      [
        1317,
        743
      ]
    ],
    [
      [
        1317,
        742
      ]
    ],
    [
      [
        1319,
        740
      ]
    ],
    [
      [
        1320,
        740
      ]
    ],
    [
      [
        1321,
        739
      ]
    ],
    [
      [
        1321,
        738
      ]
    ],
    [
      [
        1324,
        735
      ]
    ],
    [
      [
        1324,
        729
      ]
    ],
    [
      [
        1322,
        729
      ]
    ],
    [
      [
        1321,
        728
      ]
    ],
    [
      [
        1321,
        711
      ]
    ],
    [
      [
        1323,
        709
      ]
    ],
    [
      [
        1323,
        708
      ]
    ],
    [
      [
        1327,
        704
      ]
    ],
    [
      [
        1327,
        703
      ]
    ],
    [
      [
        1328,
        702
      ]
    ],
    [
      [
        1328,
        701
      ]
    ],
    [
      [
        1330,
        699
      ]
    ],
    [
      [
        1330,
        698
      ]
    ],
    [
      [
        1333,
        695
      ]
    ],
    [
      [
        1334,
        695
      ]
    ],
    [
      [
        1334,
        694
      ]
    ],
    [
      [
        1335,
        693
      ]
    ],
    [
      [
        1335,
        692
      ]
    ],
    [
      [
        1339,
        688
      ]
    ],
    [
      [
        1339,
        687
      ]
    ],
    [
      [
        1344,
        682
      ]
    ],
    [
      [
        1346,
        682
      ]
    ],
    [
      [
        1346,
        679
      ]
    ],
    [
      [
        1347,
        678
      ]
    ],
    [
      [
        1347,
        677
      ]
    ],
    [
      [
        1354,
        670
      ]
    ],
    [
      [
        1354,
        669
      ]
    ],
    [
      [
        1358,
        665
      ]
    ],
    [
      [
        1358,
        664
      ]
    ],
    [
      [
        1361,
        661
      ]
    ],
    [
      [
        1361,
        660
      ]
    ],
    [
      [
        1365,
        656
      ]
    ],
    [
      [
        1365,
        655
      ]
    ],
    [
      [
        1369,
        651
      ]
    ],
    [
      [
        1375,
        651
      ]
    ],
    [
      [
        1377,
        649
      ]
    ],
    [
      [
        1377,
        648
      ]
    ],
    [
      [
        1383,
        642
      ]
    ],
    [
      [
        1383,
        630
      ]
    ],
    [
      [
        1384,
        629
      ]
    ],
    [
      [
        1384,
        628
      ]
    ],
    [
      [
        1386,
        626
      ]
    ],
    [
      [
        1386,
        625
      ]
    ],
    [
      [
        1388,
        623
      ]
    ],
    [
      [
        1388,
        622
      ]
    ],
    [
      [
        1389,
        621
      ]
    ],
    [
      [
        1389,
        619
      ]
    ],
    [
      [
        1390,
        618
      ]
    ],
    [
      [
        1390,
        616
      ]
    ],
    [
      [
        1391,
        615
      ]
    ],
    [
      [
        1391,
        614
      ]
    ],
    [
      [
        1392,
        613
      ]
    ],
    [
      [
        1392,
        611
      ]
    ],
    [
      [
        1393,
        610
      ]
    ],
    [
      [
        1393,
        609
      ]
    ],
    [
      [
        1394,
        608
      ]
    ],
    [
      [
        1394,
        597
      ]
    ],
    [
      [
        1395,
        596
      ]
    ],
    [
      [
        1395,
        595
      ]
    ],
    [
      [
        1396,
        594
      ]
    ],
    [
      [
        1396,
        591
      ]
    ],
    [
      [
        1397,
        590
      ]
    ],
    [
      [
        1397,
        586
      ]
    ],
    [
      [
        1398,
        585
      ]
    ],
    [
      [
        1398,
        579
      ]
    ],
    [
      [
        1399,
        578
      ]
    ],
    [
      [
        1399,
        573
      ]
    ],
    [
      [
        1400,
        572
      ]
    ],
    [
      [
        1400,
        538
      ]
    ],
    [
      [
        1399,
        537
      ]
    ],
    [
      [
        1399,
        533
      ]
    ],
    [
      [
        1398,
        532
      ]
    ],
    [
      [
        1398,
        527
      ]
    ],
    [
      [
        1397,
        526
      ]
    ],
    [
      [
        1397,
        524
      ]
    ],
    [
      [
        1396,
        523
      ]
    ],
    [
      [
        1396,
        522
      ]
    ],
    [
      [
        1395,
        521
      ]
    ],
    [
      [
        1395,
        517
      ]
    ],
    [
      [
        1394,
        516
      ]
    ],
    [
      [
        1394,
        514
      ]
    ],
    [
      [
        1393,
        513
      ]
    ],
    [
      [
        1393,
        495
      ]
    ],
    [
      [
        1394,
        494
      ]
    ],
    [
      [
        1419,
        494
      ]
    ],
    [
      [
        1420,
        493
      ]
    ],
    [
      [
        1421,
        493
      ]
    ],
    [
      [
        1423,
        491
      ]
    ],
    [
      [
        1423,
        482
      ]
    ],
    [
      [
        1422,
        482
      ]
    ],
    [
      [
        1419,
        479
      ]
    ],
    [
      [
        1419,
        478
      ]
    ],
    [
      [
        1417,
        476
      ]
    ],
    [
      [
        1417,
        475
      ]
    ],
    [
      [
        1412,
        470
      ]
    ],
    [
      [
        1412,
        469
      ]
    ],
    [
      [
        1408,
        465
      ]
    ],
    [
      [
        1407,
        465
      ]
    ],
    [
      [
        1406,
        464
      ]
    ],
    [
      [
        1406,
        463
      ]
    ],
    [
      [
        1400,
        457
      ]
    ],
    [
      [
        1399,
        457
      ]
    ],
    [
      [
        1387,
        445
      ]
    ],
    [
      [
        1386,
        445
      ]
    ],
    [
      [
        1378,
        437
      ]
    ],
    [
      [
        1376,
        437
      ]
    ],
    [
      [
        1374,
        435
      ]
    ],
    [
      [
        1373,
        435
      ]
    ],
    [
      [
        1371,
        433
      ]
    ],
    [
      [
        1371,
        432
      ]
    ],
    [
      [
        1370,
        432
      ]
    ],
    [
      [
        1367,
        429
      ]
    ],
    [
      [
        1365,
        429
      ]
    ],
    [
      [
        1364,
        428
      ]
    ],
    [
      [
        1364,
        427
      ]
    ],
    [
      [
        1359,
        422
      ]
    ],
    [
      [
        1357,
        422
      ]
    ],
    [
      [
        1356,
        421
      ]
    ],
    [
      [
        1355,
        421
      ]
    ],
    [
      [
        1351,
        417
      ]
    ],
    [
      [
        1351,
        416
      ]
    ],
    [
      [
        1350,
        416
      ]
    ],
    [
      [
        1347,
        413
      ]
    ],
    [
      [
        1346,
        413
      ]
    ],
    [
      [
        1345,
        412
      ]
    ],
    [
      [
        1344,
        412
      ]
    ],
    [
      [
        1343,
        411
      ]
    ],
    [
      [
        1343,
        410
      ]
    ],
    [
      [
        1341,
        408
      ]
    ],
    [
      [
        1340,
        408
      ]
    ],
    [
      [
        1339,
        407
      ]
    ],
    [
      [
        1338,
        407
      ]
    ],
    [
      [
        1334,
        403
      ]
    ],
    [
      [
        1333,
        403
      ]
    ],
    [
      [
        1330,
        400
      ]
    ],
    [
      [
        1329,
        400
      ]
    ],
    [
      [
        1327,
        398
      ]
    ],
    [
      [
        1326,
        398
      ]
    ],
    [
      [
        1322,
        394
      ]
    ],
    [
      [
        1321,
        394
      ]
    ],
    [
      [
        1320,
        393
      ]
    ],
    [
      [
        1319,
        393
      ]
    ],
    [
      [
        1315,
        389
      ]
    ],
    [
      [
        1314,
        389
      ]
    ],
    [
      [
        1306,
        381
      ]
    ],
    [
      [
        1305,
        381
      ]
    ],
    [
      [
        1303,
        379
      ]
    ],
    [
      [
        1302,
        379
      ]
    ],
    [
      [
        1298,
        375
      ]
    ],
    [
      [
        1297,
        375
      ]
    ],
    [
      [
        1296,
        374
      ]
    ],
    [
      [
        1295,
        374
      ]
    ],
    [
      [
        1294,
        373
      ]
    ],
    [
      [
        1292,
        373
      ]
    ],
    [
      [
        1285,
        366
      ]
    ],
    [
      [
        1284,
        366
      ]
    ],
    [
      [
        1283,
        365
      ]
    ],
    [
      [
        1282,
        365
      ]
    ],
    [
      [
        1280,
        363
      ]
    ],
    [
      [
        1279,
        363
      ]
    ],
    [
      [
        1276,
        360
      ]
    ],
    [
      [
        1275,
        360
      ]
    ],
    [
      [
        1272,
        357
      ]
    ],
    [
      [
        1271,
        357
      ]
    ],
    [
      [
        1269,
        355
      ]
    ],
    [
      [
        1268,
        355
      ]
    ],
    [
      [
        1266,
        353
      ]
    ],
    [
      [
        1265,
        353
      ]
    ],
    [
      [
        1261,
        349
      ]
    ],
    [
      [
        1260,
        349
      ]
    ],
    [
      [
        1258,
        347
      ]
    ],
    [
      [
        1257,
        347
      ]
    ],
    [
      [
        1255,
        345
      ]
    ],
    [
      [
        1254,
        345
      ]
    ],
    [
      [
        1250,
        341
      ]
    ],
    [
      [
        1249,
        341
      ]
    ],
    [
      [
        1243,
        335
      ]
    ],
    [
      [
        1242,
        335
      ]
    ],
    [
      [
        1241,
        334
      ]
    ],
    [
      [
        1240,
        334
      ]
    ],
    [
      [
        1236,
        330
      ]
    ],
    [
      [
        1235,
        330
      ]
    ],
    [
      [
        1231,
        326
      ]
    ],
    [
      [
        1229,
        326
      ]
    ],
    [
      [
        1221,
        318
      ]
    ],
    [
      [
        1220,
        318
      ]
    ],
    [
      [
        1214,
        312
      ]
    ],
    [
      [
        1212,
        312
      ]
    ],
    [
      [
        1208,
        308
      ]
    ],
    [
      [
        1207,
        308
      ]
    ],
    [
      [
        1206,
        307
      ]
    ],
    [
      [
        1205,
        307
      ]
    ],
    [
      [
        1201,
        303
      ]
    ],
    [
      [
        1200,
        303
      ]
    ],
    [
      [
        1198,
        301
      ]
    ],
    [
      [
        1197,
        301
      ]
    ],
    [
      [
        1195,
        299
      ]
    ],
    [
      [
        1194,
        299
      ]
    ],
    [
      [
        1192,
        297
      ]
    ],
    [
      [
        1191,
        297
      ]
    ],
    [
      [
        1186,
        292
      ]
    ],
    [
      [
        1185,
        292
      ]
    ],
    [
      [
        1183,
        290
      ]
    ],
    [
      [
        1183,
        289
      ]
    ],
    [
      [
        1182,
        288
      ]
    ],
    [
      [
        1181,
        288
      ]
    ],
    [
      [
        1180,
        287
      ]
    ],
    [
      [
        1178,
        287
      ]
    ],
    [
      [
        1176,
        285
      ]
    ],
    [
      [
        1175,
        285
      ]
    ],
    [
      [
        1174,
        284
      ]
    ],
    [
      [
        1174,
        283
      ]
    ],
    [
      [
        1168,
        283
      ]
    ],
    [
      [
        1168,
        294
      ]
    ],
    [
      [
        1167,
        295
      ]
    ],
    [
      [
        1149,
        295
      ]
    ],
    [
      [
        1147,
        293
      ]
    ],
    [
      [
        1147,
        292
      ]
    ],
    [
      [
        1146,
        291
      ]
    ],
    [
      [
        1146,
        285
      ]
    ],
    [
      [
        1144,
        285
      ]
    ],
    [
      [
        1141,
        282
      ]
    ],
    [
      [
        1141,
        281
      ]
    ],
    [
      [
        1140,
        281
      ]
    ],
    [
      [
        1138,
        279
      ]
    ],
    [
      [
        1137,
        279
      ]
    ],
    [
      [
        1135,
        277
      ]
    ],
    [
      [
        1134,
        277
      ]
    ],
    [
      [
        1133,
        276
      ]
    ],
    [
      [
        1133,
        256
      ]
    ],
    [
      [
        1131,
        254
      ]
    ],
    [
      [
        1130,
        254
      ]
    ],
    [
      [
        1128,
        252
      ]
    ],
    [
      [
        1127,
        252
      ]
    ],
    [
      [
        1121,
        246
      ]
    ],
    [
      [
        1120,
        246
      ]
    ],
    [
      [
        1118,
        244
      ]
    ],
    [
      [
        1117,
        244
      ]
    ],
    [
      [
        1115,
        242
      ]
    ],
    [
      [
        1115,
        241
      ]
    ],
    [
      [
        1114,
        241
      ]
    ],
    [
      [
        1110,
        237
      ]
    ],
    [
      [
        1109,
        237
      ]
    ],
    [
      [
        1106,
        234
      ]
    ],
    [
      [
        1105,
        234
      ]
    ],
    [
      [
        1101,
        230
      ]
    ],
    [
      [
        1100,
        230
      ]
    ],
    [
      [
        1097,
        227
      ]
    ],
    [
      [
        1096,
        227
      ]
    ],
    [
      [
        1094,
        225
      ]
    ],
    [
      [
        1094,
        224
      ]
    ],
    [
      [
        1092,
        222
      ]
    ],
    [
      [
        1090,
        222
      ]
    ],
    [
      [
        1088,
        220
      ]
    ],
    [
      [
        1087,
        220
      ]
    ],
    [
      [
        1086,
        219
      ]
    ],
    [
      [
        1085,
        219
      ]
    ],
    [
      [
        1080,
        214
      ]
    ],
    [
      [
        1079,
        214
      ]
    ],
    [
      [
        1078,
        213
      ]
    ],
    [
      [
        1077,
        213
      ]
    ],
    [
      [
        1076,
        212
      ]
    ],
    [
      [
        1076,
        211
      ]
    ],
    [
      [
        1073,
        208
      ]
    ],
    [
      [
        1072,
        208
      ]
    ],
    [
      [
        1070,
        206
      ]
    ],
    [
      [
        1062,
        206
      ]
    ],
    [
      [
        1062,
        209
      ]
    ],
    [
      [
        1061,
        210
      ]
    ],
    [
      [
        1044,
        210
      ]
    ],
    [
      [
        1043,
        209
      ]
    ],
    [
      [
        1043,
        208
      ]
    ],
    [
      [
        1042,
        207
      ]
    ],
    [
      [
        1041,
        207
      ]
    ],
    [
      [
        1038,
        204
      ]
    ],
    [
      [
        1038,
        189
      ]
    ],
    [
      [
        1037,
        188
      ]
    ],
    [
      [
        1035,
        188
      ]
    ],
    [
      [
        1032,
        185
      ]
    ],
    [
      [
        1031,
        185
      ]
    ],
    [
      [
        1030,
        184
      ]
    ],
    [
      [
        1030,
        179
      ]
    ],
    [
      [
        1029,
        178
      ]
    ],
    [
      [
        1029,
        177
      ]
    ],
    [
      [
        1028,
        176
      ]
    ],
    [
      [
        1027,
        176
      ]
    ],
    [
      [
        1024,
        173
      ]
    ],
    [
      [
        1023,
        173
      ]
    ],
    [
      [
        1021,
        171
      ]
    ],
    [
      [
        1020,
        171
      ]
    ],
    [
      [
        1014,
        165
      ]
    ],
    [
      [
        1014,
        161
      ]
    ],
    [
      [
        1013,
        161
      ]
    ],
    [
      [
        1012,
        160
      ]
    ],
    [
      [
        1011,
        160
      ]
    ],
    [
      [
        1010,
        159
      ]
    ],
    [
      [
        1010,
        158
      ]
    ],
    [
      [
        1009,
        157
      ]
    ],
    [
      [
        1008,
        157
      ]
    ],
    [
      [
        1007,
        156
      ]
    ],
    [
      [
        1007,
        151
      ]
    ],
    [
      [
        1006,
        151
      ]
    ],
    [
      [
        1001,
        146
      ]
    ],
    [
      [
        1000,
        146
      ]
    ],
    [
      [
        997,
        143
      ]
    ],
    [
      [
        996,
        143
      ]
    ],
    [
      [
        993,
        140
      ]
    ],
    [
      [
        993,
        139
      ]
    ],
    [
      [
        992,
        139
      ]
    ],
    [
      [
        991,
        138
      ]
    ],
    [
      [
        990,
        138
      ]
    ],
    [
      [
        989,
        137
      ]
    ],
    [
      [
        988,
        137
      ]
    ],
    [
      [
        987,
        136
      ]
    ],
    [
      [
        986,
        136
      ]
    ],
    [
      [
        983,
        133
      ]
    ],
    [
      [
        982,
        133
      ]
    ],
    [
      [
        981,
        132
      ]
    ],
    [
      [
        981,
        131
      ]
    ],
    [
      [
        977,
        127
      ]
    ],
    [
      [
        976,
        127
      ]
    ],
    [
      [
        975,
        126
      ]
    ],
    [
      [
        973,
        126
      ]
    ],
    [
      [
        972,
        125
      ]
    ],
    [
      [
        972,
        124
      ]
    ],
    [
      [
        971,
        124
      ]
    ],
    [
      [
        963,
        116
      ]
    ],
    [
      [
        962,
        116
      ]
    ],
    [
      [
        956,
        110
      ]
    ],
    [
      [
        954,
        110
      ]
    ],
    [
      [
        952,
        108
      ]
    ],
    [
      [
        952,
        107
      ]
    ],
    [
      [
        951,
        106
      ]
    ],
    [
      [
        950,
        106
      ]
    ],
    [
      [
        949,
        105
      ]
    ],
    [
      [
        948,
        105
      ]
    ],
    [
      [
        944,
        101
      ]
    ],
    [
      [
        943,
        101
      ]
    ],
    [
      [
        941,
        99
      ]
    ],
    [
      [
        940,
        99
      ]
    ],
    [
      [
        935,
        94
      ]
    ],
    [
      [
        933,
        94
      ]
    ],
    [
      [
        928,
        89
      ]
    ],
    [
      [
        927,
        89
      ]
    ],
    [
      [
        925,
        87
      ]
    ],
    [
      [
        924,
        87
      ]
    ],
    [
      [
        921,
        84
      ]
    ],
    [
      [
        921,
        83
      ]
    ],
    [
      [
        920,
        83
      ]
    ],
    [
      [
        919,
        82
      ]
    ],
    [
      [
        917,
        82
      ]
    ],
    [
      [
        915,
        80
      ]
    ],
    [
      [
        915,
        79
      ]
    ],
    [
      [
        914,
        79
      ]
    ],
    [
      [
        909,
        74
      ]
    ],
    [
      [
        909,
        73
      ]
    ],
    [
      [
        906,
        73
      ]
    ],
    [
      [
        905,
        72
      ]
    ],
    [
      [
        904,
        72
      ]
    ],
    [
      [
        901,
        69
      ]
    ],
    [
      [
        899,
        69
      ]
    ],
    [
      [
        895,
        65
      ]
    ],
    [
      [
        893,
        65
      ]
    ],
    [
      [
        891,
        63
      ]
    ],
    [
      [
        890,
        63
      ]
    ],
    [
      [
        889,
        62
      ]
    ],
    [
      [
        888,
        62
      ]
    ],
    [
      [
        887,
        61
      ]
    ],
    [
      [
        887,
        60
      ]
    ],
    [
      [
        886,
        60
      ]
    ],
    [
      [
        885,
        59
      ]
    ],
    [
      [
        884,
        59
      ]
    ],
    [
      [
        882,
        57
      ]
    ],
    [
      [
        882,
        54
      ]
    ],
    [
      [
        876,
        54
      ]
    ],
    [
      [
        873,
        51
      ]
    ],
    [
      [
        872,
        51
      ]
    ],
    [
      [
        871,
        50
      ]
    ],
    [
      [
        870,
        50
      ]
    ],
    [
      [
        868,
        48
      ]
    ],
    [
      [
        866,
        48
      ]
    ],
    [
      [
        865,
        47
      ]
    ],
    [
      [
        863,
        47
      ]
    ],
    [
      [
        859,
        43
      ]
    ],
    [
      [
        857,
        43
      ]
    ],
    [
      [
        856,
        42
      ]
    ]
  ],
  "segment_square_corners": [
    [
      372.2423400878906,
      555.5394287109375
    ],
    [
      779.7210693359375,
      0.0
    ],
    [
      1497.4559326171875,
      490.5440673828125
    ],
    [
      1089.9771728515625,
      1064.8145751953125
    ]
  ],
  "phrases": [
    "box",
    "tangerine",
    "tangerine",
    "tangerine",
    "tangerine"
  ],
  "selected_bbox": [
    0.47335466742515564,
    0.49296286702156067,
    0.5285965204238892,
    0.8968218564987183
  ]
}