{
  "timestamp": 1761056150.7737489,
  "session_id": "session_20251021_211452_51253c84",
  "supplier_id": "",
  "qr_data": "695991",
  "qr_items": {
    "tangerine": 4
  },
  "qr_corners": [
    [
      739.0,
      722.0
    ],
    [
      702.0,
      807.0
    ],
    [
      616.0,
      767.0
    ],
    [
      649.0,
      685.0
    ]
  ],
  "segment_corners": [
    [
      [
        808,
        14
      ]
    ],
    [
      [
        807,
        15
      ]
    ],
    [
      [
        805,
        15
      ]
    ],
    [
      [
        803,
        17
      ]
    ],
    [
      [
        801,
        17
      ]
    ],
    [
      [
        801,
        20
      ]
    ],
    [
      [
        800,
        21
      ]
    ],
    [
      [
        796,
        21
      ]
    ],
    [
      [
        795,
        22
      ]
    ],
    [
      [
        793,
        22
      ]
    ],
    [
      [
        792,
        23
      ]
    ],
    [
      [
        790,
        23
      ]
    ],
    [
      [
        788,
        25
      ]
    ],
    [
      [
        786,
        25
      ]
    ],
    [
      [
        785,
        26
      ]
    ],
    [
      [
        784,
        26
      ]
    ],
    [
      [
        779,
        31
      ]
    ],
    [
      [
        779,
        35
      ]
    ],
    [
      [
        778,
        36
      ]
    ],
    [
      [
        776,
        36
      ]
    ],
    [
      [
        776,
        40
      ]
    ],
    [
      [
        775,
        41
      ]
    ],
    [
      [
        775,
        42
      ]
    ],
    [
      [
        774,
        43
      ]
    ],
    [
      [
        774,
        44
      ]
    ],
    [
      [
        771,
        47
      ]
    ],
    [
      [
        771,
        49
      ]
    ],
    [
      [
        770,
        50
      ]
    ],
    [
      [
        770,
        51
      ]
    ],
    [
      [
        769,
        52
      ]
    ],
    [
      [
        769,
        54
      ]
    ],
    [
      [
        767,
        56
      ]
    ],
    [
      [
        767,
        58
      ]
    ],
    [
      [
        766,
        59
      ]
    ],
    [
      [
        766,
        60
      ]
    ],
    [
      [
        765,
        61
      ]
    ],
    [
      [
        765,
        63
      ]
    ],
    [
      [
        764,
        64
      ]
    ],
    [
      [
        764,
        65
      ]
    ],
    [
      [
        763,
        66
      ]
    ],
    [
      [
        763,
        68
      ]
    ],
    [
      [
        761,
        70
      ]
    ],
    [
      [
        761,
        72
      ]
    ],
    [
      [
        760,
        73
      ]
    ],
    [
      [
        760,
        75
      ]
    ],
    [
      [
        758,
        77
      ]
    ],
    [
      [
        758,
        79
      ]
    ],
    [
      [
        757,
        80
      ]
    ],
    [
      [
        757,
        81
      ]
    ],
    [
      [
        755,
        83
      ]
    ],
    [
      [
        755,
        86
      ]
    ],
    [
      [
        754,
        87
      ]
    ],
    [
      [
        754,
        89
      ]
    ],
    [
      [
        752,
        91
      ]
    ],
    [
      [
        752,
        92
      ]
    ],
    [
      [
        751,
        93
      ]
    ],
    [
      [
        751,
        104
      ]
    ],
    [
      [
        760,
        104
      ]
    ],
    [
      [
        761,
        103
      ]
    ],
    [
      [
        764,
        103
      ]
    ],
    [
      [
        764,
        93
      ]
    ],
    [
      [
        765,
        92
      ]
    ],
    [
      [
        782,
        92
      ]
    ],
    [
      [
        783,
        93
      ]
    ],
    [
      [
        783,
        110
      ]
    ],
    [
      [
        782,
        111
      ]
    ],
    [
      [
        779,
        111
      ]
    ],
    [
      [
        779,
        131
      ]
    ],
    [
      [
        777,
        133
      ]
    ],
    [
      [
        775,
        133
      ]
    ],
    [
      [
        774,
        134
      ]
    ],
    [
      [
        772,
        134
      ]
    ],
    [
      [
        772,
        135
      ]
    ],
    [
      [
        771,
        136
      ]
    ],
    [
      [
        769,
        136
      ]
    ],
    [
      [
        769,
        140
      ]
    ],
    [
      [
        767,
        142
      ]
    ],
    [
      [
        766,
        142
      ]
    ],
    [
      [
        766,
        143
      ]
    ],
    [
      [
        764,
        145
      ]
    ],
    [
      [
        761,
        145
      ]
    ],
    [
      [
        761,
        159
      ]
    ],
    [
      [
        760,
        160
      ]
    ],
    [
      [
        742,
        160
      ]
    ],
    [
      [
        740,
        158
      ]
    ],
    [
      [
        740,
        141
      ]
    ],
    [
      [
        741,
        140
      ]
    ],
    [
      [
        741,
        138
      ]
    ],
    [
      [
        742,
        137
      ]
    ],
    [
      [
        742,
        135
      ]
    ],
    [
      [
        743,
        134
      ]
    ],
    [
      [
        746,
        134
      ]
    ],
    [
      [
        746,
        127
      ]
    ],
    [
      [
        747,
        126
      ]
    ],
    [
      [
        747,
        125
      ]
    ],
    [
      [
        748,
        124
      ]
    ],
    [
      [
        748,
        121
      ]
    ],
    [
      [
        749,
        120
      ]
    ],
    [
      [
        749,
        113
      ]
    ],
    [
      [
        743,
        113
      ]
    ],
    [
      [
        742,
        114
      ]
    ],
    [
      [
        742,
        115
      ]
    ],
    [
      [
        741,
        116
      ]
    ],
    [
      [
        741,
        120
      ]
    ],
    [
      [
        740,
        121
      ]
    ],
    [
      [
        740,
        122
      ]
    ],
    [
      [
        739,
        123
      ]
    ],
    [
      [
        739,
        124
      ]
    ],
    [
      [
        738,
        125
      ]
    ],
    [
      [
        738,
        126
      ]
    ],
    [
      [
        736,
        128
      ]
    ],
    [
      [
        736,
        131
      ]
    ],
    [
      [
        735,
        132
      ]
    ],
    [
      [
        735,
        133
      ]
    ],
    [
      [
        734,
        134
      ]
    ],
    [
      [
        734,
        136
      ]
    ],
    [
      [
        733,
        137
      ]
    ],
    [
      [
        733,
        139
      ]
    ],
    [
      [
        732,
        140
      ]
    ],
    [
      [
        732,
        141
      ]
    ],
    [
      [
        730,
        143
      ]
    ],
    [
      [
        730,
        144
      ]
    ],
    [
      [
        729,
        145
      ]
    ],
    [
      [
        729,
        146
      ]
    ],
    [
      [
        728,
        147
      ]
    ],
    [
      [
        728,
        148
      ]
    ],
    [
      [
        727,
        149
      ]
    ],
    [
      [
        727,
        151
      ]
    ],
    [
      [
        726,
        152
      ]
    ],
    [
      [
        726,
        153
      ]
    ],
    [
      [
        722,
        157
      ]
    ],
    [
      [
        721,
        157
      ]
    ],
    [
      [
        721,
        175
      ]
    ],
    [
      [
        720,
        176
      ]
    ],
    [
      [
        719,
        176
      ]
    ],
    [
      [
        718,
        177
      ]
    ],
    [
      [
        718,
        180
      ]
    ],
    [
      [
        717,
        181
      ]
    ],
    [
      [
        717,
        183
      ]
    ],
    [
      [
        713,
        187
      ]
    ],
    [
      [
        713,
        193
      ]
    ],
    [
      [
        722,
        193
      ]
    ],
    [
      [
        722,
        190
      ]
    ],
    [
      [
        723,
        189
      ]
    ],
    [
      [
        723,
        188
      ]
    ],
    [
      [
        724,
        187
      ]
    ],
    [
      [
        741,
        187
      ]
    ],
    [
      [
        742,
        188
      ]
    ],
    [
      [
        742,
        206
      ]
    ],
    [
      [
        740,
        208
      ]
    ],
    [
      [
        735,
        208
      ]
    ],
    [
      [
        735,
        211
      ]
    ],
    [
      [
        732,
        214
      ]
    ],
    [
      [
        732,
        216
      ]
    ],
    [
      [
        731,
        217
      ]
    ],
    [
      [
        731,
        219
      ]
    ],
    [
      [
        730,
        220
      ]
    ],
    [
      [
        730,
        233
      ]
    ],
    [
      [
        731,
        234
      ]
    ],
    [
      [
        731,
        236
      ]
    ],
    [
      [
        734,
        236
      ]
    ],
    [
      [
        735,
        237
      ]
    ],
    [
      [
        735,
        257
      ]
    ],
    [
      [
        734,
        258
      ]
    ],
    [
      [
        734,
        260
      ]
    ],
    [
      [
        733,
        261
      ]
    ],
    [
      [
        733,
        262
      ]
    ],
    [
      [
        732,
        263
      ]
    ],
    [
      [
        732,
        264
      ]
    ],
    [
      [
        731,
        265
      ]
    ],
    [
      [
        731,
        266
      ]
    ],
    [
      [
        730,
        267
      ]
    ],
    [
      [
        730,
        268
      ]
    ],
    [
      [
        729,
        269
      ]
    ],
    [
      [
        729,
        272
      ]
    ],
    [
      [
        728,
        273
      ]
    ],
    [
      [
        728,
        275
      ]
    ],
    [
      [
        727,
        276
      ]
    ],
    [
      [
        727,
        277
      ]
    ],
    [
      [
        726,
        278
      ]
    ],
    [
      [
        726,
        280
      ]
    ],
    [
      [
        725,
        281
      ]
    ],
    [
      [
        725,
        283
      ]
    ],
    [
      [
        724,
        284
      ]
    ],
    [
      [
        724,
        285
      ]
    ],
    [
      [
        722,
        287
      ]
    ],
    [
      [
        722,
        289
      ]
    ],
    [
      [
        721,
        290
      ]
    ],
    [
      [
        715,
        290
      ]
    ],
    [
      [
        715,
        294
      ]
    ],
    [
      [
        714,
        295
      ]
    ],
    [
      [
        704,
        295
      ]
    ],
    [
      [
        703,
        296
      ]
    ],
    [
      [
        700,
        296
      ]
    ],
    [
      [
        699,
        297
      ]
    ],
    [
      [
        699,
        299
      ]
    ],
    [
      [
        698,
        300
      ]
    ],
    [
      [
        698,
        309
      ]
    ],
    [
      [
        697,
        310
      ]
    ],
    [
      [
        679,
        310
      ]
    ],
    [
      [
        679,
        312
      ]
    ],
    [
      [
        678,
        313
      ]
    ],
    [
      [
        676,
        313
      ]
    ],
    [
      [
        676,
        317
      ]
    ],
    [
      [
        675,
        318
      ]
    ],
    [
      [
        669,
        318
      ]
    ],
    [
      [
        666,
        321
      ]
    ],
    [
      [
        666,
        323
      ]
    ],
    [
      [
        665,
        324
      ]
    ],
    [
      [
        665,
        326
      ]
    ],
    [
      [
        663,
        328
      ]
    ],
    [
      [
        663,
        329
      ]
    ],
    [
      [
        662,
        330
      ]
    ],
    [
      [
        662,
        334
      ]
    ],
    [
      [
        659,
        337
      ]
    ],
    [
      [
        655,
        337
      ]
    ],
    [
      [
        655,
        342
      ]
    ],
    [
      [
        654,
        343
      ]
    ],
    [
      [
        654,
        351
      ]
    ],
    [
      [
        653,
        352
      ]
    ],
    [
      [
        653,
        355
      ]
    ],
    [
      [
        652,
        356
      ]
    ],
    [
      [
        652,
        359
      ]
    ],
    [
      [
        651,
        360
      ]
    ],
    [
      [
        651,
        361
      ]
    ],
    [
      [
        648,
        364
      ]
    ],
    [
      [
        648,
        366
      ]
    ],
    [
      [
        647,
        367
      ]
    ],
    [
      [
        646,
        367
      ]
    ],
    [
      [
        646,
        372
      ]
    ],
    [
      [
        645,
        373
      ]
    ],
    [
      [
        645,
        374
      ]
    ],
    [
      [
        643,
        376
      ]
    ],
    [
      [
        643,
        378
      ]
    ],
    [
      [
        642,
        379
      ]
    ],
    [
      [
        642,
        381
      ]
    ],
    [
      [
        641,
        382
      ]
    ],
    [
      [
        641,
        383
      ]
    ],
    [
      [
        640,
        384
      ]
    ],
    [
      [
        640,
        385
      ]
    ],
    [
      [
        639,
        386
      ]
    ],
    [
      [
        639,
        389
      ]
    ],
    [
      [
        638,
        390
      ]
    ],
    [
      [
        638,
        392
      ]
    ],
    [
      [
        637,
        393
      ]
    ],
    [
      [
        637,
        397
      ]
    ],
    [
      [
        636,
        398
      ]
    ],
    [
      [
        634,
        398
      ]
    ],
    [
      [
        634,
        399
      ]
    ],
    [
      [
        633,
        400
      ]
    ],
    [
      [
        633,
        403
      ]
    ],
    [
      [
        632,
        404
      ]
    ],
    [
      [
        632,
        407
      ]
    ],
    [
      [
        631,
        408
      ]
    ],
    [
      [
        631,
        410
      ]
    ],
    [
      [
        630,
        411
      ]
    ],
    [
      [
        630,
        413
      ]
    ],
    [
      [
        629,
        414
      ]
    ],
    [
      [
        629,
        416
      ]
    ],
    [
      [
        628,
        417
      ]
    ],
    [
      [
        628,
        419
      ]
    ],
    [
      [
        625,
        422
      ]
    ],
    [
      [
        625,
        426
      ]
    ],
    [
      [
        623,
        428
      ]
    ],
    [
      [
        623,
        430
      ]
    ],
    [
      [
        621,
        432
      ]
    ],
    [
      [
        621,
        435
      ]
    ],
    [
      [
        620,
        436
      ]
    ],
    [
      [
        620,
        437
      ]
    ],
    [
      [
        619,
        438
      ]
    ],
    [
      [
        619,
        440
      ]
    ],
    [
      [
        617,
        442
      ]
    ],
    [
      [
        617,
        445
      ]
    ],
    [
      [
        616,
        446
      ]
    ],
    [
      [
        614,
        446
      ]
    ],
    [
      [
        611,
        449
      ]
    ],
    [
      [
        611,
        461
      ]
    ],
    [
      [
        610,
        462
      ]
    ],
    [
      [
        610,
        463
      ]
    ],
    [
      [
        607,
        466
      ]
    ],
    [
      [
        607,
        468
      ]
    ],
    [
      [
        606,
        469
      ]
    ],
    [
      [
        605,
        469
      ]
    ],
    [
      [
        605,
        475
      ]
    ],
    [
      [
        604,
        476
      ]
    ],
    [
      [
        604,
        477
      ]
    ],
    [
      [
        603,
        478
      ]
    ],
    [
      [
        603,
        479
      ]
    ],
    [
      [
        602,
        480
      ]
    ],
    [
      [
        602,
        482
      ]
    ],
    [
      [
        601,
        483
      ]
    ],
    [
      [
        601,
        486
      ]
    ],
    [
      [
        600,
        487
      ]
    ],
    [
      [
        600,
        488
      ]
    ],
    [
      [
        599,
        489
      ]
    ],
    [
      [
        599,
        491
      ]
    ],
    [
      [
        598,
        492
      ]
    ],
    [
      [
        598,
        493
      ]
    ],
    [
      [
        597,
        494
      ]
    ],
    [
      [
        597,
        496
      ]
    ],
    [
      [
        595,
        498
      ]
    ],
    [
      [
        595,
        500
      ]
    ],
    [
      [
        594,
        501
      ]
    ],
    [
      [
        594,
        504
      ]
    ],
    [
      [
        593,
        505
      ]
    ],
    [
      [
        593,
        506
      ]
    ],
    [
      [
        592,
        507
      ]
    ],
    [
      [
        590,
        507
      ]
    ],
    [
      [
        590,
        517
      ]
    ],
    [
      [
        588,
        519
      ]
    ],
    [
      [
        588,
        521
      ]
    ],
    [
      [
        587,
        522
      ]
    ],
    [
      [
        587,
        523
      ]
    ],
    [
      [
        586,
        524
      ]
    ],
    [
      [
        586,
        525
      ]
    ],
    [
      [
        585,
        526
      ]
    ],
    [
      [
        585,
        527
      ]
    ],
    [
      [
        583,
        529
      ]
    ],
    [
      [
        583,
        530
      ]
    ],
    [
      [
        582,
        531
      ]
    ],
    [
      [
        582,
        532
      ]
    ],
    [
      [
        581,
        533
      ]
    ],
    [
      [
        581,
        534
      ]
    ],
    [
      [
        580,
        535
      ]
    ],
    [
      [
        580,
        546
      ]
    ],
    [
      [
        595,
        546
      ]
    ],
    [
      [
        596,
        547
      ]
    ],
    [
      [
        596,
        553
      ]
    ],
    [
      [
        597,
        554
      ]
    ],
    [
      [
        597,
        588
      ]
    ],
    [
      [
        596,
        589
      ]
    ],
    [
      [
        596,
        590
      ]
    ],
    [
      [
        595,
        591
      ]
    ],
    [
      [
        595,
        593
      ]
    ],
    [
      [
        594,
        594
      ]
    ],
    [
      [
        594,
        596
      ]
    ],
    [
      [
        592,
        598
      ]
    ],
    [
      [
        592,
        601
      ]
    ],
    [
      [
        591,
        602
      ]
    ],
    [
      [
        591,
        604
      ]
    ],
    [
      [
        590,
        605
      ]
    ],
    [
      [
        590,
        606
      ]
    ],
    [
      [
        589,
        607
      ]
    ],
    [
      [
        589,
        608
      ]
    ],
    [
      [
        588,
        609
      ]
    ],
    [
      [
        588,
        611
      ]
    ],
    [
      [
        587,
        612
      ]
    ],
    [
      [
        575,
        612
      ]
    ],
    [
      [
        575,
        613
      ]
    ],
    [
      [
        574,
        614
      ]
    ],
    [
      [
        574,
        621
      ]
    ],
    [
      [
        573,
        622
      ]
    ],
    [
      [
        573,
        629
      ]
    ],
    [
      [
        572,
        630
      ]
    ],
    [
      [
        571,
        630
      ]
    ],
    [
      [
        571,
        633
      ]
    ],
    [
      [
        570,
        634
      ]
    ],
    [
      [
        570,
        636
      ]
    ],
    [
      [
        569,
        637
      ]
    ],
    [
      [
        569,
        638
      ]
    ],
    [
      [
        568,
        639
      ]
    ],
    [
      [
        567,
        639
      ]
    ],
    [
      [
        567,
        655
      ]
    ],
    [
      [
        566,
        656
      ]
    ],
    [
      [
        546,
        656
      ]
    ],
    [
      [
        545,
        655
      ]
    ],
    [
      [
        545,
        653
      ]
    ],
    [
      [
        544,
        652
      ]
    ],
    [
      [
        538,
        652
      ]
    ],
    [
      [
        537,
        653
      ]
    ],
    [
      [
        537,
        655
      ]
    ],
    [
      [
        536,
        656
      ]
    ],
    [
      [
        535,
        656
      ]
    ],
    [
      [
        535,
        663
      ]
    ],
    [
      [
        534,
        664
      ]
    ],
    [
      [
        527,
        664
      ]
    ],
    [
      [
        525,
        666
      ]
    ],
    [
      [
        525,
        667
      ]
    ],
    [
      [
        523,
        669
      ]
    ],
    [
      [
        523,
        670
      ]
    ],
    [
      [
        522,
        671
      ]
    ],
    [
      [
        522,
        673
      ]
    ],
    [
      [
        521,
        674
      ]
    ],
    [
      [
        521,
        676
      ]
    ],
    [
      [
        520,
        677
      ]
    ],
    [
      [
        520,
        679
      ]
    ],
    [
      [
        519,
        680
      ]
    ],
    [
      [
        519,
        681
      ]
    ],
    [
      [
        518,
        682
      ]
    ],
    [
      [
        518,
        684
      ]
    ],
    [
      [
        517,
        685
      ]
    ],
    [
      [
        517,
        687
      ]
    ],
    [
      [
        516,
        688
      ]
    ],
    [
      [
        516,
        689
      ]
    ],
    [
      [
        515,
        690
      ]
    ],
    [
      [
        515,
        692
      ]
    ],
    [
      [
        514,
        693
      ]
    ],
    [
      [
        514,
        696
      ]
    ],
    [
      [
        513,
        697
      ]
    ],
    [
      [
        513,
        698
      ]
    ],
    [
      [
        512,
        699
      ]
    ],
    [
      [
        512,
        702
      ]
    ],
    [
      [
        510,
        704
      ]
    ],
    [
      [
        510,
        707
      ]
    ],
    [
      [
        509,
        708
      ]
    ],
    [
      [
        509,
        709
      ]
    ],
    [
      [
        508,
        710
      ]
    ],
    [
      [
        508,
        713
      ]
    ],
    [
      [
        507,
        714
      ]
    ],
    [
      [
        507,
        716
      ]
    ],
    [
      [
        505,
        718
      ]
    ],
    [
      [
        505,
        722
      ]
    ],
    [
      [
        504,
        723
      ]
    ],
    [
      [
        504,
        724
      ]
    ],
    [
      [
        503,
        725
      ]
    ],
    [
      [
        503,
        726
      ]
    ],
    [
      [
        502,
        727
      ]
    ],
    [
      [
        502,
        729
      ]
    ],
    [
      [
        501,
        730
      ]
    ],
    [
      [
        501,
        733
      ]
    ],
    [
      [
        500,
        734
      ]
    ],
    [
      [
        500,
        735
      ]
    ],
    [
      [
        499,
        736
      ]
    ],
    [
      [
        499,
        738
      ]
    ],
    [
      [
        498,
        739
      ]
    ],
    [
      [
        498,
        741
      ]
    ],
    [
      [
        497,
        742
      ]
    ],
    [
      [
        497,
        744
      ]
    ],
    [
      [
        496,
        745
      ]
    ],
    [
      [
        496,
        747
      ]
    ],
    [
      [
        495,
        748
      ]
    ],
    [
      [
        495,
        749
      ]
    ],
    [
      [
        494,
        750
      ]
    ],
    [
      [
        494,
        752
      ]
    ],
    [
      [
        493,
        753
      ]
    ],
    [
      [
        493,
        755
      ]
    ],
    [
      [
        492,
        756
      ]
    ],
    [
      [
        492,
        758
      ]
    ],
    [
      [
        491,
        759
      ]
    ],
    [
      [
        491,
        761
      ]
    ],
    [
      [
        490,
        762
      ]
    ],
    [
      [
        490,
        764
      ]
    ],
    [
      [
        489,
        765
      ]
    ],
    [
      [
        489,
        782
      ]
    ],
    [
      [
        488,
        783
      ]
    ],
    [
      [
        483,
        783
      ]
    ],
    [
      [
        483,
        784
      ]
    ],
    [
      [
        481,
        786
      ]
    ],
    [
      [
        481,
        801
      ]
    ],
    [
      [
        482,
        802
      ]
    ],
    [
      [
        482,
        805
      ]
    ],
    [
      [
        483,
        806
      ]
    ],
    [
      [
        483,
        809
      ]
    ],
    [
      [
        484,
        810
      ]
    ],
    [
      [
        484,
        811
      ]
    ],
    [
      [
        488,
        815
      ]
    ],
    [
      [
        489,
        815
      ]
    ],
    [
      [
        492,
        818
      ]
    ],
    [
      [
        492,
        821
      ]
    ],
    [
      [
        494,
        823
      ]
    ],
    [
      [
        495,
        823
      ]
    ],
    [
      [
        496,
        824
      ]
    ],
    [
      [
        497,
        824
      ]
    ],
    [
      [
        498,
        825
      ]
    ],
    [
      [
        499,
        825
      ]
    ],
    [
      [
        500,
        826
      ]
    ],
    [
      [
        502,
        826
      ]
    ],
    [
      [
        503,
        827
      ]
    ],
    [
      [
        504,
        827
      ]
    ],
    [
      [
        505,
        828
      ]
    ],
    [
      [
        507,
        828
      ]
    ],
    [
      [
        508,
        829
      ]
    ],
    [
      [
        509,
        829
      ]
    ],
    [
      [
        510,
        830
      ]
    ],
    [
      [
        512,
        830
      ]
    ],
    [
      [
        513,
        831
      ]
    ],
    [
      [
        515,
        831
      ]
    ],
    [
      [
        516,
        832
      ]
    ],
    [
      [
        517,
        832
      ]
    ],
    [
      [
        518,
        833
      ]
    ],
    [
      [
        519,
        833
      ]
    ],
    [
      [
        520,
        834
      ]
    ],
    [
      [
        522,
        834
      ]
    ],
    [
      [
        523,
        835
      ]
    ],
    [
      [
        525,
        835
      ]
    ],
    [
      [
        526,
        836
      ]
    ],
    [
      [
        528,
        836
      ]
    ],
    [
      [
        529,
        837
      ]
    ],
    [
      [
        530,
        837
      ]
    ],
    [
      [
        532,
        839
      ]
    ],
    [
      [
        535,
        839
      ]
    ],
    [
      [
        536,
        840
      ]
    ],
    [
      [
        537,
        840
      ]
    ],
    [
      [
        538,
        841
      ]
    ],
    [
      [
        539,
        841
      ]
    ],
    [
      [
        540,
        842
      ]
    ],
    [
      [
        543,
        842
      ]
    ],
    [
      [
        544,
        843
      ]
    ],
    [
      [
        546,
        843
      ]
    ],
    [
      [
        547,
        844
      ]
    ],
    [
      [
        548,
        844
      ]
    ],
    [
      [
        549,
        845
      ]
    ],
    [
      [
        551,
        845
      ]
    ],
    [
      [
        552,
        846
      ]
    ],
    [
      [
        553,
        846
      ]
    ],
    [
      [
        554,
        847
      ]
    ],
    [
      [
        554,
        850
      ]
    ],
    [
      [
        555,
        850
      ]
    ],
    [
      [
        556,
        851
      ]
    ],
    [
      [
        558,
        851
      ]
    ],
    [
      [
        559,
        852
      ]
    ],
    [
      [
        560,
        852
      ]
    ],
    [
      [
        561,
        853
      ]
    ],
    [
      [
        561,
        854
      ]
    ],
    [
      [
        566,
        854
      ]
    ],
    [
      [
        568,
        856
      ]
    ],
    [
      [
        569,
        856
      ]
    ],
    [
      [
        570,
        857
      ]
    ],
    [
      [
        571,
        857
      ]
    ],
    [
      [
        572,
        858
      ]
    ],
    [
      [
        584,
        858
      ]
    ],
    [
      [
        585,
        859
      ]
    ],
    [
      [
        588,
        859
      ]
    ],
    [
      [
        590,
        861
      ]
    ],
    [
      [
        592,
        861
      ]
    ],
    [
      [
        593,
        862
      ]
    ],
    [
      [
        595,
        862
      ]
    ],
    [
      [
        596,
        863
      ]
    ],
    [
      [
        598,
        863
      ]
    ],
    [
      [
        599,
        864
      ]
    ],
    [
      [
        601,
        864
      ]
    ],
    [
      [
        603,
        866
      ]
    ],
    [
      [
        605,
        866
      ]
    ],
    [
      [
        608,
        869
      ]
    ],
    [
      [
        611,
        869
      ]
    ],
    [
      [
        612,
        870
      ]
    ],
    [
      [
        636,
        870
      ]
    ],
    [
      [
        637,
        871
      ]
    ],
    [
      [
        637,
        876
      ]
    ],
    [
      [
        638,
        877
      ]
    ],
    [
      [
        638,
        880
      ]
    ],
    [
      [
        648,
        880
      ]
    ],
    [
      [
        650,
        882
      ]
    ],
    [
      [
        651,
        882
      ]
    ],
    [
      [
        652,
        883
      ]
    ],
    [
      [
        655,
        883
      ]
    ],
    [
      [
        656,
        884
      ]
    ],
    [
      [
        657,
        884
      ]
    ],
    [
      [
        658,
        885
      ]
    ],
    [
      [
        660,
        885
      ]
    ],
    [
      [
        661,
        886
      ]
    ],
    [
      [
        662,
        886
      ]
    ],
    [
      [
        663,
        887
      ]
    ],
    [
      [
        668,
        887
      ]
    ],
    [
      [
        669,
        888
      ]
    ],
    [
      [
        670,
        888
      ]
    ],
    [
      [
        672,
        890
      ]
    ],
    [
      [
        674,
        890
      ]
    ],
    [
      [
        675,
        891
      ]
    ],
    [
      [
        677,
        891
      ]
    ],
    [
      [
        679,
        893
      ]
    ],
    [
      [
        680,
        893
      ]
    ],
    [
      [
        681,
        894
      ]
    ],
    [
      [
        684,
        894
      ]
    ],
    [
      [
        686,
        896
      ]
    ],
    [
      [
        687,
        896
      ]
    ],
    [
      [
        689,
        898
      ]
    ],
    [
      [
        691,
        898
      ]
    ],
    [
      [
        692,
        899
      ]
    ],
    [
      [
        695,
        899
      ]
    ],
    [
      [
        697,
        901
      ]
    ],
    [
      [
        697,
        902
      ]
    ],
    [
      [
        700,
        902
      ]
    ],
    [
      [
        701,
        903
      ]
    ],
    [
      [
        703,
        903
      ]
    ],
    [
      [
        704,
        904
      ]
    ],
    [
      [
        707,
        904
      ]
    ],
    [
      [
        708,
        905
      ]
    ],
    [
      [
        709,
        905
      ]
    ],
    [
      [
        711,
        907
      ]
    ],
    [
      [
        715,
        907
      ]
    ],
    [
      [
        716,
        908
      ]
    ],
    [
      [
        717,
        908
      ]
    ],
    [
      [
        718,
        909
      ]
    ],
    [
      [
        718,
        910
      ]
    ],
    [
      [
        719,
        911
      ]
    ],
    [
      [
        722,
        911
      ]
    ],
    [
      [
        723,
        912
      ]
    ],
    [
      [
        726,
        912
      ]
    ],
    [
      [
        727,
        913
      ]
    ],
    [
      [
        729,
        913
      ]
    ],
    [
      [
        730,
        914
      ]
    ],
    [
      [
        731,
        914
      ]
    ],
    [
      [
        733,
        916
      ]
    ],
    [
      [
        734,
        916
      ]
    ],
    [
      [
        735,
        917
      ]
    ],
    [
      [
        737,
        917
      ]
    ],
    [
      [
        738,
        918
      ]
    ],
    [
      [
        740,
        918
      ]
    ],
    [
      [
        741,
        919
      ]
    ],
    [
      [
        744,
        919
      ]
    ],
    [
      [
        745,
        920
      ]
    ],
    [
      [
        747,
        920
      ]
    ],
    [
      [
        748,
        921
      ]
    ],
    [
      [
        750,
        921
      ]
    ],
    [
      [
        752,
        923
      ]
    ],
    [
      [
        755,
        923
      ]
    ],
    [
      [
        756,
        924
      ]
    ],
    [
      [
        757,
        924
      ]
    ],
    [
      [
        759,
        926
      ]
    ],
    [
      [
        760,
        926
      ]
    ],
    [
      [
        761,
        927
      ]
    ],
    [
      [
        764,
        927
      ]
    ],
    [
      [
        765,
        928
      ]
    ],
    [
      [
        767,
        928
      ]
    ],
    [
      [
        768,
        929
      ]
    ],
    [
      [
        769,
        929
      ]
    ],
    [
      [
        770,
        930
      ]
    ],
    [
      [
        773,
        930
      ]
    ],
    [
      [
        774,
        931
      ]
    ],
    [
      [
        775,
        931
      ]
    ],
    [
      [
        776,
        932
      ]
    ],
    [
      [
        777,
        932
      ]
    ],
    [
      [
        778,
        933
      ]
    ],
    [
      [
        779,
        933
      ]
    ],
    [
      [
        780,
        934
      ]
    ],
    [
      [
        781,
        934
      ]
    ],
    [
      [
        782,
        935
      ]
    ],
    [
      [
        785,
        935
      ]
    ],
    [
      [
        786,
        936
      ]
    ],
    [
      [
        788,
        936
      ]
    ],
    [
      [
        790,
        938
      ]
    ],
    [
      [
        792,
        938
      ]
    ],
    [
      [
        793,
        939
      ]
    ],
    [
      [
        795,
        939
      ]
    ],
    [
      [
        796,
        940
      ]
    ],
    [
      [
        797,
        940
      ]
    ],
    [
      [
        798,
        941
      ]
    ],
    [
      [
        800,
        941
      ]
    ],
    [
      [
        802,
        943
      ]
    ],
    [
      [
        805,
        943
      ]
    ],
    [
      [
        807,
        945
      ]
    ],
    [
      [
        809,
        945
      ]
    ],
    [
      [
        810,
        946
      ]
    ],
    [
      [
        812,
        946
      ]
    ],
    [
      [
        813,
        947
      ]
    ],
    [
      [
        814,
        947
      ]
    ],
    [
      [
        815,
        948
      ]
    ],
    [
      [
        818,
        948
      ]
    ],
    [
      [
        819,
        949
      ]
    ],
    [
      [
        820,
        949
      ]
    ],
    [
      [
        821,
        950
      ]
    ],
    [
      [
        822,
        950
      ]
    ],
    [
      [
        823,
        951
      ]
    ],
    [
      [
        825,
        951
      ]
    ],
    [
      [
        826,
        952
      ]
    ],
    [
      [
        827,
        952
      ]
    ],
    [
      [
        828,
        953
      ]
    ],
    [
      [
        829,
        953
      ]
    ],
    [
      [
        830,
        954
      ]
    ],
    [
      [
        833,
        954
      ]
    ],
    [
      [
        834,
        955
      ]
    ],
    [
      [
        836,
        955
      ]
    ],
    [
      [
        837,
        956
      ]
    ],
    [
      [
        838,
        956
      ]
    ],
    [
      [
        839,
        957
      ]
    ],
    [
      [
        840,
        957
      ]
    ],
    [
      [
        841,
        958
      ]
    ],
    [
      [
        842,
        958
      ]
    ],
    [
      [
        843,
        959
      ]
    ],
    [
      [
        846,
        959
      ]
    ],
    [
      [
        847,
        960
      ]
    ],
    [
      [
        848,
        960
      ]
    ],
    [
      [
        849,
        961
      ]
    ],
    [
      [
        850,
        961
      ]
    ],
    [
      [
        851,
        962
      ]
    ],
    [
      [
        854,
        962
      ]
    ],
    [
      [
        855,
        963
      ]
    ],
    [
      [
        863,
        963
      ]
    ],
    [
      [
        864,
        962
      ]
    ],
    [
      [
        864,
        954
      ]
    ],
    [
      [
        865,
        953
      ]
    ],
    [
      [
        882,
        953
      ]
    ],
    [
      [
        885,
        956
      ]
    ],
    [
      [
        886,
        956
      ]
    ],
    [
      [
        887,
        957
      ]
    ],
    [
      [
        889,
        957
      ]
    ],
    [
      [
        891,
        959
      ]
    ],
    [
      [
        892,
        959
      ]
    ],
    [
      [
        893,
        960
      ]
    ],
    [
      [
        905,
        960
      ]
    ],
    [
      [
        907,
        962
      ]
    ],
    [
      [
        908,
        962
      ]
    ],
    [
      [
        910,
        964
      ]
    ],
    [
      [
        914,
        964
      ]
    ],
    [
      [
        916,
        966
      ]
    ],
    [
      [
        919,
        966
      ]
    ],
    [
      [
        920,
        967
      ]
    ],
    [
      [
        922,
        967
      ]
    ],
    [
      [
        924,
        969
      ]
    ],
    [
      [
        924,
        970
      ]
    ],
    [
      [
        929,
        970
      ]
    ],
    [
      [
        930,
        971
      ]
    ],
    [
      [
        932,
        971
      ]
    ],
    [
      [
        933,
        972
      ]
    ],
    [
      [
        935,
        972
      ]
    ],
    [
      [
        938,
        975
      ]
    ],
    [
      [
        938,
        986
      ]
    ],
    [
      [
        944,
        986
      ]
    ],
    [
      [
        945,
        987
      ]
    ],
    [
      [
        948,
        987
      ]
    ],
    [
      [
        949,
        988
      ]
    ],
    [
      [
        950,
        988
      ]
    ],
    [
      [
        951,
        989
      ]
    ],
    [
      [
        956,
        989
      ]
    ],
    [
      [
        958,
        991
      ]
    ],
    [
      [
        964,
        991
      ]
    ],
    [
      [
        965,
        992
      ]
    ],
    [
      [
        967,
        992
      ]
    ],
    [
      [
        968,
        993
      ]
    ],
    [
      [
        976,
        993
      ]
    ],
    [
      [
        977,
        994
      ]
    ],
    [
      [
        996,
        994
      ]
    ],
    [
      [
        998,
        992
      ]
    ],
    [
      [
        999,
        992
      ]
    ],
    [
      [
        1002,
        989
      ]
    ],
    [
      [
        1012,
        989
      ]
    ],
    [
      [
        1013,
        988
      ]
    ],
    [
      [
        1020,
        988
      ]
    ],
    [
      [
        1021,
        987
      ]
    ],
    [
      [
        1024,
        987
      ]
    ],
    [
      [
        1025,
        986
      ]
    ],
    [
      [
        1029,
        986
      ]
    ],
    [
      [
        1030,
        985
      ]
    ],
    [
      [
        1033,
        985
      ]
    ],
    [
      [
        1034,
        984
      ]
    ],
    [
      [
        1036,
        984
      ]
    ],
    [
      [
        1037,
        983
      ]
    ],
    [
      [
        1039,
        983
      ]
    ],
    [
      [
        1040,
        982
      ]
    ],
    [
      [
        1041,
        982
      ]
    ],
    [
      [
        1042,
        981
      ]
    ],
    [
      [
        1045,
        981
      ]
    ],
    [
      [
        1046,
        980
      ]
    ],
    [
      [
        1047,
        980
      ]
    ],
    [
      [
        1048,
        979
      ]
    ],
    [
      [
        1050,
        979
      ]
    ],
    [
      [
        1051,
        978
      ]
    ],
    [
      [
        1052,
        978
      ]
    ],
    [
      [
        1053,
        977
      ]
    ],
    [
      [
        1055,
        977
      ]
    ],
    [
      [
        1057,
        975
      ]
    ],
    [
      [
        1074,
        975
      ]
    ],
    [
      [
        1075,
        976
      ]
    ],
    [
      [
        1077,
        976
      ]
    ],
    [
      [
        1078,
        977
      ]
    ],
    [
      [
        1080,
        977
      ]
    ],
    [
      [
        1081,
        978
      ]
    ],
    [
      [
        1081,
        979
      ]
    ],
    [
      [
        1083,
        979
      ]
    ],
    [
      [
        1084,
        980
      ]
    ],
    [
      [
        1084,
        981
      ]
    ],
    [
      [
        1091,
        981
      ]
    ],
    [
      [
        1094,
        984
      ]
    ],
    [
      [
        1102,
        984
      ]
    ],
    [
      [
        1103,
        983
      ]
    ],
    [
      [
        1103,
        982
      ]
    ],
    [
      [
        1106,
        979
      ]
    ],
    [
      [
        1106,
        978
      ]
    ],
    [
      [
        1108,
        976
      ]
    ],
    [
      [
        1108,
        975
      ]
    ],
    [
      [
        1110,
        973
      ]
    ],
    [
      [
        1110,
        972
      ]
    ],
    [
      [
        1114,
        968
      ]
    ],
    [
      [
        1114,
        967
      ]
    ],
    [
      [
        1115,
        966
      ]
    ],
    [
      [
        1115,
        965
      ]
    ],
    [
      [
        1117,
        963
      ]
    ],
    [
      [
        1117,
        962
      ]
    ],
    [
      [
        1118,
        961
      ]
    ],
    [
      [
        1118,
        960
      ]
    ],
    [
      [
        1120,
        958
      ]
    ],
    [
      [
        1120,
        957
      ]
    ],
    [
      [
        1123,
        954
      ]
    ],
    [
      [
        1123,
        953
      ]
    ],
    [
      [
        1124,
        952
      ]
    ],
    [
      [
        1124,
        951
      ]
    ],
    [
      [
        1125,
        950
      ]
    ],
    [
      [
        1125,
        949
      ]
    ],
    [
      [
        1126,
        948
      ]
    ],
    [
      [
        1126,
        947
      ]
    ],
    [
      [
        1127,
        946
      ]
    ],
    [
      [
        1127,
        945
      ]
    ],
    [
      [
        1128,
        944
      ]
    ],
    [
      [
        1128,
        943
      ]
    ],
    [
      [
        1130,
        941
      ]
    ],
    [
      [
        1130,
        939
      ]
    ],
    [
      [
        1131,
        938
      ]
    ],
    [
      [
        1131,
        937
      ]
    ],
    [
      [
        1132,
        936
      ]
    ],
    [
      [
        1132,
        935
      ]
    ],
    [
      [
        1133,
        934
      ]
    ],
    [
      [
        1133,
        933
      ]
    ],
    [
      [
        1134,
        932
      ]
    ],
    [
      [
        1134,
        929
      ]
    ],
    [
      [
        1135,
        928
      ]
    ],
    [
      [
        1135,
        927
      ]
    ],
    [
      [
        1136,
        926
      ]
    ],
    [
      [
        1136,
        925
      ]
    ],
    [
      [
        1137,
        924
      ]
    ],
    [
      [
        1137,
        921
      ]
    ],
    [
      [
        1138,
        920
      ]
    ],
    [
      [
        1139,
        920
      ]
    ],
    [
      [
        1139,
        917
      ]
    ],
    [
      [
        1140,
        916
      ]
    ],
    [
      [
        1140,
        915
      ]
    ],
    [
      [
        1142,
        913
      ]
    ],
    [
      [
        1142,
        912
      ]
    ],
    [
      [
        1143,
        911
      ]
    ],
    [
      [
        1143,
        909
      ]
    ],
    [
      [
        1144,
        908
      ]
    ],
    [
      [
        1144,
        906
      ]
    ],
    [
      [
        1147,
        903
      ]
    ],
    [
      [
        1147,
        901
      ]
    ],
    [
      [
        1148,
        900
      ]
    ],
    [
      [
        1148,
        899
      ]
    ],
    [
      [
        1149,
        898
      ]
    ],
    [
      [
        1149,
        897
      ]
    ],
    [
      [
        1150,
        896
      ]
    ],
    [
      [
        1150,
        894
      ]
    ],
    [
      [
        1151,
        893
      ]
    ],
    [
      [
        1151,
        892
      ]
    ],
    [
      [
        1152,
        891
      ]
    ],
    [
      [
        1152,
        890
      ]
    ],
    [
      [
        1153,
        889
      ]
    ],
    [
      [
        1153,
        888
      ]
    ],
    [
      [
        1155,
        886
      ]
    ],
    [
      [
        1155,
        885
      ]
    ],
    [
      [
        1157,
        883
      ]
    ],
    [
      [
        1158,
        883
      ]
    ],
    [
      [
        1159,
        882
      ]
    ],
    [
      [
        1160,
        882
      ]
    ],
    [
      [
        1160,
        878
      ]
    ],
    [
      [
        1162,
        876
      ]
    ],
    [
      [
        1163,
        876
      ]
    ],
    [
      [
        1163,
        867
      ]
    ],
    [
      [
        1164,
        866
      ]
    ],
    [
      [
        1164,
        865
      ]
    ],
    [
      [
        1165,
        864
      ]
    ],
    [
      [
        1165,
        861
      ]
    ],
    [
      [
        1168,
        858
      ]
    ],
    [
      [
        1168,
        853
      ]
    ],
    [
      [
        1169,
        852
      ]
    ],
    [
      [
        1170,
        852
      ]
    ],
    [
      [
        1171,
        851
      ]
    ],
    [
      [
        1171,
        846
      ]
    ],
    [
      [
        1172,
        845
      ]
    ],
    [
      [
        1172,
        844
      ]
    ],
    [
      [
        1174,
        842
      ]
    ],
    [
      [
        1174,
        840
      ]
    ],
    [
      [
        1175,
        839
      ]
    ],
    [
      [
        1175,
        838
      ]
    ],
    [
      [
        1176,
        837
      ]
    ],
    [
      [
        1176,
        834
      ]
    ],
    [
      [
        1177,
        833
      ]
    ],
    [
      [
        1177,
        832
      ]
    ],
    [
      [
        1179,
        830
      ]
    ],
    [
      [
        1179,
        829
      ]
    ],
    [
      [
        1180,
        828
      ]
    ],
    [
      [
        1181,
        828
      ]
    ],
    [
      [
        1181,
        827
      ]
    ],
    [
      [
        1182,
        826
      ]
    ],
    [
      [
        1182,
        820
      ]
    ],
    [
      [
        1183,
        819
      ]
    ],
    [
      [
        1183,
        818
      ]
    ],
    [
      [
        1184,
        817
      ]
    ],
    [
      [
        1184,
        816
      ]
    ],
    [
      [
        1185,
        815
      ]
    ],
    [
      [
        1185,
        812
      ]
    ],
    [
      [
        1186,
        811
      ]
    ],
    [
      [
        1186,
        808
      ]
    ],
    [
      [
        1187,
        807
      ]
    ],
    [
      [
        1187,
        805
      ]
    ],
    [
      [
        1189,
        803
      ]
    ],
    [
      [
        1189,
        802
      ]
    ],
    [
      [
        1190,
        801
      ]
    ],
    [
      [
        1190,
        800
      ]
    ],
    [
      [
        1191,
        799
      ]
    ],
    [
      [
        1191,
        798
      ]
    ],
    [
      [
        1194,
        795
      ]
    ],
    [
      [
        1194,
        794
      ]
    ],
    [
      [
        1195,
        793
      ]
    ],
    [
      [
        1195,
        791
      ]
    ],
    [
      [
        1196,
        790
      ]
    ],
    [
      [
        1196,
        789
      ]
    ],
    [
      [
        1197,
        788
      ]
    ],
    [
      [
        1197,
        786
      ]
    ],
    [
      [
        1199,
        784
      ]
    ],
    [
      [
        1199,
        782
      ]
    ],
    [
      [
        1201,
        780
      ]
    ],
    [
      [
        1201,
        779
      ]
    ],
    [
      [
        1202,
        778
      ]
    ],
    [
      [
        1202,
        777
      ]
    ],
    [
      [
        1203,
        776
      ]
    ],
    [
      [
        1203,
        773
      ]
    ],
    [
      [
        1204,
        772
      ]
    ],
    [
      [
        1204,
        771
      ]
    ],
    [
      [
        1206,
        769
      ]
    ],
    [
      [
        1206,
        768
      ]
    ],
    [
      [
        1207,
        767
      ]
    ],
    [
      [
        1207,
        765
      ]
    ],
    [
      [
        1210,
        762
      ]
    ],
    [
      [
        1210,
        758
      ]
    ],
    [
      [
        1213,
        755
      ]
    ],
    [
      [
        1213,
        753
      ]
    ],
    [
      [
        1214,
        752
      ]
    ],
    [
      [
        1214,
        748
      ]
    ],
    [
      [
        1215,
        747
      ]
    ],
    [
      [
        1215,
        745
      ]
    ],
    [
      [
        1217,
        743
      ]
    ],
    [
      [
        1217,
        742
      ]
    ],
    [
      [
        1218,
        741
      ]
    ],
    [
      [
        1218,
        740
      ]
    ],
    [
      [
        1219,
        739
      ]
    ],
    [
      [
        1219,
        737
      ]
    ],
    [
      [
        1221,
        735
      ]
    ],
    [
      [
        1221,
        734
      ]
    ],
    [
      [
        1222,
        733
      ]
    ],
    [
      [
        1222,
        731
      ]
    ],
    [
      [
        1223,
        730
      ]
    ],
    [
      [
        1223,
        729
      ]
    ],
    [
      [
        1224,
        728
      ]
    ],
    [
      [
        1224,
        727
      ]
    ],
    [
      [
        1225,
        726
      ]
    ],
    [
      [
        1225,
        723
      ]
    ],
    [
      [
        1226,
        722
      ]
    ],
    [
      [
        1226,
        721
      ]
    ],
    [
      [
        1227,
        720
      ]
    ],
    [
      [
        1227,
        717
      ]
    ],
    [
      [
        1228,
        716
      ]
    ],
    [
      [
        1228,
        715
      ]
    ],
    [
      [
        1231,
        712
      ]
    ],
    [
      [
        1231,
        710
      ]
    ],
    [
      [
        1232,
        709
      ]
    ],
    [
      [
        1232,
        706
      ]
    ],
    [
      [
        1233,
        705
      ]
    ],
    [
      [
        1233,
        702
      ]
    ],
    [
      [
        1234,
        701
      ]
    ],
    [
      [
        1234,
        700
      ]
    ],
    [
      [
        1235,
        699
      ]
    ],
    [
      [
        1235,
        697
      ]
    ],
    [
      [
        1236,
        696
      ]
    ],
    [
      [
        1236,
        693
      ]
    ],
    [
      [
        1237,
        692
      ]
    ],
    [
      [
        1237,
        691
      ]
    ],
    [
      [
        1238,
        690
      ]
    ],
    [
      [
        1238,
        689
      ]
    ],
    [
      [
        1240,
        687
      ]
    ],
    [
      [
        1240,
        686
      ]
    ],
    [
      [
        1241,
        685
      ]
    ],
    [
      [
        1241,
        684
      ]
    ],
    [
      [
        1243,
        682
      ]
    ],
    [
      [
        1243,
        679
      ]
    ],
    [
      [
        1244,
        678
      ]
    ],
    [
      [
        1244,
        677
      ]
    ],
    [
      [
        1245,
        676
      ]
    ],
    [
      [
        1246,
        676
      ]
    ],
    [
      [
        1246,
        675
      ]
    ],
    [
      [
        1249,
        672
      ]
    ],
    [
      [
        1249,
        668
      ]
    ],
    [
      [
        1250,
        667
      ]
    ],
    [
      [
        1250,
        665
      ]
    ],
    [
      [
        1254,
        661
      ]
    ],
    [
      [
        1254,
        660
      ]
    ],
    [
      [
        1255,
        659
      ]
    ],
    [
      [
        1255,
        658
      ]
    ],
    [
      [
        1256,
        657
      ]
    ],
    [
      [
        1256,
        653
      ]
    ],
    [
      [
        1257,
        652
      ]
    ],
    [
      [
        1257,
        651
      ]
    ],
    [
      [
        1259,
        649
      ]
    ],
    [
      [
        1259,
        648
      ]
    ],
    [
      [
        1260,
        647
      ]
    ],
    [
      [
        1260,
        645
      ]
    ],
    [
      [
        1265,
        640
      ]
    ],
    [
      [
        1265,
        637
      ]
    ],
    [
      [
        1266,
        636
      ]
    ],
    [
      [
        1266,
        632
      ]
    ],
    [
      [
        1268,
        630
      ]
    ],
    [
      [
        1268,
        629
      ]
    ],
    [
      [
        1270,
        627
      ]
    ],
    [
      [
        1270,
        625
      ]
    ],
    [
      [
        1271,
        624
      ]
    ],
    [
      [
        1271,
        623
      ]
    ],
    [
      [
        1273,
        621
      ]
    ],
    [
      [
        1273,
        618
      ]
    ],
    [
      [
        1274,
        617
      ]
    ],
    [
      [
        1274,
        615
      ]
    ],
    [
      [
        1275,
        614
      ]
    ],
    [
      [
        1275,
        613
      ]
    ],
    [
      [
        1277,
        611
      ]
    ],
    [
      [
        1278,
        611
      ]
    ],
    [
      [
        1278,
        608
      ]
    ],
    [
      [
        1281,
        605
      ]
    ],
    [
      [
        1281,
        603
      ]
    ],
    [
      [
        1283,
        601
      ]
    ],
    [
      [
        1283,
        599
      ]
    ],
    [
      [
        1284,
        598
      ]
    ],
    [
      [
        1284,
        589
      ]
    ],
    [
      [
        1264,
        589
      ]
    ],
    [
      [
        1263,
        588
      ]
    ],
    [
      [
        1263,
        563
      ]
    ],
    [
      [
        1264,
        562
      ]
    ],
    [
      [
        1264,
        561
      ]
    ],
    [
      [
        1265,
        560
      ]
    ],
    [
      [
        1265,
        558
      ]
    ],
    [
      [
        1266,
        557
      ]
    ],
    [
      [
        1266,
        555
      ]
    ],
    [
      [
        1267,
        554
      ]
    ],
    [
      [
        1267,
        553
      ]
    ],
    [
      [
        1268,
        552
      ]
    ],
    [
      [
        1268,
        551
      ]
    ],
    [
      [
        1269,
        550
      ]
    ],
    [
      [
        1269,
        548
      ]
    ],
    [
      [
        1270,
        547
      ]
    ],
    [
      [
        1270,
        546
      ]
    ],
    [
      [
        1271,
        545
      ]
    ],
    [
      [
        1271,
        544
      ]
    ],
    [
      [
        1272,
        543
      ]
    ],
    [
      [
        1272,
        542
      ]
    ],
    [
      [
        1273,
        541
      ]
    ],
    [
      [
        1273,
        540
      ]
    ],
    [
      [
        1274,
        539
      ]
    ],
    [
      [
        1274,
        538
      ]
    ],
    [
      [
        1275,
        537
      ]
    ],
    [
      [
        1275,
        534
      ]
    ],
    [
      [
        1276,
        533
      ]
    ],
    [
      [
        1276,
        531
      ]
    ],
    [
      [
        1277,
        530
      ]
    ],
    [
      [
        1277,
        529
      ]
    ],
    [
      [
        1279,
        527
      ]
    ],
    [
      [
        1279,
        526
      ]
    ],
    [
      [
        1280,
        525
      ]
    ],
    [
      [
        1280,
        524
      ]
    ],
    [
      [
        1281,
        523
      ]
    ],
    [
      [
        1281,
        520
      ]
    ],
    [
      [
        1282,
        519
      ]
    ],
    [
      [
        1282,
        515
      ]
    ],
    [
      [
        1283,
        514
      ]
    ],
    [
      [
        1284,
        514
      ]
    ],
    [
      [
        1284,
        512
      ]
    ],
    [
      [
        1285,
        511
      ]
    ],
    [
      [
        1285,
        510
      ]
    ],
    [
      [
        1288,
        507
      ]
    ],
    [
      [
        1288,
        506
      ]
    ],
    [
      [
        1289,
        505
      ]
    ],
    [
      [
        1289,
        504
      ]
    ],
    [
      [
        1290,
        503
      ]
    ],
    [
      [
        1290,
        498
      ]
    ],
    [
      [
        1292,
        496
      ]
    ],
    [
      [
        1308,
        496
      ]
    ],
    [
      [
        1308,
        495
      ]
    ],
    [
      [
        1310,
        493
      ]
    ],
    [
      [
        1310,
        492
      ]
    ],
    [
      [
        1311,
        491
      ]
    ],
    [
      [
        1311,
        489
      ]
    ],
    [
      [
        1312,
        488
      ]
    ],
    [
      [
        1312,
        487
      ]
    ],
    [
      [
        1314,
        485
      ]
    ],
    [
      [
        1314,
        484
      ]
    ],
    [
      [
        1315,
        483
      ]
    ],
    [
      [
        1315,
        481
      ]
    ],
    [
      [
        1316,
        480
      ]
    ],
    [
      [
        1316,
        478
      ]
    ],
    [
      [
        1317,
        477
      ]
    ],
    [
      [
        1317,
        476
      ]
    ],
    [
      [
        1318,
        475
      ]
    ],
    [
      [
        1318,
        473
      ]
    ],
    [
      [
        1319,
        472
      ]
    ],
    [
      [
        1319,
        471
      ]
    ],
    [
      [
        1320,
        470
      ]
    ],
    [
      [
        1320,
        467
      ]
    ],
    [
      [
        1323,
        464
      ]
    ],
    [
      [
        1323,
        463
      ]
    ],
    [
      [
        1324,
        462
      ]
    ],
    [
      [
        1324,
        460
      ]
    ],
    [
      [
        1325,
        459
      ]
    ],
    [
      [
        1325,
        457
      ]
    ],
    [
      [
        1326,
        456
      ]
    ],
    [
      [
        1326,
        454
      ]
    ],
    [
      [
        1327,
        453
      ]
    ],
    [
      [
        1327,
        452
      ]
    ],
    [
      [
        1328,
        451
      ]
    ],
    [
      [
        1328,
        450
      ]
    ],
    [
      [
        1329,
        449
      ]
    ],
    [
      [
        1329,
        448
      ]
    ],
    [
      [
        1330,
        447
      ]
    ],
    [
      [
        1330,
        446
      ]
    ],
    [
      [
        1331,
        445
      ]
    ],
    [
      [
        1331,
        443
      ]
    ],
    [
      [
        1332,
        442
      ]
    ],
    [
      [
        1332,
        441
      ]
    ],
    [
      [
        1333,
        440
      ]
    ],
    [
      [
        1333,
        437
      ]
    ],
    [
      [
        1335,
        435
      ]
    ],
    [
      [
        1335,
        433
      ]
    ],
    [
      [
        1336,
        432
      ]
    ],
    [
      [
        1336,
        431
      ]
    ],
    [
      [
        1338,
        429
      ]
    ],
    [
      [
        1338,
        426
      ]
    ],
    [
      [
        1340,
        424
      ]
    ],
    [
      [
        1340,
        423
      ]
    ],
    [
      [
        1341,
        422
      ]
    ],
    [
      [
        1341,
        418
      ]
    ],
    [
      [
        1342,
        417
      ]
    ],
    [
      [
        1342,
        416
      ]
    ],
    [
      [
        1343,
        415
      ]
    ],
    [
      [
        1343,
        414
      ]
    ],
    [
      [
        1344,
        413
      ]
    ],
    [
      [
        1344,
        412
      ]
    ],
    [
      [
        1345,
        411
      ]
    ],
    [
      [
        1345,
        409
      ]
    ],
    [
      [
        1346,
        408
      ]
    ],
    [
      [
        1346,
        407
      ]
    ],
    [
      [
        1347,
        406
      ]
    ],
    [
      [
        1347,
        404
      ]
    ],
    [
      [
        1348,
        403
      ]
    ],
    [
      [
        1348,
        400
      ]
    ],
    [
      [
        1349,
        399
      ]
    ],
    [
      [
        1349,
        394
      ]
    ],
    [
      [
        1350,
        393
      ]
    ],
    [
      [
        1359,
        393
      ]
    ],
    [
      [
        1359,
        392
      ]
    ],
    [
      [
        1361,
        390
      ]
    ],
    [
      [
        1361,
        389
      ]
    ],
    [
      [
        1362,
        388
      ]
    ],
    [
      [
        1378,
        388
      ]
    ],
    [
      [
        1379,
        387
      ]
    ],
    [
      [
        1379,
        384
      ]
    ],
    [
      [
        1380,
        383
      ]
    ],
    [
      [
        1380,
        381
      ]
    ],
    [
      [
        1381,
        380
      ]
    ],
    [
      [
        1381,
        372
      ]
    ],
    [
      [
        1382,
        371
      ]
    ],
    [
      [
        1382,
        370
      ]
    ],
    [
      [
        1383,
        369
      ]
    ],
    [
      [
        1383,
        367
      ]
    ],
    [
      [
        1384,
        366
      ]
    ],
    [
      [
        1384,
        363
      ]
    ],
    [
      [
        1385,
        362
      ]
    ],
    [
      [
        1385,
        360
      ]
    ],
    [
      [
        1386,
        359
      ]
    ],
    [
      [
        1386,
        348
      ]
    ],
    [
      [
        1384,
        346
      ]
    ],
    [
      [
        1384,
        345
      ]
    ],
    [
      [
        1383,
        344
      ]
    ],
    [
      [
        1381,
        344
      ]
    ],
    [
      [
        1379,
        342
      ]
    ],
    [
      [
        1373,
        342
      ]
    ],
    [
      [
        1372,
        343
      ]
    ],
    [
      [
        1353,
        343
      ]
    ],
    [
      [
        1352,
        342
      ]
    ],
    [
      [
        1352,
        333
      ]
    ],
    [
      [
        1351,
        332
      ]
    ],
    [
      [
        1351,
        326
      ]
    ],
    [
      [
        1350,
        325
      ]
    ],
    [
      [
        1350,
        324
      ]
    ],
    [
      [
        1349,
        323
      ]
    ],
    [
      [
        1349,
        319
      ]
    ],
    [
      [
        1348,
        318
      ]
    ],
    [
      [
        1348,
        317
      ]
    ],
    [
      [
        1347,
        316
      ]
    ],
    [
      [
        1347,
        310
      ]
    ],
    [
      [
        1346,
        309
      ]
    ],
    [
      [
        1346,
        308
      ]
    ],
    [
      [
        1345,
        307
      ]
    ],
    [
      [
        1345,
        304
      ]
    ],
    [
      [
        1344,
        303
      ]
    ],
    [
      [
        1344,
        302
      ]
    ],
    [
      [
        1342,
        300
      ]
    ],
    [
      [
        1342,
        298
      ]
    ],
    [
      [
        1340,
        296
      ]
    ],
    [
      [
        1340,
        295
      ]
    ],
    [
      [
        1338,
        293
      ]
    ],
    [
      [
        1338,
        290
      ]
    ],
    [
      [
        1337,
        289
      ]
    ],
    [
      [
        1337,
        288
      ]
    ],
    [
      [
        1336,
        287
      ]
    ],
    [
      [
        1336,
        286
      ]
    ],
    [
      [
        1334,
        284
      ]
    ],
    [
      [
        1334,
        283
      ]
    ],
    [
      [
        1332,
        281
      ]
    ],
    [
      [
        1332,
        280
      ]
    ],
    [
      [
        1328,
        276
      ]
    ],
    [
      [
        1328,
        275
      ]
    ],
    [
      [
        1327,
        274
      ]
    ],
    [
      [
        1327,
        273
      ]
    ],
    [
      [
        1322,
        268
      ]
    ],
    [
      [
        1322,
        267
      ]
    ],
    [
      [
        1321,
        266
      ]
    ],
    [
      [
        1321,
        265
      ]
    ],
    [
      [
        1320,
        265
      ]
    ],
    [
      [
        1319,
        264
      ]
    ],
    [
      [
        1318,
        264
      ]
    ],
    [
      [
        1313,
        259
      ]
    ],
    [
      [
        1313,
        258
      ]
    ],
    [
      [
        1310,
        255
      ]
    ],
    [
      [
        1310,
        243
      ]
    ],
    [
      [
        1307,
        240
      ]
    ],
    [
      [
        1307,
        236
      ]
    ],
    [
      [
        1305,
        234
      ]
    ],
    [
      [
        1305,
        230
      ]
    ],
    [
      [
        1304,
        229
      ]
    ],
    [
      [
        1304,
        227
      ]
    ],
    [
      [
        1303,
        227
      ]
    ],
    [
      [
        1302,
        226
      ]
    ],
    [
      [
        1300,
        226
      ]
    ],
    [
      [
        1299,
        225
      ]
    ],
    [
      [
        1297,
        225
      ]
    ],
    [
      [
        1296,
        224
      ]
    ],
    [
      [
        1295,
        224
      ]
    ],
    [
      [
        1293,
        222
      ]
    ],
    [
      [
        1291,
        222
      ]
    ],
    [
      [
        1290,
        221
      ]
    ],
    [
      [
        1289,
        221
      ]
    ],
    [
      [
        1288,
        220
      ]
    ],
    [
      [
        1287,
        220
      ]
    ],
    [
      [
        1286,
        219
      ]
    ],
    [
      [
        1284,
        219
      ]
    ],
    [
      [
        1282,
        217
      ]
    ],
    [
      [
        1280,
        217
      ]
    ],
    [
      [
        1279,
        216
      ]
    ],
    [
      [
        1276,
        216
      ]
    ],
    [
      [
        1275,
        215
      ]
    ],
    [
      [
        1267,
        215
      ]
    ],
    [
      [
        1266,
        214
      ]
    ],
    [
      [
        1261,
        214
      ]
    ],
    [
      [
        1260,
        213
      ]
    ],
    [
      [
        1260,
        212
      ]
    ],
    [
      [
        1248,
        212
      ]
    ],
    [
      [
        1247,
        211
      ]
    ],
    [
      [
        1243,
        211
      ]
    ],
    [
      [
        1242,
        210
      ]
    ],
    [
      [
        1241,
        210
      ]
    ],
    [
      [
        1239,
        208
      ]
    ],
    [
      [
        1238,
        208
      ]
    ],
    [
      [
        1237,
        207
      ]
    ],
    [
      [
        1231,
        207
      ]
    ],
    [
      [
        1230,
        206
      ]
    ],
    [
      [
        1218,
        206
      ]
    ],
    [
      [
        1217,
        205
      ]
    ],
    [
      [
        1214,
        205
      ]
    ],
    [
      [
        1212,
        203
      ]
    ],
    [
      [
        1211,
        203
      ]
    ],
    [
      [
        1209,
        201
      ]
    ],
    [
      [
        1204,
        201
      ]
    ],
    [
      [
        1203,
        200
      ]
    ],
    [
      [
        1203,
        184
      ]
    ],
    [
      [
        1202,
        183
      ]
    ],
    [
      [
        1200,
        183
      ]
    ],
    [
      [
        1199,
        182
      ]
    ],
    [
      [
        1199,
        178
      ]
    ],
    [
      [
        1198,
        178
      ]
    ],
    [
      [
        1197,
        177
      ]
    ],
    [
      [
        1195,
        177
      ]
    ],
    [
      [
        1194,
        176
      ]
    ],
    [
      [
        1193,
        176
      ]
    ],
    [
      [
        1191,
        174
      ]
    ],
    [
      [
        1188,
        174
      ]
    ],
    [
      [
        1187,
        173
      ]
    ],
    [
      [
        1186,
        173
      ]
    ],
    [
      [
        1184,
        171
      ]
    ],
    [
      [
        1181,
        171
      ]
    ],
    [
      [
        1180,
        170
      ]
    ],
    [
      [
        1179,
        170
      ]
    ],
    [
      [
        1178,
        169
      ]
    ],
    [
      [
        1177,
        169
      ]
    ],
    [
      [
        1176,
        168
      ]
    ],
    [
      [
        1175,
        168
      ]
    ],
    [
      [
        1174,
        167
      ]
    ],
    [
      [
        1173,
        167
      ]
    ],
    [
      [
        1172,
        166
      ]
    ],
    [
      [
        1171,
        166
      ]
    ],
    [
      [
        1170,
        165
      ]
    ],
    [
      [
        1168,
        165
      ]
    ],
    [
      [
        1166,
        163
      ]
    ],
    [
      [
        1165,
        163
      ]
    ],
    [
      [
        1164,
        162
      ]
    ],
    [
      [
        1161,
        162
      ]
    ],
    [
      [
        1158,
        159
      ]
    ],
    [
      [
        1156,
        159
      ]
    ],
    [
      [
        1155,
        158
      ]
    ],
    [
      [
        1152,
        158
      ]
    ],
    [
      [
        1151,
        157
      ]
    ],
    [
      [
        1149,
        157
      ]
    ],
    [
      [
        1148,
        156
      ]
    ],
    [
      [
        1147,
        156
      ]
    ],
    [
      [
        1146,
        155
      ]
    ],
    [
      [
        1146,
        154
      ]
    ],
    [
      [
        1145,
        154
      ]
    ],
    [
      [
        1144,
        153
      ]
    ],
    [
      [
        1142,
        153
      ]
    ],
    [
      [
        1141,
        152
      ]
    ],
    [
      [
        1140,
        152
      ]
    ],
    [
      [
        1138,
        150
      ]
    ],
    [
      [
        1133,
        150
      ]
    ],
    [
      [
        1131,
        148
      ]
    ],
    [
      [
        1130,
        148
      ]
    ],
    [
      [
        1129,
        147
      ]
    ],
    [
      [
        1128,
        147
      ]
    ],
    [
      [
        1127,
        146
      ]
    ],
    [
      [
        1125,
        146
      ]
    ],
    [
      [
        1122,
        143
      ]
    ],
    [
      [
        1121,
        143
      ]
    ],
    [
      [
        1120,
        142
      ]
    ],
    [
      [
        1118,
        142
      ]
    ],
    [
      [
        1117,
        141
      ]
    ],
    [
      [
        1115,
        141
      ]
    ],
    [
      [
        1114,
        140
      ]
    ],
    [
      [
        1113,
        140
      ]
    ],
    [
      [
        1112,
        139
      ]
    ],
    [
      [
        1111,
        139
      ]
    ],
    [
      [
        1110,
        138
      ]
    ],
    [
      [
        1108,
        138
      ]
    ],
    [
      [
        1106,
        136
      ]
    ],
    [
      [
        1104,
        136
      ]
    ],
    [
      [
        1103,
        135
      ]
    ],
    [
      [
        1102,
        135
      ]
    ],
    [
      [
        1101,
        134
      ]
    ],
    [
      [
        1100,
        134
      ]
    ],
    [
      [
        1099,
        133
      ]
    ],
    [
      [
        1097,
        133
      ]
    ],
    [
      [
        1095,
        131
      ]
    ],
    [
      [
        1093,
        131
      ]
    ],
    [
      [
        1091,
        129
      ]
    ],
    [
      [
        1090,
        129
      ]
    ],
    [
      [
        1089,
        128
      ]
    ],
    [
      [
        1086,
        128
      ]
    ],
    [
      [
        1085,
        127
      ]
    ],
    [
      [
        1084,
        127
      ]
    ],
    [
      [
        1082,
        125
      ]
    ],
    [
      [
        1081,
        125
      ]
    ],
    [
      [
        1080,
        124
      ]
    ],
    [
      [
        1078,
        124
      ]
    ],
    [
      [
        1077,
        123
      ]
    ],
    [
      [
        1076,
        123
      ]
    ],
    [
      [
        1073,
        120
      ]
    ],
    [
      [
        1058,
        120
      ]
    ],
    [
      [
        1057,
        119
      ]
    ],
    [
      [
        1056,
        119
      ]
    ],
    [
      [
        1054,
        117
      ]
    ],
    [
      [
        1051,
        117
      ]
    ],
    [
      [
        1050,
        116
      ]
    ],
    [
      [
        1049,
        116
      ]
    ],
    [
      [
        1048,
        115
      ]
    ],
    [
      [
        1047,
        115
      ]
    ],
    [
      [
        1046,
        114
      ]
    ],
    [
      [
        1045,
        114
      ]
    ],
    [
      [
        1044,
        113
      ]
    ],
    [
      [
        1043,
        113
      ]
    ],
    [
      [
        1042,
        112
      ]
    ],
    [
      [
        1040,
        112
      ]
    ],
    [
      [
        1039,
        111
      ]
    ],
    [
      [
        1038,
        111
      ]
    ],
    [
      [
        1037,
        110
      ]
    ],
    [
      [
        1036,
        110
      ]
    ],
    [
      [
        1035,
        109
      ]
    ],
    [
      [
        1034,
        109
      ]
    ],
    [
      [
        1033,
        108
      ]
    ],
    [
      [
        1031,
        108
      ]
    ],
    [
      [
        1030,
        107
      ]
    ],
    [
      [
        1029,
        107
      ]
    ],
    [
      [
        1028,
        106
      ]
    ],
    [
      [
        1027,
        106
      ]
    ],
    [
      [
        1026,
        105
      ]
    ],
    [
      [
        1024,
        105
      ]
    ],
    [
      [
        1023,
        104
      ]
    ],
    [
      [
        1021,
        104
      ]
    ],
    [
      [
        1020,
        103
      ]
    ],
    [
      [
        1019,
        103
      ]
    ],
    [
      [
        1018,
        102
      ]
    ],
    [
      [
        1017,
        102
      ]
    ],
    [
      [
        1016,
        101
      ]
    ],
    [
      [
        1015,
        101
      ]
    ],
    [
      [
        1014,
        100
      ]
    ],
    [
      [
        1013,
        100
      ]
    ],
    [
      [
        1012,
        99
      ]
    ],
    [
      [
        1011,
        99
      ]
    ],
    [
      [
        1010,
        98
      ]
    ],
    [
      [
        1009,
        98
      ]
    ],
    [
      [
        1008,
        97
      ]
    ],
    [
      [
        1006,
        97
      ]
    ],
    [
      [
        1005,
        96
      ]
    ],
    [
      [
        1004,
        96
      ]
    ],
    [
      [
        1002,
        94
      ]
    ],
    [
      [
        999,
        94
      ]
    ],
    [
      [
        998,
        93
      ]
    ],
    [
      [
        997,
        93
      ]
    ],
    [
      [
        995,
        91
      ]
    ],
    [
      [
        993,
        91
      ]
    ],
    [
      [
        991,
        89
      ]
    ],
    [
      [
        989,
        89
      ]
    ],
    [
      [
        988,
        88
      ]
    ],
    [
      [
        987,
        88
      ]
    ],
    [
      [
        986,
        87
      ]
    ],
    [
      [
        983,
        87
      ]
    ],
    [
      [
        982,
        86
      ]
    ],
    [
      [
        981,
        86
      ]
    ],
    [
      [
        980,
        85
      ]
    ],
    [
      [
        978,
        85
      ]
    ],
    [
      [
        976,
        83
      ]
    ],
    [
      [
        975,
        83
      ]
    ],
    [
      [
        974,
        82
      ]
    ],
    [
      [
        972,
        82
      ]
    ],
    [
      [
        970,
        80
      ]
    ],
    [
      [
        969,
        80
      ]
    ],
    [
      [
        968,
        79
      ]
    ],
    [
      [
        967,
        79
      ]
    ],
    [
      [
        966,
        78
      ]
    ],
    [
      [
        962,
        78
      ]
    ],
    [
      [
        961,
        77
      ]
    ],
    [
      [
        960,
        77
      ]
    ],
    [
      [
        959,
        76
      ]
    ],
    [
      [
        959,
        75
      ]
    ],
    [
      [
        948,
        75
      ]
    ],
    [
      [
        947,
        74
      ]
    ],
    [
      [
        937,
        74
      ]
    ],
    [
      [
        936,
        73
      ]
    ],
    [
      [
        936,
        71
      ]
    ],
    [
      [
        935,
        70
      ]
    ],
    [
      [
        933,
        70
      ]
    ],
    [
      [
        932,
        69
      ]
    ],
    [
      [
        930,
        69
      ]
    ],
    [
      [
        929,
        68
      ]
    ],
    [
      [
        928,
        68
      ]
    ],
    [
      [
        927,
        67
      ]
    ],
    [
      [
        925,
        67
      ]
    ],
    [
      [
        922,
        64
      ]
    ],
    [
      [
        922,
        56
      ]
    ],
    [
      [
        921,
        55
      ]
    ],
    [
      [
        916,
        55
      ]
    ],
    [
      [
        915,
        54
      ]
    ],
    [
      [
        913,
        54
      ]
    ],
    [
      [
        912,
        53
      ]
    ],
    [
      [
        909,
        53
      ]
    ],
    [
      [
        907,
        51
      ]
    ],
    [
      [
        905,
        51
      ]
    ],
    [
      [
        904,
        50
      ]
    ],
    [
      [
        900,
        50
      ]
    ],
    [
      [
        899,
        49
      ]
    ],
    [
      [
        898,
        49
      ]
    ],
    [
      [
        896,
        47
      ]
    ],
    [
      [
        893,
        47
      ]
    ],
    [
      [
        892,
        46
      ]
    ],
    [
      [
        891,
        46
      ]
    ],
    [
      [
        889,
        44
      ]
    ],
    [
      [
        888,
        44
      ]
    ],
    [
      [
        887,
        43
      ]
    ],
    [
      [
        885,
        43
      ]
    ],
    [
      [
        884,
        42
      ]
    ],
    [
      [
        882,
        42
      ]
    ],
    [
      [
        881,
        41
      ]
    ],
    [
      [
        880,
        41
      ]
    ],
    [
      [
        879,
        40
      ]
    ],
    [
      [
        877,
        40
      ]
    ],
    [
      [
        876,
        39
      ]
    ],
    [
      [
        875,
        39
      ]
    ],
    [
      [
        874,
        38
      ]
    ],
    [
      [
        873,
        38
      ]
    ],
    [
      [
        872,
        37
      ]
    ],
    [
      [
        870,
        37
      ]
    ],
    [
      [
        869,
        36
      ]
    ],
    [
      [
        868,
        36
      ]
    ],
    [
      [
        867,
        35
      ]
    ],
    [
      [
        866,
        35
      ]
    ],
    [
      [
        865,
        34
      ]
    ],
    [
      [
        863,
        34
      ]
    ],
    [
      [
        862,
        33
      ]
    ],
    [
      [
        861,
        33
      ]
    ],
    [
      [
        860,
        32
      ]
    ],
    [
      [
        858,
        32
      ]
    ],
    [
      [
        857,
        31
      ]
    ],
    [
      [
        852,
        31
      ]
    ],
    [
      [
        851,
        30
      ]
    ],
    [
      [
        851,
        27
      ]
    ],
    [
      [
        847,
        23
      ]
    ],
    [
      [
        844,
        23
      ]
    ],
    [
      [
        842,
        21
      ]
    ],
    [
      [
        838,
        21
      ]
    ],
    [
      [
        836,
        19
      ]
    ],
    [
      [
        835,
        19
      ]
    ],
    [
      [
        834,
        18
      ]
    ],
    [
      [
        832,
        18
      ]
    ],
    [
      [
        831,
        17
      ]
    ],
    [
      [
        829,
        17
      ]
    ],
    [
      [
        827,
        15
      ]
    ],
    [
      [
        826,
        15
      ]
    ],
    [
      [
        825,
        14
      ]
    ]
  ],
  "segment_square_corners": [
    [
      443.4919128417969,
      803.5650634765625
    ],
    [
      789.1669921875,
      0.0
    ],
    [
      1428.16943359375,
      272.4400634765625
    ],
    [
      1082.494384765625,
      1077.8272705078125
    ]
  ],
  "phrases": [
    "box",
    "tangerine",
    "tangerine",
    "tangerine",
    "tangerine"
  ],
  "selected_bbox": [
    0.45711106061935425,
    0.4656077027320862,
    0.4803687334060669,
    0.9008835554122925
  ]
}