{
  "timestamp": 1761056166.4776366,
  "session_id": "session_20251021_211452_51253c84",
  "supplier_id": "",
  "qr_data": "695991",
  "qr_items": {
    "tangerine": 4
  },
  "qr_corners": [
    [
      1167.0,
      609.0
    ],
    [
      1262.0,
      588.0
    ],
    [
      1281.0,
      682.0
    ],
    [
      1187.0,
      702.0
    ]
  ],
  "segment_corners": [
    [
      [
        1188,
        110
      ]
    ],
    [
      [
        1188,
        111
      ]
    ],
    [
      [
        1187,
        112
      ]
    ],
    [
      [
        1176,
        112
      ]
    ],
    [
      [
        1175,
        113
      ]
    ],
    [
      [
        1173,
        113
      ]
    ],
    [
      [
        1172,
        114
      ]
    ],
    [
      [
        1163,
        114
      ]
    ],
    [
      [
        1163,
        119
      ]
    ],
    [
      [
        1162,
        120
      ]
    ],
    [
      [
        1153,
        120
      ]
    ],
    [
      [
        1152,
        121
      ]
    ],
    [
      [
        1151,
        121
      ]
    ],
    [
      [
        1151,
        124
      ]
    ],
    [
      [
        1150,
        125
      ]
    ],
    [
      [
        1131,
        125
      ]
    ],
    [
      [
        1130,
        124
      ]
    ],
    [
      [
        1129,
        124
      ]
    ],
    [
      [
        1128,
        123
      ]
    ],
    [
      [
        1122,
        123
      ]
    ],
    [
      [
        1121,
        124
      ]
    ],
    [
      [
        1115,
        124
      ]
    ],
    [
      [
        1114,
        125
      ]
    ],
    [
      [
        1113,
        125
      ]
    ],
    [
      [
        1113,
        127
      ]
    ],
    [
      [
        1112,
        128
      ]
    ],
    [
      [
        1111,
        128
      ]
    ],
    [
      [
        1111,
        138
      ]
    ],
    [
      [
        1110,
        139
      ]
    ],
    [
      [
        1108,
        139
      ]
    ],
    [
      [
        1107,
        140
      ]
    ],
    [
      [
        1104,
        140
      ]
    ],
    [
      [
        1103,
        141
      ]
    ],
    [
      [
        1101,
        141
      ]
    ],
    [
      [
        1101,
        154
      ]
    ],
    [
      [
        1099,
        156
      ]
    ],
    [
      [
        1098,
        156
      ]
    ],
    [
      [
        1097,
        157
      ]
    ],
    [
      [
        1094,
        157
      ]
    ],
    [
      [
        1093,
        158
      ]
    ],
    [
      [
        1092,
        158
      ]
    ],
    [
      [
        1091,
        159
      ]
    ],
    [
      [
        1087,
        159
      ]
    ],
    [
      [
        1086,
        160
      ]
    ],
    [
      [
        1081,
        160
      ]
    ],
    [
      [
        1080,
        161
      ]
    ],
    [
      [
        1071,
        161
      ]
    ],
    [
      [
        1070,
        162
      ]
    ],
    [
      [
        1065,
        162
      ]
    ],
    [
      [
        1064,
        163
      ]
    ],
    [
      [
        1064,
        164
      ]
    ],
    [
      [
        1063,
        165
      ]
    ],
    [
      [
        1062,
        165
      ]
    ],
    [
      [
        1061,
        166
      ]
    ],
    [
      [
        1058,
        166
      ]
    ],
    [
      [
        1057,
        167
      ]
    ],
    [
      [
        1055,
        167
      ]
    ],
    [
      [
        1054,
        168
      ]
    ],
    [
      [
        1051,
        168
      ]
    ],
    [
      [
        1050,
        169
      ]
    ],
    [
      [
        1048,
        169
      ]
    ],
    [
      [
        1047,
        170
      ]
    ],
    [
      [
        1043,
        170
      ]
    ],
    [
      [
        1042,
        171
      ]
    ],
    [
      [
        1038,
        171
      ]
    ],
    [
      [
        1037,
        172
      ]
    ],
    [
      [
        1035,
        172
      ]
    ],
    [
      [
        1034,
        173
      ]
    ],
    [
      [
        1030,
        173
      ]
    ],
    [
      [
        1029,
        174
      ]
    ],
    [
      [
        1027,
        174
      ]
    ],
    [
      [
        1026,
        175
      ]
    ],
    [
      [
        1022,
        175
      ]
    ],
    [
      [
        1021,
        176
      ]
    ],
    [
      [
        1015,
        176
      ]
    ],
    [
      [
        1013,
        178
      ]
    ],
    [
      [
        1009,
        178
      ]
    ],
    [
      [
        1008,
        179
      ]
    ],
    [
      [
        1006,
        179
      ]
    ],
    [
      [
        1005,
        180
      ]
    ],
    [
      [
        1001,
        180
      ]
    ],
    [
      [
        1000,
        181
      ]
    ],
    [
      [
        997,
        181
      ]
    ],
    [
      [
        996,
        182
      ]
    ],
    [
      [
        991,
        182
      ]
    ],
    [
      [
        990,
        183
      ]
    ],
    [
      [
        987,
        183
      ]
    ],
    [
      [
        986,
        184
      ]
    ],
    [
      [
        984,
        184
      ]
    ],
    [
      [
        983,
        185
      ]
    ],
    [
      [
        979,
        185
      ]
    ],
    [
      [
        978,
        186
      ]
    ],
    [
      [
        974,
        186
      ]
    ],
    [
      [
        973,
        187
      ]
    ],
    [
      [
        953,
        187
      ]
    ],
    [
      [
        951,
        185
      ]
    ],
    [
      [
        950,
        185
      ]
    ],
    [
      [
        948,
        183
      ]
    ],
    [
      [
        942,
        183
      ]
    ],
    [
      [
        941,
        184
      ]
    ],
    [
      [
        938,
        184
      ]
    ],
    [
      [
        937,
        185
      ]
    ],
    [
      [
        930,
        185
      ]
    ],
    [
      [
        930,
        192
      ]
    ],
    [
      [
        929,
        193
      ]
    ],
    [
      [
        929,
        197
      ]
    ],
    [
      [
        927,
        199
      ]
    ],
    [
      [
        907,
        199
      ]
    ],
    [
      [
        906,
        198
      ]
    ],
    [
      [
        906,
        195
      ]
    ],
    [
      [
        905,
        195
      ]
    ],
    [
      [
        904,
        194
      ]
    ],
    [
      [
        898,
        194
      ]
    ],
    [
      [
        897,
        195
      ]
    ],
    [
      [
        895,
        195
      ]
    ],
    [
      [
        893,
        197
      ]
    ],
    [
      [
        891,
        197
      ]
    ],
    [
      [
        890,
        198
      ]
    ],
    [
      [
        886,
        198
      ]
    ],
    [
      [
        885,
        199
      ]
    ],
    [
      [
        884,
        199
      ]
    ],
    [
      [
        883,
        200
      ]
    ],
    [
      [
        879,
        200
      ]
    ],
    [
      [
        878,
        201
      ]
    ],
    [
      [
        877,
        201
      ]
    ],
    [
      [
        877,
        202
      ]
    ],
    [
      [
        876,
        203
      ]
    ],
    [
      [
        870,
        203
      ]
    ],
    [
      [
        870,
        205
      ]
    ],
    [
      [
        869,
        206
      ]
    ],
    [
      [
        858,
        206
      ]
    ],
    [
      [
        857,
        207
      ]
    ],
    [
      [
        855,
        207
      ]
    ],
    [
      [
        854,
        208
      ]
    ],
    [
      [
        851,
        208
      ]
    ],
    [
      [
        850,
        209
      ]
    ],
    [
      [
        841,
        209
      ]
    ],
    [
      [
        840,
        210
      ]
    ],
    [
      [
        835,
        210
      ]
    ],
    [
      [
        834,
        211
      ]
    ],
    [
      [
        833,
        211
      ]
    ],
    [
      [
        831,
        213
      ]
    ],
    [
      [
        830,
        213
      ]
    ],
    [
      [
        829,
        214
      ]
    ],
    [
      [
        811,
        214
      ]
    ],
    [
      [
        810,
        213
      ]
    ],
    [
      [
        810,
        206
      ]
    ],
    [
      [
        809,
        205
      ]
    ],
    [
      [
        797,
        205
      ]
    ],
    [
      [
        796,
        206
      ]
    ],
    [
      [
        793,
        206
      ]
    ],
    [
      [
        792,
        207
      ]
    ],
    [
      [
        791,
        207
      ]
    ],
    [
      [
        790,
        208
      ]
    ],
    [
      [
        785,
        208
      ]
    ],
    [
      [
        784,
        209
      ]
    ],
    [
      [
        783,
        209
      ]
    ],
    [
      [
        782,
        210
      ]
    ],
    [
      [
        781,
        210
      ]
    ],
    [
      [
        780,
        211
      ]
    ],
    [
      [
        775,
        211
      ]
    ],
    [
      [
        774,
        212
      ]
    ],
    [
      [
        768,
        212
      ]
    ],
    [
      [
        766,
        214
      ]
    ],
    [
      [
        761,
        214
      ]
    ],
    [
      [
        760,
        215
      ]
    ],
    [
      [
        757,
        215
      ]
    ],
    [
      [
        756,
        216
      ]
    ],
    [
      [
        754,
        216
      ]
    ],
    [
      [
        753,
        217
      ]
    ],
    [
      [
        751,
        217
      ]
    ],
    [
      [
        750,
        218
      ]
    ],
    [
      [
        746,
        218
      ]
    ],
    [
      [
        745,
        219
      ]
    ],
    [
      [
        744,
        219
      ]
    ],
    [
      [
        743,
        220
      ]
    ],
    [
      [
        739,
        220
      ]
    ],
    [
      [
        738,
        221
      ]
    ],
    [
      [
        736,
        221
      ]
    ],
    [
      [
        734,
        223
      ]
    ],
    [
      [
        724,
        223
      ]
    ],
    [
      [
        723,
        224
      ]
    ],
    [
      [
        720,
        224
      ]
    ],
    [
      [
        719,
        225
      ]
    ],
    [
      [
        718,
        225
      ]
    ],
    [
      [
        717,
        226
      ]
    ],
    [
      [
        715,
        226
      ]
    ],
    [
      [
        714,
        227
      ]
    ],
    [
      [
        710,
        227
      ]
    ],
    [
      [
        709,
        228
      ]
    ],
    [
      [
        707,
        228
      ]
    ],
    [
      [
        706,
        229
      ]
    ],
    [
      [
        703,
        229
      ]
    ],
    [
      [
        702,
        230
      ]
    ],
    [
      [
        700,
        230
      ]
    ],
    [
      [
        699,
        231
      ]
    ],
    [
      [
        696,
        231
      ]
    ],
    [
      [
        695,
        232
      ]
    ],
    [
      [
        690,
        232
      ]
    ],
    [
      [
        689,
        233
      ]
    ],
    [
      [
        687,
        233
      ]
    ],
    [
      [
        686,
        234
      ]
    ],
    [
      [
        684,
        234
      ]
    ],
    [
      [
        683,
        235
      ]
    ],
    [
      [
        680,
        235
      ]
    ],
    [
      [
        679,
        236
      ]
    ],
    [
      [
        674,
        236
      ]
    ],
    [
      [
        673,
        237
      ]
    ],
    [
      [
        668,
        237
      ]
    ],
    [
      [
        667,
        238
      ]
    ],
    [
      [
        665,
        238
      ]
    ],
    [
      [
        664,
        239
      ]
    ],
    [
      [
        661,
        239
      ]
    ],
    [
      [
        660,
        240
      ]
    ],
    [
      [
        659,
        240
      ]
    ],
    [
      [
        658,
        241
      ]
    ],
    [
      [
        657,
        241
      ]
    ],
    [
      [
        656,
        242
      ]
    ],
    [
      [
        648,
        242
      ]
    ],
    [
      [
        647,
        243
      ]
    ],
    [
      [
        643,
        243
      ]
    ],
    [
      [
        642,
        244
      ]
    ],
    [
      [
        642,
        259
      ]
    ],
    [
      [
        640,
        261
      ]
    ],
    [
      [
        639,
        261
      ]
    ],
    [
      [
        638,
        262
      ]
    ],
    [
      [
        634,
        262
      ]
    ],
    [
      [
        633,
        263
      ]
    ],
    [
      [
        632,
        263
      ]
    ],
    [
      [
        631,
        264
      ]
    ],
    [
      [
        620,
        264
      ]
    ],
    [
      [
        620,
        268
      ]
    ],
    [
      [
        619,
        269
      ]
    ],
    [
      [
        618,
        269
      ]
    ],
    [
      [
        617,
        270
      ]
    ],
    [
      [
        614,
        270
      ]
    ],
    [
      [
        613,
        271
      ]
    ],
    [
      [
        608,
        271
      ]
    ],
    [
      [
        607,
        272
      ]
    ],
    [
      [
        605,
        272
      ]
    ],
    [
      [
        604,
        273
      ]
    ],
    [
      [
        599,
        273
      ]
    ],
    [
      [
        598,
        274
      ]
    ],
    [
      [
        597,
        274
      ]
    ],
    [
      [
        596,
        275
      ]
    ],
    [
      [
        595,
        275
      ]
    ],
    [
      [
        594,
        276
      ]
    ],
    [
      [
        590,
        276
      ]
    ],
    [
      [
        589,
        277
      ]
    ],
    [
      [
        586,
        277
      ]
    ],
    [
      [
        585,
        278
      ]
    ],
    [
      [
        583,
        278
      ]
    ],
    [
      [
        582,
        279
      ]
    ],
    [
      [
        577,
        279
      ]
    ],
    [
      [
        576,
        280
      ]
    ],
    [
      [
        573,
        280
      ]
    ],
    [
      [
        572,
        281
      ]
    ],
    [
      [
        569,
        281
      ]
    ],
    [
      [
        568,
        282
      ]
    ],
    [
      [
        567,
        282
      ]
    ],
    [
      [
        566,
        283
      ]
    ],
    [
      [
        565,
        283
      ]
    ],
    [
      [
        563,
        285
      ]
    ],
    [
      [
        538,
        285
      ]
    ],
    [
      [
        537,
        286
      ]
    ],
    [
      [
        535,
        286
      ]
    ],
    [
      [
        534,
        287
      ]
    ],
    [
      [
        530,
        287
      ]
    ],
    [
      [
        529,
        288
      ]
    ],
    [
      [
        511,
        288
      ]
    ],
    [
      [
        510,
        287
      ]
    ],
    [
      [
        504,
        287
      ]
    ],
    [
      [
        503,
        288
      ]
    ],
    [
      [
        500,
        288
      ]
    ],
    [
      [
        499,
        289
      ]
    ],
    [
      [
        498,
        289
      ]
    ],
    [
      [
        497,
        290
      ]
    ],
    [
      [
        495,
        290
      ]
    ],
    [
      [
        494,
        291
      ]
    ],
    [
      [
        493,
        291
      ]
    ],
    [
      [
        493,
        298
      ]
    ],
    [
      [
        492,
        299
      ]
    ],
    [
      [
        492,
        305
      ]
    ],
    [
      [
        494,
        307
      ]
    ],
    [
      [
        494,
        308
      ]
    ],
    [
      [
        507,
        308
      ]
    ],
    [
      [
        508,
        309
      ]
    ],
    [
      [
        508,
        326
      ]
    ],
    [
      [
        506,
        328
      ]
    ],
    [
      [
        505,
        328
      ]
    ],
    [
      [
        499,
        334
      ]
    ],
    [
      [
        498,
        334
      ]
    ],
    [
      [
        496,
        336
      ]
    ],
    [
      [
        496,
        337
      ]
    ],
    [
      [
        495,
        338
      ]
    ],
    [
      [
        495,
        339
      ]
    ],
    [
      [
        494,
        340
      ]
    ],
    [
      [
        494,
        342
      ]
    ],
    [
      [
        486,
        350
      ]
    ],
    [
      [
        486,
        352
      ]
    ],
    [
      [
        485,
        353
      ]
    ],
    [
      [
        485,
        354
      ]
    ],
    [
      [
        484,
        355
      ]
    ],
    [
      [
        483,
        355
      ]
    ],
    [
      [
        482,
        356
      ]
    ],
    [
      [
        482,
        365
      ]
    ],
    [
      [
        481,
        366
      ]
    ],
    [
      [
        480,
        366
      ]
    ],
    [
      [
        480,
        367
      ]
    ],
    [
      [
        479,
        368
      ]
    ],
    [
      [
        478,
        368
      ]
    ],
    [
      [
        478,
        369
      ]
    ],
    [
      [
        477,
        370
      ]
    ],
    [
      [
        477,
        371
      ]
    ],
    [
      [
        476,
        372
      ]
    ],
    [
      [
        476,
        373
      ]
    ],
    [
      [
        475,
        374
      ]
    ],
    [
      [
        475,
        378
      ]
    ],
    [
      [
        474,
        379
      ]
    ],
    [
      [
        474,
        381
      ]
    ],
    [
      [
        473,
        382
      ]
    ],
    [
      [
        473,
        385
      ]
    ],
    [
      [
        472,
        386
      ]
    ],
    [
      [
        472,
        388
      ]
    ],
    [
      [
        471,
        389
      ]
    ],
    [
      [
        471,
        394
      ]
    ],
    [
      [
        470,
        395
      ]
    ],
    [
      [
        470,
        397
      ]
    ],
    [
      [
        469,
        398
      ]
    ],
    [
      [
        469,
        407
      ]
    ],
    [
      [
        468,
        408
      ]
    ],
    [
      [
        468,
        409
      ]
    ],
    [
      [
        467,
        410
      ]
    ],
    [
      [
        467,
        412
      ]
    ],
    [
      [
        466,
        413
      ]
    ],
    [
      [
        466,
        437
      ]
    ],
    [
      [
        467,
        438
      ]
    ],
    [
      [
        467,
        442
      ]
    ],
    [
      [
        468,
        443
      ]
    ],
    [
      [
        468,
        451
      ]
    ],
    [
      [
        469,
        452
      ]
    ],
    [
      [
        469,
        454
      ]
    ],
    [
      [
        470,
        455
      ]
    ],
    [
      [
        470,
        458
      ]
    ],
    [
      [
        471,
        459
      ]
    ],
    [
      [
        471,
        463
      ]
    ],
    [
      [
        472,
        464
      ]
    ],
    [
      [
        472,
        466
      ]
    ],
    [
      [
        473,
        467
      ]
    ],
    [
      [
        473,
        470
      ]
    ],
    [
      [
        475,
        472
      ]
    ],
    [
      [
        475,
        474
      ]
    ],
    [
      [
        476,
        475
      ]
    ],
    [
      [
        476,
        477
      ]
    ],
    [
      [
        477,
        478
      ]
    ],
    [
      [
        477,
        481
      ]
    ],
    [
      [
        478,
        482
      ]
    ],
    [
      [
        478,
        483
      ]
    ],
    [
      [
        480,
        485
      ]
    ],
    [
      [
        494,
        485
      ]
    ],
    [
      [
        495,
        486
      ]
    ],
    [
      [
        495,
        491
      ]
    ],
    [
      [
        496,
        492
      ]
    ],
    [
      [
        496,
        502
      ]
    ],
    [
      [
        498,
        502
      ]
    ],
    [
      [
        499,
        503
      ]
    ],
    [
      [
        499,
        504
      ]
    ],
    [
      [
        500,
        505
      ]
    ],
    [
      [
        500,
        509
      ]
    ],
    [
      [
        501,
        510
      ]
    ],
    [
      [
        501,
        513
      ]
    ],
    [
      [
        502,
        514
      ]
    ],
    [
      [
        502,
        515
      ]
    ],
    [
      [
        503,
        516
      ]
    ],
    [
      [
        503,
        533
      ]
    ],
    [
      [
        502,
        534
      ]
    ],
    [
      [
        488,
        534
      ]
    ],
    [
      [
        487,
        535
      ]
    ],
    [
      [
        487,
        537
      ]
    ],
    [
      [
        485,
        539
      ]
    ],
    [
      [
        485,
        540
      ]
    ],
    [
      [
        483,
        542
      ]
    ],
    [
      [
        482,
        542
      ]
    ],
    [
      [
        481,
        543
      ]
    ],
    [
      [
        481,
        552
      ]
    ],
    [
      [
        482,
        552
      ]
    ],
    [
      [
        483,
        553
      ]
    ],
    [
      [
        483,
        554
      ]
    ],
    [
      [
        486,
        554
      ]
    ],
    [
      [
        487,
        555
      ]
    ],
    [
      [
        487,
        562
      ]
    ],
    [
      [
        488,
        563
      ]
    ],
    [
      [
        488,
        564
      ]
    ],
    [
      [
        489,
        565
      ]
    ],
    [
      [
        489,
        567
      ]
    ],
    [
      [
        490,
        568
      ]
    ],
    [
      [
        490,
        572
      ]
    ],
    [
      [
        491,
        573
      ]
    ],
    [
      [
        491,
        575
      ]
    ],
    [
      [
        492,
        576
      ]
    ],
    [
      [
        492,
        577
      ]
    ],
    [
      [
        493,
        578
      ]
    ],
    [
      [
        493,
        584
      ]
    ],
    [
      [
        494,
        585
      ]
    ],
    [
      [
        494,
        587
      ]
    ],
    [
      [
        495,
        588
      ]
    ],
    [
      [
        495,
        589
      ]
    ],
    [
      [
        496,
        590
      ]
    ],
    [
      [
        496,
        592
      ]
    ],
    [
      [
        497,
        593
      ]
    ],
    [
      [
        497,
        594
      ]
    ],
    [
      [
        498,
        595
      ]
    ],
    [
      [
        498,
        603
      ]
    ],
    [
      [
        500,
        605
      ]
    ],
    [
      [
        500,
        606
      ]
    ],
    [
      [
        501,
        607
      ]
    ],
    [
      [
        501,
        609
      ]
    ],
    [
      [
        502,
        610
      ]
    ],
    [
      [
        502,
        611
      ]
    ],
    [
      [
        503,
        612
      ]
    ],
    [
      [
        503,
        613
      ]
    ],
    [
      [
        504,
        614
      ]
    ],
    [
      [
        504,
        617
      ]
    ],
    [
      [
        505,
        618
      ]
    ],
    [
      [
        505,
        621
      ]
    ],
    [
      [
        506,
        622
      ]
    ],
    [
      [
        506,
        628
      ]
    ],
    [
      [
        508,
        630
      ]
    ],
    [
      [
        508,
        636
      ]
    ],
    [
      [
        509,
        637
      ]
    ],
    [
      [
        509,
        638
      ]
    ],
    [
      [
        510,
        639
      ]
    ],
    [
      [
        510,
        640
      ]
    ],
    [
      [
        511,
        641
      ]
    ],
    [
      [
        511,
        644
      ]
    ],
    [
      [
        512,
        645
      ]
    ],
    [
      [
        512,
        647
      ]
    ],
    [
      [
        513,
        648
      ]
    ],
    [
      [
        513,
        650
      ]
    ],
    [
      [
        514,
        651
      ]
    ],
    [
      [
        514,
        655
      ]
    ],
    [
      [
        515,
        656
      ]
    ],
    [
      [
        515,
        661
      ]
    ],
    [
      [
        517,
        663
      ]
    ],
    [
      [
        517,
        666
      ]
    ],
    [
      [
        518,
        667
      ]
    ],
    [
      [
        518,
        670
      ]
    ],
    [
      [
        519,
        671
      ]
    ],
    [
      [
        519,
        672
      ]
    ],
    [
      [
        520,
        673
      ]
    ],
    [
      [
        520,
        674
      ]
    ],
    [
      [
        521,
        675
      ]
    ],
    [
      [
        521,
        678
      ]
    ],
    [
      [
        522,
        679
      ]
    ],
    [
      [
        522,
        683
      ]
    ],
    [
      [
        524,
        685
      ]
    ],
    [
      [
        524,
        687
      ]
    ],
    [
      [
        525,
        688
      ]
    ],
    [
      [
        525,
        690
      ]
    ],
    [
      [
        527,
        692
      ]
    ],
    [
      [
        527,
        712
      ]
    ],
    [
      [
        530,
        715
      ]
    ],
    [
      [
        534,
        715
      ]
    ],
    [
      [
        535,
        716
      ]
    ],
    [
      [
        535,
        727
      ]
    ],
    [
      [
        536,
        728
      ]
    ],
    [
      [
        536,
        729
      ]
    ],
    [
      [
        537,
        730
      ]
    ],
    [
      [
        537,
        733
      ]
    ],
    [
      [
        538,
        734
      ]
    ],
    [
      [
        538,
        735
      ]
    ],
    [
      [
        539,
        736
      ]
    ],
    [
      [
        539,
        737
      ]
    ],
    [
      [
        540,
        738
      ]
    ],
    [
      [
        540,
        741
      ]
    ],
    [
      [
        541,
        742
      ]
    ],
    [
      [
        541,
        746
      ]
    ],
    [
      [
        542,
        747
      ]
    ],
    [
      [
        543,
        747
      ]
    ],
    [
      [
        544,
        748
      ]
    ],
    [
      [
        544,
        754
      ]
    ],
    [
      [
        546,
        756
      ]
    ],
    [
      [
        546,
        763
      ]
    ],
    [
      [
        548,
        765
      ]
    ],
    [
      [
        548,
        768
      ]
    ],
    [
      [
        549,
        769
      ]
    ],
    [
      [
        549,
        770
      ]
    ],
    [
      [
        550,
        771
      ]
    ],
    [
      [
        550,
        774
      ]
    ],
    [
      [
        551,
        775
      ]
    ],
    [
      [
        551,
        777
      ]
    ],
    [
      [
        552,
        778
      ]
    ],
    [
      [
        552,
        782
      ]
    ],
    [
      [
        556,
        782
      ]
    ],
    [
      [
        557,
        783
      ]
    ],
    [
      [
        557,
        808
      ]
    ],
    [
      [
        558,
        809
      ]
    ],
    [
      [
        558,
        810
      ]
    ],
    [
      [
        559,
        811
      ]
    ],
    [
      [
        559,
        816
      ]
    ],
    [
      [
        560,
        817
      ]
    ],
    [
      [
        560,
        818
      ]
    ],
    [
      [
        561,
        819
      ]
    ],
    [
      [
        561,
        821
      ]
    ],
    [
      [
        562,
        822
      ]
    ],
    [
      [
        562,
        826
      ]
    ],
    [
      [
        563,
        827
      ]
    ],
    [
      [
        563,
        829
      ]
    ],
    [
      [
        564,
        830
      ]
    ],
    [
      [
        564,
        831
      ]
    ],
    [
      [
        565,
        832
      ]
    ],
    [
      [
        565,
        835
      ]
    ],
    [
      [
        566,
        836
      ]
    ],
    [
      [
        566,
        840
      ]
    ],
    [
      [
        567,
        841
      ]
    ],
    [
      [
        567,
        859
      ]
    ],
    [
      [
        568,
        860
      ]
    ],
    [
      [
        568,
        867
      ]
    ],
    [
      [
        569,
        867
      ]
    ],
    [
      [
        570,
        868
      ]
    ],
    [
      [
        570,
        869
      ]
    ],
    [
      [
        576,
        869
      ]
    ],
    [
      [
        577,
        870
      ]
    ],
    [
      [
        577,
        871
      ]
    ],
    [
      [
        578,
        872
      ]
    ],
    [
      [
        578,
        877
      ]
    ],
    [
      [
        579,
        878
      ]
    ],
    [
      [
        579,
        881
      ]
    ],
    [
      [
        585,
        881
      ]
    ],
    [
      [
        585,
        866
      ]
    ],
    [
      [
        586,
        865
      ]
    ],
    [
      [
        603,
        865
      ]
    ],
    [
      [
        604,
        866
      ]
    ],
    [
      [
        605,
        866
      ]
    ],
    [
      [
        606,
        867
      ]
    ],
    [
      [
        608,
        867
      ]
    ],
    [
      [
        609,
        868
      ]
    ],
    [
      [
        612,
        868
      ]
    ],
    [
      [
        613,
        869
      ]
    ],
    [
      [
        614,
        869
      ]
    ],
    [
      [
        616,
        871
      ]
    ],
    [
      [
        617,
        871
      ]
    ],
    [
      [
        620,
        874
      ]
    ],
    [
      [
        625,
        874
      ]
    ],
    [
      [
        627,
        876
      ]
    ],
    [
      [
        627,
        877
      ]
    ],
    [
      [
        629,
        879
      ]
    ],
    [
      [
        632,
        879
      ]
    ],
    [
      [
        633,
        880
      ]
    ],
    [
      [
        634,
        880
      ]
    ],
    [
      [
        635,
        881
      ]
    ],
    [
      [
        636,
        881
      ]
    ],
    [
      [
        639,
        884
      ]
    ],
    [
      [
        641,
        884
      ]
    ],
    [
      [
        642,
        885
      ]
    ],
    [
      [
        644,
        885
      ]
    ],
    [
      [
        645,
        886
      ]
    ],
    [
      [
        647,
        886
      ]
    ],
    [
      [
        649,
        888
      ]
    ],
    [
      [
        650,
        888
      ]
    ],
    [
      [
        653,
        891
      ]
    ],
    [
      [
        653,
        892
      ]
    ],
    [
      [
        654,
        893
      ]
    ],
    [
      [
        658,
        893
      ]
    ],
    [
      [
        661,
        896
      ]
    ],
    [
      [
        661,
        897
      ]
    ],
    [
      [
        662,
        897
      ]
    ],
    [
      [
        665,
        900
      ]
    ],
    [
      [
        666,
        900
      ]
    ],
    [
      [
        668,
        902
      ]
    ],
    [
      [
        669,
        902
      ]
    ],
    [
      [
        670,
        903
      ]
    ],
    [
      [
        670,
        920
      ]
    ],
    [
      [
        668,
        922
      ]
    ],
    [
      [
        665,
        922
      ]
    ],
    [
      [
        664,
        923
      ]
    ],
    [
      [
        657,
        923
      ]
    ],
    [
      [
        656,
        924
      ]
    ],
    [
      [
        639,
        924
      ]
    ],
    [
      [
        638,
        923
      ]
    ],
    [
      [
        635,
        923
      ]
    ],
    [
      [
        634,
        922
      ]
    ],
    [
      [
        634,
        920
      ]
    ],
    [
      [
        628,
        920
      ]
    ],
    [
      [
        627,
        919
      ]
    ],
    [
      [
        627,
        907
      ]
    ],
    [
      [
        624,
        907
      ]
    ],
    [
      [
        623,
        906
      ]
    ],
    [
      [
        621,
        906
      ]
    ],
    [
      [
        617,
        902
      ]
    ],
    [
      [
        611,
        902
      ]
    ],
    [
      [
        611,
        911
      ]
    ],
    [
      [
        610,
        912
      ]
    ],
    [
      [
        609,
        912
      ]
    ],
    [
      [
        609,
        916
      ]
    ],
    [
      [
        608,
        917
      ]
    ],
    [
      [
        608,
        922
      ]
    ],
    [
      [
        607,
        923
      ]
    ],
    [
      [
        605,
        923
      ]
    ],
    [
      [
        604,
        924
      ]
    ],
    [
      [
        604,
        928
      ]
    ],
    [
      [
        603,
        929
      ]
    ],
    [
      [
        602,
        929
      ]
    ],
    [
      [
        601,
        930
      ]
    ],
    [
      [
        601,
        938
      ]
    ],
    [
      [
        602,
        939
      ]
    ],
    [
      [
        614,
        939
      ]
    ],
    [
      [
        615,
        940
      ]
    ],
    [
      [
        628,
        940
      ]
    ],
    [
      [
        629,
        939
      ]
    ],
    [
      [
        649,
        939
      ]
    ],
    [
      [
        649,
        938
      ]
    ],
    [
      [
        650,
        937
      ]
    ],
    [
      [
        655,
        937
      ]
    ],
    [
      [
        656,
        936
      ]
    ],
    [
      [
        658,
        936
      ]
    ],
    [
      [
        659,
        935
      ]
    ],
    [
      [
        667,
        935
      ]
    ],
    [
      [
        669,
        933
      ]
    ],
    [
      [
        675,
        933
      ]
    ],
    [
      [
        677,
        931
      ]
    ],
    [
      [
        680,
        931
      ]
    ],
    [
      [
        681,
        930
      ]
    ],
    [
      [
        684,
        930
      ]
    ],
    [
      [
        685,
        929
      ]
    ],
    [
      [
        688,
        929
      ]
    ],
    [
      [
        689,
        928
      ]
    ],
    [
      [
        691,
        928
      ]
    ],
    [
      [
        692,
        927
      ]
    ],
    [
      [
        694,
        927
      ]
    ],
    [
      [
        695,
        926
      ]
    ],
    [
      [
        704,
        926
      ]
    ],
    [
      [
        705,
        925
      ]
    ],
    [
      [
        707,
        925
      ]
    ],
    [
      [
        708,
        924
      ]
    ],
    [
      [
        711,
        924
      ]
    ],
    [
      [
        712,
        923
      ]
    ],
    [
      [
        717,
        923
      ]
    ],
    [
      [
        718,
        922
      ]
    ],
    [
      [
        721,
        922
      ]
    ],
    [
      [
        722,
        921
      ]
    ],
    [
      [
        725,
        921
      ]
    ],
    [
      [
        726,
        920
      ]
    ],
    [
      [
        733,
        920
      ]
    ],
    [
      [
        734,
        919
      ]
    ],
    [
      [
        735,
        919
      ]
    ],
    [
      [
        736,
        918
      ]
    ],
    [
      [
        743,
        918
      ]
    ],
    [
      [
        744,
        917
      ]
    ],
    [
      [
        748,
        917
      ]
    ],
    [
      [
        749,
        916
      ]
    ],
    [
      [
        756,
        916
      ]
    ],
    [
      [
        758,
        914
      ]
    ],
    [
      [
        758,
        908
      ]
    ],
    [
      [
        752,
        908
      ]
    ],
    [
      [
        751,
        907
      ]
    ],
    [
      [
        751,
        889
      ]
    ],
    [
      [
        752,
        888
      ]
    ],
    [
      [
        756,
        888
      ]
    ],
    [
      [
        757,
        887
      ]
    ],
    [
      [
        759,
        887
      ]
    ],
    [
      [
        760,
        886
      ]
    ],
    [
      [
        763,
        886
      ]
    ],
    [
      [
        764,
        885
      ]
    ],
    [
      [
        766,
        885
      ]
    ],
    [
      [
        767,
        884
      ]
    ],
    [
      [
        770,
        884
      ]
    ],
    [
      [
        771,
        883
      ]
    ],
    [
      [
        777,
        883
      ]
    ],
    [
      [
        778,
        882
      ]
    ],
    [
      [
        784,
        882
      ]
    ],
    [
      [
        785,
        881
      ]
    ],
    [
      [
        786,
        881
      ]
    ],
    [
      [
        787,
        880
      ]
    ],
    [
      [
        788,
        880
      ]
    ],
    [
      [
        789,
        879
      ]
    ],
    [
      [
        796,
        879
      ]
    ],
    [
      [
        797,
        878
      ]
    ],
    [
      [
        799,
        878
      ]
    ],
    [
      [
        800,
        877
      ]
    ],
    [
      [
        804,
        877
      ]
    ],
    [
      [
        805,
        876
      ]
    ],
    [
      [
        807,
        876
      ]
    ],
    [
      [
        808,
        875
      ]
    ],
    [
      [
        810,
        875
      ]
    ],
    [
      [
        811,
        874
      ]
    ],
    [
      [
        816,
        874
      ]
    ],
    [
      [
        817,
        873
      ]
    ],
    [
      [
        824,
        873
      ]
    ],
    [
      [
        825,
        872
      ]
    ],
    [
      [
        826,
        872
      ]
    ],
    [
      [
        827,
        871
      ]
    ],
    [
      [
        830,
        871
      ]
    ],
    [
      [
        831,
        870
      ]
    ],
    [
      [
        834,
        870
      ]
    ],
    [
      [
        835,
        869
      ]
    ],
    [
      [
        837,
        869
      ]
    ],
    [
      [
        838,
        868
      ]
    ],
    [
      [
        843,
        868
      ]
    ],
    [
      [
        844,
        867
      ]
    ],
    [
      [
        848,
        867
      ]
    ],
    [
      [
        849,
        866
      ]
    ],
    [
      [
        852,
        866
      ]
    ],
    [
      [
        853,
        865
      ]
    ],
    [
      [
        855,
        865
      ]
    ],
    [
      [
        856,
        864
      ]
    ],
    [
      [
        859,
        864
      ]
    ],
    [
      [
        860,
        863
      ]
    ],
    [
      [
        862,
        863
      ]
    ],
    [
      [
        863,
        862
      ]
    ],
    [
      [
        865,
        862
      ]
    ],
    [
      [
        866,
        861
      ]
    ],
    [
      [
        873,
        861
      ]
    ],
    [
      [
        874,
        860
      ]
    ],
    [
      [
        875,
        860
      ]
    ],
    [
      [
        876,
        859
      ]
    ],
    [
      [
        895,
        859
      ]
    ],
    [
      [
        896,
        860
      ]
    ],
    [
      [
        896,
        863
      ]
    ],
    [
      [
        897,
        864
      ]
    ],
    [
      [
        897,
        865
      ]
    ],
    [
      [
        899,
        865
      ]
    ],
    [
      [
        900,
        866
      ]
    ],
    [
      [
        912,
        866
      ]
    ],
    [
      [
        913,
        867
      ]
    ],
    [
      [
        915,
        867
      ]
    ],
    [
      [
        916,
        868
      ]
    ],
    [
      [
        919,
        868
      ]
    ],
    [
      [
        920,
        869
      ]
    ],
    [
      [
        926,
        869
      ]
    ],
    [
      [
        927,
        868
      ]
    ],
    [
      [
        930,
        868
      ]
    ],
    [
      [
        931,
        867
      ]
    ],
    [
      [
        933,
        867
      ]
    ],
    [
      [
        934,
        866
      ]
    ],
    [
      [
        935,
        866
      ]
    ],
    [
      [
        936,
        865
      ]
    ],
    [
      [
        936,
        846
      ]
    ],
    [
      [
        937,
        845
      ]
    ],
    [
      [
        938,
        845
      ]
    ],
    [
      [
        939,
        844
      ]
    ],
    [
      [
        956,
        844
      ]
    ],
    [
      [
        960,
        848
      ]
    ],
    [
      [
        960,
        853
      ]
    ],
    [
      [
        961,
        853
      ]
    ],
    [
      [
        962,
        854
      ]
    ],
    [
      [
        968,
        854
      ]
    ],
    [
      [
        968,
        853
      ]
    ],
    [
      [
        969,
        852
      ]
    ],
    [
      [
        978,
        852
      ]
    ],
    [
      [
        978,
        851
      ]
    ],
    [
      [
        979,
        850
      ]
    ],
    [
      [
        981,
        850
      ]
    ],
    [
      [
        982,
        849
      ]
    ],
    [
      [
        986,
        849
      ]
    ],
    [
      [
        987,
        848
      ]
    ],
    [
      [
        990,
        848
      ]
    ],
    [
      [
        991,
        847
      ]
    ],
    [
      [
        994,
        847
      ]
    ],
    [
      [
        995,
        846
      ]
    ],
    [
      [
        996,
        846
      ]
    ],
    [
      [
        996,
        844
      ]
    ],
    [
      [
        997,
        843
      ]
    ],
    [
      [
        1000,
        843
      ]
    ],
    [
      [
        1001,
        842
      ]
    ],
    [
      [
        1004,
        842
      ]
    ],
    [
      [
        1004,
        830
      ]
    ],
    [
      [
        1005,
        829
      ]
    ],
    [
      [
        1023,
        829
      ]
    ],
    [
      [
        1024,
        830
      ]
    ],
    [
      [
        1024,
        833
      ]
    ],
    [
      [
        1035,
        833
      ]
    ],
    [
      [
        1036,
        832
      ]
    ],
    [
      [
        1041,
        832
      ]
    ],
    [
      [
        1042,
        831
      ]
    ],
    [
      [
        1045,
        831
      ]
    ],
    [
      [
        1047,
        829
      ]
    ],
    [
      [
        1053,
        829
      ]
    ],
    [
      [
        1053,
        819
      ]
    ],
    [
      [
        1054,
        818
      ]
    ],
    [
      [
        1057,
        818
      ]
    ],
    [
      [
        1058,
        817
      ]
    ],
    [
      [
        1065,
        817
      ]
    ],
    [
      [
        1066,
        816
      ]
    ],
    [
      [
        1067,
        816
      ]
    ],
    [
      [
        1068,
        815
      ]
    ],
    [
      [
        1069,
        815
      ]
    ],
    [
      [
        1070,
        814
      ]
    ],
    [
      [
        1076,
        814
      ]
    ],
    [
      [
        1077,
        813
      ]
    ],
    [
      [
        1078,
        813
      ]
    ],
    [
      [
        1079,
        812
      ]
    ],
    [
      [
        1083,
        812
      ]
    ],
    [
      [
        1084,
        811
      ]
    ],
    [
      [
        1093,
        811
      ]
    ],
    [
      [
        1094,
        810
      ]
    ],
    [
      [
        1095,
        810
      ]
    ],
    [
      [
        1096,
        809
      ]
    ],
    [
      [
        1097,
        809
      ]
    ],
    [
      [
        1098,
        808
      ]
    ],
    [
      [
        1101,
        808
      ]
    ],
    [
      [
        1102,
        807
      ]
    ],
    [
      [
        1104,
        807
      ]
    ],
    [
      [
        1106,
        805
      ]
    ],
    [
      [
        1111,
        805
      ]
    ],
    [
      [
        1112,
        804
      ]
    ],
    [
      [
        1133,
        804
      ]
    ],
    [
      [
        1134,
        803
      ]
    ],
    [
      [
        1134,
        802
      ]
    ],
    [
      [
        1135,
        801
      ]
    ],
    [
      [
        1136,
        801
      ]
    ],
    [
      [
        1137,
        800
      ]
    ],
    [
      [
        1139,
        800
      ]
    ],
    [
      [
        1139,
        797
      ]
    ],
    [
      [
        1140,
        796
      ]
    ],
    [
      [
        1142,
        796
      ]
    ],
    [
      [
        1143,
        795
      ]
    ],
    [
      [
        1147,
        795
      ]
    ],
    [
      [
        1148,
        794
      ]
    ],
    [
      [
        1153,
        794
      ]
    ],
    [
      [
        1154,
        793
      ]
    ],
    [
      [
        1155,
        793
      ]
    ],
    [
      [
        1156,
        792
      ]
    ],
    [
      [
        1159,
        792
      ]
    ],
    [
      [
        1160,
        791
      ]
    ],
    [
      [
        1163,
        791
      ]
    ],
    [
      [
        1164,
        790
      ]
    ],
    [
      [
        1166,
        790
      ]
    ],
    [
      [
        1167,
        789
      ]
    ],
    [
      [
        1169,
        789
      ]
    ],
    [
      [
        1170,
        788
      ]
    ],
    [
      [
        1204,
        788
      ]
    ],
    [
      [
        1208,
        784
      ]
    ],
    [
      [
        1226,
        784
      ]
    ],
    [
      [
        1227,
        785
      ]
    ],
    [
      [
        1227,
        802
      ]
    ],
    [
      [
        1235,
        802
      ]
    ],
    [
      [
        1237,
        800
      ]
    ],
    [
      [
        1238,
        800
      ]
    ],
    [
      [
        1239,
        799
      ]
    ],
    [
      [
        1243,
        799
      ]
    ],
    [
      [
        1244,
        798
      ]
    ],
    [
      [
        1246,
        798
      ]
    ],
    [
      [
        1247,
        797
      ]
    ],
    [
      [
        1249,
        797
      ]
    ],
    [
      [
        1250,
        796
      ]
    ],
    [
      [
        1251,
        796
      ]
    ],
    [
      [
        1252,
        795
      ]
    ],
    [
      [
        1257,
        795
      ]
    ],
    [
      [
        1258,
        794
      ]
    ],
    [
      [
        1260,
        794
      ]
    ],
    [
      [
        1261,
        793
      ]
    ],
    [
      [
        1262,
        793
      ]
    ],
    [
      [
        1264,
        791
      ]
    ],
    [
      [
        1267,
        791
      ]
    ],
    [
      [
        1268,
        790
      ]
    ],
    [
      [
        1270,
        790
      ]
    ],
    [
      [
        1271,
        789
      ]
    ],
    [
      [
        1279,
        789
      ]
    ],
    [
      [
        1280,
        788
      ]
    ],
    [
      [
        1283,
        788
      ]
    ],
    [
      [
        1284,
        787
      ]
    ],
    [
      [
        1286,
        787
      ]
    ],
    [
      [
        1288,
        785
      ]
    ],
    [
      [
        1290,
        785
      ]
    ],
    [
      [
        1291,
        784
      ]
    ],
    [
      [
        1293,
        784
      ]
    ],
    [
      [
        1294,
        783
      ]
    ],
    [
      [
        1302,
        783
      ]
    ],
    [
      [
        1303,
        782
      ]
    ],
    [
      [
        1311,
        782
      ]
    ],
    [
      [
        1312,
        781
      ]
    ],
    [
      [
        1313,
        781
      ]
    ],
    [
      [
        1314,
        780
      ]
    ],
    [
      [
        1315,
        780
      ]
    ],
    [
      [
        1316,
        779
      ]
    ],
    [
      [
        1319,
        779
      ]
    ],
    [
      [
        1322,
        776
      ]
    ],
    [
      [
        1322,
        770
      ]
    ],
    [
      [
        1319,
        770
      ]
    ],
    [
      [
        1318,
        769
      ]
    ],
    [
      [
        1318,
        752
      ]
    ],
    [
      [
        1319,
        751
      ]
    ],
    [
      [
        1336,
        751
      ]
    ],
    [
      [
        1337,
        752
      ]
    ],
    [
      [
        1337,
        761
      ]
    ],
    [
      [
        1340,
        761
      ]
    ],
    [
      [
        1341,
        762
      ]
    ],
    [
      [
        1341,
        764
      ]
    ],
    [
      [
        1347,
        764
      ]
    ],
    [
      [
        1348,
        763
      ]
    ],
    [
      [
        1349,
        763
      ]
    ],
    [
      [
        1349,
        762
      ]
    ],
    [
      [
        1351,
        760
      ]
    ],
    [
      [
        1371,
        760
      ]
    ],
    [
      [
        1372,
        759
      ]
    ],
    [
      [
        1375,
        759
      ]
    ],
    [
      [
        1376,
        758
      ]
    ],
    [
      [
        1381,
        758
      ]
    ],
    [
      [
        1382,
        757
      ]
    ],
    [
      [
        1386,
        757
      ]
    ],
    [
      [
        1387,
        756
      ]
    ],
    [
      [
        1390,
        756
      ]
    ],
    [
      [
        1391,
        755
      ]
    ],
    [
      [
        1395,
        755
      ]
    ],
    [
      [
        1397,
        753
      ]
    ],
    [
      [
        1400,
        753
      ]
    ],
    [
      [
        1403,
        750
      ]
    ],
    [
      [
        1403,
        749
      ]
    ],
    [
      [
        1405,
        747
      ]
    ],
    [
      [
        1406,
        747
      ]
    ],
    [
      [
        1406,
        745
      ]
    ],
    [
      [
        1407,
        744
      ]
    ],
    [
      [
        1407,
        743
      ]
    ],
    [
      [
        1408,
        742
      ]
    ],
    [
      [
        1408,
        741
      ]
    ],
    [
      [
        1409,
        740
      ]
    ],
    [
      [
        1409,
        738
      ]
    ],
    [
      [
        1410,
        737
      ]
    ],
    [
      [
        1410,
        736
      ]
    ],
    [
      [
        1411,
        735
      ]
    ],
    [
      [
        1411,
        732
      ]
    ],
    [
      [
        1412,
        731
      ]
    ],
    [
      [
        1412,
        718
      ]
    ],
    [
      [
        1411,
        717
      ]
    ],
    [
      [
        1411,
        715
      ]
    ],
    [
      [
        1410,
        715
      ]
    ],
    [
      [
        1408,
        713
      ]
    ],
    [
      [
        1408,
        708
      ]
    ],
    [
      [
        1407,
        707
      ]
    ],
    [
      [
        1407,
        706
      ]
    ],
    [
      [
        1406,
        705
      ]
    ],
    [
      [
        1406,
        699
      ]
    ],
    [
      [
        1405,
        698
      ]
    ],
    [
      [
        1405,
        695
      ]
    ],
    [
      [
        1404,
        694
      ]
    ],
    [
      [
        1404,
        693
      ]
    ],
    [
      [
        1403,
        692
      ]
    ],
    [
      [
        1403,
        689
      ]
    ],
    [
      [
        1402,
        688
      ]
    ],
    [
      [
        1402,
        686
      ]
    ],
    [
      [
        1401,
        686
      ]
    ],
    [
      [
        1400,
        685
      ]
    ],
    [
      [
        1400,
        667
      ]
    ],
    [
      [
        1399,
        666
      ]
    ],
    [
      [
        1398,
        666
      ]
    ],
    [
      [
        1397,
        665
      ]
    ],
    [
      [
        1397,
        654
      ]
    ],
    [
      [
        1394,
        651
      ]
    ],
    [
      [
        1394,
        650
      ]
    ],
    [
      [
        1393,
        649
      ]
    ],
    [
      [
        1393,
        646
      ]
    ],
    [
      [
        1392,
        645
      ]
    ],
    [
      [
        1392,
        641
      ]
    ],
    [
      [
        1391,
        640
      ]
    ],
    [
      [
        1391,
        637
      ]
    ],
    [
      [
        1390,
        636
      ]
    ],
    [
      [
        1390,
        632
      ]
    ],
    [
      [
        1389,
        631
      ]
    ],
    [
      [
        1389,
        630
      ]
    ],
    [
      [
        1388,
        629
      ]
    ],
    [
      [
        1388,
        626
      ]
    ],
    [
      [
        1387,
        625
      ]
    ],
    [
      [
        1387,
        617
      ]
    ],
    [
      [
        1386,
        616
      ]
    ],
    [
      [
        1386,
        613
      ]
    ],
    [
      [
        1385,
        612
      ]
    ],
    [
      [
        1385,
        610
      ]
    ],
    [
      [
        1383,
        608
      ]
    ],
    [
      [
        1383,
        604
      ]
    ],
    [
      [
        1382,
        603
      ]
    ],
    [
      [
        1382,
        597
      ]
    ],
    [
      [
        1373,
        597
      ]
    ],
    [
      [
        1372,
        596
      ]
    ],
    [
      [
        1372,
        594
      ]
    ],
    [
      [
        1368,
        594
      ]
    ],
    [
      [
        1367,
        593
      ]
    ],
    [
      [
        1367,
        584
      ]
    ],
    [
      [
        1366,
        583
      ]
    ],
    [
      [
        1366,
        581
      ]
    ],
    [
      [
        1360,
        581
      ]
    ],
    [
      [
        1359,
        580
      ]
    ],
    [
      [
        1359,
        578
      ]
    ],
    [
      [
        1356,
        575
      ]
    ],
    [
      [
        1355,
        575
      ]
    ],
    [
      [
        1354,
        574
      ]
    ],
    [
      [
        1349,
        574
      ]
    ],
    [
      [
        1347,
        572
      ]
    ],
    [
      [
        1347,
        566
      ]
    ],
    [
      [
        1345,
        564
      ]
    ],
    [
      [
        1345,
        559
      ]
    ],
    [
      [
        1344,
        558
      ]
    ],
    [
      [
        1344,
        556
      ]
    ],
    [
      [
        1343,
        555
      ]
    ],
    [
      [
        1343,
        551
      ]
    ],
    [
      [
        1342,
        550
      ]
    ],
    [
      [
        1342,
        546
      ]
    ],
    [
      [
        1341,
        545
      ]
    ],
    [
      [
        1341,
        542
      ]
    ],
    [
      [
        1340,
        541
      ]
    ],
    [
      [
        1340,
        538
      ]
    ],
    [
      [
        1339,
        537
      ]
    ],
    [
      [
        1339,
        533
      ]
    ],
    [
      [
        1338,
        532
      ]
    ],
    [
      [
        1338,
        526
      ]
    ],
    [
      [
        1336,
        524
      ]
    ],
    [
      [
        1336,
        518
      ]
    ],
    [
      [
        1335,
        517
      ]
    ],
    [
      [
        1335,
        514
      ]
    ],
    [
      [
        1334,
        513
      ]
    ],
    [
      [
        1334,
        510
      ]
    ],
    [
      [
        1333,
        509
      ]
    ],
    [
      [
        1333,
        505
      ]
    ],
    [
      [
        1331,
        503
      ]
    ],
    [
      [
        1331,
        499
      ]
    ],
    [
      [
        1330,
        498
      ]
    ],
    [
      [
        1330,
        495
      ]
    ],
    [
      [
        1329,
        494
      ]
    ],
    [
      [
        1329,
        490
      ]
    ],
    [
      [
        1328,
        489
      ]
    ],
    [
      [
        1328,
        484
      ]
    ],
    [
      [
        1327,
        483
      ]
    ],
    [
      [
        1327,
        482
      ]
    ],
    [
      [
        1326,
        481
      ]
    ],
    [
      [
        1326,
        474
      ]
    ],
    [
      [
        1325,
        473
      ]
    ],
    [
      [
        1325,
        472
      ]
    ],
    [
      [
        1324,
        471
      ]
    ],
    [
      [
        1324,
        469
      ]
    ],
    [
      [
        1323,
        468
      ]
    ],
    [
      [
        1323,
        462
      ]
    ],
    [
      [
        1322,
        461
      ]
    ],
    [
      [
        1322,
        458
      ]
    ],
    [
      [
        1321,
        457
      ]
    ],
    [
      [
        1321,
        456
      ]
    ],
    [
      [
        1320,
        455
      ]
    ],
    [
      [
        1320,
        451
      ]
    ],
    [
      [
        1319,
        450
      ]
    ],
    [
      [
        1319,
        447
      ]
    ],
    [
      [
        1318,
        446
      ]
    ],
    [
      [
        1318,
        442
      ]
    ],
    [
      [
        1317,
        441
      ]
    ],
    [
      [
        1317,
        437
      ]
    ],
    [
      [
        1316,
        436
      ]
    ],
    [
      [
        1316,
        432
      ]
    ],
    [
      [
        1315,
        431
      ]
    ],
    [
      [
        1315,
        426
      ]
    ],
    [
      [
        1314,
        425
      ]
    ],
    [
      [
        1314,
        424
      ]
    ],
    [
      [
        1313,
        423
      ]
    ],
    [
      [
        1313,
        422
      ]
    ],
    [
      [
        1312,
        421
      ]
    ],
    [
      [
        1312,
        414
      ]
    ],
    [
      [
        1311,
        413
      ]
    ],
    [
      [
        1311,
        412
      ]
    ],
    [
      [
        1310,
        411
      ]
    ],
    [
      [
        1310,
        410
      ]
    ],
    [
      [
        1309,
        409
      ]
    ],
    [
      [
        1309,
        405
      ]
    ],
    [
      [
        1308,
        404
      ]
    ],
    [
      [
        1308,
        399
      ]
    ],
    [
      [
        1307,
        398
      ]
    ],
    [
      [
        1307,
        394
      ]
    ],
    [
      [
        1306,
        393
      ]
    ],
    [
      [
        1306,
        389
      ]
    ],
    [
      [
        1305,
        388
      ]
    ],
    [
      [
        1305,
        387
      ]
    ],
    [
      [
        1304,
        386
      ]
    ],
    [
      [
        1304,
        382
      ]
    ],
    [
      [
        1303,
        381
      ]
    ],
    [
      [
        1303,
        375
      ]
    ],
    [
      [
        1302,
        374
      ]
    ],
    [
      [
        1302,
        372
      ]
    ],
    [
      [
        1301,
        371
      ]
    ],
    [
      [
        1301,
        369
      ]
    ],
    [
      [
        1300,
        368
      ]
    ],
    [
      [
        1300,
        361
      ]
    ],
    [
      [
        1299,
        360
      ]
    ],
    [
      [
        1299,
        356
      ]
    ],
    [
      [
        1298,
        355
      ]
    ],
    [
      [
        1298,
        335
      ]
    ],
    [
      [
        1299,
        334
      ]
    ],
    [
      [
        1312,
        334
      ]
    ],
    [
      [
        1313,
        333
      ]
    ],
    [
      [
        1323,
        333
      ]
    ],
    [
      [
        1323,
        332
      ]
    ],
    [
      [
        1325,
        330
      ]
    ],
    [
      [
        1329,
        330
      ]
    ],
    [
      [
        1330,
        329
      ]
    ],
    [
      [
        1331,
        329
      ]
    ],
    [
      [
        1332,
        328
      ]
    ],
    [
      [
        1332,
        324
      ]
    ],
    [
      [
        1333,
        323
      ]
    ],
    [
      [
        1334,
        323
      ]
    ],
    [
      [
        1335,
        322
      ]
    ],
    [
      [
        1335,
        316
      ]
    ],
    [
      [
        1328,
        316
      ]
    ],
    [
      [
        1326,
        318
      ]
    ],
    [
      [
        1320,
        318
      ]
    ],
    [
      [
        1319,
        319
      ]
    ],
    [
      [
        1301,
        319
      ]
    ],
    [
      [
        1300,
        318
      ]
    ],
    [
      [
        1300,
        313
      ]
    ],
    [
      [
        1299,
        312
      ]
    ],
    [
      [
        1299,
        306
      ]
    ],
    [
      [
        1298,
        305
      ]
    ],
    [
      [
        1298,
        304
      ]
    ],
    [
      [
        1296,
        302
      ]
    ],
    [
      [
        1296,
        298
      ]
    ],
    [
      [
        1295,
        297
      ]
    ],
    [
      [
        1295,
        292
      ]
    ],
    [
      [
        1294,
        291
      ]
    ],
    [
      [
        1294,
        263
      ]
    ],
    [
      [
        1295,
        262
      ]
    ],
    [
      [
        1298,
        262
      ]
    ],
    [
      [
        1299,
        261
      ]
    ],
    [
      [
        1301,
        261
      ]
    ],
    [
      [
        1302,
        260
      ]
    ],
    [
      [
        1305,
        260
      ]
    ],
    [
      [
        1306,
        259
      ]
    ],
    [
      [
        1312,
        259
      ]
    ],
    [
      [
        1314,
        257
      ]
    ],
    [
      [
        1314,
        251
      ]
    ],
    [
      [
        1313,
        250
      ]
    ],
    [
      [
        1313,
        249
      ]
    ],
    [
      [
        1312,
        249
      ]
    ],
    [
      [
        1311,
        248
      ]
    ],
    [
      [
        1304,
        248
      ]
    ],
    [
      [
        1303,
        247
      ]
    ],
    [
      [
        1302,
        247
      ]
    ],
    [
      [
        1301,
        246
      ]
    ],
    [
      [
        1288,
        246
      ]
    ],
    [
      [
        1287,
        245
      ]
    ],
    [
      [
        1287,
        244
      ]
    ],
    [
      [
        1286,
        243
      ]
    ],
    [
      [
        1286,
        242
      ]
    ],
    [
      [
        1285,
        241
      ]
    ],
    [
      [
        1285,
        239
      ]
    ],
    [
      [
        1284,
        238
      ]
    ],
    [
      [
        1284,
        236
      ]
    ],
    [
      [
        1283,
        235
      ]
    ],
    [
      [
        1283,
        232
      ]
    ],
    [
      [
        1282,
        231
      ]
    ],
    [
      [
        1282,
        228
      ]
    ],
    [
      [
        1280,
        226
      ]
    ],
    [
      [
        1280,
        225
      ]
    ],
    [
      [
        1279,
        224
      ]
    ],
    [
      [
        1279,
        223
      ]
    ],
    [
      [
        1278,
        222
      ]
    ],
    [
      [
        1278,
        221
      ]
    ],
    [
      [
        1277,
        220
      ]
    ],
    [
      [
        1277,
        218
      ]
    ],
    [
      [
        1276,
        217
      ]
    ],
    [
      [
        1276,
        216
      ]
    ],
    [
      [
        1275,
        215
      ]
    ],
    [
      [
        1275,
        214
      ]
    ],
    [
      [
        1274,
        213
      ]
    ],
    [
      [
        1274,
        212
      ]
    ],
    [
      [
        1273,
        211
      ]
    ],
    [
      [
        1273,
        210
      ]
    ],
    [
      [
        1269,
        206
      ]
    ],
    [
      [
        1266,
        206
      ]
    ],
    [
      [
        1265,
        205
      ]
    ],
    [
      [
        1265,
        199
      ]
    ],
    [
      [
        1264,
        198
      ]
    ],
    [
      [
        1264,
        197
      ]
    ],
    [
      [
        1263,
        196
      ]
    ],
    [
      [
        1263,
        195
      ]
    ],
    [
      [
        1261,
        193
      ]
    ],
    [
      [
        1260,
        193
      ]
    ],
    [
      [
        1258,
        191
      ]
    ],
    [
      [
        1258,
        190
      ]
    ],
    [
      [
        1256,
        188
      ]
    ],
    [
      [
        1256,
        187
      ]
    ],
    [
      [
        1255,
        187
      ]
    ],
    [
      [
        1244,
        176
      ]
    ],
    [
      [
        1243,
        176
      ]
    ],
    [
      [
        1242,
        175
      ]
    ],
    [
      [
        1241,
        175
      ]
    ],
    [
      [
        1232,
        166
      ]
    ],
    [
      [
        1231,
        166
      ]
    ],
    [
      [
        1229,
        164
      ]
    ],
    [
      [
        1227,
        164
      ]
    ],
    [
      [
        1226,
        163
      ]
    ],
    [
      [
        1224,
        163
      ]
    ],
    [
      [
        1223,
        162
      ]
    ],
    [
      [
        1221,
        162
      ]
    ],
    [
      [
        1220,
        161
      ]
    ],
    [
      [
        1220,
        154
      ]
    ],
    [
      [
        1219,
        153
      ]
    ],
    [
      [
        1219,
        152
      ]
    ],
    [
      [
        1215,
        148
      ]
    ],
    [
      [
        1214,
        148
      ]
    ],
    [
      [
        1213,
        147
      ]
    ],
    [
      [
        1211,
        147
      ]
    ],
    [
      [
        1210,
        146
      ]
    ],
    [
      [
        1210,
        126
      ]
    ],
    [
      [
        1205,
        126
      ]
    ],
    [
      [
        1204,
        125
      ]
    ],
    [
      [
        1204,
        121
      ]
    ],
    [
      [
        1203,
        120
      ]
    ],
    [
      [
        1203,
        119
      ]
    ],
    [
      [
        1200,
        116
      ]
    ],
    [
      [
        1200,
        111
      ]
    ],
    [
      [
        1199,
        110
      ]
    ]
  ],
  "segment_square_corners": [
    [
      417.43341064453125,
      299.86962890625
    ],
    [
      1276.337890625,
      83.32373046875
    ],
    [
      1444.230224609375,
      749.2491455078125
    ],
    [
      585.32568359375,
      965.7950439453125
    ]
  ],
  "phrases": [
    "box",
    "tangerine",
    "tangerine",
    "tangerine",
    "tangerine"
  ],
  "selected_bbox": [
    0.4875607192516327,
    0.4852127134799957,
    0.49129560589790344,
    0.7620050311088562
  ]
}