{
  "timestamp": 1761056204.0354757,
  "session_id": "session_20251021_211452_51253c84",
  "supplier_id": "",
  "qr_data": null,
  "qr_items": {},
  "qr_corners": null,
  "segment_corners": [
    [
      [
        1089,
        62
      ]
    ],
    [
      [
        1088,
        63
      ]
    ],
    [
      [
        1080,
        63
      ]
    ],
    [
      [
        1078,
        65
      ]
    ],
    [
      [
        1074,
        65
      ]
    ],
    [
      [
        1074,
        68
      ]
    ],
    [
      [
        1070,
        72
      ]
    ],
    [
      [
        1066,
        72
      ]
    ],
    [
      [
        1064,
        74
      ]
    ],
    [
      [
        1061,
        74
      ]
    ],
    [
      [
        1060,
        75
      ]
    ],
    [
      [
        1058,
        75
      ]
    ],
    [
      [
        1055,
        78
      ]
    ],
    [
      [
        1053,
        78
      ]
    ],
    [
      [
        1051,
        80
      ]
    ],
    [
      [
        1051,
        90
      ]
    ],
    [
      [
        1049,
        92
      ]
    ],
    [
      [
        1048,
        92
      ]
    ],
    [
      [
        1047,
        93
      ]
    ],
    [
      [
        1046,
        93
      ]
    ],
    [
      [
        1045,
        94
      ]
    ],
    [
      [
        1044,
        94
      ]
    ],
    [
      [
        1043,
        95
      ]
    ],
    [
      [
        1042,
        95
      ]
    ],
    [
      [
        1040,
        97
      ]
    ],
    [
      [
        1039,
        97
      ]
    ],
    [
      [
        1038,
        98
      ]
    ],
    [
      [
        1036,
        98
      ]
    ],
    [
      [
        1034,
        100
      ]
    ],
    [
      [
        1033,
        100
      ]
    ],
    [
      [
        1032,
        101
      ]
    ],
    [
      [
        1030,
        101
      ]
    ],
    [
      [
        1028,
        103
      ]
    ],
    [
      [
        1027,
        103
      ]
    ],
    [
      [
        1026,
        104
      ]
    ],
    [
      [
        1025,
        104
      ]
    ],
    [
      [
        1024,
        105
      ]
    ],
    [
      [
        1023,
        105
      ]
    ],
    [
      [
        1022,
        106
      ]
    ],
    [
      [
        1021,
        106
      ]
    ],
    [
      [
        1020,
        107
      ]
    ],
    [
      [
        1019,
        107
      ]
    ],
    [
      [
        1018,
        108
      ]
    ],
    [
      [
        1017,
        108
      ]
    ],
    [
      [
        1015,
        110
      ]
    ],
    [
      [
        1014,
        110
      ]
    ],
    [
      [
        1012,
        112
      ]
    ],
    [
      [
        1011,
        112
      ]
    ],
    [
      [
        1009,
        114
      ]
    ],
    [
      [
        1007,
        114
      ]
    ],
    [
      [
        1006,
        115
      ]
    ],
    [
      [
        1005,
        115
      ]
    ],
    [
      [
        1003,
        117
      ]
    ],
    [
      [
        1002,
        117
      ]
    ],
    [
      [
        1001,
        118
      ]
    ],
    [
      [
        1000,
        118
      ]
    ],
    [
      [
        999,
        119
      ]
    ],
    [
      [
        998,
        119
      ]
    ],
    [
      [
        997,
        120
      ]
    ],
    [
      [
        996,
        120
      ]
    ],
    [
      [
        994,
        122
      ]
    ],
    [
      [
        993,
        122
      ]
    ],
    [
      [
        992,
        123
      ]
    ],
    [
      [
        991,
        123
      ]
    ],
    [
      [
        989,
        125
      ]
    ],
    [
      [
        988,
        125
      ]
    ],
    [
      [
        987,
        126
      ]
    ],
    [
      [
        984,
        126
      ]
    ],
    [
      [
        982,
        128
      ]
    ],
    [
      [
        980,
        128
      ]
    ],
    [
      [
        978,
        130
      ]
    ],
    [
      [
        976,
        130
      ]
    ],
    [
      [
        972,
        134
      ]
    ],
    [
      [
        971,
        134
      ]
    ],
    [
      [
        970,
        135
      ]
    ],
    [
      [
        969,
        135
      ]
    ],
    [
      [
        968,
        136
      ]
    ],
    [
      [
        967,
        136
      ]
    ],
    [
      [
        966,
        137
      ]
    ],
    [
      [
        964,
        137
      ]
    ],
    [
      [
        963,
        138
      ]
    ],
    [
      [
        963,
        139
      ]
    ],
    [
      [
        961,
        141
      ]
    ],
    [
      [
        960,
        141
      ]
    ],
    [
      [
        959,
        142
      ]
    ],
    [
      [
        957,
        142
      ]
    ],
    [
      [
        956,
        143
      ]
    ],
    [
      [
        954,
        143
      ]
    ],
    [
      [
        953,
        144
      ]
    ],
    [
      [
        952,
        144
      ]
    ],
    [
      [
        951,
        145
      ]
    ],
    [
      [
        950,
        145
      ]
    ],
    [
      [
        948,
        147
      ]
    ],
    [
      [
        946,
        147
      ]
    ],
    [
      [
        945,
        148
      ]
    ],
    [
      [
        944,
        148
      ]
    ],
    [
      [
        943,
        149
      ]
    ],
    [
      [
        942,
        149
      ]
    ],
    [
      [
        941,
        150
      ]
    ],
    [
      [
        940,
        150
      ]
    ],
    [
      [
        938,
        152
      ]
    ],
    [
      [
        936,
        152
      ]
    ],
    [
      [
        935,
        153
      ]
    ],
    [
      [
        934,
        153
      ]
    ],
    [
      [
        933,
        154
      ]
    ],
    [
      [
        932,
        154
      ]
    ],
    [
      [
        931,
        155
      ]
    ],
    [
      [
        930,
        155
      ]
    ],
    [
      [
        929,
        156
      ]
    ],
    [
      [
        928,
        156
      ]
    ],
    [
      [
        927,
        157
      ]
    ],
    [
      [
        926,
        157
      ]
    ],
    [
      [
        924,
        159
      ]
    ],
    [
      [
        923,
        159
      ]
    ],
    [
      [
        922,
        160
      ]
    ],
    [
      [
        921,
        160
      ]
    ],
    [
      [
        920,
        161
      ]
    ],
    [
      [
        919,
        161
      ]
    ],
    [
      [
        918,
        162
      ]
    ],
    [
      [
        917,
        162
      ]
    ],
    [
      [
        915,
        164
      ]
    ],
    [
      [
        914,
        164
      ]
    ],
    [
      [
        913,
        165
      ]
    ],
    [
      [
        912,
        165
      ]
    ],
    [
      [
        910,
        167
      ]
    ],
    [
      [
        908,
        167
      ]
    ],
    [
      [
        907,
        168
      ]
    ],
    [
      [
        906,
        168
      ]
    ],
    [
      [
        905,
        169
      ]
    ],
    [
      [
        904,
        169
      ]
    ],
    [
      [
        903,
        170
      ]
    ],
    [
      [
        903,
        172
      ]
    ],
    [
      [
        899,
        176
      ]
    ],
    [
      [
        898,
        176
      ]
    ],
    [
      [
        897,
        177
      ]
    ],
    [
      [
        893,
        177
      ]
    ],
    [
      [
        893,
        183
      ]
    ],
    [
      [
        891,
        185
      ]
    ],
    [
      [
        890,
        185
      ]
    ],
    [
      [
        888,
        187
      ]
    ],
    [
      [
        887,
        187
      ]
    ],
    [
      [
        886,
        188
      ]
    ],
    [
      [
        884,
        188
      ]
    ],
    [
      [
        882,
        190
      ]
    ],
    [
      [
        881,
        190
      ]
    ],
    [
      [
        880,
        191
      ]
    ],
    [
      [
        877,
        191
      ]
    ],
    [
      [
        876,
        192
      ]
    ],
    [
      [
        875,
        192
      ]
    ],
    [
      [
        873,
        194
      ]
    ],
    [
      [
        860,
        194
      ]
    ],
    [
      [
        859,
        195
      ]
    ],
    [
      [
        858,
        195
      ]
    ],
    [
      [
        855,
        198
      ]
    ],
    [
      [
        853,
        198
      ]
    ],
    [
      [
        852,
        199
      ]
    ],
    [
      [
        845,
        199
      ]
    ],
    [
      [
        845,
        203
      ]
    ],
    [
      [
        843,
        205
      ]
    ],
    [
      [
        841,
        205
      ]
    ],
    [
      [
        840,
        206
      ]
    ],
    [
      [
        836,
        206
      ]
    ],
    [
      [
        835,
        207
      ]
    ],
    [
      [
        834,
        207
      ]
    ],
    [
      [
        833,
        208
      ]
    ],
    [
      [
        832,
        208
      ]
    ],
    [
      [
        829,
        211
      ]
    ],
    [
      [
        828,
        211
      ]
    ],
    [
      [
        827,
        212
      ]
    ],
    [
      [
        826,
        212
      ]
    ],
    [
      [
        823,
        215
      ]
    ],
    [
      [
        822,
        215
      ]
    ],
    [
      [
        821,
        216
      ]
    ],
    [
      [
        818,
        216
      ]
    ],
    [
      [
        817,
        217
      ]
    ],
    [
      [
        816,
        217
      ]
    ],
    [
      [
        815,
        218
      ]
    ],
    [
      [
        812,
        218
      ]
    ],
    [
      [
        810,
        220
      ]
    ],
    [
      [
        809,
        220
      ]
    ],
    [
      [
        807,
        222
      ]
    ],
    [
      [
        797,
        222
      ]
    ],
    [
      [
        796,
        223
      ]
    ],
    [
      [
        794,
        223
      ]
    ],
    [
      [
        793,
        224
      ]
    ],
    [
      [
        793,
        228
      ]
    ],
    [
      [
        790,
        231
      ]
    ],
    [
      [
        788,
        231
      ]
    ],
    [
      [
        788,
        232
      ]
    ],
    [
      [
        787,
        233
      ]
    ],
    [
      [
        786,
        233
      ]
    ],
    [
      [
        784,
        235
      ]
    ],
    [
      [
        781,
        235
      ]
    ],
    [
      [
        779,
        237
      ]
    ],
    [
      [
        778,
        237
      ]
    ],
    [
      [
        776,
        239
      ]
    ],
    [
      [
        775,
        239
      ]
    ],
    [
      [
        774,
        240
      ]
    ],
    [
      [
        772,
        240
      ]
    ],
    [
      [
        771,
        241
      ]
    ],
    [
      [
        770,
        241
      ]
    ],
    [
      [
        769,
        242
      ]
    ],
    [
      [
        767,
        242
      ]
    ],
    [
      [
        765,
        244
      ]
    ],
    [
      [
        764,
        244
      ]
    ],
    [
      [
        763,
        245
      ]
    ],
    [
      [
        744,
        245
      ]
    ],
    [
      [
        743,
        244
      ]
    ],
    [
      [
        743,
        235
      ]
    ],
    [
      [
        736,
        235
      ]
    ],
    [
      [
        732,
        239
      ]
    ],
    [
      [
        730,
        239
      ]
    ],
    [
      [
        729,
        240
      ]
    ],
    [
      [
        726,
        240
      ]
    ],
    [
      [
        726,
        241
      ]
    ],
    [
      [
        725,
        242
      ]
    ],
    [
      [
        724,
        242
      ]
    ],
    [
      [
        723,
        243
      ]
    ],
    [
      [
        720,
        243
      ]
    ],
    [
      [
        718,
        245
      ]
    ],
    [
      [
        717,
        245
      ]
    ],
    [
      [
        716,
        246
      ]
    ],
    [
      [
        715,
        246
      ]
    ],
    [
      [
        714,
        247
      ]
    ],
    [
      [
        713,
        247
      ]
    ],
    [
      [
        711,
        249
      ]
    ],
    [
      [
        710,
        249
      ]
    ],
    [
      [
        708,
        251
      ]
    ],
    [
      [
        705,
        251
      ]
    ],
    [
      [
        704,
        252
      ]
    ],
    [
      [
        703,
        252
      ]
    ],
    [
      [
        701,
        254
      ]
    ],
    [
      [
        698,
        254
      ]
    ],
    [
      [
        696,
        256
      ]
    ],
    [
      [
        695,
        256
      ]
    ],
    [
      [
        694,
        257
      ]
    ],
    [
      [
        693,
        257
      ]
    ],
    [
      [
        692,
        258
      ]
    ],
    [
      [
        691,
        258
      ]
    ],
    [
      [
        689,
        260
      ]
    ],
    [
      [
        688,
        260
      ]
    ],
    [
      [
        687,
        261
      ]
    ],
    [
      [
        686,
        261
      ]
    ],
    [
      [
        685,
        262
      ]
    ],
    [
      [
        684,
        262
      ]
    ],
    [
      [
        682,
        264
      ]
    ],
    [
      [
        680,
        264
      ]
    ],
    [
      [
        678,
        266
      ]
    ],
    [
      [
        676,
        266
      ]
    ],
    [
      [
        675,
        267
      ]
    ],
    [
      [
        674,
        267
      ]
    ],
    [
      [
        673,
        268
      ]
    ],
    [
      [
        672,
        268
      ]
    ],
    [
      [
        671,
        269
      ]
    ],
    [
      [
        670,
        269
      ]
    ],
    [
      [
        669,
        270
      ]
    ],
    [
      [
        667,
        270
      ]
    ],
    [
      [
        666,
        271
      ]
    ],
    [
      [
        665,
        271
      ]
    ],
    [
      [
        663,
        273
      ]
    ],
    [
      [
        661,
        273
      ]
    ],
    [
      [
        660,
        274
      ]
    ],
    [
      [
        659,
        274
      ]
    ],
    [
      [
        658,
        275
      ]
    ],
    [
      [
        657,
        275
      ]
    ],
    [
      [
        655,
        277
      ]
    ],
    [
      [
        653,
        277
      ]
    ],
    [
      [
        651,
        279
      ]
    ],
    [
      [
        649,
        279
      ]
    ],
    [
      [
        647,
        281
      ]
    ],
    [
      [
        646,
        281
      ]
    ],
    [
      [
        646,
        282
      ]
    ],
    [
      [
        645,
        283
      ]
    ],
    [
      [
        642,
        283
      ]
    ],
    [
      [
        641,
        284
      ]
    ],
    [
      [
        640,
        284
      ]
    ],
    [
      [
        639,
        285
      ]
    ],
    [
      [
        638,
        285
      ]
    ],
    [
      [
        636,
        287
      ]
    ],
    [
      [
        634,
        287
      ]
    ],
    [
      [
        633,
        288
      ]
    ],
    [
      [
        632,
        288
      ]
    ],
    [
      [
        630,
        290
      ]
    ],
    [
      [
        629,
        290
      ]
    ],
    [
      [
        628,
        291
      ]
    ],
    [
      [
        625,
        291
      ]
    ],
    [
      [
        623,
        293
      ]
    ],
    [
      [
        622,
        293
      ]
    ],
    [
      [
        621,
        294
      ]
    ],
    [
      [
        619,
        294
      ]
    ],
    [
      [
        617,
        296
      ]
    ],
    [
      [
        616,
        296
      ]
    ],
    [
      [
        615,
        297
      ]
    ],
    [
      [
        614,
        297
      ]
    ],
    [
      [
        613,
        298
      ]
    ],
    [
      [
        613,
        300
      ]
    ],
    [
      [
        612,
        301
      ]
    ],
    [
      [
        608,
        301
      ]
    ],
    [
      [
        607,
        302
      ]
    ],
    [
      [
        604,
        302
      ]
    ],
    [
      [
        603,
        303
      ]
    ],
    [
      [
        602,
        303
      ]
    ],
    [
      [
        601,
        304
      ]
    ],
    [
      [
        600,
        304
      ]
    ],
    [
      [
        599,
        305
      ]
    ],
    [
      [
        598,
        305
      ]
    ],
    [
      [
        597,
        306
      ]
    ],
    [
      [
        596,
        306
      ]
    ],
    [
      [
        595,
        307
      ]
    ],
    [
      [
        594,
        307
      ]
    ],
    [
      [
        592,
        309
      ]
    ],
    [
      [
        590,
        309
      ]
    ],
    [
      [
        588,
        311
      ]
    ],
    [
      [
        586,
        311
      ]
    ],
    [
      [
        585,
        312
      ]
    ],
    [
      [
        584,
        312
      ]
    ],
    [
      [
        582,
        314
      ]
    ],
    [
      [
        581,
        314
      ]
    ],
    [
      [
        579,
        316
      ]
    ],
    [
      [
        577,
        316
      ]
    ],
    [
      [
        576,
        317
      ]
    ],
    [
      [
        575,
        317
      ]
    ],
    [
      [
        574,
        318
      ]
    ],
    [
      [
        572,
        318
      ]
    ],
    [
      [
        571,
        319
      ]
    ],
    [
      [
        570,
        319
      ]
    ],
    [
      [
        569,
        320
      ]
    ],
    [
      [
        568,
        320
      ]
    ],
    [
      [
        565,
        323
      ]
    ],
    [
      [
        563,
        323
      ]
    ],
    [
      [
        562,
        324
      ]
    ],
    [
      [
        561,
        324
      ]
    ],
    [
      [
        560,
        325
      ]
    ],
    [
      [
        558,
        325
      ]
    ],
    [
      [
        556,
        327
      ]
    ],
    [
      [
        555,
        327
      ]
    ],
    [
      [
        552,
        330
      ]
    ],
    [
      [
        550,
        330
      ]
    ],
    [
      [
        549,
        331
      ]
    ],
    [
      [
        548,
        331
      ]
    ],
    [
      [
        547,
        332
      ]
    ],
    [
      [
        542,
        332
      ]
    ],
    [
      [
        541,
        333
      ]
    ],
    [
      [
        541,
        334
      ]
    ],
    [
      [
        540,
        335
      ]
    ],
    [
      [
        538,
        335
      ]
    ],
    [
      [
        537,
        336
      ]
    ],
    [
      [
        536,
        336
      ]
    ],
    [
      [
        535,
        337
      ]
    ],
    [
      [
        534,
        337
      ]
    ],
    [
      [
        532,
        339
      ]
    ],
    [
      [
        531,
        339
      ]
    ],
    [
      [
        529,
        341
      ]
    ],
    [
      [
        528,
        341
      ]
    ],
    [
      [
        527,
        342
      ]
    ],
    [
      [
        526,
        342
      ]
    ],
    [
      [
        524,
        344
      ]
    ],
    [
      [
        522,
        344
      ]
    ],
    [
      [
        521,
        345
      ]
    ],
    [
      [
        519,
        345
      ]
    ],
    [
      [
        516,
        348
      ]
    ],
    [
      [
        515,
        348
      ]
    ],
    [
      [
        513,
        350
      ]
    ],
    [
      [
        512,
        350
      ]
    ],
    [
      [
        512,
        351
      ]
    ],
    [
      [
        511,
        352
      ]
    ],
    [
      [
        511,
        354
      ]
    ],
    [
      [
        510,
        355
      ]
    ],
    [
      [
        510,
        359
      ]
    ],
    [
      [
        509,
        360
      ]
    ],
    [
      [
        490,
        360
      ]
    ],
    [
      [
        490,
        362
      ]
    ],
    [
      [
        489,
        363
      ]
    ],
    [
      [
        488,
        363
      ]
    ],
    [
      [
        487,
        364
      ]
    ],
    [
      [
        486,
        364
      ]
    ],
    [
      [
        483,
        367
      ]
    ],
    [
      [
        481,
        367
      ]
    ],
    [
      [
        481,
        368
      ]
    ],
    [
      [
        479,
        370
      ]
    ],
    [
      [
        477,
        370
      ]
    ],
    [
      [
        476,
        371
      ]
    ],
    [
      [
        475,
        371
      ]
    ],
    [
      [
        472,
        374
      ]
    ],
    [
      [
        471,
        374
      ]
    ],
    [
      [
        469,
        376
      ]
    ],
    [
      [
        468,
        376
      ]
    ],
    [
      [
        466,
        378
      ]
    ],
    [
      [
        465,
        378
      ]
    ],
    [
      [
        464,
        379
      ]
    ],
    [
      [
        464,
        380
      ]
    ],
    [
      [
        462,
        382
      ]
    ],
    [
      [
        461,
        382
      ]
    ],
    [
      [
        459,
        384
      ]
    ],
    [
      [
        458,
        384
      ]
    ],
    [
      [
        450,
        392
      ]
    ],
    [
      [
        450,
        401
      ]
    ],
    [
      [
        451,
        401
      ]
    ],
    [
      [
        454,
        404
      ]
    ],
    [
      [
        454,
        427
      ]
    ],
    [
      [
        459,
        427
      ]
    ],
    [
      [
        460,
        428
      ]
    ],
    [
      [
        460,
        447
      ]
    ],
    [
      [
        459,
        448
      ]
    ],
    [
      [
        459,
        449
      ]
    ],
    [
      [
        458,
        450
      ]
    ],
    [
      [
        458,
        451
      ]
    ],
    [
      [
        457,
        452
      ]
    ],
    [
      [
        457,
        454
      ]
    ],
    [
      [
        456,
        455
      ]
    ],
    [
      [
        456,
        460
      ]
    ],
    [
      [
        455,
        461
      ]
    ],
    [
      [
        455,
        465
      ]
    ],
    [
      [
        454,
        466
      ]
    ],
    [
      [
        454,
        471
      ]
    ],
    [
      [
        453,
        472
      ]
    ],
    [
      [
        453,
        476
      ]
    ],
    [
      [
        452,
        477
      ]
    ],
    [
      [
        452,
        524
      ]
    ],
    [
      [
        453,
        525
      ]
    ],
    [
      [
        453,
        528
      ]
    ],
    [
      [
        454,
        529
      ]
    ],
    [
      [
        454,
        533
      ]
    ],
    [
      [
        455,
        534
      ]
    ],
    [
      [
        455,
        536
      ]
    ],
    [
      [
        457,
        538
      ]
    ],
    [
      [
        457,
        541
      ]
    ],
    [
      [
        458,
        542
      ]
    ],
    [
      [
        458,
        543
      ]
    ],
    [
      [
        459,
        544
      ]
    ],
    [
      [
        459,
        545
      ]
    ],
    [
      [
        460,
        546
      ]
    ],
    [
      [
        460,
        547
      ]
    ],
    [
      [
        462,
        549
      ]
    ],
    [
      [
        462,
        554
      ]
    ],
    [
      [
        463,
        555
      ]
    ],
    [
      [
        463,
        556
      ]
    ],
    [
      [
        468,
        561
      ]
    ],
    [
      [
        468,
        564
      ]
    ],
    [
      [
        469,
        565
      ]
    ],
    [
      [
        469,
        566
      ]
    ],
    [
      [
        470,
        566
      ]
    ],
    [
      [
        471,
        567
      ]
    ],
    [
      [
        471,
        572
      ]
    ],
    [
      [
        472,
        573
      ]
    ],
    [
      [
        472,
        576
      ]
    ],
    [
      [
        475,
        579
      ]
    ],
    [
      [
        476,
        579
      ]
    ],
    [
      [
        477,
        580
      ]
    ],
    [
      [
        477,
        587
      ]
    ],
    [
      [
        478,
        588
      ]
    ],
    [
      [
        495,
        588
      ]
    ],
    [
      [
        496,
        589
      ]
    ],
    [
      [
        496,
        590
      ]
    ],
    [
      [
        498,
        592
      ]
    ],
    [
      [
        498,
        594
      ]
    ],
    [
      [
        499,
        595
      ]
    ],
    [
      [
        499,
        596
      ]
    ],
    [
      [
        501,
        598
      ]
    ],
    [
      [
        501,
        599
      ]
    ],
    [
      [
        503,
        601
      ]
    ],
    [
      [
        503,
        602
      ]
    ],
    [
      [
        504,
        603
      ]
    ],
    [
      [
        504,
        605
      ]
    ],
    [
      [
        505,
        606
      ]
    ],
    [
      [
        505,
        607
      ]
    ],
    [
      [
        507,
        609
      ]
    ],
    [
      [
        507,
        628
      ]
    ],
    [
      [
        506,
        629
      ]
    ],
    [
      [
        499,
        629
      ]
    ],
    [
      [
        498,
        630
      ]
    ],
    [
      [
        497,
        630
      ]
    ],
    [
      [
        497,
        631
      ]
    ],
    [
      [
        496,
        632
      ]
    ],
    [
      [
        496,
        633
      ]
    ],
    [
      [
        495,
        634
      ]
    ],
    [
      [
        495,
        641
      ]
    ],
    [
      [
        496,
        642
      ]
    ],
    [
      [
        496,
        644
      ]
    ],
    [
      [
        497,
        644
      ]
    ],
    [
      [
        498,
        645
      ]
    ],
    [
      [
        499,
        645
      ]
    ],
    [
      [
        500,
        646
      ]
    ],
    [
      [
        500,
        647
      ]
    ],
    [
      [
        501,
        648
      ]
    ],
    [
      [
        501,
        649
      ]
    ],
    [
      [
        508,
        649
      ]
    ],
    [
      [
        508,
        646
      ]
    ],
    [
      [
        509,
        645
      ]
    ],
    [
      [
        526,
        645
      ]
    ],
    [
      [
        528,
        647
      ]
    ],
    [
      [
        528,
        650
      ]
    ],
    [
      [
        529,
        651
      ]
    ],
    [
      [
        529,
        652
      ]
    ],
    [
      [
        530,
        653
      ]
    ],
    [
      [
        530,
        654
      ]
    ],
    [
      [
        532,
        656
      ]
    ],
    [
      [
        532,
        657
      ]
    ],
    [
      [
        533,
        658
      ]
    ],
    [
      [
        533,
        659
      ]
    ],
    [
      [
        534,
        660
      ]
    ],
    [
      [
        534,
        661
      ]
    ],
    [
      [
        536,
        663
      ]
    ],
    [
      [
        536,
        665
      ]
    ],
    [
      [
        537,
        666
      ]
    ],
    [
      [
        537,
        667
      ]
    ],
    [
      [
        538,
        668
      ]
    ],
    [
      [
        538,
        669
      ]
    ],
    [
      [
        540,
        671
      ]
    ],
    [
      [
        540,
        672
      ]
    ],
    [
      [
        542,
        674
      ]
    ],
    [
      [
        542,
        675
      ]
    ],
    [
      [
        543,
        676
      ]
    ],
    [
      [
        543,
        678
      ]
    ],
    [
      [
        544,
        679
      ]
    ],
    [
      [
        544,
        680
      ]
    ],
    [
      [
        545,
        681
      ]
    ],
    [
      [
        545,
        683
      ]
    ],
    [
      [
        547,
        685
      ]
    ],
    [
      [
        547,
        686
      ]
    ],
    [
      [
        549,
        688
      ]
    ],
    [
      [
        549,
        689
      ]
    ],
    [
      [
        550,
        690
      ]
    ],
    [
      [
        550,
        691
      ]
    ],
    [
      [
        551,
        692
      ]
    ],
    [
      [
        551,
        693
      ]
    ],
    [
      [
        552,
        694
      ]
    ],
    [
      [
        552,
        695
      ]
    ],
    [
      [
        553,
        696
      ]
    ],
    [
      [
        553,
        697
      ]
    ],
    [
      [
        554,
        698
      ]
    ],
    [
      [
        554,
        699
      ]
    ],
    [
      [
        556,
        701
      ]
    ],
    [
      [
        556,
        702
      ]
    ],
    [
      [
        557,
        703
      ]
    ],
    [
      [
        557,
        705
      ]
    ],
    [
      [
        558,
        706
      ]
    ],
    [
      [
        558,
        707
      ]
    ],
    [
      [
        561,
        710
      ]
    ],
    [
      [
        561,
        711
      ]
    ],
    [
      [
        562,
        712
      ]
    ],
    [
      [
        562,
        721
      ]
    ],
    [
      [
        564,
        723
      ]
    ],
    [
      [
        564,
        725
      ]
    ],
    [
      [
        565,
        726
      ]
    ],
    [
      [
        565,
        727
      ]
    ],
    [
      [
        566,
        728
      ]
    ],
    [
      [
        566,
        730
      ]
    ],
    [
      [
        567,
        730
      ]
    ],
    [
      [
        568,
        731
      ]
    ],
    [
      [
        568,
        733
      ]
    ],
    [
      [
        570,
        735
      ]
    ],
    [
      [
        570,
        737
      ]
    ],
    [
      [
        571,
        737
      ]
    ],
    [
      [
        572,
        738
      ]
    ],
    [
      [
        575,
        738
      ]
    ],
    [
      [
        576,
        739
      ]
    ],
    [
      [
        576,
        740
      ]
    ],
    [
      [
        578,
        742
      ]
    ],
    [
      [
        578,
        744
      ]
    ],
    [
      [
        581,
        747
      ]
    ],
    [
      [
        581,
        748
      ]
    ],
    [
      [
        582,
        749
      ]
    ],
    [
      [
        582,
        751
      ]
    ],
    [
      [
        583,
        752
      ]
    ],
    [
      [
        583,
        753
      ]
    ],
    [
      [
        584,
        754
      ]
    ],
    [
      [
        584,
        755
      ]
    ],
    [
      [
        586,
        757
      ]
    ],
    [
      [
        586,
        759
      ]
    ],
    [
      [
        588,
        761
      ]
    ],
    [
      [
        588,
        762
      ]
    ],
    [
      [
        590,
        764
      ]
    ],
    [
      [
        590,
        766
      ]
    ],
    [
      [
        592,
        768
      ]
    ],
    [
      [
        592,
        769
      ]
    ],
    [
      [
        593,
        770
      ]
    ],
    [
      [
        593,
        771
      ]
    ],
    [
      [
        594,
        772
      ]
    ],
    [
      [
        594,
        773
      ]
    ],
    [
      [
        595,
        774
      ]
    ],
    [
      [
        595,
        775
      ]
    ],
    [
      [
        596,
        776
      ]
    ],
    [
      [
        596,
        791
      ]
    ],
    [
      [
        597,
        791
      ]
    ],
    [
      [
        598,
        792
      ]
    ],
    [
      [
        598,
        793
      ]
    ],
    [
      [
        600,
        795
      ]
    ],
    [
      [
        600,
        797
      ]
    ],
    [
      [
        602,
        799
      ]
    ],
    [
      [
        602,
        800
      ]
    ],
    [
      [
        604,
        802
      ]
    ],
    [
      [
        604,
        803
      ]
    ],
    [
      [
        605,
        804
      ]
    ],
    [
      [
        605,
        805
      ]
    ],
    [
      [
        606,
        806
      ]
    ],
    [
      [
        606,
        807
      ]
    ],
    [
      [
        607,
        808
      ]
    ],
    [
      [
        607,
        809
      ]
    ],
    [
      [
        608,
        810
      ]
    ],
    [
      [
        608,
        811
      ]
    ],
    [
      [
        611,
        814
      ]
    ],
    [
      [
        611,
        816
      ]
    ],
    [
      [
        613,
        818
      ]
    ],
    [
      [
        613,
        819
      ]
    ],
    [
      [
        614,
        820
      ]
    ],
    [
      [
        614,
        821
      ]
    ],
    [
      [
        616,
        823
      ]
    ],
    [
      [
        616,
        825
      ]
    ],
    [
      [
        618,
        827
      ]
    ],
    [
      [
        618,
        839
      ]
    ],
    [
      [
        619,
        839
      ]
    ],
    [
      [
        621,
        841
      ]
    ],
    [
      [
        621,
        861
      ]
    ],
    [
      [
        620,
        862
      ]
    ],
    [
      [
        620,
        864
      ]
    ],
    [
      [
        619,
        865
      ]
    ],
    [
      [
        619,
        872
      ]
    ],
    [
      [
        620,
        873
      ]
    ],
    [
      [
        620,
        874
      ]
    ],
    [
      [
        621,
        875
      ]
    ],
    [
      [
        621,
        876
      ]
    ],
    [
      [
        622,
        877
      ]
    ],
    [
      [
        622,
        879
      ]
    ],
    [
      [
        624,
        881
      ]
    ],
    [
      [
        624,
        882
      ]
    ],
    [
      [
        626,
        884
      ]
    ],
    [
      [
        626,
        885
      ]
    ],
    [
      [
        627,
        886
      ]
    ],
    [
      [
        627,
        887
      ]
    ],
    [
      [
        629,
        889
      ]
    ],
    [
      [
        629,
        890
      ]
    ],
    [
      [
        630,
        891
      ]
    ],
    [
      [
        630,
        893
      ]
    ],
    [
      [
        631,
        894
      ]
    ],
    [
      [
        631,
        895
      ]
    ],
    [
      [
        632,
        896
      ]
    ],
    [
      [
        632,
        898
      ]
    ],
    [
      [
        634,
        900
      ]
    ],
    [
      [
        634,
        901
      ]
    ],
    [
      [
        635,
        902
      ]
    ],
    [
      [
        635,
        904
      ]
    ],
    [
      [
        636,
        905
      ]
    ],
    [
      [
        636,
        906
      ]
    ],
    [
      [
        638,
        908
      ]
    ],
    [
      [
        638,
        909
      ]
    ],
    [
      [
        639,
        910
      ]
    ],
    [
      [
        639,
        911
      ]
    ],
    [
      [
        640,
        912
      ]
    ],
    [
      [
        640,
        913
      ]
    ],
    [
      [
        642,
        915
      ]
    ],
    [
      [
        642,
        916
      ]
    ],
    [
      [
        647,
        921
      ]
    ],
    [
      [
        647,
        923
      ]
    ],
    [
      [
        649,
        925
      ]
    ],
    [
      [
        649,
        927
      ]
    ],
    [
      [
        652,
        930
      ]
    ],
    [
      [
        658,
        930
      ]
    ],
    [
      [
        658,
        924
      ]
    ],
    [
      [
        659,
        923
      ]
    ],
    [
      [
        678,
        923
      ]
    ],
    [
      [
        679,
        924
      ]
    ],
    [
      [
        688,
        924
      ]
    ],
    [
      [
        689,
        925
      ]
    ],
    [
      [
        689,
        945
      ]
    ],
    [
      [
        688,
        946
      ]
    ],
    [
      [
        683,
        946
      ]
    ],
    [
      [
        683,
        947
      ]
    ],
    [
      [
        682,
        948
      ]
    ],
    [
      [
        681,
        948
      ]
    ],
    [
      [
        681,
        954
      ]
    ],
    [
      [
        684,
        954
      ]
    ],
    [
      [
        685,
        955
      ]
    ],
    [
      [
        685,
        992
      ]
    ],
    [
      [
        686,
        993
      ]
    ],
    [
      [
        687,
        993
      ]
    ],
    [
      [
        688,
        994
      ]
    ],
    [
      [
        689,
        994
      ]
    ],
    [
      [
        690,
        995
      ]
    ],
    [
      [
        710,
        995
      ]
    ],
    [
      [
        711,
        994
      ]
    ],
    [
      [
        717,
        994
      ]
    ],
    [
      [
        718,
        993
      ]
    ],
    [
      [
        719,
        993
      ]
    ],
    [
      [
        720,
        992
      ]
    ],
    [
      [
        722,
        992
      ]
    ],
    [
      [
        723,
        991
      ]
    ],
    [
      [
        724,
        991
      ]
    ],
    [
      [
        725,
        990
      ]
    ],
    [
      [
        729,
        990
      ]
    ],
    [
      [
        730,
        989
      ]
    ],
    [
      [
        731,
        989
      ]
    ],
    [
      [
        733,
        987
      ]
    ],
    [
      [
        735,
        987
      ]
    ],
    [
      [
        736,
        986
      ]
    ],
    [
      [
        738,
        986
      ]
    ],
    [
      [
        739,
        985
      ]
    ],
    [
      [
        741,
        985
      ]
    ],
    [
      [
        742,
        984
      ]
    ],
    [
      [
        743,
        984
      ]
    ],
    [
      [
        744,
        983
      ]
    ],
    [
      [
        746,
        983
      ]
    ],
    [
      [
        747,
        982
      ]
    ],
    [
      [
        748,
        982
      ]
    ],
    [
      [
        749,
        981
      ]
    ],
    [
      [
        751,
        981
      ]
    ],
    [
      [
        752,
        980
      ]
    ],
    [
      [
        753,
        980
      ]
    ],
    [
      [
        757,
        976
      ]
    ],
    [
      [
        761,
        976
      ]
    ],
    [
      [
        762,
        975
      ]
    ],
    [
      [
        763,
        975
      ]
    ],
    [
      [
        765,
        973
      ]
    ],
    [
      [
        767,
        973
      ]
    ],
    [
      [
        768,
        972
      ]
    ],
    [
      [
        769,
        972
      ]
    ],
    [
      [
        770,
        971
      ]
    ],
    [
      [
        772,
        971
      ]
    ],
    [
      [
        773,
        970
      ]
    ],
    [
      [
        774,
        970
      ]
    ],
    [
      [
        776,
        968
      ]
    ],
    [
      [
        778,
        968
      ]
    ],
    [
      [
        779,
        967
      ]
    ],
    [
      [
        780,
        967
      ]
    ],
    [
      [
        781,
        966
      ]
    ],
    [
      [
        782,
        966
      ]
    ],
    [
      [
        785,
        963
      ]
    ],
    [
      [
        787,
        963
      ]
    ],
    [
      [
        788,
        962
      ]
    ],
    [
      [
        791,
        962
      ]
    ],
    [
      [
        791,
        961
      ]
    ],
    [
      [
        792,
        960
      ]
    ],
    [
      [
        794,
        960
      ]
    ],
    [
      [
        795,
        959
      ]
    ],
    [
      [
        798,
        959
      ]
    ],
    [
      [
        799,
        958
      ]
    ],
    [
      [
        801,
        958
      ]
    ],
    [
      [
        802,
        957
      ]
    ],
    [
      [
        803,
        957
      ]
    ],
    [
      [
        806,
        954
      ]
    ],
    [
      [
        808,
        954
      ]
    ],
    [
      [
        809,
        953
      ]
    ],
    [
      [
        811,
        953
      ]
    ],
    [
      [
        812,
        952
      ]
    ],
    [
      [
        814,
        952
      ]
    ],
    [
      [
        815,
        951
      ]
    ],
    [
      [
        816,
        951
      ]
    ],
    [
      [
        817,
        950
      ]
    ],
    [
      [
        819,
        950
      ]
    ],
    [
      [
        820,
        949
      ]
    ],
    [
      [
        821,
        949
      ]
    ],
    [
      [
        822,
        948
      ]
    ],
    [
      [
        827,
        948
      ]
    ],
    [
      [
        827,
        947
      ]
    ],
    [
      [
        829,
        945
      ]
    ],
    [
      [
        831,
        945
      ]
    ],
    [
      [
        832,
        944
      ]
    ],
    [
      [
        836,
        944
      ]
    ],
    [
      [
        836,
        913
      ]
    ],
    [
      [
        838,
        911
      ]
    ],
    [
      [
        839,
        911
      ]
    ],
    [
      [
        841,
        909
      ]
    ],
    [
      [
        843,
        909
      ]
    ],
    [
      [
        845,
        907
      ]
    ],
    [
      [
        847,
        907
      ]
    ],
    [
      [
        849,
        905
      ]
    ],
    [
      [
        851,
        905
      ]
    ],
    [
      [
        852,
        904
      ]
    ],
    [
      [
        853,
        904
      ]
    ],
    [
      [
        855,
        902
      ]
    ],
    [
      [
        857,
        902
      ]
    ],
    [
      [
        858,
        901
      ]
    ],
    [
      [
        860,
        901
      ]
    ],
    [
      [
        861,
        900
      ]
    ],
    [
      [
        862,
        900
      ]
    ],
    [
      [
        863,
        899
      ]
    ],
    [
      [
        864,
        899
      ]
    ],
    [
      [
        865,
        898
      ]
    ],
    [
      [
        868,
        898
      ]
    ],
    [
      [
        870,
        896
      ]
    ],
    [
      [
        871,
        896
      ]
    ],
    [
      [
        872,
        895
      ]
    ],
    [
      [
        873,
        895
      ]
    ],
    [
      [
        875,
        893
      ]
    ],
    [
      [
        877,
        893
      ]
    ],
    [
      [
        878,
        892
      ]
    ],
    [
      [
        880,
        892
      ]
    ],
    [
      [
        881,
        891
      ]
    ],
    [
      [
        883,
        891
      ]
    ],
    [
      [
        886,
        888
      ]
    ],
    [
      [
        887,
        888
      ]
    ],
    [
      [
        888,
        887
      ]
    ],
    [
      [
        890,
        887
      ]
    ],
    [
      [
        891,
        886
      ]
    ],
    [
      [
        892,
        886
      ]
    ],
    [
      [
        893,
        885
      ]
    ],
    [
      [
        895,
        885
      ]
    ],
    [
      [
        896,
        884
      ]
    ],
    [
      [
        901,
        884
      ]
    ],
    [
      [
        901,
        883
      ]
    ],
    [
      [
        904,
        880
      ]
    ],
    [
      [
        906,
        880
      ]
    ],
    [
      [
        908,
        878
      ]
    ],
    [
      [
        910,
        878
      ]
    ],
    [
      [
        911,
        877
      ]
    ],
    [
      [
        912,
        877
      ]
    ],
    [
      [
        913,
        876
      ]
    ],
    [
      [
        914,
        876
      ]
    ],
    [
      [
        915,
        875
      ]
    ],
    [
      [
        916,
        875
      ]
    ],
    [
      [
        917,
        874
      ]
    ],
    [
      [
        918,
        874
      ]
    ],
    [
      [
        919,
        873
      ]
    ],
    [
      [
        920,
        873
      ]
    ],
    [
      [
        921,
        872
      ]
    ],
    [
      [
        923,
        872
      ]
    ],
    [
      [
        924,
        871
      ]
    ],
    [
      [
        926,
        871
      ]
    ],
    [
      [
        928,
        869
      ]
    ],
    [
      [
        929,
        869
      ]
    ],
    [
      [
        930,
        868
      ]
    ],
    [
      [
        931,
        868
      ]
    ],
    [
      [
        932,
        867
      ]
    ],
    [
      [
        933,
        867
      ]
    ],
    [
      [
        935,
        865
      ]
    ],
    [
      [
        937,
        865
      ]
    ],
    [
      [
        938,
        864
      ]
    ],
    [
      [
        939,
        864
      ]
    ],
    [
      [
        940,
        863
      ]
    ],
    [
      [
        941,
        863
      ]
    ],
    [
      [
        942,
        862
      ]
    ],
    [
      [
        961,
        862
      ]
    ],
    [
      [
        962,
        863
      ]
    ],
    [
      [
        962,
        865
      ]
    ],
    [
      [
        963,
        865
      ]
    ],
    [
      [
        964,
        866
      ]
    ],
    [
      [
        974,
        866
      ]
    ],
    [
      [
        977,
        863
      ]
    ],
    [
      [
        978,
        863
      ]
    ],
    [
      [
        979,
        862
      ]
    ],
    [
      [
        996,
        862
      ]
    ],
    [
      [
        997,
        863
      ]
    ],
    [
      [
        997,
        868
      ]
    ],
    [
      [
        1003,
        868
      ]
    ],
    [
      [
        1005,
        866
      ]
    ],
    [
      [
        1007,
        866
      ]
    ],
    [
      [
        1008,
        865
      ]
    ],
    [
      [
        1009,
        865
      ]
    ],
    [
      [
        1010,
        864
      ]
    ],
    [
      [
        1011,
        864
      ]
    ],
    [
      [
        1013,
        862
      ]
    ],
    [
      [
        1014,
        862
      ]
    ],
    [
      [
        1015,
        861
      ]
    ],
    [
      [
        1016,
        861
      ]
    ],
    [
      [
        1018,
        859
      ]
    ],
    [
      [
        1019,
        859
      ]
    ],
    [
      [
        1020,
        858
      ]
    ],
    [
      [
        1021,
        858
      ]
    ],
    [
      [
        1022,
        857
      ]
    ],
    [
      [
        1023,
        857
      ]
    ],
    [
      [
        1023,
        843
      ]
    ],
    [
      [
        1025,
        841
      ]
    ],
    [
      [
        1026,
        841
      ]
    ],
    [
      [
        1028,
        839
      ]
    ],
    [
      [
        1029,
        839
      ]
    ],
    [
      [
        1030,
        838
      ]
    ],
    [
      [
        1032,
        838
      ]
    ],
    [
      [
        1033,
        837
      ]
    ],
    [
      [
        1034,
        837
      ]
    ],
    [
      [
        1035,
        836
      ]
    ],
    [
      [
        1036,
        836
      ]
    ],
    [
      [
        1037,
        835
      ]
    ],
    [
      [
        1038,
        835
      ]
    ],
    [
      [
        1039,
        834
      ]
    ],
    [
      [
        1041,
        834
      ]
    ],
    [
      [
        1042,
        833
      ]
    ],
    [
      [
        1043,
        833
      ]
    ],
    [
      [
        1045,
        831
      ]
    ],
    [
      [
        1047,
        831
      ]
    ],
    [
      [
        1048,
        830
      ]
    ],
    [
      [
        1049,
        830
      ]
    ],
    [
      [
        1050,
        829
      ]
    ],
    [
      [
        1051,
        829
      ]
    ],
    [
      [
        1052,
        828
      ]
    ],
    [
      [
        1053,
        828
      ]
    ],
    [
      [
        1053,
        823
      ]
    ],
    [
      [
        1054,
        822
      ]
    ],
    [
      [
        1059,
        822
      ]
    ],
    [
      [
        1059,
        819
      ]
    ],
    [
      [
        1060,
        818
      ]
    ],
    [
      [
        1077,
        818
      ]
    ],
    [
      [
        1078,
        817
      ]
    ],
    [
      [
        1078,
        816
      ]
    ],
    [
      [
        1079,
        815
      ]
    ],
    [
      [
        1083,
        815
      ]
    ],
    [
      [
        1086,
        812
      ]
    ],
    [
      [
        1087,
        812
      ]
    ],
    [
      [
        1088,
        811
      ]
    ],
    [
      [
        1089,
        811
      ]
    ],
    [
      [
        1090,
        810
      ]
    ],
    [
      [
        1091,
        810
      ]
    ],
    [
      [
        1092,
        809
      ]
    ],
    [
      [
        1094,
        809
      ]
    ],
    [
      [
        1095,
        808
      ]
    ],
    [
      [
        1096,
        808
      ]
    ],
    [
      [
        1097,
        807
      ]
    ],
    [
      [
        1099,
        807
      ]
    ],
    [
      [
        1100,
        806
      ]
    ],
    [
      [
        1101,
        806
      ]
    ],
    [
      [
        1102,
        805
      ]
    ],
    [
      [
        1104,
        805
      ]
    ],
    [
      [
        1107,
        802
      ]
    ],
    [
      [
        1111,
        802
      ]
    ],
    [
      [
        1114,
        799
      ]
    ],
    [
      [
        1118,
        799
      ]
    ],
    [
      [
        1118,
        781
      ]
    ],
    [
      [
        1119,
        780
      ]
    ],
    [
      [
        1120,
        780
      ]
    ],
    [
      [
        1121,
        779
      ]
    ],
    [
      [
        1123,
        779
      ]
    ],
    [
      [
        1125,
        777
      ]
    ],
    [
      [
        1136,
        777
      ]
    ],
    [
      [
        1138,
        775
      ]
    ],
    [
      [
        1144,
        775
      ]
    ],
    [
      [
        1144,
        774
      ]
    ],
    [
      [
        1148,
        770
      ]
    ],
    [
      [
        1149,
        770
      ]
    ],
    [
      [
        1152,
        767
      ]
    ],
    [
      [
        1153,
        767
      ]
    ],
    [
      [
        1154,
        766
      ]
    ],
    [
      [
        1156,
        766
      ]
    ],
    [
      [
        1157,
        765
      ]
    ],
    [
      [
        1160,
        765
      ]
    ],
    [
      [
        1160,
        763
      ]
    ],
    [
      [
        1161,
        762
      ]
    ],
    [
      [
        1172,
        762
      ]
    ],
    [
      [
        1173,
        761
      ]
    ],
    [
      [
        1174,
        761
      ]
    ],
    [
      [
        1175,
        760
      ]
    ],
    [
      [
        1178,
        760
      ]
    ],
    [
      [
        1179,
        759
      ]
    ],
    [
      [
        1180,
        759
      ]
    ],
    [
      [
        1182,
        757
      ]
    ],
    [
      [
        1183,
        757
      ]
    ],
    [
      [
        1184,
        756
      ]
    ],
    [
      [
        1185,
        756
      ]
    ],
    [
      [
        1188,
        753
      ]
    ],
    [
      [
        1189,
        753
      ]
    ],
    [
      [
        1190,
        752
      ]
    ],
    [
      [
        1191,
        752
      ]
    ],
    [
      [
        1192,
        751
      ]
    ],
    [
      [
        1194,
        751
      ]
    ],
    [
      [
        1195,
        750
      ]
    ],
    [
      [
        1198,
        750
      ]
    ],
    [
      [
        1200,
        748
      ]
    ],
    [
      [
        1201,
        748
      ]
    ],
    [
      [
        1202,
        747
      ]
    ],
    [
      [
        1204,
        747
      ]
    ],
    [
      [
        1205,
        746
      ]
    ],
    [
      [
        1206,
        746
      ]
    ],
    [
      [
        1207,
        745
      ]
    ],
    [
      [
        1208,
        745
      ]
    ],
    [
      [
        1209,
        744
      ]
    ],
    [
      [
        1210,
        744
      ]
    ],
    [
      [
        1213,
        741
      ]
    ],
    [
      [
        1215,
        741
      ]
    ],
    [
      [
        1216,
        740
      ]
    ],
    [
      [
        1219,
        740
      ]
    ],
    [
      [
        1220,
        739
      ]
    ],
    [
      [
        1221,
        739
      ]
    ],
    [
      [
        1223,
        737
      ]
    ],
    [
      [
        1225,
        737
      ]
    ],
    [
      [
        1226,
        736
      ]
    ],
    [
      [
        1243,
        736
      ]
    ],
    [
      [
        1244,
        737
      ]
    ],
    [
      [
        1244,
        749
      ]
    ],
    [
      [
        1250,
        749
      ]
    ],
    [
      [
        1252,
        747
      ]
    ],
    [
      [
        1254,
        747
      ]
    ],
    [
      [
        1256,
        745
      ]
    ],
    [
      [
        1257,
        745
      ]
    ],
    [
      [
        1258,
        744
      ]
    ],
    [
      [
        1259,
        744
      ]
    ],
    [
      [
        1261,
        742
      ]
    ],
    [
      [
        1262,
        742
      ]
    ],
    [
      [
        1263,
        741
      ]
    ],
    [
      [
        1264,
        741
      ]
    ],
    [
      [
        1265,
        740
      ]
    ],
    [
      [
        1266,
        740
      ]
    ],
    [
      [
        1267,
        739
      ]
    ],
    [
      [
        1268,
        739
      ]
    ],
    [
      [
        1269,
        738
      ]
    ],
    [
      [
        1271,
        738
      ]
    ],
    [
      [
        1272,
        737
      ]
    ],
    [
      [
        1273,
        737
      ]
    ],
    [
      [
        1275,
        735
      ]
    ],
    [
      [
        1276,
        735
      ]
    ],
    [
      [
        1277,
        734
      ]
    ],
    [
      [
        1279,
        734
      ]
    ],
    [
      [
        1281,
        732
      ]
    ],
    [
      [
        1283,
        732
      ]
    ],
    [
      [
        1284,
        731
      ]
    ],
    [
      [
        1286,
        731
      ]
    ],
    [
      [
        1290,
        727
      ]
    ],
    [
      [
        1290,
        724
      ]
    ],
    [
      [
        1291,
        723
      ]
    ],
    [
      [
        1300,
        723
      ]
    ],
    [
      [
        1301,
        722
      ]
    ],
    [
      [
        1304,
        722
      ]
    ],
    [
      [
        1305,
        721
      ]
    ],
    [
      [
        1305,
        719
      ]
    ],
    [
      [
        1307,
        717
      ]
    ],
    [
      [
        1315,
        717
      ]
    ],
    [
      [
        1322,
        710
      ]
    ],
    [
      [
        1324,
        710
      ]
    ],
    [
      [
        1325,
        709
      ]
    ],
    [
      [
        1329,
        709
      ]
    ],
    [
      [
        1331,
        707
      ]
    ],
    [
      [
        1332,
        707
      ]
    ],
    [
      [
        1333,
        706
      ]
    ],
    [
      [
        1335,
        706
      ]
    ],
    [
      [
        1338,
        703
      ]
    ],
    [
      [
        1340,
        703
      ]
    ],
    [
      [
        1341,
        702
      ]
    ],
    [
      [
        1342,
        702
      ]
    ],
    [
      [
        1342,
        678
      ]
    ],
    [
      [
        1343,
        677
      ]
    ],
    [
      [
        1344,
        677
      ]
    ],
    [
      [
        1345,
        676
      ]
    ],
    [
      [
        1345,
        675
      ]
    ],
    [
      [
        1350,
        670
      ]
    ],
    [
      [
        1351,
        670
      ]
    ],
    [
      [
        1353,
        668
      ]
    ],
    [
      [
        1354,
        668
      ]
    ],
    [
      [
        1354,
        667
      ]
    ],
    [
      [
        1355,
        666
      ]
    ],
    [
      [
        1355,
        665
      ]
    ],
    [
      [
        1357,
        663
      ]
    ],
    [
      [
        1358,
        663
      ]
    ],
    [
      [
        1358,
        662
      ]
    ],
    [
      [
        1359,
        661
      ]
    ],
    [
      [
        1359,
        659
      ]
    ],
    [
      [
        1360,
        658
      ]
    ],
    [
      [
        1361,
        658
      ]
    ],
    [
      [
        1362,
        657
      ]
    ],
    [
      [
        1362,
        654
      ]
    ],
    [
      [
        1363,
        653
      ]
    ],
    [
      [
        1380,
        653
      ]
    ],
    [
      [
        1381,
        654
      ]
    ],
    [
      [
        1381,
        671
      ]
    ],
    [
      [
        1387,
        671
      ]
    ],
    [
      [
        1388,
        670
      ]
    ],
    [
      [
        1388,
        669
      ]
    ],
    [
      [
        1389,
        668
      ]
    ],
    [
      [
        1412,
        668
      ]
    ],
    [
      [
        1412,
        666
      ]
    ],
    [
      [
        1414,
        664
      ]
    ],
    [
      [
        1415,
        664
      ]
    ],
    [
      [
        1415,
        663
      ]
    ],
    [
      [
        1416,
        662
      ]
    ],
    [
      [
        1419,
        662
      ]
    ],
    [
      [
        1419,
        661
      ]
    ],
    [
      [
        1423,
        657
      ]
    ],
    [
      [
        1426,
        657
      ]
    ],
    [
      [
        1428,
        655
      ]
    ],
    [
      [
        1428,
        654
      ]
    ],
    [
      [
        1429,
        653
      ]
    ],
    [
      [
        1431,
        653
      ]
    ],
    [
      [
        1438,
        646
      ]
    ],
    [
      [
        1438,
        645
      ]
    ],
    [
      [
        1439,
        644
      ]
    ],
    [
      [
        1439,
        643
      ]
    ],
    [
      [
        1440,
        642
      ]
    ],
    [
      [
        1440,
        637
      ]
    ],
    [
      [
        1441,
        636
      ]
    ],
    [
      [
        1441,
        621
      ]
    ],
    [
      [
        1440,
        620
      ]
    ],
    [
      [
        1440,
        618
      ]
    ],
    [
      [
        1439,
        617
      ]
    ],
    [
      [
        1439,
        616
      ]
    ],
    [
      [
        1438,
        615
      ]
    ],
    [
      [
        1438,
        614
      ]
    ],
    [
      [
        1437,
        613
      ]
    ],
    [
      [
        1437,
        611
      ]
    ],
    [
      [
        1436,
        610
      ]
    ],
    [
      [
        1436,
        608
      ]
    ],
    [
      [
        1435,
        607
      ]
    ],
    [
      [
        1435,
        606
      ]
    ],
    [
      [
        1433,
        604
      ]
    ],
    [
      [
        1433,
        602
      ]
    ],
    [
      [
        1432,
        601
      ]
    ],
    [
      [
        1432,
        600
      ]
    ],
    [
      [
        1431,
        599
      ]
    ],
    [
      [
        1431,
        597
      ]
    ],
    [
      [
        1429,
        595
      ]
    ],
    [
      [
        1429,
        594
      ]
    ],
    [
      [
        1428,
        593
      ]
    ],
    [
      [
        1428,
        591
      ]
    ],
    [
      [
        1426,
        589
      ]
    ],
    [
      [
        1426,
        588
      ]
    ],
    [
      [
        1425,
        587
      ]
    ],
    [
      [
        1425,
        584
      ]
    ],
    [
      [
        1424,
        583
      ]
    ],
    [
      [
        1424,
        582
      ]
    ],
    [
      [
        1420,
        578
      ]
    ],
    [
      [
        1420,
        574
      ]
    ],
    [
      [
        1419,
        573
      ]
    ],
    [
      [
        1419,
        572
      ]
    ],
    [
      [
        1418,
        571
      ]
    ],
    [
      [
        1418,
        570
      ]
    ],
    [
      [
        1417,
        569
      ]
    ],
    [
      [
        1417,
        568
      ]
    ],
    [
      [
        1414,
        565
      ]
    ],
    [
      [
        1414,
        563
      ]
    ],
    [
      [
        1413,
        562
      ]
    ],
    [
      [
        1413,
        559
      ]
    ],
    [
      [
        1412,
        558
      ]
    ],
    [
      [
        1412,
        557
      ]
    ],
    [
      [
        1411,
        556
      ]
    ],
    [
      [
        1411,
        555
      ]
    ],
    [
      [
        1409,
        553
      ]
    ],
    [
      [
        1409,
        551
      ]
    ],
    [
      [
        1408,
        550
      ]
    ],
    [
      [
        1408,
        549
      ]
    ],
    [
      [
        1407,
        548
      ]
    ],
    [
      [
        1407,
        547
      ]
    ],
    [
      [
        1406,
        546
      ]
    ],
    [
      [
        1406,
        545
      ]
    ],
    [
      [
        1405,
        544
      ]
    ],
    [
      [
        1405,
        542
      ]
    ],
    [
      [
        1402,
        539
      ]
    ],
    [
      [
        1402,
        538
      ]
    ],
    [
      [
        1401,
        537
      ]
    ],
    [
      [
        1401,
        536
      ]
    ],
    [
      [
        1400,
        535
      ]
    ],
    [
      [
        1400,
        534
      ]
    ],
    [
      [
        1399,
        533
      ]
    ],
    [
      [
        1399,
        532
      ]
    ],
    [
      [
        1398,
        531
      ]
    ],
    [
      [
        1398,
        530
      ]
    ],
    [
      [
        1397,
        529
      ]
    ],
    [
      [
        1397,
        526
      ]
    ],
    [
      [
        1395,
        524
      ]
    ],
    [
      [
        1395,
        523
      ]
    ],
    [
      [
        1394,
        522
      ]
    ],
    [
      [
        1394,
        520
      ]
    ],
    [
      [
        1393,
        519
      ]
    ],
    [
      [
        1393,
        518
      ]
    ],
    [
      [
        1392,
        517
      ]
    ],
    [
      [
        1392,
        516
      ]
    ],
    [
      [
        1390,
        514
      ]
    ],
    [
      [
        1390,
        513
      ]
    ],
    [
      [
        1389,
        512
      ]
    ],
    [
      [
        1389,
        511
      ]
    ],
    [
      [
        1387,
        509
      ]
    ],
    [
      [
        1387,
        505
      ]
    ],
    [
      [
        1385,
        503
      ]
    ],
    [
      [
        1385,
        502
      ]
    ],
    [
      [
        1383,
        500
      ]
    ],
    [
      [
        1383,
        496
      ]
    ],
    [
      [
        1374,
        496
      ]
    ],
    [
      [
        1373,
        495
      ]
    ],
    [
      [
        1373,
        486
      ]
    ],
    [
      [
        1369,
        486
      ]
    ],
    [
      [
        1368,
        485
      ]
    ],
    [
      [
        1365,
        485
      ]
    ],
    [
      [
        1364,
        484
      ]
    ],
    [
      [
        1364,
        483
      ]
    ],
    [
      [
        1361,
        483
      ]
    ],
    [
      [
        1360,
        482
      ]
    ],
    [
      [
        1344,
        482
      ]
    ],
    [
      [
        1343,
        481
      ]
    ],
    [
      [
        1343,
        480
      ]
    ],
    [
      [
        1342,
        479
      ]
    ],
    [
      [
        1342,
        477
      ]
    ],
    [
      [
        1340,
        475
      ]
    ],
    [
      [
        1340,
        474
      ]
    ],
    [
      [
        1339,
        473
      ]
    ],
    [
      [
        1339,
        471
      ]
    ],
    [
      [
        1338,
        470
      ]
    ],
    [
      [
        1338,
        469
      ]
    ],
    [
      [
        1337,
        468
      ]
    ],
    [
      [
        1337,
        467
      ]
    ],
    [
      [
        1336,
        466
      ]
    ],
    [
      [
        1336,
        465
      ]
    ],
    [
      [
        1335,
        464
      ]
    ],
    [
      [
        1335,
        463
      ]
    ],
    [
      [
        1334,
        462
      ]
    ],
    [
      [
        1334,
        461
      ]
    ],
    [
      [
        1333,
        460
      ]
    ],
    [
      [
        1333,
        443
      ]
    ],
    [
      [
        1332,
        442
      ]
    ],
    [
      [
        1332,
        441
      ]
    ],
    [
      [
        1331,
        441
      ]
    ],
    [
      [
        1329,
        439
      ]
    ],
    [
      [
        1329,
        436
      ]
    ],
    [
      [
        1328,
        436
      ]
    ],
    [
      [
        1326,
        434
      ]
    ],
    [
      [
        1326,
        433
      ]
    ],
    [
      [
        1324,
        431
      ]
    ],
    [
      [
        1324,
        430
      ]
    ],
    [
      [
        1323,
        429
      ]
    ],
    [
      [
        1323,
        428
      ]
    ],
    [
      [
        1318,
        428
      ]
    ],
    [
      [
        1317,
        427
      ]
    ],
    [
      [
        1317,
        425
      ]
    ],
    [
      [
        1316,
        424
      ]
    ],
    [
      [
        1316,
        422
      ]
    ],
    [
      [
        1314,
        420
      ]
    ],
    [
      [
        1314,
        418
      ]
    ],
    [
      [
        1313,
        417
      ]
    ],
    [
      [
        1313,
        416
      ]
    ],
    [
      [
        1312,
        415
      ]
    ],
    [
      [
        1312,
        414
      ]
    ],
    [
      [
        1311,
        413
      ]
    ],
    [
      [
        1311,
        412
      ]
    ],
    [
      [
        1310,
        411
      ]
    ],
    [
      [
        1310,
        409
      ]
    ],
    [
      [
        1309,
        408
      ]
    ],
    [
      [
        1309,
        407
      ]
    ],
    [
      [
        1307,
        405
      ]
    ],
    [
      [
        1307,
        404
      ]
    ],
    [
      [
        1306,
        403
      ]
    ],
    [
      [
        1306,
        401
      ]
    ],
    [
      [
        1305,
        400
      ]
    ],
    [
      [
        1305,
        398
      ]
    ],
    [
      [
        1304,
        397
      ]
    ],
    [
      [
        1304,
        396
      ]
    ],
    [
      [
        1303,
        395
      ]
    ],
    [
      [
        1303,
        394
      ]
    ],
    [
      [
        1302,
        393
      ]
    ],
    [
      [
        1302,
        392
      ]
    ],
    [
      [
        1300,
        390
      ]
    ],
    [
      [
        1300,
        389
      ]
    ],
    [
      [
        1299,
        388
      ]
    ],
    [
      [
        1299,
        387
      ]
    ],
    [
      [
        1298,
        386
      ]
    ],
    [
      [
        1298,
        385
      ]
    ],
    [
      [
        1297,
        384
      ]
    ],
    [
      [
        1297,
        383
      ]
    ],
    [
      [
        1296,
        382
      ]
    ],
    [
      [
        1296,
        380
      ]
    ],
    [
      [
        1295,
        379
      ]
    ],
    [
      [
        1295,
        378
      ]
    ],
    [
      [
        1293,
        376
      ]
    ],
    [
      [
        1293,
        374
      ]
    ],
    [
      [
        1291,
        372
      ]
    ],
    [
      [
        1291,
        371
      ]
    ],
    [
      [
        1290,
        370
      ]
    ],
    [
      [
        1290,
        368
      ]
    ],
    [
      [
        1289,
        367
      ]
    ],
    [
      [
        1289,
        366
      ]
    ],
    [
      [
        1288,
        365
      ]
    ],
    [
      [
        1288,
        364
      ]
    ],
    [
      [
        1287,
        363
      ]
    ],
    [
      [
        1287,
        361
      ]
    ],
    [
      [
        1285,
        359
      ]
    ],
    [
      [
        1285,
        358
      ]
    ],
    [
      [
        1284,
        357
      ]
    ],
    [
      [
        1284,
        354
      ]
    ],
    [
      [
        1282,
        352
      ]
    ],
    [
      [
        1282,
        347
      ]
    ],
    [
      [
        1277,
        342
      ]
    ],
    [
      [
        1277,
        341
      ]
    ],
    [
      [
        1276,
        340
      ]
    ],
    [
      [
        1276,
        338
      ]
    ],
    [
      [
        1275,
        337
      ]
    ],
    [
      [
        1275,
        335
      ]
    ],
    [
      [
        1273,
        333
      ]
    ],
    [
      [
        1273,
        331
      ]
    ],
    [
      [
        1272,
        330
      ]
    ],
    [
      [
        1272,
        323
      ]
    ],
    [
      [
        1268,
        323
      ]
    ],
    [
      [
        1267,
        322
      ]
    ],
    [
      [
        1267,
        314
      ]
    ],
    [
      [
        1265,
        314
      ]
    ],
    [
      [
        1264,
        313
      ]
    ],
    [
      [
        1264,
        311
      ]
    ],
    [
      [
        1261,
        308
      ]
    ],
    [
      [
        1261,
        306
      ]
    ],
    [
      [
        1259,
        304
      ]
    ],
    [
      [
        1259,
        303
      ]
    ],
    [
      [
        1258,
        302
      ]
    ],
    [
      [
        1258,
        301
      ]
    ],
    [
      [
        1257,
        300
      ]
    ],
    [
      [
        1257,
        299
      ]
    ],
    [
      [
        1256,
        298
      ]
    ],
    [
      [
        1256,
        297
      ]
    ],
    [
      [
        1255,
        296
      ]
    ],
    [
      [
        1255,
        295
      ]
    ],
    [
      [
        1254,
        294
      ]
    ],
    [
      [
        1254,
        293
      ]
    ],
    [
      [
        1252,
        293
      ]
    ],
    [
      [
        1251,
        292
      ]
    ],
    [
      [
        1251,
        284
      ]
    ],
    [
      [
        1249,
        282
      ]
    ],
    [
      [
        1249,
        264
      ]
    ],
    [
      [
        1250,
        263
      ]
    ],
    [
      [
        1268,
        263
      ]
    ],
    [
      [
        1269,
        262
      ]
    ],
    [
      [
        1269,
        257
      ]
    ],
    [
      [
        1270,
        256
      ]
    ],
    [
      [
        1270,
        247
      ]
    ],
    [
      [
        1269,
        246
      ]
    ],
    [
      [
        1269,
        244
      ]
    ],
    [
      [
        1268,
        243
      ]
    ],
    [
      [
        1268,
        242
      ]
    ],
    [
      [
        1266,
        240
      ]
    ],
    [
      [
        1250,
        240
      ]
    ],
    [
      [
        1248,
        238
      ]
    ],
    [
      [
        1248,
        236
      ]
    ],
    [
      [
        1247,
        236
      ]
    ],
    [
      [
        1243,
        232
      ]
    ],
    [
      [
        1243,
        230
      ]
    ],
    [
      [
        1241,
        228
      ]
    ],
    [
      [
        1241,
        227
      ]
    ],
    [
      [
        1240,
        226
      ]
    ],
    [
      [
        1240,
        225
      ]
    ],
    [
      [
        1239,
        224
      ]
    ],
    [
      [
        1239,
        222
      ]
    ],
    [
      [
        1238,
        221
      ]
    ],
    [
      [
        1238,
        218
      ]
    ],
    [
      [
        1236,
        218
      ]
    ],
    [
      [
        1235,
        217
      ]
    ],
    [
      [
        1235,
        216
      ]
    ],
    [
      [
        1233,
        214
      ]
    ],
    [
      [
        1233,
        213
      ]
    ],
    [
      [
        1232,
        212
      ]
    ],
    [
      [
        1232,
        208
      ]
    ],
    [
      [
        1230,
        206
      ]
    ],
    [
      [
        1230,
        189
      ]
    ],
    [
      [
        1232,
        187
      ]
    ],
    [
      [
        1233,
        187
      ]
    ],
    [
      [
        1234,
        186
      ]
    ],
    [
      [
        1235,
        186
      ]
    ],
    [
      [
        1236,
        185
      ]
    ],
    [
      [
        1236,
        184
      ]
    ],
    [
      [
        1237,
        183
      ]
    ],
    [
      [
        1238,
        183
      ]
    ],
    [
      [
        1238,
        176
      ]
    ],
    [
      [
        1236,
        176
      ]
    ],
    [
      [
        1235,
        175
      ]
    ],
    [
      [
        1235,
        174
      ]
    ],
    [
      [
        1215,
        174
      ]
    ],
    [
      [
        1214,
        173
      ]
    ],
    [
      [
        1214,
        172
      ]
    ],
    [
      [
        1211,
        169
      ]
    ],
    [
      [
        1211,
        167
      ]
    ],
    [
      [
        1210,
        166
      ]
    ],
    [
      [
        1210,
        165
      ]
    ],
    [
      [
        1209,
        164
      ]
    ],
    [
      [
        1209,
        161
      ]
    ],
    [
      [
        1201,
        153
      ]
    ],
    [
      [
        1201,
        152
      ]
    ],
    [
      [
        1200,
        151
      ]
    ],
    [
      [
        1200,
        150
      ]
    ],
    [
      [
        1198,
        148
      ]
    ],
    [
      [
        1198,
        147
      ]
    ],
    [
      [
        1197,
        147
      ]
    ],
    [
      [
        1193,
        143
      ]
    ],
    [
      [
        1191,
        143
      ]
    ],
    [
      [
        1190,
        142
      ]
    ],
    [
      [
        1190,
        136
      ]
    ],
    [
      [
        1189,
        136
      ]
    ],
    [
      [
        1187,
        134
      ]
    ],
    [
      [
        1184,
        134
      ]
    ],
    [
      [
        1183,
        133
      ]
    ],
    [
      [
        1182,
        133
      ]
    ],
    [
      [
        1181,
        132
      ]
    ],
    [
      [
        1181,
        131
      ]
    ],
    [
      [
        1180,
        130
      ]
    ],
    [
      [
        1179,
        130
      ]
    ],
    [
      [
        1178,
        129
      ]
    ],
    [
      [
        1177,
        129
      ]
    ],
    [
      [
        1175,
        127
      ]
    ],
    [
      [
        1174,
        127
      ]
    ],
    [
      [
        1172,
        125
      ]
    ],
    [
      [
        1171,
        125
      ]
    ],
    [
      [
        1170,
        124
      ]
    ],
    [
      [
        1170,
        120
      ]
    ],
    [
      [
        1169,
        119
      ]
    ],
    [
      [
        1169,
        118
      ]
    ],
    [
      [
        1168,
        118
      ]
    ],
    [
      [
        1167,
        117
      ]
    ],
    [
      [
        1166,
        117
      ]
    ],
    [
      [
        1164,
        115
      ]
    ],
    [
      [
        1164,
        109
      ]
    ],
    [
      [
        1163,
        108
      ]
    ],
    [
      [
        1162,
        108
      ]
    ],
    [
      [
        1161,
        107
      ]
    ],
    [
      [
        1160,
        107
      ]
    ],
    [
      [
        1159,
        106
      ]
    ],
    [
      [
        1158,
        106
      ]
    ],
    [
      [
        1157,
        105
      ]
    ],
    [
      [
        1155,
        105
      ]
    ],
    [
      [
        1154,
        104
      ]
    ],
    [
      [
        1154,
        90
      ]
    ],
    [
      [
        1153,
        90
      ]
    ],
    [
      [
        1152,
        89
      ]
    ],
    [
      [
        1148,
        89
      ]
    ],
    [
      [
        1147,
        88
      ]
    ],
    [
      [
        1146,
        88
      ]
    ],
    [
      [
        1144,
        86
      ]
    ],
    [
      [
        1142,
        86
      ]
    ],
    [
      [
        1141,
        85
      ]
    ],
    [
      [
        1137,
        85
      ]
    ],
    [
      [
        1136,
        84
      ]
    ],
    [
      [
        1134,
        84
      ]
    ],
    [
      [
        1133,
        83
      ]
    ],
    [
      [
        1132,
        83
      ]
    ],
    [
      [
        1131,
        82
      ]
    ],
    [
      [
        1124,
        82
      ]
    ],
    [
      [
        1122,
        80
      ]
    ],
    [
      [
        1117,
        80
      ]
    ],
    [
      [
        1116,
        79
      ]
    ],
    [
      [
        1116,
        76
      ]
    ],
    [
      [
        1115,
        76
      ]
    ],
    [
      [
        1114,
        75
      ]
    ],
    [
      [
        1113,
        75
      ]
    ],
    [
      [
        1111,
        73
      ]
    ],
    [
      [
        1110,
        73
      ]
    ],
    [
      [
        1105,
        68
      ]
    ],
    [
      [
        1104,
        68
      ]
    ],
    [
      [
        1103,
        67
      ]
    ],
    [
      [
        1103,
        66
      ]
    ],
    [
      [
        1101,
        64
      ]
    ],
    [
      [
        1101,
        63
      ]
    ],
    [
      [
        1100,
        62
      ]
    ]
  ],
  "segment_square_corners": [
    [
      380.174560546875,
      413.2168884277344
    ],
    [
      1160.502685546875,
      21.586029052734375
    ],
    [
      1470.37939453125,
      639.0181884765625
    ],
    [
      690.05126953125,
      1030.6490478515625
    ]
  ],
  "phrases": [
    "box"
  ],
  "selected_bbox": [
    0.49128666520118713,
    0.4886966943740845,
    0.5149543285369873,
    0.8549786806106567
  ]
}