{
  "timestamp": 1761056116.06802,
  "session_id": "session_20251021_211452_51253c84",
  "supplier_id": "",
  "qr_data": "",
  "qr_items": {},
  "qr_corners": [
    [
      803.0,
      774.0
    ],
    [
      797.5325927734375,
      863.6741943359375
    ],
    [
      705.7189331054688,
      855.8045043945312
    ],
    [
      709.0,
      767.0
    ]
  ],
  "segment_corners": [
    [
      [
        634,
        93
      ]
    ],
    [
      [
        633,
        94
      ]
    ],
    [
      [
        630,
        94
      ]
    ],
    [
      [
        629,
        95
      ]
    ],
    [
      [
        628,
        95
      ]
    ],
    [
      [
        626,
        97
      ]
    ],
    [
      [
        624,
        97
      ]
    ],
    [
      [
        623,
        98
      ]
    ],
    [
      [
        622,
        98
      ]
    ],
    [
      [
        622,
        99
      ]
    ],
    [
      [
        620,
        101
      ]
    ],
    [
      [
        619,
        101
      ]
    ],
    [
      [
        618,
        102
      ]
    ],
    [
      [
        617,
        102
      ]
    ],
    [
      [
        617,
        103
      ]
    ],
    [
      [
        616,
        104
      ]
    ],
    [
      [
        616,
        105
      ]
    ],
    [
      [
        615,
        106
      ]
    ],
    [
      [
        613,
        106
      ]
    ],
    [
      [
        613,
        118
      ]
    ],
    [
      [
        615,
        118
      ]
    ],
    [
      [
        616,
        119
      ]
    ],
    [
      [
        616,
        149
      ]
    ],
    [
      [
        615,
        150
      ]
    ],
    [
      [
        615,
        156
      ]
    ],
    [
      [
        616,
        157
      ]
    ],
    [
      [
        616,
        166
      ]
    ],
    [
      [
        629,
        166
      ]
    ],
    [
      [
        632,
        169
      ]
    ],
    [
      [
        633,
        169
      ]
    ],
    [
      [
        634,
        170
      ]
    ],
    [
      [
        635,
        170
      ]
    ],
    [
      [
        636,
        171
      ]
    ],
    [
      [
        638,
        171
      ]
    ],
    [
      [
        639,
        172
      ]
    ],
    [
      [
        640,
        172
      ]
    ],
    [
      [
        643,
        175
      ]
    ],
    [
      [
        643,
        192
      ]
    ],
    [
      [
        652,
        192
      ]
    ],
    [
      [
        653,
        193
      ]
    ],
    [
      [
        653,
        200
      ]
    ],
    [
      [
        654,
        201
      ]
    ],
    [
      [
        654,
        219
      ]
    ],
    [
      [
        653,
        220
      ]
    ],
    [
      [
        647,
        220
      ]
    ],
    [
      [
        645,
        222
      ]
    ],
    [
      [
        645,
        223
      ]
    ],
    [
      [
        644,
        224
      ]
    ],
    [
      [
        644,
        229
      ]
    ],
    [
      [
        643,
        230
      ]
    ],
    [
      [
        643,
        248
      ]
    ],
    [
      [
        667,
        248
      ]
    ],
    [
      [
        668,
        249
      ]
    ],
    [
      [
        668,
        269
      ]
    ],
    [
      [
        667,
        270
      ]
    ],
    [
      [
        667,
        271
      ]
    ],
    [
      [
        666,
        272
      ]
    ],
    [
      [
        666,
        274
      ]
    ],
    [
      [
        665,
        275
      ]
    ],
    [
      [
        665,
        282
      ]
    ],
    [
      [
        678,
        282
      ]
    ],
    [
      [
        679,
        283
      ]
    ],
    [
      [
        679,
        308
      ]
    ],
    [
      [
        678,
        309
      ]
    ],
    [
      [
        661,
        309
      ]
    ],
    [
      [
        660,
        308
      ]
    ],
    [
      [
        660,
        307
      ]
    ],
    [
      [
        645,
        307
      ]
    ],
    [
      [
        645,
        308
      ]
    ],
    [
      [
        643,
        310
      ]
    ],
    [
      [
        643,
        333
      ]
    ],
    [
      [
        644,
        334
      ]
    ],
    [
      [
        644,
        335
      ]
    ],
    [
      [
        646,
        335
      ]
    ],
    [
      [
        647,
        336
      ]
    ],
    [
      [
        647,
        337
      ]
    ],
    [
      [
        649,
        337
      ]
    ],
    [
      [
        650,
        338
      ]
    ],
    [
      [
        650,
        376
      ]
    ],
    [
      [
        649,
        377
      ]
    ],
    [
      [
        649,
        381
      ]
    ],
    [
      [
        648,
        382
      ]
    ],
    [
      [
        644,
        382
      ]
    ],
    [
      [
        644,
        396
      ]
    ],
    [
      [
        643,
        397
      ]
    ],
    [
      [
        643,
        404
      ]
    ],
    [
      [
        642,
        405
      ]
    ],
    [
      [
        639,
        405
      ]
    ],
    [
      [
        638,
        406
      ]
    ],
    [
      [
        637,
        406
      ]
    ],
    [
      [
        637,
        409
      ]
    ],
    [
      [
        636,
        410
      ]
    ],
    [
      [
        634,
        410
      ]
    ],
    [
      [
        633,
        411
      ]
    ],
    [
      [
        632,
        411
      ]
    ],
    [
      [
        631,
        412
      ]
    ],
    [
      [
        630,
        412
      ]
    ],
    [
      [
        629,
        413
      ]
    ],
    [
      [
        607,
        413
      ]
    ],
    [
      [
        607,
        422
      ]
    ],
    [
      [
        606,
        423
      ]
    ],
    [
      [
        606,
        436
      ]
    ],
    [
      [
        605,
        437
      ]
    ],
    [
      [
        605,
        469
      ]
    ],
    [
      [
        604,
        470
      ]
    ],
    [
      [
        604,
        480
      ]
    ],
    [
      [
        603,
        481
      ]
    ],
    [
      [
        603,
        548
      ]
    ],
    [
      [
        602,
        549
      ]
    ],
    [
      [
        602,
        576
      ]
    ],
    [
      [
        601,
        577
      ]
    ],
    [
      [
        601,
        583
      ]
    ],
    [
      [
        602,
        584
      ]
    ],
    [
      [
        602,
        605
      ]
    ],
    [
      [
        601,
        606
      ]
    ],
    [
      [
        601,
        644
      ]
    ],
    [
      [
        599,
        646
      ]
    ],
    [
      [
        599,
        668
      ]
    ],
    [
      [
        605,
        668
      ]
    ],
    [
      [
        605,
        667
      ]
    ],
    [
      [
        606,
        666
      ]
    ],
    [
      [
        606,
        651
      ]
    ],
    [
      [
        607,
        650
      ]
    ],
    [
      [
        607,
        638
      ]
    ],
    [
      [
        608,
        637
      ]
    ],
    [
      [
        627,
        637
      ]
    ],
    [
      [
        628,
        638
      ]
    ],
    [
      [
        628,
        658
      ]
    ],
    [
      [
        633,
        663
      ]
    ],
    [
      [
        633,
        664
      ]
    ],
    [
      [
        634,
        665
      ]
    ],
    [
      [
        634,
        666
      ]
    ],
    [
      [
        635,
        667
      ]
    ],
    [
      [
        635,
        707
      ]
    ],
    [
      [
        634,
        708
      ]
    ],
    [
      [
        634,
        714
      ]
    ],
    [
      [
        635,
        715
      ]
    ],
    [
      [
        635,
        718
      ]
    ],
    [
      [
        638,
        718
      ]
    ],
    [
      [
        639,
        719
      ]
    ],
    [
      [
        639,
        740
      ]
    ],
    [
      [
        638,
        741
      ]
    ],
    [
      [
        638,
        758
      ]
    ],
    [
      [
        637,
        759
      ]
    ],
    [
      [
        637,
        760
      ]
    ],
    [
      [
        636,
        761
      ]
    ],
    [
      [
        632,
        761
      ]
    ],
    [
      [
        632,
        767
      ]
    ],
    [
      [
        633,
        768
      ]
    ],
    [
      [
        633,
        772
      ]
    ],
    [
      [
        635,
        774
      ]
    ],
    [
      [
        635,
        776
      ]
    ],
    [
      [
        636,
        777
      ]
    ],
    [
      [
        636,
        794
      ]
    ],
    [
      [
        638,
        796
      ]
    ],
    [
      [
        638,
        801
      ]
    ],
    [
      [
        639,
        802
      ]
    ],
    [
      [
        639,
        831
      ]
    ],
    [
      [
        638,
        832
      ]
    ],
    [
      [
        619,
        832
      ]
    ],
    [
      [
        618,
        831
      ]
    ],
    [
      [
        618,
        829
      ]
    ],
    [
      [
        617,
        828
      ]
    ],
    [
      [
        617,
        821
      ]
    ],
    [
      [
        616,
        820
      ]
    ],
    [
      [
        616,
        807
      ]
    ],
    [
      [
        615,
        806
      ]
    ],
    [
      [
        615,
        800
      ]
    ],
    [
      [
        614,
        800
      ]
    ],
    [
      [
        612,
        798
      ]
    ],
    [
      [
        612,
        797
      ]
    ],
    [
      [
        611,
        797
      ]
    ],
    [
      [
        610,
        796
      ]
    ],
    [
      [
        609,
        796
      ]
    ],
    [
      [
        608,
        795
      ]
    ],
    [
      [
        608,
        784
      ]
    ],
    [
      [
        598,
        784
      ]
    ],
    [
      [
        597,
        785
      ]
    ],
    [
      [
        596,
        785
      ]
    ],
    [
      [
        596,
        786
      ]
    ],
    [
      [
        593,
        789
      ]
    ],
    [
      [
        592,
        789
      ]
    ],
    [
      [
        592,
        858
      ]
    ],
    [
      [
        593,
        859
      ]
    ],
    [
      [
        593,
        877
      ]
    ],
    [
      [
        592,
        878
      ]
    ],
    [
      [
        592,
        899
      ]
    ],
    [
      [
        590,
        901
      ]
    ],
    [
      [
        590,
        908
      ]
    ],
    [
      [
        599,
        908
      ]
    ],
    [
      [
        599,
        899
      ]
    ],
    [
      [
        600,
        898
      ]
    ],
    [
      [
        600,
        882
      ]
    ],
    [
      [
        601,
        881
      ]
    ],
    [
      [
        603,
        881
      ]
    ],
    [
      [
        603,
        866
      ]
    ],
    [
      [
        604,
        865
      ]
    ],
    [
      [
        621,
        865
      ]
    ],
    [
      [
        625,
        869
      ]
    ],
    [
      [
        626,
        869
      ]
    ],
    [
      [
        629,
        872
      ]
    ],
    [
      [
        632,
        872
      ]
    ],
    [
      [
        633,
        873
      ]
    ],
    [
      [
        633,
        878
      ]
    ],
    [
      [
        634,
        878
      ]
    ],
    [
      [
        635,
        879
      ]
    ],
    [
      [
        635,
        880
      ]
    ],
    [
      [
        636,
        880
      ]
    ],
    [
      [
        637,
        881
      ]
    ],
    [
      [
        639,
        881
      ]
    ],
    [
      [
        640,
        882
      ]
    ],
    [
      [
        640,
        884
      ]
    ],
    [
      [
        641,
        884
      ]
    ],
    [
      [
        642,
        885
      ]
    ],
    [
      [
        642,
        888
      ]
    ],
    [
      [
        643,
        888
      ]
    ],
    [
      [
        653,
        898
      ]
    ],
    [
      [
        653,
        899
      ]
    ],
    [
      [
        654,
        900
      ]
    ],
    [
      [
        656,
        900
      ]
    ],
    [
      [
        657,
        901
      ]
    ],
    [
      [
        660,
        901
      ]
    ],
    [
      [
        661,
        902
      ]
    ],
    [
      [
        662,
        902
      ]
    ],
    [
      [
        665,
        905
      ]
    ],
    [
      [
        665,
        906
      ]
    ],
    [
      [
        668,
        909
      ]
    ],
    [
      [
        668,
        910
      ]
    ],
    [
      [
        670,
        912
      ]
    ],
    [
      [
        670,
        913
      ]
    ],
    [
      [
        671,
        914
      ]
    ],
    [
      [
        671,
        915
      ]
    ],
    [
      [
        678,
        922
      ]
    ],
    [
      [
        678,
        939
      ]
    ],
    [
      [
        677,
        940
      ]
    ],
    [
      [
        676,
        940
      ]
    ],
    [
      [
        676,
        946
      ]
    ],
    [
      [
        711,
        946
      ]
    ],
    [
      [
        712,
        947
      ]
    ],
    [
      [
        728,
        947
      ]
    ],
    [
      [
        729,
        948
      ]
    ],
    [
      [
        752,
        948
      ]
    ],
    [
      [
        753,
        947
      ]
    ],
    [
      [
        753,
        933
      ]
    ],
    [
      [
        754,
        932
      ]
    ],
    [
      [
        780,
        932
      ]
    ],
    [
      [
        781,
        933
      ]
    ],
    [
      [
        785,
        933
      ]
    ],
    [
      [
        786,
        934
      ]
    ],
    [
      [
        788,
        934
      ]
    ],
    [
      [
        789,
        935
      ]
    ],
    [
      [
        831,
        935
      ]
    ],
    [
      [
        832,
        936
      ]
    ],
    [
      [
        834,
        936
      ]
    ],
    [
      [
        835,
        937
      ]
    ],
    [
      [
        835,
        953
      ]
    ],
    [
      [
        857,
        953
      ]
    ],
    [
      [
        858,
        954
      ]
    ],
    [
      [
        884,
        954
      ]
    ],
    [
      [
        885,
        955
      ]
    ],
    [
      [
        890,
        955
      ]
    ],
    [
      [
        891,
        956
      ]
    ],
    [
      [
        891,
        958
      ]
    ],
    [
      [
        893,
        958
      ]
    ],
    [
      [
        894,
        959
      ]
    ],
    [
      [
        902,
        959
      ]
    ],
    [
      [
        904,
        957
      ]
    ],
    [
      [
        904,
        956
      ]
    ],
    [
      [
        905,
        955
      ]
    ],
    [
      [
        912,
        955
      ]
    ],
    [
      [
        913,
        954
      ]
    ],
    [
      [
        913,
        943
      ]
    ],
    [
      [
        914,
        942
      ]
    ],
    [
      [
        927,
        942
      ]
    ],
    [
      [
        928,
        941
      ]
    ],
    [
      [
        929,
        941
      ]
    ],
    [
      [
        930,
        940
      ]
    ],
    [
      [
        958,
        940
      ]
    ],
    [
      [
        959,
        941
      ]
    ],
    [
      [
        972,
        941
      ]
    ],
    [
      [
        974,
        943
      ]
    ],
    [
      [
        1005,
        943
      ]
    ],
    [
      [
        1007,
        945
      ]
    ],
    [
      [
        1009,
        945
      ]
    ],
    [
      [
        1010,
        946
      ]
    ],
    [
      [
        1029,
        946
      ]
    ],
    [
      [
        1030,
        947
      ]
    ],
    [
      [
        1036,
        947
      ]
    ],
    [
      [
        1036,
        946
      ]
    ],
    [
      [
        1037,
        945
      ]
    ],
    [
      [
        1056,
        945
      ]
    ],
    [
      [
        1057,
        946
      ]
    ],
    [
      [
        1057,
        953
      ]
    ],
    [
      [
        1059,
        953
      ]
    ],
    [
      [
        1060,
        954
      ]
    ],
    [
      [
        1075,
        954
      ]
    ],
    [
      [
        1076,
        955
      ]
    ],
    [
      [
        1089,
        955
      ]
    ],
    [
      [
        1090,
        956
      ]
    ],
    [
      [
        1106,
        956
      ]
    ],
    [
      [
        1107,
        955
      ]
    ],
    [
      [
        1115,
        955
      ]
    ],
    [
      [
        1116,
        954
      ]
    ],
    [
      [
        1121,
        954
      ]
    ],
    [
      [
        1122,
        953
      ]
    ],
    [
      [
        1130,
        953
      ]
    ],
    [
      [
        1131,
        952
      ]
    ],
    [
      [
        1134,
        952
      ]
    ],
    [
      [
        1135,
        951
      ]
    ],
    [
      [
        1137,
        951
      ]
    ],
    [
      [
        1138,
        950
      ]
    ],
    [
      [
        1140,
        950
      ]
    ],
    [
      [
        1142,
        948
      ]
    ],
    [
      [
        1143,
        948
      ]
    ],
    [
      [
        1149,
        942
      ]
    ],
    [
      [
        1150,
        942
      ]
    ],
    [
      [
        1151,
        941
      ]
    ],
    [
      [
        1152,
        941
      ]
    ],
    [
      [
        1153,
        940
      ]
    ],
    [
      [
        1154,
        940
      ]
    ],
    [
      [
        1156,
        938
      ]
    ],
    [
      [
        1158,
        938
      ]
    ],
    [
      [
        1159,
        937
      ]
    ],
    [
      [
        1161,
        937
      ]
    ],
    [
      [
        1163,
        935
      ]
    ],
    [
      [
        1164,
        935
      ]
    ],
    [
      [
        1165,
        934
      ]
    ],
    [
      [
        1167,
        934
      ]
    ],
    [
      [
        1168,
        933
      ]
    ],
    [
      [
        1169,
        933
      ]
    ],
    [
      [
        1171,
        931
      ]
    ],
    [
      [
        1172,
        931
      ]
    ],
    [
      [
        1173,
        930
      ]
    ],
    [
      [
        1174,
        930
      ]
    ],
    [
      [
        1177,
        927
      ]
    ],
    [
      [
        1178,
        927
      ]
    ],
    [
      [
        1181,
        924
      ]
    ],
    [
      [
        1182,
        924
      ]
    ],
    [
      [
        1186,
        920
      ]
    ],
    [
      [
        1187,
        920
      ]
    ],
    [
      [
        1188,
        919
      ]
    ],
    [
      [
        1188,
        918
      ]
    ],
    [
      [
        1189,
        917
      ]
    ],
    [
      [
        1191,
        917
      ]
    ],
    [
      [
        1191,
        916
      ]
    ],
    [
      [
        1195,
        912
      ]
    ],
    [
      [
        1196,
        912
      ]
    ],
    [
      [
        1199,
        909
      ]
    ],
    [
      [
        1199,
        908
      ]
    ],
    [
      [
        1203,
        904
      ]
    ],
    [
      [
        1234,
        904
      ]
    ],
    [
      [
        1235,
        905
      ]
    ],
    [
      [
        1243,
        905
      ]
    ],
    [
      [
        1243,
        903
      ]
    ],
    [
      [
        1244,
        902
      ]
    ],
    [
      [
        1244,
        899
      ]
    ],
    [
      [
        1245,
        898
      ]
    ],
    [
      [
        1245,
        897
      ]
    ],
    [
      [
        1246,
        896
      ]
    ],
    [
      [
        1246,
        892
      ]
    ],
    [
      [
        1247,
        891
      ]
    ],
    [
      [
        1247,
        889
      ]
    ],
    [
      [
        1248,
        888
      ]
    ],
    [
      [
        1248,
        886
      ]
    ],
    [
      [
        1249,
        885
      ]
    ],
    [
      [
        1249,
        883
      ]
    ],
    [
      [
        1250,
        882
      ]
    ],
    [
      [
        1250,
        879
      ]
    ],
    [
      [
        1251,
        878
      ]
    ],
    [
      [
        1251,
        877
      ]
    ],
    [
      [
        1252,
        876
      ]
    ],
    [
      [
        1252,
        865
      ]
    ],
    [
      [
        1253,
        864
      ]
    ],
    [
      [
        1253,
        862
      ]
    ],
    [
      [
        1254,
        861
      ]
    ],
    [
      [
        1254,
        851
      ]
    ],
    [
      [
        1255,
        850
      ]
    ],
    [
      [
        1255,
        840
      ]
    ],
    [
      [
        1256,
        839
      ]
    ],
    [
      [
        1256,
        827
      ]
    ],
    [
      [
        1257,
        826
      ]
    ],
    [
      [
        1257,
        819
      ]
    ],
    [
      [
        1242,
        819
      ]
    ],
    [
      [
        1241,
        818
      ]
    ],
    [
      [
        1241,
        797
      ]
    ],
    [
      [
        1242,
        796
      ]
    ],
    [
      [
        1242,
        789
      ]
    ],
    [
      [
        1240,
        789
      ]
    ],
    [
      [
        1239,
        788
      ]
    ],
    [
      [
        1239,
        764
      ]
    ],
    [
      [
        1240,
        763
      ]
    ],
    [
      [
        1240,
        754
      ]
    ],
    [
      [
        1241,
        753
      ]
    ],
    [
      [
        1241,
        750
      ]
    ],
    [
      [
        1242,
        749
      ]
    ],
    [
      [
        1242,
        737
      ]
    ],
    [
      [
        1243,
        736
      ]
    ],
    [
      [
        1243,
        725
      ]
    ],
    [
      [
        1244,
        724
      ]
    ],
    [
      [
        1244,
        716
      ]
    ],
    [
      [
        1245,
        715
      ]
    ],
    [
      [
        1245,
        703
      ]
    ],
    [
      [
        1246,
        702
      ]
    ],
    [
      [
        1246,
        693
      ]
    ],
    [
      [
        1248,
        691
      ]
    ],
    [
      [
        1248,
        683
      ]
    ],
    [
      [
        1249,
        682
      ]
    ],
    [
      [
        1250,
        682
      ]
    ],
    [
      [
        1250,
        657
      ]
    ],
    [
      [
        1251,
        656
      ]
    ],
    [
      [
        1251,
        641
      ]
    ],
    [
      [
        1252,
        640
      ]
    ],
    [
      [
        1252,
        637
      ]
    ],
    [
      [
        1253,
        636
      ]
    ],
    [
      [
        1253,
        627
      ]
    ],
    [
      [
        1254,
        626
      ]
    ],
    [
      [
        1254,
        614
      ]
    ],
    [
      [
        1255,
        613
      ]
    ],
    [
      [
        1255,
        597
      ]
    ],
    [
      [
        1256,
        596
      ]
    ],
    [
      [
        1256,
        586
      ]
    ],
    [
      [
        1257,
        585
      ]
    ],
    [
      [
        1257,
        582
      ]
    ],
    [
      [
        1258,
        581
      ]
    ],
    [
      [
        1258,
        550
      ]
    ],
    [
      [
        1259,
        549
      ]
    ],
    [
      [
        1259,
        545
      ]
    ],
    [
      [
        1260,
        544
      ]
    ],
    [
      [
        1260,
        526
      ]
    ],
    [
      [
        1261,
        525
      ]
    ],
    [
      [
        1261,
        511
      ]
    ],
    [
      [
        1262,
        510
      ]
    ],
    [
      [
        1262,
        506
      ]
    ],
    [
      [
        1263,
        505
      ]
    ],
    [
      [
        1263,
        496
      ]
    ],
    [
      [
        1264,
        495
      ]
    ],
    [
      [
        1264,
        462
      ]
    ],
    [
      [
        1266,
        460
      ]
    ],
    [
      [
        1266,
        432
      ]
    ],
    [
      [
        1267,
        431
      ]
    ],
    [
      [
        1267,
        425
      ]
    ],
    [
      [
        1268,
        424
      ]
    ],
    [
      [
        1271,
        424
      ]
    ],
    [
      [
        1271,
        414
      ]
    ],
    [
      [
        1272,
        413
      ]
    ],
    [
      [
        1272,
        402
      ]
    ],
    [
      [
        1271,
        401
      ]
    ],
    [
      [
        1271,
        399
      ]
    ],
    [
      [
        1270,
        398
      ]
    ],
    [
      [
        1270,
        364
      ]
    ],
    [
      [
        1271,
        363
      ]
    ],
    [
      [
        1271,
        348
      ]
    ],
    [
      [
        1272,
        347
      ]
    ],
    [
      [
        1272,
        331
      ]
    ],
    [
      [
        1273,
        330
      ]
    ],
    [
      [
        1273,
        298
      ]
    ],
    [
      [
        1274,
        297
      ]
    ],
    [
      [
        1274,
        291
      ]
    ],
    [
      [
        1275,
        290
      ]
    ],
    [
      [
        1275,
        273
      ]
    ],
    [
      [
        1276,
        272
      ]
    ],
    [
      [
        1276,
        266
      ]
    ],
    [
      [
        1275,
        265
      ]
    ],
    [
      [
        1275,
        257
      ]
    ],
    [
      [
        1274,
        256
      ]
    ],
    [
      [
        1274,
        236
      ]
    ],
    [
      [
        1275,
        235
      ]
    ],
    [
      [
        1293,
        235
      ]
    ],
    [
      [
        1295,
        237
      ]
    ],
    [
      [
        1301,
        237
      ]
    ],
    [
      [
        1301,
        229
      ]
    ],
    [
      [
        1300,
        228
      ]
    ],
    [
      [
        1300,
        215
      ]
    ],
    [
      [
        1299,
        214
      ]
    ],
    [
      [
        1299,
        205
      ]
    ],
    [
      [
        1298,
        204
      ]
    ],
    [
      [
        1298,
        203
      ]
    ],
    [
      [
        1297,
        202
      ]
    ],
    [
      [
        1296,
        202
      ]
    ],
    [
      [
        1295,
        201
      ]
    ],
    [
      [
        1281,
        201
      ]
    ],
    [
      [
        1281,
        202
      ]
    ],
    [
      [
        1280,
        203
      ]
    ],
    [
      [
        1280,
        205
      ]
    ],
    [
      [
        1279,
        206
      ]
    ],
    [
      [
        1279,
        217
      ]
    ],
    [
      [
        1278,
        218
      ]
    ],
    [
      [
        1261,
        218
      ]
    ],
    [
      [
        1260,
        217
      ]
    ],
    [
      [
        1260,
        207
      ]
    ],
    [
      [
        1259,
        206
      ]
    ],
    [
      [
        1259,
        203
      ]
    ],
    [
      [
        1258,
        202
      ]
    ],
    [
      [
        1258,
        198
      ]
    ],
    [
      [
        1257,
        197
      ]
    ],
    [
      [
        1257,
        196
      ]
    ],
    [
      [
        1252,
        191
      ]
    ],
    [
      [
        1252,
        190
      ]
    ],
    [
      [
        1251,
        189
      ]
    ],
    [
      [
        1251,
        188
      ]
    ],
    [
      [
        1249,
        186
      ]
    ],
    [
      [
        1249,
        185
      ]
    ],
    [
      [
        1244,
        180
      ]
    ],
    [
      [
        1244,
        179
      ]
    ],
    [
      [
        1238,
        173
      ]
    ],
    [
      [
        1237,
        173
      ]
    ],
    [
      [
        1236,
        172
      ]
    ],
    [
      [
        1236,
        171
      ]
    ],
    [
      [
        1234,
        169
      ]
    ],
    [
      [
        1234,
        168
      ]
    ],
    [
      [
        1230,
        164
      ]
    ],
    [
      [
        1229,
        164
      ]
    ],
    [
      [
        1228,
        163
      ]
    ],
    [
      [
        1227,
        163
      ]
    ],
    [
      [
        1225,
        161
      ]
    ],
    [
      [
        1224,
        161
      ]
    ],
    [
      [
        1223,
        160
      ]
    ],
    [
      [
        1223,
        153
      ]
    ],
    [
      [
        1222,
        152
      ]
    ],
    [
      [
        1222,
        150
      ]
    ],
    [
      [
        1221,
        150
      ]
    ],
    [
      [
        1220,
        149
      ]
    ],
    [
      [
        1220,
        148
      ]
    ],
    [
      [
        1219,
        147
      ]
    ],
    [
      [
        1219,
        145
      ]
    ],
    [
      [
        1218,
        145
      ]
    ],
    [
      [
        1214,
        141
      ]
    ],
    [
      [
        1212,
        141
      ]
    ],
    [
      [
        1211,
        140
      ]
    ],
    [
      [
        1210,
        140
      ]
    ],
    [
      [
        1209,
        139
      ]
    ],
    [
      [
        1199,
        139
      ]
    ],
    [
      [
        1198,
        138
      ]
    ],
    [
      [
        1195,
        138
      ]
    ],
    [
      [
        1193,
        136
      ]
    ],
    [
      [
        1192,
        136
      ]
    ],
    [
      [
        1191,
        135
      ]
    ],
    [
      [
        1191,
        128
      ]
    ],
    [
      [
        1189,
        126
      ]
    ],
    [
      [
        1189,
        125
      ]
    ],
    [
      [
        1184,
        125
      ]
    ],
    [
      [
        1183,
        124
      ]
    ],
    [
      [
        1181,
        124
      ]
    ],
    [
      [
        1180,
        123
      ]
    ],
    [
      [
        1176,
        123
      ]
    ],
    [
      [
        1175,
        122
      ]
    ],
    [
      [
        1173,
        122
      ]
    ],
    [
      [
        1172,
        121
      ]
    ],
    [
      [
        1170,
        121
      ]
    ],
    [
      [
        1169,
        120
      ]
    ],
    [
      [
        1161,
        120
      ]
    ],
    [
      [
        1160,
        119
      ]
    ],
    [
      [
        1157,
        119
      ]
    ],
    [
      [
        1156,
        118
      ]
    ],
    [
      [
        1143,
        118
      ]
    ],
    [
      [
        1142,
        117
      ]
    ],
    [
      [
        1069,
        117
      ]
    ],
    [
      [
        1068,
        116
      ]
    ],
    [
      [
        1068,
        113
      ]
    ],
    [
      [
        1067,
        112
      ]
    ],
    [
      [
        1059,
        112
      ]
    ],
    [
      [
        1058,
        111
      ]
    ],
    [
      [
        1052,
        111
      ]
    ],
    [
      [
        1051,
        112
      ]
    ],
    [
      [
        1051,
        117
      ]
    ],
    [
      [
        1049,
        119
      ]
    ],
    [
      [
        1048,
        119
      ]
    ],
    [
      [
        1047,
        120
      ]
    ],
    [
      [
        1047,
        122
      ]
    ],
    [
      [
        1046,
        123
      ]
    ],
    [
      [
        1019,
        123
      ]
    ],
    [
      [
        1018,
        124
      ]
    ],
    [
      [
        1017,
        124
      ]
    ],
    [
      [
        1016,
        125
      ]
    ],
    [
      [
        988,
        125
      ]
    ],
    [
      [
        987,
        124
      ]
    ],
    [
      [
        974,
        124
      ]
    ],
    [
      [
        973,
        123
      ]
    ],
    [
      [
        971,
        123
      ]
    ],
    [
      [
        970,
        122
      ]
    ],
    [
      [
        950,
        122
      ]
    ],
    [
      [
        949,
        121
      ]
    ],
    [
      [
        948,
        121
      ]
    ],
    [
      [
        947,
        120
      ]
    ],
    [
      [
        947,
        100
      ]
    ],
    [
      [
        920,
        100
      ]
    ],
    [
      [
        919,
        99
      ]
    ],
    [
      [
        903,
        99
      ]
    ],
    [
      [
        902,
        98
      ]
    ],
    [
      [
        880,
        98
      ]
    ],
    [
      [
        879,
        97
      ]
    ],
    [
      [
        871,
        97
      ]
    ],
    [
      [
        870,
        96
      ]
    ],
    [
      [
        870,
        93
      ]
    ],
    [
      [
        862,
        93
      ]
    ],
    [
      [
        861,
        94
      ]
    ],
    [
      [
        818,
        94
      ]
    ],
    [
      [
        817,
        93
      ]
    ],
    [
      [
        810,
        93
      ]
    ],
    [
      [
        810,
        96
      ]
    ],
    [
      [
        809,
        97
      ]
    ],
    [
      [
        791,
        97
      ]
    ],
    [
      [
        790,
        96
      ]
    ],
    [
      [
        782,
        96
      ]
    ],
    [
      [
        781,
        97
      ]
    ],
    [
      [
        774,
        97
      ]
    ],
    [
      [
        773,
        98
      ]
    ],
    [
      [
        752,
        98
      ]
    ],
    [
      [
        751,
        97
      ]
    ],
    [
      [
        730,
        97
      ]
    ],
    [
      [
        729,
        96
      ]
    ],
    [
      [
        715,
        96
      ]
    ],
    [
      [
        714,
        95
      ]
    ],
    [
      [
        700,
        95
      ]
    ],
    [
      [
        699,
        94
      ]
    ],
    [
      [
        677,
        94
      ]
    ],
    [
      [
        676,
        93
      ]
    ]
  ],
  "segment_square_corners": [
    [
      587.063232421875,
      949.5626831054688
    ],
    [
      613.64208984375,
      85.11781311035156
    ],
    [
      1305.016357421875,
      106.37530517578125
    ],
    [
      1278.4375,
      970.8201904296875
    ]
  ],
  "phrases": [
    "box"
  ],
  "selected_bbox": [
    0.35439226031303406,
    0.4832727015018463,
    0.48711860179901123,
    0.7943565845489502
  ]
}